% Model,※磁场聚焦光电阴极模型（30纳米-毫米尺度）.mph
% Version,COMSOL 6.4.0.293
% Date,"May 9 2026, 18:22"
% Dimension,2
% Nodes,10000
% Expressions,2
% Description,庞加莱图
% cpl1x,cpl1y,Color,Radius
0.011868145043318087,0.012941390374144992,0,1
0.009658728791625869,0.012527552888382745,0,1
0.010527843242820262,0.014225208946231877,0,1
0.010546324026648674,0.013345519591465783,0,1
0.00991443987303667,0.014798112871555913,0,1
0.009953470696847745,0.01561142717940269,0,1
0.01414986406466948,0.01391512356757711,0,1
0.010832692793266579,0.012495434127789336,0,1
0.010080133675450742,0.012961216284666595,0,1
0.01102148842716619,0.012335155310745975,0,1
0.010340006702680052,0.013650146921565779,0,1
0.00949994073794313,0.014607428990578233,0,1
0.010600358567190266,0.012850773723653118,0,1
0.009104755030895298,0.010691665900617079,0,1
0.010142795377621527,0.013733976257310794,0,1
0.009336110068703272,0.013479605500239064,0,1
0.011595777560251595,0.011015489975975571,0,1
0.010222146236069688,0.013967762674918551,0,1
0.012317747292748408,0.010742990587121007,0,1
0.01044562183396155,0.014430327652045476,0,1
0.01070289629941725,0.013313588361578898,0,1
0.013153316546229116,0.011716452212134845,0,1
0.01089689238619342,0.014047704176400274,0,1
0.010751171839707375,0.01272000086603034,0,1
0.010838082076957523,0.013209574333407584,0,1
0.01072822057434531,0.015668898848182095,0,1
0.010418747197148779,0.01426263806569979,0,1
0.010592363819822545,0.010919016077494103,0,1
0.01131706909614234,0.012707081326411334,0,1
0.010996864936310628,0.013509817976434543,0,1
0.011323827908132035,0.014892123533910399,0,1
0.011375324149349275,0.01295358200455425,0,1
0.00904507545877859,0.014833484091503818,0,1
0.012710558406626406,0.014518118983588249,0,1
0.011197877678197955,0.012640260390206605,0,1
0.00934824426836019,0.014556964015946305,0,1
0.01157852323204601,0.01347251133105281,0,1
0.012095755198006772,0.012946680222186204,0,1
0.013264531742316146,0.014086044596346402,0,1
0.011963794207205085,0.014191128030313471,0,1
0.010132197285458933,0.010975893295522973,0,1
0.011962979947551921,0.01267497042450512,0,1
0.011663003434321244,0.013877525676074512,0,1
0.011947439735027189,0.013088498293518089,0,1
0.011600134037819463,0.012798277295964755,0,1
0.01570767293613283,0.00717719791817343,0,1
0.0138994321242617,0.007562340580652796,0,1
0.01169371887956848,0.011158923614303594,0,1
0.0148016061229417,0.007812725286469238,0,1
0.015693600415697024,0.012936774236516091,0,1
0.014687852650295055,0.009859124339552714,0,1
0.01410367328125182,0.00985751680895452,0,1
0.013429057172202698,0.00706567764968116,0,1
0.014638595647181368,0.007681577897933956,0,1
0.011847184204297246,0.00776792453404005,0,1
0.013051957696700004,0.005700836036445192,0,1
0.016023220970675885,0.009335487741921512,0,1
0.014969899608861978,0.010941049889549795,0,1
0.014619900662805954,0.006368949084203761,0,1
0.014199037977459195,0.006121217567097642,0,1
0.015088420419397224,0.007739506533257429,0,1
0.015501096083827801,0.008241214599094805,0,1
0.015375407869546916,0.00931645967088463,0,1
0.015877058953382588,0.008205777036012349,0,1
0.015554408393175217,0.008506166429789817,0,1
0.013947044651542865,0.008485214058889683,0,1
0.0142694854758554,0.0089234995103377,0,1
0.014439203458972514,0.008799793289175687,0,1
0.013231969050147625,0.006357277552065776,0,1
0.014209979202324093,0.008655837435385014,0,1
0.014970196667382182,0.008176358319213019,0,1
0.01528353378974132,0.008218478706991382,0,1
0.011712414976852045,0.010528287387172796,0,1
0.015490098114932613,0.007627605356168543,0,1
0.014990588222069208,0.007079801848718313,0,1
0.015630987172332116,0.0056718701407633765,0,1
0.015171854683957778,0.005207738914651182,0,1
0.014227302583818708,0.008107509499452485,0,1
0.015474254278333103,0.007543825690398003,0,1
0.015106866916047294,0.008960587901291612,0,1
0.015339482189370736,0.007325086818950447,0,1
0.01705536009575197,0.00893954975661688,0,1
0.014742155592814343,0.007804341022139644,0,1
0.015164600090796425,0.006642869645341993,0,1
0.01467559786983879,0.007590877311520225,0,1
0.016276072841915745,0.008206583968206822,0,1
0.015965611530142598,0.006334223479582428,0,1
0.01548168688644435,0.008826530509320876,0,1
0.01761279340335578,0.006335500789437274,0,1
0.01599625929548992,0.008602360350841316,0,1
0.01659172187340851,0.006271891931114958,0,1
0.014752508200824063,0.010035990357832118,0,1
0.015266675616661509,0.009921571851725798,0,1
0.01741810944850172,0.009361549427648747,0,1
0.012996056044708803,0.010342996785071674,0,1
0.013142221916814753,0.010006781457591459,0,1
0.012450749399506569,0.009949733636438338,0,1
0.009199308531144142,0.0101535512770893,0,1
0.013828706739938437,0.009759050024055364,0,1
0.01341950452828676,0.011298406940014334,0,1
0.013517539472859295,0.010066789647222706,0,1
0.01352449556223203,0.009544084208918918,0,1
0.012076694039925378,0.010144005109055422,0,1
0.012113431838152966,0.010050979019063102,0,1
0.011263362507368039,0.009225451577992202,0,1
0.013571286739376725,0.010276657222968052,0,1
0.014025986363277938,0.011214817359453655,0,1
0.012294370117662977,0.009131043784518065,0,1
0.012520833763802107,0.00999702658430389,0,1
0.01274399056819969,0.009355133592229455,0,1
0.010780842294154134,0.01142163817539766,0,1
0.013462383820804688,0.011854073778132218,0,1
0.013349308711499116,0.010351547516023789,0,1
0.01270710764144036,0.010512930439624457,0,1
0.012581757796752156,0.0103466166289661,0,1
0.010127803941658816,0.009577421306940026,0,1
0.013863906706929798,0.01093343082356991,0,1
0.011567373419758293,0.011413662910323755,0,1
0.013399680374446625,0.01061799389671248,0,1
0.012549980097456899,0.010463433422943655,0,1
0.011373203761064613,0.01204802160805098,0,1
0.013613353277868006,0.009928421724024932,0,1
0.012130859911781878,0.01149470249587746,0,1
0.014381556531611607,0.013975432949449834,0,1
0.014016989384583308,0.009439619386814237,0,1
0.014443758091863981,0.009399182344543596,0,1
0.013589236586826264,0.010888604006851573,0,1
0.012984305478138352,0.00986765719803922,0,1
0.01413830148339509,0.011148642616962396,0,1
0.009401948701706894,0.007793895035123429,0,1
0.014264659122942176,0.012118138487681278,0,1
0.01188437174603057,0.012602266847759355,0,1
0.013100031719523808,0.010114098004866918,0,1
0.014098357734228583,0.011262789840072732,0,1
0.013875897562356678,0.011708173197739057,0,1
0.015862699238372763,0.009143336014124105,0,1
0.01250729038900572,0.010178058396552796,0,1
0.014127372968255208,0.011389228001652853,0,1
0.01307802835056385,0.01089883947826224,0,1
0.013050710516510017,0.011560871660704398,0,1
0.014308242104936284,0.011081745022656204,0,1
0.01485951589712483,0.009182200348707443,0,1
0.012718123233636048,0.011710615522750321,0,1
0.013364269437668842,0.012394932827227688,0,1
0.012648363765387537,0.012984738132688469,0,1
0.01528983102932456,0.01152552233906026,0,1
0.013601371159673479,0.009507116142060274,0,1
0.01668307855085846,0.0023418370468527064,0,1
0.018680773706849008,0.00392479201373345,0,1
0.015671833211337072,0.0026609187711977237,0,1
0.015990754071643375,0.003323026805082571,0,1
0.017463718633226943,0.004683268719486779,0,1
0.01511044382813265,0.004201589103229551,0,1
0.014813471319819511,0.004104974900619431,0,1
0.01721798812735484,0.004460914515933273,0,1
0.014319532585156695,0.004347562339454608,0,1
0.01625042935188087,0.0036569692967319445,0,1
0.014769267305788947,0.006643694454847808,0,1
0.015780469528095205,0.004721607125406844,0,1
0.015770285132373465,0.002061178365544628,0,1
0.017447735874415705,0.003487796063390056,0,1
0.01706634554151213,0.004911555651700429,0,1
0.016772588687890437,0.004208311811963405,0,1
0.01605694215094565,0.003909478718983347,0,1
0.015849608641663623,0.004918481780847913,0,1
0.01616446944610931,0.00599992229560282,0,1
0.020916860350162807,0.004670606939835497,0,1
0.018661463855975363,0.0028575359724273258,0,1
0.01696187615130853,0.004429838632330652,0,1
0.016052570241412066,0.0021689394614988495,0,1
0.016223145847959287,0.004677527368424635,0,1
0.015797584418987026,0.0033483244623661937,0,1
0.01770019111590733,0.0057045327282801124,0,1
0.016591154997691784,0.004461278353645829,0,1
0.015893240688115092,0.004681798867705198,0,1
0.015377897578059442,0.003812344606920263,0,1
0.012357194845350849,0.0036095151736953075,0,1
0.017927127779434563,0.004164243941083853,0,1
0.01696680891360726,0.0047078439459541325,0,1
0.015435199560208519,0.0050775219189004425,0,1
0.015119192797035755,0.005488575180277583,0,1
0.01661373032914552,0.0026128514416729545,0,1
0.01618179663008157,0.005590009249301979,0,1
0.01716768924012659,0.005779392866317553,0,1
0.015161998291346604,0.0048992193301687454,0,1
0.015961142824208487,0.00487212516559275,0,1
0.019121508907930976,0.002936870182013352,0,1
0.016567931710868868,0.004352800546802926,0,1
0.015554170822353715,0.005538120034189658,0,1
0.016373335806204724,0.005433514249239916,0,1
0.01608745406590672,0.0054374388501453345,0,1
0.012536316145366351,0.003668634511755961,0,1
0.018433788804518944,0.004830140125335434,0,1
0.01623337181870587,0.005313356534263368,0,1
0.014412052627977838,0.003210244094365798,0,1
0.01659831667155466,0.0059315511755136194,0,1
0.016365918561115068,0.005929062887176194,0,1
0.017086375236430765,0.006616161073023095,0,1
0.01734127724226767,0.002345501479133588,0,1
0.016029613321321842,0.006994192640816441,0,1
0.01581833881092914,0.0066481746198723615,0,1
0.016784059976937153,0.006180767919405268,0,1
0.015450690975247502,0.0013167831801974483,0,1
0.016344869395697577,0.0023140208002460964,0,1
0.01625763354523191,0.002122419546919397,0,1
0.01745925727840566,0.0022170057699801944,0,1
0.01741891010291422,0.0024165290536660327,0,1
0.018041207921127324,0.0024521301235059675,0,1
0.01765378768931759,0.0033828038011792737,0,1
0.018883459776065505,-2.449128282135821E-4,0,1
0.01624152864888031,0.0022360878278071886,0,1
0.016661959236990292,4.307051574710876E-4,0,1
0.016244678984961198,0.0019029859516759384,0,1
0.015950356908807993,0.0023133481260826927,0,1
0.017130360643950144,0.004226056262460739,0,1
0.015426192526699344,7.32243746444651E-4,0,1
0.017288889084430676,0.0015091841955136769,0,1
0.015726489240884302,0.0026337316112841212,0,1
0.01739366926959119,0.0028123901958107826,0,1
0.018902729339072305,0.004056569234934296,0,1
0.01553099182142045,0.0021431006000521904,0,1
0.01644065233578451,0.0013657131020753494,0,1
0.016899554267377558,0.001721591517991513,0,1
0.017273816319791878,0.002525362004352315,0,1
0.018161481708962656,0.002300721656125767,0,1
0.015496558723161236,8.19383761623338E-4,0,1
0.018740212153522146,-0.0017632278892280215,0,1
0.016988923360596278,0.0015835706135486132,0,1
0.016297472620434728,0.002677490823265529,0,1
0.018815547036894337,0.0026772851191158506,0,1
0.01655529577890936,5.190181724910482E-4,0,1
0.017646302355860465,0.003930818806106683,0,1
0.01832167566681941,0.0018507117041563414,0,1
0.016651276093546646,8.928012631453069E-4,0,1
0.016631879561994467,0.00109073536078103,0,1
0.017409899228399264,0.0013807912296982246,0,1
0.017823370309023732,0.001583423095360071,0,1
0.018800234413168238,0.0016014289565793995,0,1
0.017388573457983263,0.0012603607796767178,0,1
0.017588402557945654,0.001387585700347373,0,1
0.01698777694177461,2.1528539463651299E-4,0,1
0.01603428966852181,6.178683647838241E-4,0,1
0.018066083086018033,0.0016239674690683218,0,1
0.01735188888806158,9.036338591025799E-4,0,1
0.017066210250259468,0.0014073886114533464,0,1
0.017328527304966437,0.0012320354493765891,0,1
0.017980588325296906,-4.3249721657035193E-4,0,1
0.018472039643399295,-5.348060096772671E-5,0,1
-0.010910348608347217,0.009179449921182692,0,1
-0.013650671999696167,0.008193218104733474,0,1
-0.012547023163362278,0.00978809026236067,0,1
-0.014305478934332221,0.008960442504986992,0,1
-0.013331307962772328,0.01002473518412956,0,1
-0.01756907693048362,0.011131902749664925,0,1
-0.015213018055839203,0.009498233010581102,0,1
-0.009759799722933664,0.009763370181029497,0,1
-0.013132490869441727,0.009815670753314888,0,1
-0.013451391545892139,0.010920149882569188,0,1
-0.01579960417690371,0.010004266433730322,0,1
-0.016121819372689413,0.011613098927777576,0,1
-0.010672102860068,0.011190312031908563,0,1
-0.012361377018955129,0.01000671543115832,0,1
-0.01300653971560624,0.011975399143894266,0,1
-0.013636036224678488,0.010430479443421039,0,1
-0.015323562548227667,0.010435132246512198,0,1
-0.014933243451146487,0.01073685327894193,0,1
-0.011470571757457812,0.012329899092330825,0,1
-0.01492632164018858,0.00808006711384624,0,1
-0.012460800369910313,0.01062591917103753,0,1
-0.013776350224702753,0.010542321707902763,0,1
-0.014342225267398607,0.008875994557614229,0,1
-0.012354759485735457,0.011216895482912288,0,1
-0.011604128306897377,0.010486664448503775,0,1
-0.014911955468234265,0.013775209454046354,0,1
-0.013144831939735289,0.007400170487096716,0,1
-0.012191369409725166,0.010029277749019036,0,1
-0.013633680653501186,0.010932285900623215,0,1
-0.013033901915991158,0.011124660433055725,0,1
-0.013836006531240846,0.011052036949004371,0,1
-0.01193743739472303,0.011188067413064013,0,1
-0.012362938777386897,0.011621279609039721,0,1
-0.012779144039592828,0.012378083051109063,0,1
-0.009711955310638046,0.012825907451512781,0,1
-0.014287567850090355,0.01107525305290132,0,1
-0.013260182521594124,0.008865913234887543,0,1
-0.01230157540047732,0.012040235271344816,0,1
-0.012593778083258211,0.013362536965602134,0,1
-0.010415514173821711,0.010189235939730888,0,1
-0.015346142418346913,0.012656362224762737,0,1
-0.013286135082612519,0.012128666906585614,0,1
-0.013288236494225603,0.011952611618843062,0,1
-0.012929058869607398,0.011978238785943326,0,1
-0.013089907619412604,0.012483725156701793,0,1
-0.0028806789775392113,0.01770450821755296,0,1
-0.003719197744794576,0.0166015253573334,0,1
-0.004724412990373505,0.016029248964583197,0,1
-0.0014328325577518534,0.016587019238040415,0,1
-0.0048194043539834955,0.014766755521467447,0,1
-0.004076470013419629,0.01518583814652578,0,1
-0.004176842618753424,0.01483518149483175,0,1
-0.0032944278251911896,0.016226480709192557,0,1
-0.0010397749696095047,0.016240699458114623,0,1
-0.0036774608124908103,0.017033884375346118,0,1
-0.005179087780331368,0.015871577843643063,0,1
-0.005406112958050057,0.01582600957906731,0,1
-0.004346252132239068,0.014724196865903243,0,1
-0.004681055803356908,0.015047627163424754,0,1
-0.00269943945549192,0.017132066838052157,0,1
-0.0029650960527989986,0.016535426761829,0,1
-0.003922378961464867,0.015736793310319727,0,1
-0.0038242502598548954,0.016156210190370657,0,1
-0.004863348474853279,0.01435238277106962,0,1
-0.005371255028000189,0.014111996540346054,0,1
-0.0037483405408738355,0.01577391943968557,0,1
-0.004512606308184306,0.019232318650290774,0,1
-0.006076330787720803,0.015828333912130992,0,1
-0.005279375770380241,0.015122554207088358,0,1
-0.005698119716874798,0.015229381155625171,0,1
-0.003840364173494876,0.01781991854354962,0,1
-0.004253901405721965,0.015929015231355488,0,1
-0.004599917494173762,0.015946685395492304,0,1
-0.004393484043598927,0.01497978418817529,0,1
-0.00400836909926556,0.014859498476781715,0,1
-0.004571121726651328,0.01659376307263942,0,1
-0.00442110191413789,0.017431873004904792,0,1
-0.004694105200828939,0.015339762372439041,0,1
-0.00590347387337792,0.015103634188370503,0,1
-0.003459151303165492,0.016200337860971425,0,1
-0.005697384612812368,0.018089606233774674,0,1
-0.0044330807877935524,0.016602743139073495,0,1
-0.005312698259700685,0.014846124407963023,0,1
-0.0060593012012484715,0.017073362065199455,0,1
-0.005148918714323608,0.017128108839910693,0,1
-0.003901046103371857,0.0173143627558343,0,1
-0.0036909565087922393,0.015674301222195104,0,1
-0.004344005030743426,0.016139208502861813,0,1
-0.007693872710650344,0.016069411956608954,0,1
-0.004903999580078098,0.013727787972543953,0,1
-0.005331130864136929,0.01525460106653707,0,1
-0.004737834526865884,0.01791948151255959,0,1
-0.005665566146153405,0.015808911120358933,0,1
-0.0067279641627700495,0.01658617211087266,0,1
-0.00565713527048097,0.016527501325564346,0,1
-0.007377541332063699,0.015198146244107797,0,1
-0.006315237767717751,0.01767945461421594,0,1
-0.005941058314158794,0.016220069744672428,0,1
-0.005166106154405633,0.01702323759801865,0,1
-0.0050857982197024055,0.015423504955428786,0,1
-0.005566390361184952,0.015100579502542498,0,1
-0.0017108071586156815,0.016312600680421875,0,1
-0.0015358000185723337,0.01596106547479735,0,1
-8.941943580462366E-4,0.015416844460452979,0,1
-0.0029460812906456964,0.017153269740911768,0,1
-0.0016394954321116032,0.017117928208469177,0,1
-0.003437483209833365,0.017344550305941092,0,1
-3.569801830204307E-4,0.015548211327000053,0,1
-0.0014439089700287835,0.015509281435254514,0,1
-0.0017964954451872692,0.016210199055170724,0,1
-0.001468999538224599,0.01716748546033334,0,1
-0.002617187882326218,0.017154667219364754,0,1
-0.0026296525601794962,0.020003773783817777,0,1
-0.0010321069865028248,0.015607413094950187,0,1
-0.0018491191246760464,0.017602789695698083,0,1
-0.002947490909125034,0.016460606778416473,0,1
-0.0037422288870949763,0.01790392569069845,0,1
-0.0015143319757067856,0.013884468939853466,0,1
-1.1975691930464221E-4,0.0156413860765002,0,1
-2.3846014978655536E-4,0.016364262823252887,0,1
-0.0023618944350393177,0.01721072125032388,0,1
-0.002216810974081465,0.018393827945995964,0,1
-0.0024703905886634568,0.01802925170729262,0,1
1.0440770984303309E-4,0.01695701766744286,0,1
-0.0028658120859251374,0.016682145914863986,0,1
-0.0021299643107767522,0.016693471942117417,0,1
-0.0021910310029812177,0.017724627806275553,0,1
-7.930610983297752E-4,0.017189550923588252,0,1
-0.0016412186253890898,0.016816770578087996,0,1
-0.001824259362625777,0.01871205567593453,0,1
-0.003117998891311029,0.019569680943527866,0,1
-0.0026768961058835266,0.018434144290266265,0,1
-0.0026745336200364096,0.017421856235265695,0,1
-0.0015661731616474289,0.01642855193323864,0,1
0.0017367662366470364,0.01491650597057651,0,1
-0.001432235803097595,0.017288988406045203,0,1
-0.0016539817231349143,0.017222397938624102,0,1
-0.0012313399647258519,0.019347136534557028,0,1
-0.00160935471299383,0.018587289770675603,0,1
-0.0014384834915803877,0.017946051299366397,0,1
-0.002072798869821051,0.01883419438395535,0,1
-4.84330441876751E-4,0.017484324673944913,0,1
0.001542221824556612,0.015292155633922035,0,1
2.1719749460295527E-4,0.017947013162049903,0,1
-0.012149963840081034,0.013257597551749972,0,1
-0.012332804855599257,0.013534485891873609,0,1
-0.010843633650897773,0.013438790754135364,0,1
-0.012005424419324017,0.013147310144200787,0,1
-0.01224578283761435,0.014050301820261244,0,1
-0.01070028523304242,0.01417436751568167,0,1
-0.010261381105439211,0.01448222641959509,0,1
-0.009639057682848,0.013937457506610518,0,1
-0.012051623841974557,0.012561471705133425,0,1
-0.012083263437301714,0.01436594811794156,0,1
-0.011256541625975697,0.014169059951705525,0,1
-0.011902666730592261,0.015053279891443104,0,1
-0.010648434373031758,0.014428112362766815,0,1
-0.010374299682418356,0.015395112995653493,0,1
-0.011231578203844263,0.013130116806280429,0,1
-0.012145020077272643,0.011818945849966534,0,1
-0.011009772952114678,0.013051382843844024,0,1
-0.010810806636721319,0.013724556375639185,0,1
-0.010428073688300902,0.013523060232227619,0,1
-0.008684058281767834,0.014461682046253681,0,1
-0.012940808014143896,0.012633640734764808,0,1
-0.011386397953887014,0.01347640552557299,0,1
-0.011228903674275146,0.014682416186694565,0,1
-0.010844570741354522,0.013485619829123262,0,1
-0.010817326654404807,0.013786315714973126,0,1
-0.011437399772522464,0.012312303413271582,0,1
-0.010632582800374917,0.015738251571335342,0,1
-0.010071539077152388,0.015124684188256278,0,1
-0.009044035299570125,0.012443874901165044,0,1
-0.010865703963118317,0.013837036389516753,0,1
-0.010233515615689245,0.013557304504539501,0,1
-0.011480434902442846,0.012484747685245275,0,1
-0.011117060546052398,0.012656401882746825,0,1
-0.010509883803536789,0.013137965529121455,0,1
-0.009801622675697983,0.014339319290398089,0,1
-0.013823025799888545,0.011551086753487197,0,1
-0.010934753306604936,0.012400384363495515,0,1
-0.009266818199849761,0.01570798576245364,0,1
-0.00971980793795045,0.014070551897908233,0,1
-0.008856514406501653,0.0155752543952534,0,1
-0.010852102116718047,0.014229255594767851,0,1
-0.010747053847755005,0.013843821073611394,0,1
-0.01040783484914084,0.011993449004847048,0,1
-0.011764415159899934,0.012448119689818187,0,1
-0.009858249279469327,0.012853085450115445,0,1
-0.009313102530524222,0.012834994203905934,0,1
-0.009798614611989151,0.01400407237454119,0,1
-0.010910064388429853,0.012203362663256397,0,1
-0.0068831810390841365,0.010888022392419887,0,1
-0.01055098112816493,0.010462399684909232,0,1
-0.009689505219135535,0.013304577701762289,0,1
-0.00976867686556284,0.01236182746969875,0,1
-0.010738199061654536,0.010735906757175968,0,1
-0.009699688387335799,0.01225814109333473,0,1
-0.01013791422827979,0.011731312077068706,0,1
-0.0093276578787405,0.011850875949184022,0,1
-0.009602506785052279,0.012672373028302777,0,1
-0.006946000080595997,0.013857610569311294,0,1
-0.007381348778844406,0.014104183350906086,0,1
-0.0072892124542845846,0.013803681813558651,0,1
-0.009119855107479306,0.016845000876450675,0,1
-0.008625152827863091,0.0144510402203137,0,1
-0.00963990930362837,0.015016956850179269,0,1
-0.008095258443496593,0.018075512024758152,0,1
-0.0072129185191076315,0.013885409481701222,0,1
-0.008088883450034265,0.014117379029890617,0,1
-0.010363881651787013,0.012486396451704742,0,1
-0.008967060745560706,0.017100275651046576,0,1
-0.008621812558393959,0.014949958132634273,0,1
-0.008986076668804814,0.013513394081418977,0,1
-0.007238826536945971,0.015128216231647184,0,1
-0.007531049420430879,0.01433771688702917,0,1
-0.009107317128371267,0.014498044319722535,0,1
-0.008089158693529943,0.014984638901279764,0,1
-0.008779970805759506,0.015054684385711206,0,1
-0.008616620860905823,0.015537747716452862,0,1
-0.008233032252619035,0.014093582221923013,0,1
-0.007985165683767385,0.015556322222640966,0,1
-0.011296408380592048,0.015433931684756524,0,1
-0.008423818044312907,0.015179282702502205,0,1
-0.008930196911310544,0.016403671958895964,0,1
-0.006441836392832869,0.015608016572277745,0,1
-0.010079479346202222,0.013880365920824951,0,1
-0.012372484638691061,0.01533002770606188,0,1
-0.007946898399566546,0.015802444945747705,0,1
-0.007925440013650113,0.014673034416211147,0,1
-0.007355050188584659,0.017824947639639207,0,1
-0.007421305398299488,0.015315358548376777,0,1
-0.009472994572603484,0.015979543102632714,0,1
-0.007427166981387488,0.014911486915434738,0,1
-0.007476350225139656,0.015770459934157075,0,1
-0.008146779719247148,0.015535418280332173,0,1
-0.007678160602360374,0.016569516264716876,0,1
-0.006303328860126898,0.013854034994982852,0,1
-0.009491120340273634,0.016061356776579137,0,1
-0.008126219724127479,0.014026953415172422,0,1
-0.00722609313796645,0.014801332923959873,0,1
-0.007964039075878358,0.016910337259557984,0,1
-0.0077145742415566055,0.015993187493219454,0,1
-0.00700551468650337,0.01695061863817675,0,1
-0.007951684335326129,0.014534599594655933,0,1
-0.0078075157185477145,0.016916034886134683,0,1
-0.0080993285020285,0.015886209890004117,0,1
-0.006535702895862756,0.014758242101080581,0,1
0.009401803307526446,0.014019186318593455,0,1
0.009211181784212345,0.014850119616226719,0,1
0.00901547557861689,0.016575897414400676,0,1
0.008157849573644646,0.015295940943169635,0,1
0.008301898194507345,0.014094956311941732,0,1
0.006932530961807994,0.012862665520306998,0,1
0.007495178066238022,0.013356587471363774,0,1
0.009871574007673705,0.010799953135377533,0,1
0.008732745971434431,0.0157800068066368,0,1
0.009104818406543027,0.014583537835470131,0,1
0.008388410305211246,0.013423917426402204,0,1
0.008134117116761744,0.013967561072490158,0,1
0.0071796187034082045,0.013841500359638007,0,1
0.007207638613195376,0.010039363340249241,0,1
0.009700044990059954,0.01464796929623576,0,1
0.011547543196055339,0.016090400760964574,0,1
0.008476146302090507,0.015450235741503632,0,1
0.008714049399807052,0.014131615797937102,0,1
0.008941435799787794,0.014101082709415092,0,1
0.004935498735931892,0.015751101264276188,0,1
0.008204884836171355,0.015533508857246027,0,1
0.006724063226902595,0.015851946142422562,0,1
0.008303691428265678,0.014508399709850043,0,1
0.007477423407846894,0.014832608347617522,0,1
0.007919155768280433,0.01391538104206852,0,1
0.009717698678339593,0.015643683725046775,0,1
0.00859165667894186,0.012802760811225462,0,1
0.00833787492295092,0.014363963160180241,0,1
0.007590218764898063,0.01339435665323016,0,1
0.007518665540782957,0.014425527308014259,0,1
0.009166444531076687,0.015858900702804733,0,1
0.010542884304527234,0.015198935106042078,0,1
0.009355295958500601,0.016775002386330368,0,1
0.008052512163145634,0.014177448599204666,0,1
0.010247750632698609,0.011792013229356748,0,1
0.008695948271353867,0.015770384915914974,0,1
0.00856114214411723,0.015313306208019604,0,1
0.006646169111987437,0.01262150458768001,0,1
0.007139699711685496,0.014853628621718764,0,1
0.006904003074825105,0.0135540807539687,0,1
0.009630389294881015,0.01644352960858353,0,1
0.007632758472774217,0.015150677569951157,0,1
0.00848674256140811,0.01428006431628791,0,1
0.008386964584164203,0.015624570439140261,0,1
0.007975208375747255,0.015610813896530152,0,1
0.006508470424839667,0.015901189807492135,0,1
0.009156220055164284,0.01178301849853698,0,1
0.008417200552243253,0.015939099011498502,0,1
0.008615249282406222,0.012727042126371147,0,1
0.008755749202424105,0.014604471981022663,0,1
0.009910671317989785,0.015034041790194387,0,1
0.005219307059320961,0.016831633348873682,0,1
0.00851846148440363,0.016939699476024736,0,1
0.0073642909211822085,0.016947712783803727,0,1
0.006438579614862546,0.017589678079636965,0,1
0.006279241208961838,0.015045798431283001,0,1
0.0087119975563638,0.015714977632799634,0,1
0.002893643412920512,0.01800928597630156,0,1
0.002062832769212136,0.017807136363653744,0,1
0.0018918057280022315,0.017862400748375744,0,1
0.0031015860723877823,0.016005375843564866,0,1
0.0022466331595197768,0.01514589349943929,0,1
0.003039351842755269,0.016332519237776878,0,1
0.0018580006735826472,0.015523372889236492,0,1
0.0018999536500847122,0.014924341475999761,0,1
0.00298754374243688,0.017464576116930024,0,1
0.002304438968893306,0.015577808956826464,0,1
0.0030017411975308884,0.016270511028844317,0,1
0.0014706977310564734,0.01616057374118018,0,1
0.003282500519876195,0.015761523111863147,0,1
0.0019470882061256216,0.014359758571166814,0,1
0.0028809284976426155,0.016482868835127545,0,1
0.0017095807965123513,0.017333252744559973,0,1
0.002401499094638509,0.016938337920773396,0,1
6.53460742859165E-4,0.014281964076941303,0,1
0.001613407276836418,0.015878149438466882,0,1
0.001446783069802612,0.013225464838613591,0,1
0.003486960535318605,0.016915609359520026,0,1
0.0010561503500373178,0.017577358545170493,0,1
0.002861593478326389,0.016802573010726504,0,1
0.0016709216538117562,0.016653868507870116,0,1
0.002117192079735583,0.014301479742227844,0,1
0.004224137599365874,0.01648203240443224,0,1
0.0015138364992095443,0.018390751284032274,0,1
0.0021286980897754714,0.01704545377626654,0,1
0.00168510422663424,0.016724048904031653,0,1
0.0021480889690648395,0.01434469641906275,0,1
0.001143277488260353,0.015789553202918614,0,1
0.0030542034610510425,0.01854868492177972,0,1
9.265397240481735E-4,0.01711243359619958,0,1
0.0015389865323703362,0.016111452963279753,0,1
0.0019233293276817542,0.01588999675474548,0,1
0.002433994702982081,0.018942158637930244,0,1
0.0024282613463648805,0.016901560148320307,0,1
0.0028287374296124576,0.01712532310929133,0,1
0.0012461779122802826,0.0164846989501491,0,1
8.916914275250956E-4,0.01651691326466556,0,1
0.0015147034000461846,0.017286529981579077,0,1
3.8584963481801837E-4,0.017152068413490304,0,1
7.180612809347343E-4,0.01717103095728043,0,1
0.0016055372898194171,0.017411976606191395,0,1
0.0013237088933390135,0.017244145885815493,0,1
4.250299841617643E-4,0.017941944617529362,0,1
8.980108105263606E-4,0.016489018428008016,0,1
0.0037038590226520494,0.016689807607181365,0,1
0.0023009184673880873,0.018242762444509075,0,1
0.0011452018035302822,0.017963343840717877,0,1
-0.0016480766011566967,0.017154219901119715,0,1
9.003305270953182E-4,0.016511296562283877,0,1
9.166522264381501E-4,0.017864479578637314,0,1
-6.218762839143984E-4,0.018746241641896377,0,1
-0.0014707381409994583,0.016402040901253283,0,1
6.962056460031854E-4,0.018691008823452163,0,1
5.949443587746423E-4,0.016896961583222347,0,1
0.004887649956650736,0.01499860152760291,0,1
0.0045591975738872945,0.015084839275950893,0,1
0.003808517028287592,0.015245370893680193,0,1
0.0038704542358731706,0.016201151608348424,0,1
0.003859211349941709,0.016735757480743556,0,1
0.003402450419561241,0.017141261165123243,0,1
0.005226633559550027,0.017865282545247392,0,1
0.004490630882332107,0.014789812510579673,0,1
0.007162784986481092,0.0149317907430026,0,1
0.0032972557749193112,0.01671294828079253,0,1
0.004556124752343274,0.016609294426799193,0,1
0.004808540217662936,0.017634664238586496,0,1
0.008232951056434767,0.013760267997391993,0,1
0.004965545100529171,0.016675138264933397,0,1
0.0045642709013541125,0.01676994373215901,0,1
0.00389201785938593,0.012998082995132974,0,1
0.0012913329931897887,0.019364449288679385,0,1
0.005809607252542441,0.016262002336846586,0,1
0.003233045605401289,0.01481032504443557,0,1
0.006029292171264289,0.018985255416847733,0,1
0.004084176027626446,0.016986448281252123,0,1
0.006698440716081739,0.019054409325200625,0,1
0.005038981273214437,0.015869327129719047,0,1
0.007901620527050835,0.016491555694098648,0,1
0.005286194742963339,0.016700604314861298,0,1
0.0017381403063062742,0.01601497876613105,0,1
0.004809890254096546,0.01628307572158833,0,1
0.006900896571071279,0.016818730934843932,0,1
0.005077635288934079,0.017465413695682122,0,1
0.0058700315743311325,0.01578394218671154,0,1
0.006703813951071114,0.015275617465612993,0,1
0.005077217950065134,0.016469898864239687,0,1
0.004753734659109141,0.017715413534431408,0,1
0.005635056942808741,0.015504099089363513,0,1
0.002611255878627711,0.016463840600968033,0,1
0.00524602724845653,0.01639494718350382,0,1
0.0054722422688597856,0.01634771936095711,0,1
0.004413150624181728,0.01703094802102518,0,1
0.005901523511251588,0.01584137829238009,0,1
0.006609366828604596,0.01731017440347056,0,1
0.006326478316349474,0.016450039647559974,0,1
0.007066716150941571,0.014917529406149169,0,1
0.0066096619724716615,0.01727957834803039,0,1
-0.014905688343373866,-0.0015138182911291227,0,1
-0.01588894383166331,-0.0019554534249950394,0,1
-0.01607689018978688,-0.0013223441404201792,0,1
-0.016888556315700274,-0.0025928736411329357,0,1
-0.01730474283247304,-0.004052830659712389,0,1
-0.018606117994161585,-0.00246205800610212,0,1
-0.01623758096233104,-0.001579563537247493,0,1
-0.016368715506155134,-0.0016607919717636123,0,1
-0.015000515323779162,-0.0020288076608560913,0,1
-0.017906534349535375,-0.0034326752215946394,0,1
-0.01599000152999719,-0.0022510995436110523,0,1
-0.016534286831900974,-0.0015242948320346524,0,1
-0.016369370077569473,-0.001882817408394927,0,1
-0.01671647438962275,-0.0021421594757976337,0,1
-0.017387854038634732,-0.002473064396324524,0,1
-0.017743984210420557,-0.0038718303274979144,0,1
-0.01815084050154161,1.1565565643331549E-4,0,1
-0.016335173350448907,-0.0017828354739319356,0,1
-0.017519231906992283,-0.0019932576639944315,0,1
-0.01823406520723685,-0.0018951875546857767,0,1
-0.016795370016827217,-0.0014057215963232765,0,1
-0.017228284205145845,-0.001499886072177734,0,1
-0.016269456726579208,-0.0017919017252527357,0,1
-0.01767271038894344,-0.0020645346032719374,0,1
-0.016676828739987153,-0.0033580140077106293,0,1
-0.016090756560344005,-0.002217427615568886,0,1
-0.014195300484128653,-8.749163309396505E-4,0,1
-0.016023242316508653,-0.0016820607085568106,0,1
-0.017189684393444746,-7.857519051656168E-4,0,1
-0.017270848757369586,-0.002068891683685573,0,1
-0.017104611216180638,-0.0018575637277243374,0,1
-0.017561537326159588,-0.0021273573309664733,0,1
-0.01712166463176749,-0.002673791130255215,0,1
-0.017304415617849254,-0.0012236873121613378,0,1
-0.01976280892405384,1.9267450954029957E-4,0,1
-0.018003542615319144,-0.0012378822384711934,0,1
-0.018622002496256475,-0.0016370284048597345,0,1
-0.019197895689314258,-1.9245378917885834E-4,0,1
-0.018314806628268152,-3.3250223907223195E-5,0,1
-0.015441949051639398,-0.0016045412849274542,0,1
-0.015388764507668322,0.00787251075131567,0,1
-0.015840694392547247,0.007619058691641473,0,1
-0.016373936624795714,0.0076982602588261725,0,1
-0.016037032966818757,0.006155760843329325,0,1
-0.015298439604144239,0.008663073837798888,0,1
-0.015003436416162929,0.008798193720717974,0,1
-0.015278608085457225,0.009284791751394397,0,1
-0.015017060142672787,0.007293978905057191,0,1
-0.016267708865521365,0.008809860224891438,0,1
-0.019334936499432107,0.00635888826688755,0,1
-0.0175225166490042,0.006947971840537822,0,1
-0.014641986549589127,0.009579272209728647,0,1
-0.015054422638591447,0.009541669844118198,0,1
-0.014992926457174358,0.009802915613009063,0,1
-0.016559175675035193,0.010270453323521962,0,1
-0.015332828279968007,0.007873420604913738,0,1
-0.012770779911735844,0.0065806906147115925,0,1
-0.015166962924631449,0.00856500881018187,0,1
-0.015329973437404571,0.009987363601935808,0,1
-0.014879511388421331,0.008919928097910024,0,1
-0.014511160625304416,0.00738936082213354,0,1
-0.015992444659034537,0.006911078635200102,0,1
-0.01726802323904352,0.006409902382423937,0,1
-0.014441616138056498,0.011415910962068334,0,1
-0.014674825815590275,0.009020892335173149,0,1
-0.015431358691689562,0.007165126030194928,0,1
-0.015970174721290975,0.007118712928390221,0,1
-0.01361234343249022,0.011029967094848082,0,1
-0.015657454863821234,0.01037202318496737,0,1
-0.015249970730998885,0.009020510955660815,0,1
-0.016235938294061926,0.00815906141355894,0,1
-0.013658998984688656,0.0068562606770053,0,1
-0.014902998974843719,0.00767388879246347,0,1
-0.01475536715409514,0.007539512852166788,0,1
-0.013443402624853421,0.00998239559246037,0,1
-0.015628390697507374,0.007697381362990338,0,1
-0.014402639728543769,0.007565187425595356,0,1
-0.015452367353352585,0.008132006178613881,0,1
-0.014432934831729425,0.008947643385013576,0,1
-0.015137391193462921,0.007424058272456754,0,1
-0.01562037841546592,0.008526869677972119,0,1
-0.015465596434164688,0.01015961975940201,0,1
-0.014385245569246401,0.0075663264185538166,0,1
-0.014091232142297055,0.007502083079150051,0,1
-0.015179355738001424,0.007522309357898239,0,1
-0.013758221331976326,0.008366683254917287,0,1
-0.014481932584503256,0.008402774684100672,0,1
-0.014786391508196,0.0063016762840139825,0,1
-0.016117702291871972,0.005924659135953799,0,1
-0.014006933027486183,0.006095032736627834,0,1
-0.013258104409505766,0.006441130706665673,0,1
-0.014276578409449861,0.006202430527579414,0,1
-0.013123564141293778,0.010221141768275682,0,1
-0.01453532667987552,0.005857576657793385,0,1
-0.012335160135269497,0.007599535200458267,0,1
-0.013155483134615748,0.005883755668529596,0,1
-0.018328704047686283,0.006267609945807003,0,1
-0.015747696669966598,0.0010154595963793188,0,1
-0.014271155094818317,0.006489648985330623,0,1
-0.016203090126026207,0.004505540620600408,0,1
-0.016785949387766903,0.00318224266954884,0,1
-0.014783067450534041,0.005208442055365884,0,1
-0.016542284480025746,0.006099425214915382,0,1
-0.015632922351790347,0.0038632157678558827,0,1
-0.01620440408133923,0.004825137531508056,0,1
-0.016852943560140093,0.0038389620432619457,0,1
-0.016684907981390714,0.0039384592369987245,0,1
-0.016847683518583807,0.004914229763535811,0,1
-0.017027458691878633,0.004071288760323197,0,1
-0.016989579627239564,0.005364008772268877,0,1
-0.01941296853248017,0.005883529253913189,0,1
-0.017474896137426962,0.004609440574513022,0,1
-0.016160207500462015,0.0045587148899158955,0,1
-0.017010055674575645,0.004680514840150095,0,1
-0.01938147561637935,0.004818406373278891,0,1
-0.01753864836257826,0.005535127316147365,0,1
-0.01652659083627962,0.004712487768062709,0,1
-0.016320520206608888,0.005243731565774817,0,1
-0.01695669177405379,0.0049045907664417646,0,1
-0.016892600772600287,0.004280812563672332,0,1
-0.02019893743041435,0.006028804189230199,0,1
-0.015045434545139038,0.005446714953991812,0,1
-0.017100799119651414,0.005007470836950253,0,1
-0.016466164390243235,0.006548427014900316,0,1
-0.016558686961055735,0.003986480647880462,0,1
-0.016800199450958373,0.005869988825816423,0,1
-0.017043480866676026,0.006556854331072833,0,1
-0.016527707877633028,0.005038720998542345,0,1
-0.015716501299345285,0.005656847521325186,0,1
-0.01738246053310867,0.006751360731079853,0,1
-0.01669598514743281,0.005291905234700834,0,1
-0.017463041167974917,0.005806590198069625,0,1
-0.016161006701647742,0.006452070731824033,0,1
-0.014438635415681094,0.005038872049464056,0,1
-0.017182126496654977,0.006019631273261356,0,1
-0.01858145956349089,0.0011651059363675894,0,1
-0.01792035386922588,-1.089033115007419E-4,0,1
-0.016528910736502887,1.8823750012654343E-4,0,1
-0.02037661377149532,0.002012244786842093,0,1
-0.017679650348286707,0.0019981067332106002,0,1
-0.017183088561537104,0.0018802740002951015,0,1
-0.017430002787318082,0.003161115678601978,0,1
-0.01843636195733533,-7.42848660751247E-5,0,1
-0.017289432573832645,6.126713669051073E-4,0,1
-0.019515619083935787,-0.001291972288731262,0,1
-0.01581778547920067,4.6438258272371406E-4,0,1
-0.017314569659386523,0.0026430501263845427,0,1
-0.016627884962801865,0.0023086647206684925,0,1
-0.014808365561925694,0.004700741877719138,0,1
-0.018742212741043505,3.104726851925539E-4,0,1
-0.016024564090891716,0.002595382734673574,0,1
-0.017401660050015585,0.002066740202870078,0,1
-0.019070218520979475,0.003401846346472514,0,1
-0.016952072430512676,0.0014888841881382177,0,1
-0.016479339220880886,0.0035273392193273198,0,1
-0.0163080189652916,0.0019770523656793635,0,1
-0.017771281595441966,0.0019906007755373712,0,1
-0.016847954676287403,0.0018132386455842375,0,1
-0.0205205896845072,0.0019747424532876824,0,1
-0.01858258783741279,0.004656760738311163,0,1
-0.017115647890019663,-1.443340429552052E-4,0,1
-0.01764262797925958,-2.2799266906634822E-4,0,1
-0.017061727126471613,0.0011808623561532596,0,1
-0.016096672220066322,0.0025108597650560934,0,1
-0.016458261652245475,0.0024480441752692647,0,1
-0.016806945823512904,-2.960873624069973E-4,0,1
-0.01657163503894623,0.0014622995491466032,0,1
-0.015887343142597914,0.0014147065978379262,0,1
-0.016784599120279044,0.0020158685110690435,0,1
-0.01573393771505912,0.0046339277408805335,0,1
-0.016445292548325587,0.001207247762725821,0,1
-0.014230671640284224,0.0013326843230885238,0,1
-0.01693513557195633,0.0013515010987429313,0,1
-0.01622789596976064,0.0033708916167083207,0,1
-0.014985291519328432,-6.879986139578287E-4,0,1
-0.016219324295499105,0.0012247764639314149,0,1
-0.016327773364885896,0.0018657298662987964,0,1
-0.01510299201791703,0.0031575466162824277,0,1
-0.01619437297306004,0.0017277763566874837,0,1
-0.0165332982842932,0.0029127829760059063,0,1
-0.016087595730189943,0.002913409278797964,0,1
-0.016287802569632085,0.0015384883226432463,0,1
-0.015835638130687626,0.001350332489620785,0,1
-0.017158130648760702,0.0020619609979238966,0,1
-0.01563900027659809,0.001461270528743841,0,1
-0.018339928779328434,0.003292106150583991,0,1
-0.014765211616509372,0.0011857899045517907,0,1
-0.015634636306441105,0.001699860217456266,0,1
-0.015134730210654854,0.001106079176969395,0,1
-0.015371756167393736,0.001256774242013606,0,1
-0.015072538388511497,0.001203791736711422,0,1
-0.008470151572763185,-0.014312025115417907,0,1
-0.007257674386414606,-0.01616361303384059,0,1
-0.008746616815762047,-0.014813738525018601,0,1
-0.008341440768942703,-0.01408380990380114,0,1
-0.007797081398524518,-0.014022535720786922,0,1
-0.008216785622288872,-0.014050758364579492,0,1
-0.00680616484425814,-0.012865974838673883,0,1
-0.009625294656577289,-0.01487301647776183,0,1
-0.00898787271687895,-0.01465544143806381,0,1
-0.008767527562590884,-0.01574865998984326,0,1
-0.008299079369278211,-0.015915624187249663,0,1
-0.007375869808923046,-0.012743093634588696,0,1
-0.0076827780208229175,-0.013718399155280723,0,1
-0.010231518111709975,-0.016275221867113318,0,1
-0.010113404802904099,-0.014363705583863864,0,1
-0.008381395099312015,-0.014373196727989418,0,1
-0.008879145315596068,-0.013281094986040912,0,1
-0.006071029435300892,-0.014138820909174414,0,1
-0.00668039036091203,-0.015167665232586908,0,1
-0.008482413263444054,-0.016355671955387587,0,1
-0.009188860261065074,-0.01435416932538745,0,1
-0.0075522221255594525,-0.012240111891221456,0,1
-0.007001136238900682,-0.013371616166346169,0,1
-0.006884482528766434,-0.014711919865243358,0,1
-0.00863772836624857,-0.015533773300354147,0,1
-0.010161573392959308,-0.015523225295572563,0,1
-0.010060242403622964,-0.018100946206622306,0,1
-0.007584650624455749,-0.012791187136464802,0,1
-0.006853139750050444,-0.013950518549683684,0,1
-0.009443470046167567,-0.014380350522354481,0,1
-0.009082946939916754,-0.014310960242296143,0,1
-0.00662219527617571,-0.013189118524410565,0,1
-0.00497690599408968,-0.013022312206382608,0,1
-0.008051516268366476,-0.018176216638709594,0,1
-0.007834190549175184,-0.014668330146667461,0,1
-0.007974880801445181,-0.015549581071926907,0,1
-0.00787793808417463,-0.013931357640626323,0,1
-0.008211042907749891,-0.013593388141471428,0,1
-0.007629834080041093,-0.01601336929367016,0,1
-0.004505964499881622,-0.013051212434307636,0,1
-0.007109525763041683,-0.014980790064937119,0,1
-0.00974286810423115,-0.015335540063333479,0,1
-0.007666671750911876,-0.016679302635491375,0,1
-0.007557092231932749,-0.015643451088274,0,1
-0.009077518349619531,-0.016006166120577973,0,1
-0.0075969202109311615,-0.014606516609929841,0,1
-0.007295247788111485,-0.015652998026252377,0,1
-0.006780514584624443,-0.01702917375736265,0,1
-0.007437706753893375,-0.015538043189599558,0,1
-0.007808773856475159,-0.01623316425099652,0,1
-0.008198966546931833,-0.01668710157346481,0,1
-0.008302285442289099,-0.015424143055032665,0,1
-0.007061402030617849,-0.015995388175024494,0,1
-0.006658256876307914,-0.013316735864384916,0,1
-0.004514256726346707,-0.013594125686960768,0,1
-0.006159466719469003,-0.015785079905028216,0,1
-0.0031007500743514865,-0.014908495545780397,0,1
-0.004833231285012299,-0.015489962538081858,0,1
-0.003033677071819814,-0.019117527837474134,0,1
-0.0031350030891649605,-0.015951706230077464,0,1
-0.001994003219502747,-0.01891888882442051,0,1
-0.007122979900491445,-0.01701750087423613,0,1
-0.004957090958652771,-0.013930235394846566,0,1
-0.0051570449848277675,-0.01540750311006999,0,1
-0.004202880505236494,-0.017340322729436627,0,1
-0.004265741211221334,-0.015549816177339143,0,1
-0.003991797717661429,-0.018267714421692047,0,1
-0.005346634418003451,-0.01571363781234248,0,1
-0.0052451408362291395,-0.01550212799124878,0,1
-0.00439128250649015,-0.016256187181633755,0,1
-0.004500450874893208,-0.017091884861070685,0,1
-0.003108531640408432,-0.015458789839460437,0,1
-0.002377276797282295,-0.01333056000591456,0,1
-0.005387841274151367,-0.015418721327688838,0,1
-0.005876474733491694,-0.01625203313965499,0,1
-0.0034030146456990383,-0.016141477435753858,0,1
-0.004912812363455905,-0.01717406059299602,0,1
-0.005787110505891,-0.016276142150399374,0,1
-0.006648336282966088,-0.019182727382193166,0,1
-0.005226041122580987,-0.015711315310942817,0,1
-0.0065346609031289495,-0.01918701509313146,0,1
-0.0046735636359954355,-0.016940471309753898,0,1
-0.005520236947439727,-0.01500858742253904,0,1
-0.005944300829341442,-0.015338047956932376,0,1
-0.0058778958973550845,-0.01563327284259131,0,1
-0.006450072578592059,-0.013534310689016189,0,1
-0.005092212286908618,-0.018100358154008026,0,1
-0.004637620666588702,-0.016692371268184455,0,1
-0.0031931468981294298,-0.017435140136815092,0,1
-0.004236963878981347,-0.01583684516763505,0,1
-0.006545119944384795,-0.01646287056893921,0,1
-0.004901613632502561,-0.017478393679870693,0,1
-0.005068914429649998,-0.016441015804136486,0,1
-0.00584937104914692,-0.016361145036439314,0,1
-0.004265764648265704,-0.016086911408568036,0,1
-0.0024037416935827585,-0.01505799054874488,0,1
-0.0036187519782719126,-0.017187554134105564,0,1
-0.0074999817237426285,-0.013271046148705239,0,1
-0.005627943977982114,-0.016843500065037216,0,1
-0.007079395918938146,-0.016810210001495983,0,1
-0.004423188127786808,-0.016189294866998792,0,1
-0.002644761698142765,-0.017034154848693115,0,1
-0.0022466116033095494,-0.01670492700472292,0,1
-0.0027448593387119384,-0.016056554116850412,0,1
-0.0020234736892253513,-0.014894530290634748,0,1
-0.003064889651510911,-0.015910388250230157,0,1
-0.002818654787420434,-0.015060655996912933,0,1
-0.004213968589524764,-0.018173798002747366,0,1
-0.0012044209578863346,-0.016689011823635753,0,1
-0.002901222594556521,-0.016172184874019724,0,1
8.973638353859133E-5,-0.016694369511908953,0,1
-0.0020344196157103954,-0.015234400584528157,0,1
-0.0013700559939545502,-0.013660151975698722,0,1
-0.0014476117960061658,-0.015217329391651328,0,1
-0.0011166510692570335,-0.01747815400851265,0,1
9.259195862066614E-4,-0.014553639325684943,0,1
-0.0022788354456289663,-0.016508558430717662,0,1
-0.0012928359156905364,-0.015871613863408542,0,1
-0.0016556989096590871,-0.014265648872898697,0,1
-5.060846566761041E-4,-0.016950541405526435,0,1
-0.0015138917706812869,-0.018189606028987802,0,1
5.011326563032748E-5,-0.01671259086782106,0,1
-0.0015143516904017288,-0.017613161803998717,0,1
-8.008108181460152E-4,-0.016644840832472568,0,1
-5.270254960415767E-4,-0.014691929401902488,0,1
-0.002531747131718911,-0.0178200354251602,0,1
-3.108590036314851E-4,-0.01665329973603736,0,1
-0.0022554414162317842,-0.016970210510507983,0,1
-0.0026888162072618914,-0.015902859068331044,0,1
-0.0022471283806946045,-0.01716414056946645,0,1
-0.002438658361917028,-0.017841244142092205,0,1
-0.0022561718022531753,-0.01730931380391693,0,1
-5.169039043564956E-4,-0.01667825056896542,0,1
-0.00130110029250728,-0.016106847197998663,0,1
-9.0963839959737E-4,-0.015734546163714072,0,1
-8.399813477645804E-4,-0.01804240210797315,0,1
-0.0010164073450691356,-0.01588134983925108,0,1
-0.0010981790237466144,-0.01660336505000047,0,1
-1.56284794563635E-4,-0.01528002455991477,0,1
-0.001647148558360828,-0.017598429544417853,0,1
-0.0025556568886890433,-0.018784773879590957,0,1
-0.0024890351964151243,-0.01919800557275207,0,1
-0.002770160692815033,-0.020683722692733036,0,1
-7.871991213639902E-4,-0.017503684423503505,0,1
-0.0015359892553617038,-0.017363933095333094,0,1
-7.800959011580401E-4,-0.01668360937950692,0,1
-0.0021044197112495425,-0.016978848050150173,0,1
-8.694485371476627E-4,-0.018005641501186324,0,1
-0.0026399455203043667,-0.015821494943280733,0,1
1.7796128548001823E-4,-0.018072357207595778,0,1
-0.0032400217560924574,-0.01992855620193084,0,1
-9.759550226705408E-4,-0.018414516148027124,0,1
4.929746430590584E-4,-0.019242256867240348,0,1
-5.856868030290391E-4,-0.01780992271658918,0,1
5.14425730834727E-4,-0.016223280021020147,0,1
-7.604621493506942E-4,-0.017117052801782842,0,1
-0.014699995481329548,-0.010063905321996398,0,1
-0.01449125604561877,-0.010238548732804716,0,1
-0.014070991271294494,-0.00967269834389379,0,1
-0.012800449939064606,-0.010132957069488642,0,1
-0.013102321415030068,-0.009055364822178218,0,1
-0.011347466503475182,-0.00940835122193233,0,1
-0.012950822150694364,-0.01058273094697931,0,1
-0.01448547855878234,-0.01032025022118545,0,1
-0.014042222293502618,-0.010560548799450422,0,1
-0.013440198107003127,-0.010553895259043043,0,1
-0.012111468726783101,-0.01067841578793737,0,1
-0.011900456225030987,-0.010136236825514875,0,1
-0.013396128630685556,-0.009935387882929145,0,1
-0.015002893177076046,-0.011832710750527076,0,1
-0.01420271675943206,-0.009053348169852883,0,1
-0.012286475849381081,-0.010774078291295447,0,1
-0.013765488294935974,-0.009527283999574185,0,1
-0.012926775445664118,-0.00944582838205915,0,1
-0.011750616027619775,-0.011742933366425313,0,1
-0.013039759983445089,-0.01100041611132014,0,1
-0.01323334409700795,-0.010578177102313376,0,1
-0.013283346823001365,-0.010350853151973783,0,1
-0.01276388984694461,-0.011989382713587743,0,1
-0.012783122894713927,-0.011756996596165237,0,1
-0.012298283185869676,-0.009542777942305552,0,1
-0.01224317803283096,-0.011484115013825522,0,1
-0.013161845616934537,-0.009936750255597695,0,1
-0.011641496656962865,-0.010767645781839608,0,1
-0.010198701009525529,-0.010501040689303158,0,1
-0.011591041890346317,-0.010585421831008497,0,1
-0.015073377813733406,-0.011102768034582098,0,1
-0.012161428045858248,-0.012335400060152458,0,1
-0.012805237429713788,-0.010791926896212119,0,1
-0.012081212776039178,-0.010211819748513538,0,1
-0.014218799320701922,-0.012638460999211593,0,1
-0.013423644581243658,-0.010848590929916833,0,1
-0.013712497279379392,-0.010018641252450097,0,1
-0.010980744355952417,-0.009791406151657673,0,1
-0.014112917687888048,-0.01117502175427341,0,1
-0.013330035106928711,-0.00877596133239406,0,1
-0.013123584235006636,-0.010655114480586763,0,1
-0.014197148899472961,-0.010804605988305507,0,1
-0.01782880623348797,-0.010985713964686814,0,1
-0.012861445198294224,-0.01151583260818199,0,1
-0.012579069502923071,-0.011012057842548233,0,1
-0.013774136372255094,-0.012065075755430005,0,1
-0.011996422339769075,-0.010914957111382333,0,1
-0.01327741166590701,-0.011390557984481884,0,1
-0.014415315106528962,-0.0120413406025469,0,1
-0.01240319883468178,-0.01177159351799764,0,1
-0.013198433340306057,-0.012419776725591828,0,1
-0.010593069048472042,-0.00992411251773566,0,1
-0.013316808414334549,-0.011506560123529247,0,1
-0.014303093381456775,-0.011657442217669232,0,1
-0.014673554783014565,-0.013157180372308171,0,1
-0.011503465234666015,-0.011589570923531285,0,1
-0.010527885617184877,-0.013017746602859325,0,1
-0.01038968134539369,-0.014316540017682183,0,1
-0.010487834706276785,-0.014418215990124605,0,1
-0.009991970681590443,-0.014184020158975292,0,1
-0.010875187452615327,-0.014960424184317148,0,1
-0.011035670478839047,-0.012336790014026128,0,1
-0.011063392032608638,-0.01181444267208448,0,1
-0.010267676691839077,-0.014845758312893786,0,1
-0.00953708245667982,-0.015614478797930974,0,1
-0.008496013759021648,-0.014205271391878096,0,1
-0.01099369863175971,-0.012599593879258415,0,1
-0.011009533008158077,-0.013036673744377726,0,1
-0.010429210360033022,-0.012774143381110393,0,1
-0.009643632418374733,-0.014031331391859267,0,1
-0.010602826528060412,-0.014024854962261368,0,1
-0.011387727946861362,-0.01262634280808714,0,1
-0.011298929192059907,-0.012530864469099259,0,1
-0.011667273685355925,-0.013959797383340975,0,1
-0.010958066313455458,-0.014536921557615903,0,1
-0.010923782449411732,-0.012334667832902919,0,1
-0.011245874634879515,-0.013527378616162019,0,1
-0.011027878084891318,-0.013842039453394241,0,1
-0.012056698805730442,-0.013220810069470654,0,1
-0.011217367542825268,-0.012761695340746221,0,1
-0.012154742032731139,-0.013474120169288208,0,1
-0.011132387711199496,-0.01393373945914883,0,1
-0.010900966936471019,-0.011058393530961297,0,1
-0.01178531200108474,-0.014223073002920207,0,1
-0.011698831868325512,-0.01446103116158324,0,1
-0.010997977364103838,-0.01254988647803588,0,1
-0.010752956151497137,-0.013788091200119978,0,1
-0.012753855468891953,-0.011486920415553421,0,1
-0.012819366391623697,-0.01322303207793303,0,1
-0.012133111673447881,-0.013208719673726423,0,1
-0.012072707424261283,-0.013091293540074612,0,1
-0.012626248709541378,-0.01143048991342588,0,1
-0.011927883380065986,-0.01285859866428018,0,1
-0.011496680719340544,-0.013694929621587488,0,1
0.010532001822973286,-0.0120175382728131,0,1
0.0075536031559121425,-0.014182217617364403,0,1
0.009451750805745335,-0.01217334997378867,0,1
0.0077186185290012005,-0.013736678335481513,0,1
0.008487383777461176,-0.015041583906104971,0,1
0.009898878199745107,-0.014941738253389692,0,1
0.009949135705804486,-0.01521470987353771,0,1
0.007847636272413201,-0.015544245149284777,0,1
0.006839162979515632,-0.014945234890415859,0,1
0.00686806237475079,-0.013580006562287496,0,1
0.008768469466688352,-0.014702532879002625,0,1
0.008990744376872915,-0.014702785101852271,0,1
0.009172518166167334,-0.014858763244329798,0,1
0.007410778762607338,-0.01573532138927637,0,1
0.008763678398410057,-0.016850929301974644,0,1
0.007562612951136815,-0.013719050422648446,0,1
0.005597974073854818,-0.016201879691755672,0,1
0.010405074146171502,-0.013153156430673581,0,1
0.00926992674805007,-0.015060658016676002,0,1
0.007498721416569525,-0.015149145530540224,0,1
0.006938197998309949,-0.014791533751752814,0,1
0.007582528018196284,-0.017782984765945403,0,1
0.009142665209507723,-0.01573687456115082,0,1
0.009311500867894899,-0.014275050162971061,0,1
0.004579405804710752,-0.017707207108701686,0,1
0.0075591848033251235,-0.01639655175558817,0,1
0.008353869620821536,-0.0147612491504197,0,1
0.007495148631027468,-0.015001329971740807,0,1
0.008881436649232567,-0.016011935833400992,0,1
0.007048773776078793,-0.013647063753596783,0,1
0.007918967429004558,-0.015783133340496226,0,1
0.0076745782054713765,-0.014900888044039553,0,1
0.008672177015846614,-0.015586078343256997,0,1
0.0074412012798082666,-0.014779156258440023,0,1
0.007086100214236243,-0.016422531275903873,0,1
0.008625896543783103,-0.011795812521653707,0,1
0.0073700937081115,-0.01530995749588215,0,1
0.008730152300013984,-0.015505009293711833,0,1
0.007727730022399308,-0.011949318315723967,0,1
0.007890015110458792,-0.015574970919428829,0,1
0.006364104094773299,-0.01649967601415219,0,1
0.007593085923033744,-0.015623070737159366,0,1
0.008108983528772764,-0.016523470630718795,0,1
0.007735649808205688,-0.015065219656485147,0,1
0.007868769092020833,-0.015778610087848997,0,1
0.006472840866488773,-0.016707822382566514,0,1
0.0077693834754455834,-0.016106836774601507,0,1
0.007169495299691979,-0.01784639912964008,0,1
0.001530530663363441,-0.0160473797198948,0,1
6.072198012241418E-4,-0.015905188985549226,0,1
0.0018767623366667844,-0.015943149603872022,0,1
0.001936054768919574,-0.016729191930422077,0,1
0.0025255083630719754,-0.017314920145982845,0,1
0.003526203032176342,-0.018615382038424024,0,1
0.0028339046554057452,-0.017937801997884993,0,1
5.891282001427711E-4,-0.013345989926796562,0,1
0.0017546817761737313,-0.01586760080681592,0,1
0.001943914146673641,-0.015572077015607737,0,1
0.002188228776373105,-0.016906764273042114,0,1
0.002945853872513533,-0.01824141158795203,0,1
0.0026279827512716214,-0.017828586554485985,0,1
5.922670353549514E-4,-0.014976466564974523,0,1
-6.009235393519295E-4,-0.018791781721769023,0,1
0.002263520403352576,-0.01611250395822667,0,1
-8.11438704248352E-4,-0.018447227389967128,0,1
0.0031715481258471987,-0.019425308645694483,0,1
0.0013551901668659098,-0.015420958363710184,0,1
8.543506778570894E-4,-0.017364179460145904,0,1
0.0015127600112384884,-0.016471413860863367,0,1
0.0025577831743558567,-0.016803927657647946,0,1
0.003569390320320298,-0.018260120617559623,0,1
0.0018819819348803288,-0.017949557572944967,0,1
1.4925711658890262E-4,-0.016493379171506086,0,1
0.0018692474284653863,-0.016246757740534634,0,1
0.00228884905411234,-0.014774901001651849,0,1
0.0021983906831684603,-0.017213029577242182,0,1
0.003430088619598808,-0.015412864760910059,0,1
0.0013737132717690532,-0.01667307392859489,0,1
0.001313621267107392,-0.016806696868630885,0,1
-9.440803470702709E-4,-0.01759174446767479,0,1
0.0017094942961556837,-0.016519804524766136,0,1
0.00221775046008103,-0.018187688200459285,0,1
9.494863956594819E-4,-0.01680918943060477,0,1
8.359541174753517E-4,-0.017205583988694158,0,1
0.001030266809527536,-0.017593982860852835,0,1
0.0021385662103749928,-0.017904982320930844,0,1
5.641446448138626E-4,-0.01656460119290853,0,1
2.9388139196620316E-4,-0.017128182204035978,0,1
-2.274545150198202E-4,-0.02011106977710354,0,1
5.099416530568978E-4,-0.017034972913987628,0,1
-0.0011030519524977938,-0.020524134450684794,0,1
9.568217588211461E-4,-0.01677089709192861,0,1
0.001939522179343114,-0.0177492405588178,0,1
1.0751640261325199E-4,-0.01725712858807715,0,1
0.003610007169613136,-0.01738634244508774,0,1
0.004051820973597312,-0.017062393146621276,0,1
0.003321777462351675,-0.01665182012870106,0,1
0.0038626761492925386,-0.016291417154138236,0,1
0.004122965616513789,-0.015743203480844306,0,1
0.0042502728854777174,-0.015104212677682824,0,1
0.004380311132225391,-0.014680706914197978,0,1
0.0034300441099875075,-0.018436479696095975,0,1
0.004138341177341018,-0.01566562486557879,0,1
0.004852598743137731,-0.016627716089259878,0,1
0.004232655099715825,-0.014622374997326229,0,1
0.005097861733719066,-0.013114650215947274,0,1
0.005023179524481384,-0.013918351779826218,0,1
0.0034912956160312743,-0.01539726803045388,0,1
0.006262316157281682,-0.01854920167314714,0,1
0.004590337912626459,-0.016062847295159454,0,1
0.004464770634991626,-0.01755359950923331,0,1
0.004645122486848835,-0.015406854571278685,0,1
0.0027376683170691474,-0.013628891249337102,0,1
0.003992416650478728,-0.014123552968077917,0,1
0.003783070986607416,-0.017684095626317592,0,1
0.004675772802524094,-0.0163389353329349,0,1
0.0036285914312968216,-0.015743902601532744,0,1
0.004730463031578084,-0.014327605674150605,0,1
0.004646980955620094,-0.015170170920642696,0,1
0.004433568680585522,-0.01567859180097657,0,1
0.005806125559906467,-0.016195809440891246,0,1
0.0035029293829381626,-0.015492796986480104,0,1
0.003971053269684745,-0.014648745013844021,0,1
0.004891327370507086,-0.014969337435939216,0,1
0.004477272416201798,-0.017286393015140636,0,1
0.004640290417896738,-0.01656159439805409,0,1
0.005798379732110452,-0.015578192831434492,0,1
0.004934856093072426,-0.01578029370452423,0,1
0.004874587805157835,-0.015122513877467988,0,1
0.005872197427551858,-0.016918368903074927,0,1
0.005962641666026203,-0.01639807480902367,0,1
0.004106274035950902,-0.015613961227208909,0,1
0.005350484636610168,-0.015646478907829314,0,1
0.005052980361376417,-0.01785803535833798,0,1
0.005451742864813283,-0.01611299802505161,0,1
0.006221865877658007,-0.015659947401420633,0,1
0.005596298882735324,-0.016844252964922805,0,1
0.006090917627575364,-0.016095775278283722,0,1
0.004884242535827473,-0.014463999033064081,0,1
0.005618209588161803,-0.015967629766909346,0,1
0.004361720353277389,-0.016212250327428998,0,1
0.005782620717194623,-0.01637366232254908,0,1
0.0055845925372196275,-0.016240913063702525,0,1
0.005862502137106674,-0.016161639804471394,0,1
0.005095526545240054,-0.015402021406682323,0,1
0.006433805155839928,-0.017429659511973325,0,1
0.006023491482279615,-0.015948027341737284,0,1
0.005708239742100268,-0.016738950426028014,0,1
0.005704608277787973,-0.01590468905308333,0,1
0.006086219221150154,-0.016892564409461464,0,1
0.014688322110439994,-0.005349256839631161,0,1
0.01786672388838301,-0.007048818496383698,0,1
0.01664432409698702,-0.00371302253691917,0,1
0.017122809082009655,-0.0020856377262919294,0,1
0.017668486732487748,-0.0035809515027451166,0,1
0.016853448298938596,-0.0038498976541846168,0,1
0.015270012389817001,-0.004451340252537707,0,1
0.015974456352269368,-0.004409629334752676,0,1
0.01674007818996317,-0.004858979296340031,0,1
0.016340555964223052,-0.004639129504279938,0,1
0.01634569908293338,-0.004849267459671259,0,1
0.01677449759531382,-0.003884906835026321,0,1
0.01567445745913017,-0.005361856543961677,0,1
0.014142848740926632,-0.0033175388591260824,0,1
0.015505745977458813,-0.005213386073311137,0,1
0.015889783287158288,-0.00468839604103445,0,1
0.017641058724548436,-0.00422170604735976,0,1
0.01771457865960734,-0.004553395139783154,0,1
0.01636566998946578,-0.004161712942857364,0,1
0.01680109218526072,-0.004231650686251882,0,1
0.01706073940992551,-0.004793280147632558,0,1
0.01646690086394599,-0.0061634489295841885,0,1
0.015292171237348946,-0.004036641209097216,0,1
0.0163943870402644,-0.004931612181595881,0,1
0.017578570829521918,-0.003814743204836398,0,1
0.015821589226013216,-0.005856614631868382,0,1
0.016110852795717834,-0.005064521168575832,0,1
0.015271751832947352,-0.0058394695795790045,0,1
0.01741018651761142,-0.005038208014372526,0,1
0.014785580074690538,-0.0052195993997839205,0,1
0.016468882926889503,-0.006163192504643777,0,1
0.01723394669276287,-0.00638330082339365,0,1
0.01593231632992925,-0.005574629637465488,0,1
0.01688840574640938,-0.004850123827056428,0,1
0.017108411458474054,-0.006068946940083951,0,1
0.013644726268312465,-0.0035736223539905953,0,1
0.016971226675508384,-0.006188727023345432,0,1
0.0164552221022239,-0.006083386492126084,0,1
0.017539304330237225,-0.005027858940839635,0,1
0.01695268392491009,-0.005846388661678689,0,1
0.017939695806825192,-0.006540072465888463,0,1
0.016675572816492748,-0.00608022507871841,0,1
0.01596898027644621,-0.00409234593442536,0,1
0.016532695875482714,-0.0037493474126507856,0,1
0.017022936553961525,-0.00255158670081942,0,1
0.016286029645326276,-0.002351092459950481,0,1
0.016225201980836747,-0.001906139327083127,0,1
0.015496255153124678,-0.0016842499204427674,0,1
0.01488141862476917,-0.0018089666129373406,0,1
0.018658622850308105,-0.0037932410052699235,0,1
0.01699950326545697,-0.0027930027266696313,0,1
0.01812784886927923,-0.002020898061076215,0,1
0.01639549079178043,3.2395208879159725E-4,0,1
0.01711122963365625,-0.0016995996965291766,0,1
0.015521886169886574,-0.001996775026300026,0,1
0.017854265509841313,-0.00249062254590507,0,1
0.018329775254255238,-0.002528233161936805,0,1
0.01956284449978553,-1.435672833291739E-4,0,1
0.01371592342231541,-0.0028742227008101535,0,1
0.017525663549277613,-0.001063529911500947,0,1
0.01545062986997707,-0.00159484345750273,0,1
0.018567898509174577,-0.005451739730263659,0,1
0.01580518968689861,-0.0031300917200328396,0,1
0.016772913416529613,-0.002950938351602553,0,1
0.016699126886559567,6.227771621472211E-4,0,1
0.015247948875163082,-0.0010607872440830403,0,1
0.017049687378873656,-0.0034689183076263043,0,1
0.016596131965800925,-0.001330901473627643,0,1
0.016470186738134128,-8.396679139922987E-4,0,1
0.016428407004708368,-4.624780308852387E-5,0,1
0.01566549263805945,-5.967410231499475E-4,0,1
0.017782851923617747,-0.004201707446521147,0,1
0.01683437565029029,-0.0018757574681280082,0,1
0.016758920105901225,-0.0014857692302237947,0,1
0.01577079650797143,-0.0016762846743712718,0,1
0.01818275982623579,-0.001000799431541448,0,1
0.01709397632619038,-0.002823691260010078,0,1
0.016844145441825158,-0.0013970687293163452,0,1
0.017251084998709483,0.0014693000944104393,0,1
0.016100661957508526,-0.0011015877177322597,0,1
0.015613852883247688,-0.0017436597594661502,0,1
0.016855039485417594,-0.001272950467198904,0,1
0.016462476212962325,-0.0010019599261792311,0,1
0.017857357881890745,-0.0015925637544258683,0,1
0.017442258301510964,-0.0014284433339415716,0,1
0.017389228435806946,-0.0033037671152181904,0,1
0.017579373868238515,-0.0018266126809611458,0,1
0.013109616691481446,-6.548159212299322E-4,0,1
0.016825928848715192,-0.0024394606876884184,0,1
0.015825768597234956,-0.001995784467075214,0,1
0.017152521893615998,-0.001306084947128247,0,1
0.017611591978790222,2.0692078066091127E-4,0,1
0.017332836891421108,-6.590058461001841E-4,0,1
0.017087086252325703,-4.0460553091352055E-4,0,1
0.01839174224929195,1.461128238041119E-4,0,1
0.018021061500406138,0.0012019341455470356,0,1
0.01605290442434004,-0.0077442176354435245,0,1
0.015687725014412134,-0.007053814875526204,0,1
0.01673782305345037,-0.007664479915538191,0,1
0.015325150305371479,-0.007029239455812337,0,1
0.015716042999514974,-0.008276808043526403,0,1
0.013650955922864671,-0.008310509804316309,0,1
0.014450374651962318,-0.010075143839374896,0,1
0.016166732340672747,-0.007808030616570298,0,1
0.015985614418320828,-0.007616799263351961,0,1
0.015230105775711194,-0.007742720081128288,0,1
0.014045628091990002,-0.011644150035251145,0,1
0.014886902105080329,-0.010166355232612024,0,1
0.015204022487889081,-0.00975589918696768,0,1
0.015468109557481903,-0.008529999817665187,0,1
0.016102206362273254,-0.006051066586451627,0,1
0.016479944552758977,-0.008384700700770714,0,1
0.016210253824827152,-0.007389762388304339,0,1
0.016663769883650564,-0.010151224124603267,0,1
0.014001377728408442,-0.010052148798981475,0,1
0.016824146693461824,-0.008958377497565024,0,1
0.015540065185698249,-0.0076592732784088215,0,1
0.015553060295764334,-0.008765305122537929,0,1
0.015167593778940634,-0.008873132600489303,0,1
0.014614774422360859,-0.009072626501431515,0,1
0.01562700108799872,-0.0068125711368559674,0,1
0.015452642948130004,-0.007156525288760047,0,1
0.014779350142179435,-0.007091460706111091,0,1
0.014570110097137592,-0.00782221732746549,0,1
0.014006407296515758,-0.00773782513676959,0,1
0.016243912815726277,-0.007344394348544167,0,1
0.014939601231876492,-0.007580756878835972,0,1
0.014897427092072398,-0.00785757267558385,0,1
0.014992030797563463,-0.00833581096521616,0,1
0.015374561216402181,-0.008165298210588479,0,1
0.012289958711353119,-0.007540167549998109,0,1
0.014097114018467943,-0.007222092507224795,0,1
0.014194205906303055,-0.00868917419721694,0,1
0.014326558301113297,-0.008436388707886702,0,1
0.015444792909030287,-0.007779198393889313,0,1
0.014811142993546902,-0.008291113095978374,0,1
0.014362313239318466,-0.007290094633709772,0,1
0.01480879914614931,-0.00740949942565971,0,1
0.01412996377784744,-0.00787563290200195,0,1
0.014168175852139786,-0.007708626194416175,0,1
0.012701565334125855,-0.008887502669683718,0,1
0.016554834876877075,-0.009853822937196915,0,1
0.013982991015114526,-0.00776606084110993,0,1
0.014619773009950134,-0.007379803056687036,0,1
0.013919772854986264,-0.0048751748223142604,0,1
0.012813372068183388,-0.005610653776463492,0,1
0.012786849124148418,-0.006972990970000097,0,1
0.015265740948047975,-0.00657558844594058,0,1
0.012297026493705475,-0.0067161126693213785,0,1
0.0151022971833854,-0.006978439081553337,0,1
0.0105287381533714,-0.014934055925109243,0,1
0.010599207473598962,-0.01486367582287271,0,1
0.010876593333566801,-0.014574306834346417,0,1
0.010556428510918252,-0.01287341906635611,0,1
0.011751685544725906,-0.01474597955349438,0,1
0.00972582280243747,-0.012876667460291027,0,1
0.00989263427827952,-0.010539290356914765,0,1
0.00756500668996866,-0.01154482611193843,0,1
0.012146012951635112,-0.014999736339287358,0,1
0.011267464243302919,-0.011611167260353494,0,1
0.011374775738218625,-0.014076341512751696,0,1
0.009956713713832468,-0.014447402547801177,0,1
0.009739194078154441,-0.012299948921124139,0,1
0.010508921441773967,-0.012447941158776368,0,1
0.009331141309709036,-0.011696234037315768,0,1
0.011042094461851719,-0.014763361466070254,0,1
0.010254681935601188,-0.015534534176443508,0,1
0.009429240987353555,-0.015256452890546333,0,1
0.009726161915471918,-0.01472358967844818,0,1
0.01020712285503935,-0.012347840054921976,0,1
0.011309191400227276,-0.013069107581003,0,1
0.01223121110667269,-0.014007927412885255,0,1
0.010492012744066484,-0.013183793427609967,0,1
0.010131213864246837,-0.011226704330849874,0,1
0.011167924551484916,-0.012814521090283318,0,1
0.010413389759129938,-0.012492725242517527,0,1
0.009346477770446272,-0.010682307287083297,0,1
0.008596091065479455,-0.01364483807302968,0,1
0.01191043493175246,-0.014472517429633753,0,1
0.010771129096705856,-0.014093461461872731,0,1
0.009846076405250932,-0.014892773074263519,0,1
0.010197909293241748,-0.012307405224954906,0,1
0.008860269432050915,-0.010997956921344107,0,1
0.011470987304421493,-0.012546275693409692,0,1
0.01011484163425392,-0.012618868968526889,0,1
0.012046254610035624,-0.01370477567361027,0,1
0.010797540416751725,-0.013148808984720557,0,1
0.010333499840393981,-0.012114269048345205,0,1
0.01150170906480558,-0.014633175508657286,0,1
0.010241864727672622,-0.015107761877240678,0,1
0.009583816114119076,-0.012344998238664999,0,1
0.008611883501210475,-0.011877300016380732,0,1
0.010471359777064055,-0.013377152363763058,0,1
0.011778934371510143,-0.012381798073085152,0,1
0.011023421289672933,-0.012599137064719799,0,1
0.011024317548885134,-0.012504841629627745,0,1
0.012353593049550304,-0.012420267946880635,0,1
0.011427622662817704,-0.01384517206128171,0,1
0.008390171644816839,-0.01444915035697652,0,1
0.010068896420335493,-0.012505554639155108,0,1
0.011900644161771038,-0.015016427464475814,0,1
0.011574947247614199,-0.013162468460494047,0,1
0.011046953362786922,-0.01236667512609151,0,1
0.011586955569856495,-0.01212152056867127,0,1
0.012468411202831958,-0.01286361186932605,0,1
0.011190687626259516,-0.013306593959570357,0,1
0.010489619296911957,-0.013753275398567907,0,1
0.012980351633522123,-0.012350146234269718,0,1
0.011772882791538415,-0.011674696234998951,0,1
0.011969467487036228,-0.012486161967215857,0,1
0.01180802204549813,-0.012444533388457803,0,1
0.01423449401977538,-0.012788002750114384,0,1
0.011693355744688045,-0.011553052516387236,0,1
0.012181982763467877,-0.010935895904459073,0,1
0.012125234119835647,-0.009438037828906837,0,1
0.011830963487057361,-0.010700507588933546,0,1
0.01061664482052093,-0.010705938735822526,0,1
0.011418447264975543,-0.009804723485244643,0,1
0.012013036877858428,-0.009818329480777606,0,1
0.012932331362470158,-0.013191632224294004,0,1
0.01049465307801331,-0.009571365340190801,0,1
0.0123443094167529,-0.011330862781643235,0,1
0.011794622992324482,-0.010176420850227845,0,1
0.012492096611990078,-0.009946548551336512,0,1
0.01187816248877987,-0.010203941726132947,0,1
0.011432075973126687,-0.00969812534712993,0,1
0.013162386770350228,-0.01219933059613505,0,1
0.01275075184633519,-0.012416536257627283,0,1
0.012947351024617549,-0.010785411328122647,0,1
0.013528629760032256,-0.011615876759061127,0,1
0.012511643617666296,-0.008294195813772678,0,1
0.012627688769250963,-0.009211649099386493,0,1
0.010674412693167141,-0.0077056326032079805,0,1
0.013089236337477113,-0.012401530923423462,0,1
0.012723397221135385,-0.01105201351247192,0,1
0.013553634713987392,-0.010205507896632401,0,1
0.012470571187427993,-0.010477239608596952,0,1
0.013000011098254593,-0.013918949147326897,0,1
0.014562942990094358,-0.009884472586218331,0,1
0.013366985995590655,-0.011722588475237146,0,1
0.013112204366371892,-0.012331250000911585,0,1
0.013337575846305731,-0.010572335505393176,0,1
0.012198683018531668,-0.008912304276889372,0,1
0.009830365469927256,-0.007925657778550354,0,1
0.012967985538961634,-0.011286732027081645,0,1
0.013517798655951334,-0.010920138041062202,0,1
0.01219866196970372,-0.010516488655858138,0,1
0.012257872021641856,-0.009874890874566803,0,1
0.012466926893264322,-0.009815864496123396,0,1
0.014198402870779428,-0.011913057645527022,0,1
0.01314800411002138,-0.010917226218005048,0,1
0.013894869044945558,-0.010260850501492535,0,1
0.013818543469792811,-0.009380158572035528,0,1
0.012976599509313591,-0.0093728315845603,0,1
0.013133670216301315,-0.01271703742118681,0,1
0.015561067261751724,-0.007915982572786617,0,1
0.012989762120625394,-0.01038440462819123,0,1
0.013659147263391807,-0.00954680484898519,0,1
0.014215435314504348,-0.011475407603541795,0,1
0.01406627309804661,-0.011761078745018834,0,1
0.014281335377943483,-0.012173108930285505,0,1
0.013866932297494087,-0.009695892521520684,0,1
0.013817869776047311,-0.011574996266312676,0,1
0.014905265341491317,-0.009944251194424077,0,1
0.012110310405225986,-0.010566558135644876,0,1
0.013090548525429697,-0.010520818797803965,0,1
0.012282552184749206,-0.00811354126628322,0,1
0.013952635967376992,-0.009891344649634167,0,1
0.014289325997118154,-0.010388311137274751,0,1
0.01469978917274184,-0.009760764427651107,0,1
0.014522310028718458,-0.010507212046293679,0,1
0.014288716112140701,-0.009643848225064469,0,1
0.014129187980127248,-0.009945034517962506,0,1
-0.017719177483195823,-0.003778052945621015,0,1
-0.01631098183044546,-0.004198998028280625,0,1
-0.01653960798411619,-0.004082384466403643,0,1
-0.014447297071083049,-0.0036851876285293713,0,1
-0.01781830358246261,-0.003850334680391514,0,1
-0.015280654803882448,-0.004312290840493008,0,1
-0.01468390937154328,-0.004183573639293095,0,1
-0.01753632632165522,-0.004298714333281717,0,1
-0.016196652321169756,-0.0030087898300763436,0,1
-0.017720422310529782,-0.0059197503606305685,0,1
-0.014755046060714372,-0.003125759908905387,0,1
-0.01504480968469749,-0.00505877587435982,0,1
-0.015976101812393232,-0.004569679792172979,0,1
-0.01740917532761804,-0.004705309975308329,0,1
-0.016908728444371263,-0.004161911259126957,0,1
-0.015516356769915692,-0.004314402496944829,0,1
-0.015691922429294892,-0.004346947174342928,0,1
-0.015232552199076769,-0.004930974054483328,0,1
-0.012515179032770716,-0.0038771062773512196,0,1
-0.017320198426859636,-0.004268033076786237,0,1
-0.01644249451454262,-0.004786356527555544,0,1
-0.016322861153916443,-0.004806679216006117,0,1
-0.015329963220260083,-0.005370033384629811,0,1
-0.013232003355662375,-0.0019917540514788287,0,1
-0.017052241499812135,-0.004294657823520397,0,1
-0.016996907387663372,-0.0032935425966209757,0,1
-0.015600407449102597,-0.005392705864890677,0,1
-0.015709312416438966,-0.0041822949196627865,0,1
-0.01674421466786461,-0.004478792375062288,0,1
-0.016677013320852613,-0.004677012096515533,0,1
-0.0165488569479517,-0.004217227987524343,0,1
-0.015731405476536186,-0.004992570059982078,0,1
-0.01602342200242763,-0.003925026605229437,0,1
-0.016936142650819972,-0.0053565985021384556,0,1
-0.015001631675658428,-0.0059750373728788345,0,1
-0.016393464353149,-0.005628010488498541,0,1
-0.016719030561917092,-0.005632987012819424,0,1
-0.016465097700908857,-0.005395682869106515,0,1
-0.018175928291742992,-0.005057135703372345,0,1
-0.016549619827013404,-0.0045571205699268475,0,1
-0.01866176655732836,-0.005162224991644304,0,1
-0.016391214694823,-0.0050555514060500704,0,1
-0.0161763179786394,-0.0053452786050731445,0,1
-0.015141978322660237,-0.0040459992617771145,0,1
-0.016994039339611224,-0.0051243910798164476,0,1
-0.019492177734790145,-0.00386276193993392,0,1
-0.01692429480731235,-0.007621255711306269,0,1
-0.01743397940925387,-0.005848459888190403,0,1
-0.018666825917334685,-0.003928720739698685,0,1
-0.015580918787376873,-0.0049333630475219695,0,1
-0.015608396760676598,-0.006261965156732449,0,1
-0.01709150919675503,-0.003253034930671016,0,1
-0.016120512005277803,-0.0067615763333271055,0,1
-0.013695918401804104,-0.0072687580246885005,0,1
-0.013827156578521918,-0.00734372296786789,0,1
-0.016224032386870497,-0.0073299733991390005,0,1
-0.014758513578565597,-0.008766054973805929,0,1
-0.014915207086892606,-0.008713563547814595,0,1
-0.015698200199905435,-0.0107861768104101,0,1
-0.013460048418216639,-0.008989700274057457,0,1
-0.01545850655477441,-0.007097085822767893,0,1
-0.01514750817455662,-0.00903058550628272,0,1
-0.015600516187991938,-0.01136480717004484,0,1
-0.015200402839616068,-0.009289752761679568,0,1
-0.013003646951185083,-0.008084243177573613,0,1
-0.01584174922472942,-0.009895441374695382,0,1
-0.018206062004767,-0.009582042397381299,0,1
-0.01504545686952148,-0.008942464745594524,0,1
-0.015222917710634007,-0.00933987565550634,0,1
-0.014042045703809524,-0.007954334800693578,0,1
-0.015066536275872176,-0.009065340077484425,0,1
-0.014946058247566679,-0.00880201432553841,0,1
-0.016522623148929706,-0.009038765634887416,0,1
-0.014868919598009834,-0.008046681991176294,0,1
-0.014701635449224941,-0.007337966900383122,0,1
-0.013947813643144801,-0.009360589780142294,0,1
-0.015362747545295931,-0.008420247144724119,0,1
-0.014229346909948771,-0.007097362150019271,0,1
-0.014495322471442687,-0.006241754821931611,0,1
-0.015260067714612075,-0.0077072231619325455,0,1
-0.015174653365521436,-0.007147127358094737,0,1
-0.014472236585477803,-0.007645171764431503,0,1
-0.01630923508876044,-0.008271843845219916,0,1
-0.01560356863112583,-0.008844075873039285,0,1
-0.01597043982412532,-0.008378874555465664,0,1
-0.016139127815610235,-0.007247439196409247,0,1
-0.015167681198504519,-0.007631010043142699,0,1
-0.01703031594661199,-0.008970030639483515,0,1
-0.015966757602208462,-0.007861630230515386,0,1
-0.018233595832950013,-0.004764465031307736,0,1
-0.016196124679000404,-0.007268356901245751,0,1
-0.017833390045155214,-0.007372133038595974,0,1
-0.014795679417187704,-0.006514631609707117,0,1
0.010892839494228508,0.010948984038769673,0,1
0.010442926415452943,0.011524123167900361,0,1
0.012134193451888117,0.011721337298262227,0,1
0.010792420038087868,0.010748709194570752,0,1
0.010818905353812436,0.013520915383864332,0,1
0.015031412067797347,0.010808660717133885,0,1
0.010385745846839184,0.011651019090502108,0,1
0.011312433636620328,0.01189414175185061,0,1
0.01132689773939788,0.01209991963642614,0,1
0.011097428070908954,0.012135707326852865,0,1
0.012368475497266468,0.01030718617262627,0,1
0.011919147106514316,0.011794760461361483,0,1
0.010171998069592743,0.009765451596877724,0,1
0.010675452447229023,0.011026783124064849,0,1
0.011487590824319872,0.011881553012258593,0,1
0.011117845520370026,0.0117841348473041,0,1
0.012244470588501397,0.012787434438115646,0,1
0.010301286101731116,0.011259913038019343,0,1
0.011883095978032276,0.011045781504633399,0,1
0.01207819974243067,0.013463840023112917,0,1
0.011056197458267155,0.012108551195881702,0,1
0.01187714343701302,0.01148390427691514,0,1
0.010967123067904226,0.011095503467588537,0,1
0.011903979383335933,0.01124409085633137,0,1
0.014284168898317545,0.014400291914410326,0,1
0.00839255147202573,0.010233041828815428,0,1
0.01075261538195348,0.011184069852279759,0,1
0.012902632616765775,0.012546999194971965,0,1
0.014624282018050817,0.01097571956133814,0,1
0.009612032362557638,0.013783500973405765,0,1
0.010931852414006172,0.011414528976562803,0,1
0.009661526881791463,0.009259369297238322,0,1
0.010999620716664684,0.012076183619690985,0,1
0.011296618600359814,0.010026644837855921,0,1
0.010731448268150924,0.010953028340087288,0,1
0.009129251170747144,0.012133265663818692,0,1
0.010583895276942144,0.0107473860238452,0,1
0.010189915758700731,0.011861891130941032,0,1
0.010739547433512514,0.009554154998316364,0,1
0.011189596406486,0.010706254037659658,0,1
0.010074501952158857,0.01071549910569158,0,1
0.010190307944598184,0.0093459118500248,0,1
0.01622173354104744,0.009945352668318282,0,1
0.01230473630874581,0.007654058905902877,0,1
0.013389017865260724,0.008433916493838114,0,1
0.012631074254727603,0.008260855891663452,0,1
0.012878049728207918,0.0087885218297878,0,1
0.011844584379797407,0.008807571613215971,0,1
0.011896201704706592,0.00920270761288476,0,1
0.0129481586687962,0.007134126312370984,0,1
0.013120720508247776,0.006452460311145028,0,1
0.013753700024030119,0.009434379164680541,0,1
0.01330552434004729,0.010359411089284662,0,1
0.012411577840669513,0.007709053073078476,0,1
0.012366554309094288,0.009000629373712817,0,1
0.01266350099933274,0.007185362876551618,0,1
0.013985824722704343,0.007079439490151714,0,1
0.013605875253445426,0.008178801093035936,0,1
0.012698320022713767,0.009226711770445564,0,1
0.012939969049206702,0.008385505309881662,0,1
0.010032234742581915,0.00879960191097154,0,1
0.014701588257388874,0.008830587385512992,0,1
0.012967408791698826,0.008473522614880194,0,1
0.015279119905949674,0.007754477121152389,0,1
0.012958582833260788,0.0063316006242959124,0,1
0.01195117506364963,0.008181587798021145,0,1
0.015877694738257897,0.009408273859128671,0,1
0.016127904103517804,0.009205505591843093,0,1
0.014031200100227422,0.009499637925868854,0,1
0.012169005167753315,0.008948621203759407,0,1
0.012308817844894522,0.009519378863994057,0,1
0.012607524423812752,0.007457813371350712,0,1
0.012646532106377452,0.007896764286995837,0,1
0.011867688794588813,0.009661600074436477,0,1
0.012081683870273202,0.009211650882292007,0,1
0.012776828071041654,0.011467513002900234,0,1
0.014117457511032511,0.00890961869021743,0,1
0.011566493570197577,0.011402939904138288,0,1
0.013759750819052197,0.010516142551870767,0,1
0.011936351838663409,0.01024883884377658,0,1
0.01382663168540478,0.00854207317884194,0,1
0.01507799094104761,0.009883038746266401,0,1
0.012411117606993854,0.007602282764957976,0,1
0.01416305503984918,0.009161252112137006,0,1
0.014319400229367694,0.009844408729972965,0,1
0.013646835963659096,0.009401587342027534,0,1
0.014062616413708456,0.0094233248852854,0,1
0.0165588012801703,0.008171601957351463,0,1
0.013495806142675782,0.009471088736214462,0,1
0.014330123477481107,0.009688566918473326,0,1
0.014878730282518099,0.008664257088820224,0,1
0.014202560042542648,0.005206462209774658,0,1
0.013742927571719838,0.007665722402472836,0,1
0.015697863976877113,0.006190246220936195,0,1
0.015837095453562544,0.006490751548954687,0,1
0.015536581933714055,0.007041513185492081,0,1
0.016027515341878653,0.0068457558736279445,0,1
0.013714719923120317,0.0061335022266486,0,1
0.018228670291787177,0.006565391871415977,0,1
0.01545160564371563,0.006960188535538259,0,1
0.01426059431050308,0.009449184210273874,0,1
0.016632220610617105,0.005028775719890996,0,1
0.013675952166549758,0.006487659495186827,0,1
0.014274926792584006,0.006381838852437107,0,1
0.014448045667207329,0.00692779237364242,0,1
0.014357669565361345,0.007751884054411378,0,1
0.01600079099933979,0.006232403180699261,0,1
0.013875164728190602,0.0063634017544215195,0,1
0.014657186312935484,0.004421997531530741,0,1
0.017006171656964476,0.008376567956360319,0,1
0.0138708317062128,0.0056202836209458314,0,1
0.015697658904642215,0.0065391933011971735,0,1
0.01418410449753988,0.006339839545091646,0,1
0.014794403774563966,0.007094330051696983,0,1
0.015254357426814906,0.005758637581305139,0,1
0.01581351296953352,0.006044519104221165,0,1
0.012565168616946294,0.005960526266671238,0,1
0.013125687336774949,0.007678888219982098,0,1
0.015297801768392849,0.006067079255088539,0,1
0.014093176873951481,0.005142016392954601,0,1
0.014759852436717721,0.002097637520369154,0,1
0.012126439820997497,0.004949730312107589,0,1
0.014641749551861826,0.004722863000089819,0,1
0.014110475596896961,0.006708280257042945,0,1
0.015657244955274145,0.005310399044490999,0,1
0.014137285100360756,0.004975843700972575,0,1
0.015161572577072806,0.005812073956997738,0,1
0.015876148898371776,0.005769116315431297,0,1
0.015180064476378227,0.005692007333791374,0,1
0.015357214003823713,0.005196947761106742,0,1
0.01418121146698803,0.0041501823556869075,0,1
0.01414627689402519,0.004226099520272135,0,1
0.014793814635980816,0.002295510680488961,0,1
0.01510851539081858,0.0020916532088295593,0,1
0.014732145020124968,0.003269804348624356,0,1
0.01498343343602094,0.0026427207811884693,0,1
0.015230958738533267,0.002342600266024092,0,1
0.014807418145486606,0.002584780361523735,0,1
0.013557844705273213,0.002518886461880315,0,1
0.01619327540524733,0.0010601651115932115,0,1
0.013561451654873522,0.002706643857985642,0,1
0.014645897626914572,0.002425737096258015,0,1
0.014742368810779087,0.0030857956805419836,0,1
0.014891105891463375,0.0050041487549795345,0,1
0.017337725560595787,7.489168167186339E-4,0,1
0.015428566787615491,0.002034434035907008,0,1
0.01586135833374315,0.0039011001141630486,0,1
0.014445351763860808,0.0014698872380214916,0,1
0.013535736909804226,0.0024920881730142674,0,1
0.014982602900458943,0.003836461456512054,0,1
0.013567585043958818,0.0010234732268475546,0,1
0.016064528565813644,0.0031308817664953558,0,1
0.0155690106045059,0.0026586368039940764,0,1
0.01648880962962567,0.0017468203632245926,0,1
0.014912248720025433,0.0014272535882001822,0,1
0.0156511137070475,0.0018813691949862753,0,1
0.016530865440170576,0.0016901766912720243,0,1
0.015549552573415372,0.0034958097789899146,0,1
0.013047236118447849,0.004464528849621738,0,1
0.01534403159078579,0.002296142025668797,0,1
0.01656347601071793,0.0024675091072649284,0,1
0.01681199551887808,0.0031011731460655503,0,1
0.015508741491447953,0.003311712146969826,0,1
0.015575924508936877,0.0015997062127965263,0,1
0.01510563072362043,0.0025496089750912656,0,1
0.01667593084015737,0.002853094084351446,0,1
0.014879578082073734,0.004448598366747532,0,1
0.014592155576593708,0.0025862737995563027,0,1
0.016072960256027013,0.0026542806559968542,0,1
0.016052184985030915,0.0035912394086594045,0,1
0.015776902416018826,0.0020890933201904733,0,1
0.015353120345711796,9.946431692382867E-4,0,1
0.015033553511369603,0.00654736608507563,0,1
0.01670304869377454,0.00261758522355915,0,1
0.017377293268665613,0.002988680898043509,0,1
0.016439899738582918,0.004792142294276353,0,1
0.017542585176336292,0.005390770403700393,0,1
0.017504547902153354,0.004261450462746954,0,1
0.01686691619935917,0.0029996265995190182,0,1
0.017094344253739936,0.002738168841799049,0,1
0.01810098696720161,0.0043243818014964425,0,1
0.015611030794477577,0.0016842279371526003,0,1
0.015703438547138217,-0.004376329933578464,0,1
0.015672174209690713,-0.004729408088813288,0,1
0.01327779327600169,-0.002572520831728389,0,1
0.012789109847362328,-0.004210868931046237,0,1
0.013121387119098148,-0.003501385199622641,0,1
0.013623554640510913,-0.0037224546931089986,0,1
0.015006134069254974,-0.003683496062800802,0,1
0.013975548519595727,-0.0028254406995297516,0,1
0.014102165972502901,-0.004112402953543863,0,1
0.013073469305841664,-0.0036822332962880783,0,1
0.012834841645848657,-0.0036074341104423914,0,1
0.01240122403612043,-0.0034398452203454025,0,1
0.013761391420480875,-0.003460707688711882,0,1
0.014377902141430055,-0.0026416063909412758,0,1
0.013303080245191865,-0.003779660354741664,0,1
0.011332655266050335,-0.0035349271434741607,0,1
0.01210461681537231,-0.002729379198127629,0,1
0.014920817838287586,-0.0037275031802062853,0,1
0.012928325303991834,-0.003117863289448892,0,1
0.012941500787841419,-0.003230915775194368,0,1
0.012637223002100165,-0.001528102861075841,0,1
0.015836717487754576,-0.0017747100005727347,0,1
0.01383427716902017,-0.004104974775478687,0,1
0.017520601431619317,-0.00211432987224707,0,1
0.013906334240168747,-0.0035273177743921917,0,1
0.01444294452379058,-0.0033064569670555152,0,1
0.014607435370567384,-0.0024476347707008024,0,1
0.01347692104742354,-0.0019021903691863664,0,1
0.013170695343626422,-0.002919258288153473,0,1
0.01467878061308895,-0.002244424905768938,0,1
0.013497000576668557,-0.0034647162357859564,0,1
0.01521680176779853,-0.003581378588550033,0,1
0.013828386263135393,-0.0026760870428228414,0,1
0.013588662370588946,-0.003304155456982977,0,1
0.014812118817570106,-0.0034960897816801745,0,1
0.014626240981864325,-0.0029676371640952434,0,1
0.013733156743840695,-0.002738840234706975,0,1
0.014490060301225733,-0.0034781083780756296,0,1
0.01341099243258634,-0.0018394863805720606,0,1
0.014445783105539498,-0.0025067894512206053,0,1
0.014070595175909584,-0.002325690510327811,0,1
0.01392073746668634,-0.0027909211694096556,0,1
0.015576260615940108,0.0019852880022938695,0,1
0.015512106198127132,8.166997645880809E-4,0,1
0.019673145518607806,0.0025423465146076347,0,1
0.015907197483459493,0.0016001249109552549,0,1
0.014430142455408865,0.0015805493871377664,0,1
0.015991397681371606,7.647469523477218E-5,0,1
0.015482505225255887,7.358490870333203E-4,0,1
0.0166617592017551,-2.2153233633105606E-4,0,1
0.01609851550957945,0.0013224052318770109,0,1
0.015665347688339725,0.0011905680999150657,0,1
0.016196705491081567,-7.772139053509408E-4,0,1
0.017246229428186335,-4.2477504362314157E-4,0,1
0.016715527376997642,-7.418442156935716E-4,0,1
0.017965635767039332,3.096417288591033E-4,0,1
0.015883270587196185,-3.7161404243900927E-4,0,1
0.0161261650870242,-0.0012052164455695368,0,1
0.016498849428079103,-2.4112726825174758E-4,0,1
0.015307826487832361,3.4263437015028333E-4,0,1
0.015533334753780048,9.590008632002181E-4,0,1
0.014191192046458414,7.106625002618555E-4,0,1
0.017678488681084476,8.756933497146954E-5,0,1
0.01518780485006974,2.7885850394280593E-4,0,1
0.016806651054860573,-5.006019647707434E-5,0,1
0.014658037092117937,7.295382533990293E-4,0,1
0.017407357052141765,-1.5115620907957294E-4,0,1
0.01621618799254574,3.650773643776686E-4,0,1
0.014838177276504882,-2.639195946853933E-4,0,1
0.015074887206698862,-2.1150488739577663E-4,0,1
0.016564727175300144,-4.758138940826159E-4,0,1
0.015019313335216862,2.2006579455093847E-4,0,1
0.016367531268962378,-1.7464087191658282E-4,0,1
0.01626195593622116,7.024535702002378E-5,0,1
0.01451171358338182,5.94957673379392E-4,0,1
0.016230488840599237,2.2117962550084695E-4,0,1
0.015805446398369984,-0.001041987369109719,0,1
0.015033548878090894,-6.196460584727969E-4,0,1
0.016882638563703534,-0.002991364150146373,0,1
0.013514099366244797,9.406114498104724E-6,0,1
0.015337074656915618,-0.0010601135371470776,0,1
0.016491193912223413,-6.826869685893856E-4,0,1
0.015726714464086345,-0.001577149953369702,0,1
0.014446985920052561,-9.436938790326402E-4,0,1
0.01445169056270379,-0.003585599679176813,0,1
0.014002386580905832,-0.0021163380103651325,0,1
0.014126504191890613,-0.00523311399211886,0,1
0.013604138147739865,-0.005731859462512311,0,1
0.015434350573870007,-0.009022480711757801,0,1
0.012859609084628538,-0.0066699438295408165,0,1
0.01359778226641764,-0.007366064213286016,0,1
0.014270339441061158,-0.0047520643248283485,0,1
0.014252337087760249,-0.0050953300063693585,0,1
0.014254409648895948,-0.004471541021634217,0,1
0.015248102860069957,-0.006500535372445955,0,1
0.012910045308243318,-0.005184184106998112,0,1
0.013364481535859615,-0.0020717996897959678,0,1
0.014532679950480692,-0.0046738398221796785,0,1
0.013283170150199546,-0.0052202915807308395,0,1
0.0133884905389968,-0.005413670422353615,0,1
0.014089501700110195,-0.007068740329657244,0,1
0.013089436448960672,-0.005515381265237076,0,1
0.013381052897443757,-0.0066266494145441395,0,1
0.014840797187067156,-0.005599667265570311,0,1
0.013652656195299416,-0.006145727975638287,0,1
0.011230083711432573,-0.004869711647468268,0,1
0.012506181152041542,-0.0071723865952988105,0,1
0.014197012767953163,-0.00556313506579179,0,1
0.013588011279916082,-0.006148153955276006,0,1
0.013534569366776333,-0.0057330449375235975,0,1
0.012815346744975436,-0.005874418796339867,0,1
0.015449259483760056,-0.005812243973550393,0,1
0.014496719019865345,-0.004436399304446914,0,1
0.01353291955083148,-0.004361774648833787,0,1
0.013789809264538747,-0.007637032323365062,0,1
0.013181892014116616,-0.004615031623623791,0,1
0.013033313750109824,-0.0043659042721593535,0,1
0.012481265799559856,-0.004243441318247323,0,1
0.012996270308638999,-0.0035382544233727334,0,1
0.012833367178306607,-0.004735079842528796,0,1
0.011952382195067217,-0.005839422355380675,0,1
0.012633198208271147,-0.004689629544236455,0,1
0.012418294527494446,-0.004764123555819955,0,1
0.01256563171261256,-0.004813162647156831,0,1
0.012149667194325127,-0.003643942941152603,0,1
0.012386995259344441,-0.004733059717931991,0,1
0.012999589519521172,-0.0041927819151038725,0,1
0.01041676961172551,-0.003962581458274193,0,1
0.011664251267968816,-0.00404899682509256,0,1
0.010655057595745114,-0.0060359241663498564,0,1
0.011288170046502986,-0.0053547954192957395,0,1
0.01069326054400065,-0.0055474459724697885,0,1
0.011235192835900904,-0.006560168613205144,0,1
0.011042103455791657,-0.004784778821318731,0,1
0.013067453241947469,-0.0038989810914892738,0,1
0.011510444238067316,-0.003886656582191884,0,1
0.012325430454920848,-0.005753828929545486,0,1
0.014152118269924779,-0.007423172001801203,0,1
0.01216170054941433,-0.004692785282277837,0,1
0.011114395619026865,-0.004619601713640707,0,1
0.01312075371068992,-0.0059527806776754405,0,1
0.0115557013831472,-0.007699605528561047,0,1
0.010278577562299895,-0.006079350961214382,0,1
0.01066319008148941,-0.004965245002590894,0,1
0.011434476867217939,-0.004822003569156632,0,1
0.01179866947012493,-0.004237181421554191,0,1
0.011532295891126951,-0.007312910243819207,0,1
0.010499127451038578,-0.005144661565542383,0,1
0.011106415301053135,-0.005763989128273924,0,1
0.012615222957729535,-0.004541224316819536,0,1
0.011480371833705339,-0.004452804345582868,0,1
0.011650347036201476,-0.006850430002537525,0,1
0.011408294890458056,-0.0047232129763800125,0,1
0.014658177910869027,-0.007156586270352811,0,1
0.01258519002692053,-0.0045821251741060215,0,1
0.01061310827814358,-0.008156544268762183,0,1
0.013019974401360948,-0.004242188667853267,0,1
0.010932858201124893,-0.006552027062706072,0,1
0.00928919451910594,-0.009186950983114865,0,1
0.012976749025292599,-0.010093010097332872,0,1
0.013440215938505966,-0.005281612962015762,0,1
0.011513076909990552,-0.0057514480993432135,0,1
0.012261409743536025,-0.005778459162977502,0,1
0.011464055604626213,-0.006406386029891009,0,1
0.011197243109877953,-0.004608063884088396,0,1
0.011510236835390972,-0.0057123103611068735,0,1
0.012273873350050958,-0.004884345621641253,0,1
0.012269510577449474,-0.006561818499379709,0,1
0.012247092563894743,-0.005816888539029866,0,1
0.01335354704513812,-0.0063709829651918915,0,1
0.013347056283748937,-0.0070492090772793945,0,1
0.016563126576714413,-0.005284679759054063,0,1
0.010105435907985643,-0.010085431796405567,0,1
0.010666161477324538,-0.009726295809025284,0,1
0.010071218611153737,-0.010274554087418172,0,1
0.010433258270981629,-0.009327238277975361,0,1
0.008363627837231713,-0.01018096254524924,0,1
0.009612825237268505,-0.010283441105617429,0,1
0.008324018423622364,-0.008929414586250666,0,1
0.010039210241594217,-0.009538558463271065,0,1
0.009970727677246629,-0.009005026498229372,0,1
0.008751481023680467,-0.009161516333770858,0,1
0.009500998825303267,-0.009606573555081193,0,1
0.008625751625606706,-0.010750595674869103,0,1
0.010956693021830598,-0.009328514528620255,0,1
0.009076305801337016,-0.008704009147298656,0,1
0.008840243524570902,-0.00927812715200654,0,1
0.007274156977715198,-0.011215924993084369,0,1
0.010150220950317132,-0.01056651634406371,0,1
0.007858795015101701,-0.010820689199346074,0,1
0.010294606150707581,-0.008920703704035821,0,1
0.010278979697891578,-0.00899560737151797,0,1
0.010810672495817322,-0.010534757408836994,0,1
0.008876550713132906,-0.010170139162195991,0,1
0.011607287455101785,-0.012082954136099326,0,1
0.010967753467428409,-0.008474882862341854,0,1
0.009784058336156077,-0.009960839263187077,0,1
0.009182185356671382,-0.008435731748969975,0,1
0.007597126919976148,-0.008782285194771382,0,1
0.009969900871364264,-0.007324579131590934,0,1
0.009581295228088831,-0.008959161423322929,0,1
0.009031199370592225,-0.009872771487537851,0,1
0.009081563473476145,-0.01028180817226488,0,1
0.007939974609076366,-0.008971424680187278,0,1
0.009350734196078658,-0.009757333335742488,0,1
0.007824427223854496,-0.010020483758132224,0,1
0.010218151063492982,-0.010112353116981387,0,1
0.008363021520364581,-0.009450437924687593,0,1
0.0071863933614248685,-0.008538763592039995,0,1
0.007655972878589281,-0.005991681715671082,0,1
0.008194018798877708,-0.007360077679797895,0,1
0.007846378750867631,-0.009216312050561705,0,1
0.00897714011046374,-0.008834001117590317,0,1
0.008204213052516654,-0.009460595419137106,0,1
0.008657118757905539,-0.008495335608597812,0,1
0.007735761541136897,-0.010675793943461513,0,1
0.00735309786247725,-0.007552200116055963,0,1
0.010450845355402702,-0.006683610346179689,0,1
0.011580864277253043,-0.006722115752015254,0,1
0.01125400490277412,-0.006522020201017848,0,1
0.010958095976572,-0.004000124074673522,0,1
0.012320078485839728,-0.008379091209722144,0,1
0.012694477602427479,-0.006494528103679008,0,1
0.00962530116891587,-0.006714999100083805,0,1
0.0117894605633277,-0.007805353661063783,0,1
0.011075163754121877,-0.007952070067601935,0,1
0.012016779544595797,-0.007021622428661766,0,1
0.012710554203838096,-0.007496962318797021,0,1
0.010399421650899866,-0.006912387531531594,0,1
0.011057578239554458,-0.00714119425510357,0,1
0.01182685201022512,-0.006578556624925797,0,1
0.011741307878083642,-0.006147680748656814,0,1
0.009251687012393888,-0.008778161818325464,0,1
0.009519643819060888,-0.007816718612662827,0,1
0.012152151271851012,-0.009081490355159958,0,1
0.013430698723648006,-0.007386414227412225,0,1
0.010873489879257351,-0.008313599906475117,0,1
0.011426006792394016,-0.007181226776912085,0,1
0.01265415849949814,-0.007533497295524612,0,1
0.011916248594461304,-0.0075501275934856905,0,1
0.012464298349178832,-0.007530257614665116,0,1
0.011016970088653976,-0.007264821844456831,0,1
0.012336575726285479,-0.009348944486600737,0,1
0.0076977317548073175,-0.006052873129567002,0,1
0.010702746324014039,-0.008265527154277792,0,1
0.008994911489037118,-0.008195931434030506,0,1
0.010701912170912785,-0.007816719502531435,0,1
0.011536895061638824,-0.008315933718573493,0,1
0.011051697421566663,-0.008810980190806962,0,1
0.011394628409515333,-0.008563013342988425,0,1
0.009827278705347624,-0.008904364094218908,0,1
0.010448045041588671,-0.006740436989123504,0,1
0.00922967565014345,-0.007281957484169141,0,1
0.010180938167791642,-0.008060358866288529,0,1
0.011465082864441272,-0.010035298804266462,0,1
0.010773279355998084,-0.008516002407687549,0,1
0.010351850604411874,-0.01015931329594859,0,1
0.010042017231125936,-0.0073764782496544765,0,1
0.010285717873074713,-0.008551083390021356,0,1
0.010560864894379874,-0.007965707290445287,0,1
0.010535497150197633,-0.008312393822136381,0,1
0.011228017894561996,-0.008530643059651826,0,1
0.009918355820592502,-0.0058647279295416365,0,1
0.010024580866536697,-0.007430904278800373,0,1
0.009257961832717777,-0.00779921810878879,0,1
0.010839764880350522,-0.007780116747737412,0,1
0.01135429220823116,-0.008541970316140741,0,1
0.010466918127291135,-0.008076713522566009,0,1
0.009935452343272422,-0.007777674801293695,0,1
0.010068664438103024,-0.008211754551766183,0,1
0.009554797715617487,-0.009971141713384193,0,1
0.009630225738824452,-0.007005917172687972,0,1
0.008734073559956866,-0.0071775417610059475,0,1
0.010177121625872925,-0.008314142974982019,0,1
0.011459664821688764,-0.010219937438782313,0,1
0.008294104183760613,-0.007792173802891198,0,1
0.00977864770972894,-0.008849460441756728,0,1
0.010550957436181204,-0.008651533495684826,0,1
0.009686652518177052,-0.010317543529450381,0,1
0.008360325486478441,-0.007683095238430243,0,1
0.009767887564577554,-0.007831524715915333,0,1
0.009233011101360536,-0.008002617555415866,0,1
0.010312899470061594,-0.00827037690219052,0,1
0.008363764885377314,-0.007146400661401534,0,1
0.008776215660044384,-0.008343124709730363,0,1
0.008450043674737376,-0.008020086363529105,0,1
0.0075504530470258,-0.00822586210766592,0,1
-0.011570877875980334,0.008906871198633216,0,1
-0.012585902610662293,0.00770227902801281,0,1
-0.014723871921986145,0.008357691291475096,0,1
-0.010689401060206515,0.00758694543279651,0,1
-0.012427667266688926,0.007887983427665562,0,1
-0.014047030531235028,0.008043040948735713,0,1
-0.013453403866842344,0.007869543951167578,0,1
-0.012258809124660486,0.009512836109517557,0,1
-0.012405431938589168,0.009248908697405408,0,1
-0.009933143127917043,0.009171483833038079,0,1
-0.013991629516691409,0.00921759630373404,0,1
-0.013516211567485016,0.009423297012048167,0,1
-0.012436657245130227,0.007488556648289675,0,1
-0.012700353874484262,0.00928384552619907,0,1
-0.012407593929227679,0.010002822779806811,0,1
-0.011044976660256875,0.009204123537021314,0,1
-0.01303784105325781,0.008659698263795545,0,1
-0.011003081247759249,0.008118790168781736,0,1
-0.013294313126939879,0.007656366805453955,0,1
-0.0117125243092943,0.012302915841435867,0,1
-0.013919038167130698,0.009462562204060354,0,1
-0.01110345886875303,0.00787913926616907,0,1
-0.013127350310856472,0.009236043327266234,0,1
-0.01243356647189164,0.00789112230540233,0,1
-0.012769506503515509,0.010728688642784957,0,1
-0.013736513485586292,0.009832148174364962,0,1
-0.012530137812844346,0.007557434738692938,0,1
-0.013998487840703087,0.00806981250045582,0,1
-0.014082407575964762,0.011479170474313617,0,1
-0.010075421087806832,0.010899243232606437,0,1
-0.012194800414770533,0.008742223288143653,0,1
-0.012178858875035212,0.008644754047361796,0,1
-0.012816790243170832,0.009442505710131171,0,1
-0.013022775969956952,0.008851288149567288,0,1
-0.013879854461683916,0.009692409287881483,0,1
-0.01570929174561962,0.006937964401666535,0,1
-0.013899892938164377,0.00897128970883188,0,1
-0.01297951920092635,0.008643006390098977,0,1
-0.01407252825281929,0.00858601499370577,0,1
-0.013733490340207995,0.010095492125185861,0,1
-0.014059123675151403,0.00928335467581269,0,1
-0.015467430437866879,0.006010375671942465,0,1
-0.013989913798674846,0.009764588788404376,0,1
-0.014414088394468162,0.009448669981822165,0,1
-0.015686226184148513,0.011477391587834338,0,1
-0.015790791722150074,0.011126387024200893,0,1
-0.014391920220302388,0.009677525737959094,0,1
-0.013016319933517985,0.005902877053932813,0,1
-0.013046020300816849,0.005479523332788443,0,1
-0.0131986443900331,0.0065106706465638065,0,1
-0.012537517620935757,0.00476406210587215,0,1
-0.011895769594986321,0.004925067283524811,0,1
-0.012140638290488105,0.006588478405533809,0,1
-0.011201665367566319,0.0036949567656571923,0,1
-0.01090869279875194,0.004842910265477055,0,1
-0.013202517690628546,0.006533456613116154,0,1
-0.01321805464601023,0.005587259699982573,0,1
-0.012763570397570992,0.005902242088261022,0,1
-0.011097234156441312,0.004776194974153645,0,1
-0.01146141705978747,0.00453408265031894,0,1
-0.012732914519479879,0.0030872966317766924,0,1
-0.013729902794234285,0.0069759999483357355,0,1
-0.013698249913684875,0.006776394794940418,0,1
-0.0138323093298691,0.004699115160617862,0,1
-0.012077008219056024,0.00472368777378339,0,1
-0.012893807585414781,0.004053408232270325,0,1
-0.010776899117652509,0.0028728665416005816,0,1
-0.016997147561586445,0.005043607445440501,0,1
-0.012560903215510302,0.005203286840453552,0,1
-0.012603600826545536,0.005252299595030514,0,1
-0.012105777092054968,0.005430305053140748,0,1
-0.011908727853413643,0.004332002787899879,0,1
-0.012692910657791264,0.006351499622304148,0,1
-0.012854981222598351,0.005767523137615233,0,1
-0.012030268396730028,0.004979266396502259,0,1
-0.014667888995769521,0.0026847051718923787,0,1
-0.012466735729858706,0.004454941960258339,0,1
-0.012050810276923684,0.0037232466886684833,0,1
-0.013963047891954058,0.006176558550318792,0,1
-0.012734681462499366,0.004084259614539751,0,1
-0.01332667709287651,0.004581764972345457,0,1
-0.013902128899854834,0.0049662890033155905,0,1
-0.012866933690509168,0.006560462144105046,0,1
-0.01441735808043411,0.005248427188701489,0,1
-0.016063520446818656,0.002816108751999292,0,1
-0.012175022367849508,0.0050497910115713225,0,1
-0.011067797865444267,0.00408776506864883,0,1
-0.01701230702700599,0.0034577490390667993,0,1
-0.015547020561928684,0.0012597860656228357,0,1
-0.013002132621341186,0.00441706403881085,0,1
-0.013698872096992934,0.005807357178331085,0,1
-0.013573297300256675,0.00583210512033558,0,1
-0.013314507073340245,0.0038229135979673543,0,1
-0.013023014541787543,0.004967004647079145,0,1
-0.013939029634333786,0.004891883882689766,0,1
-0.013349204968736667,0.004368784760803997,0,1
-0.010837267245420201,0.003733610069029558,0,1
-0.014081390385679725,0.0047926369283042315,0,1
-0.014144440715804634,0.004361996906229814,0,1
-0.014442943433525248,0.0038722440399796094,0,1
-0.0143569322577476,0.004670339064845767,0,1
-0.015053547596813242,0.004143840405630465,0,1
-0.014323454735782155,0.004484930007312891,0,1
-0.014322967965340444,0.00554294806738279,0,1
-0.01504014037490279,0.0040114576022326175,0,1
-0.015229585984575383,0.005248471252510259,0,1
-0.010679065271038969,0.004151435939669476,0,1
-0.013353432018118103,0.004178997630486182,0,1
-0.012557222467220458,0.003774095993761665,0,1
-0.011693375771917005,0.004106780142532122,0,1
-0.012288772473168376,0.0025004224736571165,0,1
-0.010920205866021578,0.004333043429700599,0,1
-0.014453185109536793,0.004473705834215006,0,1
-0.013896252888969216,0.0037136306075763025,0,1
-0.014034228961681033,0.0035200845717215158,0,1
-0.01412198392985864,9.742736631182707E-4,0,1
-0.012064290865625401,0.003263377912932177,0,1
-0.011400146201595981,0.0036552928518593856,0,1
-0.01471920508498136,0.004013085141458188,0,1
-0.013377994586132497,0.0033167580320474285,0,1
-0.01460292583849618,0.003588842330382487,0,1
-0.013649564478862631,0.004461503066704221,0,1
-0.011171222626331748,0.0010842554796396074,0,1
-0.011293274090810646,0.0037879257056743837,0,1
-0.010491716672316777,0.003990495494426056,0,1
-0.014638580505461973,0.004321763762336253,0,1
-0.015033355492105964,0.002567565319731947,0,1
-0.014080274144928547,0.004525721787371335,0,1
-0.013229905904317718,0.004361695984199984,0,1
-0.011997501732068643,0.002233016096771512,0,1
-0.011118924836421918,0.0025225647485518947,0,1
-0.015351635148806013,0.0026928905524907848,0,1
-0.014879141464923258,0.004074559619644104,0,1
-0.014392613831044516,0.004930191102171578,0,1
-0.012908600390307097,0.003033214536473224,0,1
-0.01150218390479039,0.0033101958362712863,0,1
-0.014235629248830978,0.003101120054134564,0,1
-0.015222193243113727,0.006926335647294941,0,1
-0.012313158592367928,0.0010972083604363643,0,1
-0.013639343812753349,0.00264613508616779,0,1
-0.014553136325859597,0.0037499011771376283,0,1
-0.013789918407621518,0.0028089526156893185,0,1
-0.013790065366729602,0.0032247867028141583,0,1
-0.013859395564249805,0.006786491214496175,0,1
-0.011599198664723892,0.003457629576045795,0,1
-0.013401190853241568,0.003909702094379216,0,1
-0.015105550892840908,0.0026976718527023484,0,1
-0.014101762208537986,0.003521182468084614,0,1
-0.014313768186908047,0.0018624194293928229,0,1
-0.01487721832201718,0.00386979789533696,0,1
-0.014096569006495255,0.0028034004466242135,0,1
-0.01339727883744712,0.0022142123427386098,0,1
-0.014132396244103184,0.003292263080420066,0,1
-0.012104499818766077,0.00256215568789906,0,1
-0.012610671554889994,0.0031792445530894405,0,1
-0.013980184731140271,0.002188103870094954,0,1
-0.014155136053395814,0.0020839957943703234,0,1
-0.012243482135975235,0.0025709240766287975,0,1
-0.014428830821097579,0.002619156676720733,0,1
-0.013705925346594202,0.0010118934413605295,0,1
-0.015085134791161785,0.0010260269583774557,0,1
-0.01481248585164737,0.0028895393121269814,0,1
-0.01517270685933164,0.0011722040426974314,0,1
-0.015074014963615866,-0.0014914764170159487,0,1
-0.014783072188192003,-0.0012833977244043088,0,1
-0.014861405715704988,-0.001131895506306008,0,1
-0.015036622919684418,-5.719831167805936E-4,0,1
-0.01638769496564503,-1.2034424972100794E-4,0,1
-0.013987095009096544,-1.3136397389699691E-5,0,1
-0.01652939902947662,4.148853307863064E-4,0,1
-0.011816804373023742,-6.025901986434605E-4,0,1
-0.015184069449943265,-0.00103850924614465,0,1
-0.014845354188641916,7.452806172159022E-4,0,1
-0.014090825726079722,-1.4377713792960455E-4,0,1
-0.01691420862304254,-2.2334799155146297E-4,0,1
-0.014552036675318672,-0.002006239136991046,0,1
-0.015415696853816442,-5.4293393164738244E-5,0,1
-0.013923452569774165,6.763599346928179E-4,0,1
-0.012900888815541477,-4.551191116252936E-4,0,1
-0.014141925036515469,1.7884234406402284E-4,0,1
-0.015217992746999056,7.884907848825953E-5,0,1
-0.015061576223534434,-4.05654384707893E-5,0,1
-0.01479198040529222,-3.269203218288753E-4,0,1
-0.014372431734015388,-4.2283676102457095E-4,0,1
-0.010634077066321855,2.801455402868189E-4,0,1
-0.01430307237834497,-0.001151737912513109,0,1
-0.015145715452949671,-4.2592565205682524E-5,0,1
-0.01458541966899361,-3.424694677171144E-4,0,1
-0.013946309948225152,3.1318002732946473E-4,0,1
-0.014685905801484232,0.001587154847038494,0,1
-0.014619192298974137,-0.002164715361843169,0,1
-0.015022947358291083,-7.699343025540057E-4,0,1
-0.01277148669707881,-8.926598351159906E-4,0,1
-0.013799855246349774,3.4608927827422164E-4,0,1
-0.011404732520232138,-7.39957693904024E-4,0,1
-0.014033445328285916,-7.401846236289372E-4,0,1
-0.013933801380764407,8.292016317011056E-4,0,1
-0.013494763006027357,3.0496682647743715E-4,0,1
-0.01749299819436623,6.091030430373093E-4,0,1
-0.010612584030644216,-0.0015468746611334422,0,1
-0.011019702564022696,-0.0013097213509703693,0,1
-0.013951312028295847,-0.001359267790949607,0,1
-0.01128932336716511,-0.0027013508720122315,0,1
-0.013601406940174001,-1.7976674442102012E-4,0,1
-0.012245967762164632,-9.688003754366888E-4,0,1
-0.013108640050970025,-0.0014762215647249647,0,1
-0.011235723814757802,-2.416051356723445E-4,0,1
-0.014748767446396846,-9.089030240379821E-4,0,1
-0.013261038043131028,-6.158570605067074E-4,0,1
-0.012953458718834802,-6.836478797932687E-4,0,1
-0.012972200928605498,-4.132646970707639E-4,0,1
-0.012928812750944678,-7.894326571962139E-4,0,1
-0.014167319592888453,-0.0010315732765207514,0,1
-0.012007334727677711,-0.0011342949137525126,0,1
-0.014497502837947988,0.0025162071395751144,0,1
-0.012254972708287671,0.0024156193858986008,0,1
-0.013892854561842903,0.0029250638881693418,0,1
-0.013989001545658264,0.004770484970365117,0,1
-0.011812824577902312,0.0025834745512389643,0,1
-0.0117862905217819,0.00243972401297437,0,1
-0.01201484229896939,0.0021694241765057337,0,1
-0.013742675457281996,0.0012638319819301216,0,1
-0.015130822422592083,-2.6088918120729406E-4,0,1
-0.010024339367805378,4.7683424560178466E-4,0,1
-0.013652311403788711,0.002641670939225461,0,1
-0.012448812349917215,0.00337854950556576,0,1
-0.012256691014803025,0.00195696180135829,0,1
-0.011596201384235548,0.0029471671565829733,0,1
-0.010306530775099854,0.0038195621265429526,0,1
-0.014048451648468888,0.0019834396826432996,0,1
-0.013972098185588321,0.0025700397561133673,0,1
-0.013456728345296104,0.0025091905621060884,0,1
-0.012160793524814924,0.0013487626043166949,0,1
-0.013324793384505526,0.0013265744689880195,0,1
-0.011951659368869485,0.0025146618657867752,0,1
-0.011562104986964554,0.0014111819621379536,0,1
-0.014407082425051124,0.002280033686198639,0,1
-0.013977931506205556,7.329257495089924E-4,0,1
-0.012653813440494132,0.002153596188438567,0,1
-0.013360655148641324,0.0026705807539300947,0,1
-0.011005117520408468,0.002033231669374471,0,1
-0.010475666222414406,0.004047107335154517,0,1
-0.016093787826196207,8.097901886922865E-4,0,1
-0.013227893910579063,0.0010627685238814748,0,1
-0.014623880664989422,-0.00118798744464315,0,1
-0.01194785271750943,0.0013416277853176134,0,1
-0.012860680823843397,0.0029718104930622495,0,1
-0.011281664581319356,0.002170103437754041,0,1
-0.015221962646012088,4.821945070999573E-4,0,1
-0.014820623735972104,5.132328974249443E-4,0,1
-0.013318092320280132,0.0011864411095631484,0,1
-0.01177690222850547,0.001549140376787662,0,1
-0.011994518488309158,0.0015560633633946667,0,1
-0.013439411924636647,5.089845443588609E-4,0,1
-0.013136666640857214,-7.026588517851222E-4,0,1
-0.012528791472887534,8.905237589423146E-4,0,1
-0.013031825808920365,0.0010347448564564095,0,1
-0.010680086014286513,0.0013498616294028327,0,1
-0.011355549494803767,0.003171609978008401,0,1
-0.01273781199199016,0.0031319164274916846,0,1
-0.012465033034556972,0.0010495409649647822,0,1
-0.010250020116501946,6.995595813968518E-4,0,1
-0.012682055280749402,0.0010919899804220938,0,1
-0.012651526663998276,7.241528205653116E-4,0,1
-0.012911764312533602,0.0016607473270874133,0,1
-0.012156670653653374,2.0944971331568585E-4,0,1
-0.01200391834388365,0.0012529701232225363,0,1
-0.011549917803327594,0.0015963830163958502,0,1
-0.012431316398554233,2.1499442960782312E-4,0,1
-0.013515616213132731,0.002396958069877068,0,1
-0.011072536771869755,0.0010617138508192173,0,1
-0.012810614478540447,-1.845784256149635E-4,0,1
-0.01288785956380769,3.8225744358978355E-4,0,1
-0.011664977450884025,-2.0966274339404372E-4,0,1
-0.014173682577036472,0.001205193968601151,0,1
-0.012062405518626283,-1.874509215074606E-4,0,1
-0.011281796331574485,-0.0014821887508080708,0,1
-0.0136870143449311,-0.001160217233249666,0,1
-0.01050926785897912,-0.0011776978018739953,0,1
-0.012325378395427307,-5.456327130311206E-4,0,1
-0.011200758098582146,2.6957018172324497E-4,0,1
-0.011668709477002909,-0.0017744481221300618,0,1
-0.010614180488414655,9.80834511350004E-4,0,1
-0.012342773316755484,-9.45060199977679E-4,0,1
-0.01210822883350438,-3.595693363780416E-4,0,1
-0.00909147799466301,8.293514816092764E-7,0,1
-0.009717114620159024,-0.0032246020600473976,0,1
-0.00809259253153354,0.001870606129480579,0,1
-0.010621636544379096,-4.408917118966979E-5,0,1
-0.010756014977077958,-3.297938597658935E-4,0,1
-0.01181756626621911,-0.0017239144064889154,0,1
-0.009676914521029254,-0.0032472120787092828,0,1
-0.012073081610218002,-5.204041733258546E-4,0,1
-0.008012671104978015,7.871151838547395E-4,0,1
-0.008601369052862516,-2.2530501734239122E-4,0,1
-0.009906685971026173,1.1631865698183396E-4,0,1
-0.010029427657284524,3.917140387888421E-4,0,1
-0.012906724228063826,-0.0018238982621885187,0,1
-0.009683008127116232,-8.372102702180516E-4,0,1
-0.012378685166292416,-1.364883558747705E-4,0,1
-0.008264736132967427,3.649302579413795E-4,0,1
-0.009459377900961638,-0.0011941672020644694,0,1
-0.009724119443499355,4.723827384884087E-4,0,1
-0.010104154847599939,2.2841934839718368E-4,0,1
-0.009913930426148364,-5.650779200522505E-4,0,1
-0.011267856619319548,-3.8018224814678357E-4,0,1
-0.01022884050966664,6.149494910345721E-4,0,1
-0.009253744494377983,0.0010829117345179154,0,1
-0.010097592895866819,2.871746013922085E-4,0,1
-0.009340175031389638,4.984479136403388E-4,0,1
-0.010276493297171178,0.0013393818559670131,0,1
-0.010408640697058484,-4.162977910607411E-4,0,1
-0.01047919816012248,3.8656824609745335E-4,0,1
-0.013672659819893657,3.767145093029283E-4,0,1
-0.008836611366474007,0.0012155222510893547,0,1
-0.009686478398953712,0.0011902740157596168,0,1
-0.010322462019779344,6.550329812590632E-4,0,1
-0.010819022146447792,4.8501884360905494E-4,0,1
-0.013172861164805516,0.002567568305543695,0,1
-0.012337838295746709,-4.6480126674504054E-4,0,1
-0.009030088259502913,0.0018119556059203123,0,1
-0.01031036334177107,0.0011169276247418886,0,1
-0.01219186125516894,-0.0012157006722791491,0,1
-0.011106787353760653,7.85852361043895E-4,0,1
-0.009975057679593632,-9.967580295827338E-4,0,1
-0.009825010613966264,0.0017668347254123373,0,1
-0.009944941756997679,0.0014895286801568147,0,1
-0.010848005387069832,0.0011640649373190273,0,1
-0.010319130244171379,5.016811885479747E-4,0,1
-0.012518554962053379,0.002853590439196894,0,1
-0.010874900216884666,0.0017024607194850983,0,1
-0.011339126527635978,0.0017557375319276279,0,1
-0.010125025592318426,-1.7576571488574426E-5,0,1
-0.011335994551922505,1.2623623385282364E-4,0,1
-0.011305673640108125,8.142302421479232E-4,0,1
-0.010670847534509014,0.0015520104371097407,0,1
-0.01070544218947627,0.0022175087220677684,0,1
-0.011713190674709582,8.185207977387122E-4,0,1
-0.01069434700313454,-8.63613194542539E-5,0,1
-0.009545699785718322,0.0015441450065055726,0,1
-0.010063449166738694,0.0026213215779240457,0,1
-0.010286279509056338,0.0023007353873449633,0,1
-0.009465597204256776,0.00202708597943933,0,1
-0.008986332806674093,0.0021653835922434517,0,1
-0.010116073729787298,0.0031030949061078275,0,1
-0.010890476470318817,0.0017404407779078063,0,1
-0.010400881461238288,0.0023667903483391294,0,1
-0.011387421091354903,0.0028984395675597436,0,1
-0.0106686040111576,0.0017154261119699263,0,1
-0.01093098027423387,0.002570918108231101,0,1
-0.011172326230368615,0.0038434400462315924,0,1
-0.010578515667524957,0.003039777389920775,0,1
-0.012289922288563262,6.922532205294603E-4,0,1
-0.010575391853993001,0.002912311251078927,0,1
-0.01094970679243033,0.0024456436580495553,0,1
-0.010943438731033008,0.0014477835263744575,0,1
-0.007946584086709837,-3.585089872724085E-5,0,1
-0.008607381088514748,9.724405185741105E-4,0,1
-0.008985056292101865,-2.7779542469956887E-4,0,1
-0.0063865198640378545,-0.0029060950080918523,0,1
-0.0083016116747886,-0.0011144450227542385,0,1
-0.009098163284754665,-0.0014529129707545655,0,1
-0.0072889445882587936,-7.824721479029749E-4,0,1
-0.007862347754904409,0.0012026073076401539,0,1
-0.009485336696684723,6.476667585009285E-4,0,1
-0.010200313588936742,-0.001643507659945492,0,1
-0.008569103636020826,9.418083853253688E-6,0,1
-0.008334881790708643,-0.002516313542196485,0,1
-0.008712184952949018,-0.0010723958202836943,0,1
-0.009568059771206516,1.2714063375740425E-4,0,1
-0.009348236949210893,-0.0034125840531882418,0,1
-0.009387192110298346,0.003460552213046007,0,1
-0.010428585898133294,-5.933922423309431E-4,0,1
-0.009263997798052256,-0.0018041509539620016,0,1
-0.0081150368150353,-5.453189918684137E-4,0,1
-0.008971033719184483,0.0010087896338788693,0,1
-0.008636636944900682,-1.739093191131644E-4,0,1
-0.00991601747310062,-0.0012906580401751465,0,1
-0.00950983885219941,-0.0014746527748479663,0,1
-0.009133794792391004,-1.8959551985937463E-4,0,1
-0.009084874901881144,-0.0017993103955845503,0,1
-0.009516706107548886,-7.416840413595793E-4,0,1
-0.009618935442072143,-7.200720614313777E-4,0,1
-0.011103270734561417,-9.195417913961379E-4,0,1
-0.008448360381628956,2.937500851511002E-4,0,1
-0.010859418292793403,-6.087520597151211E-4,0,1
-0.010731405872869075,0.0010480205126023698,0,1
-0.008467312503677797,-6.629172995134954E-4,0,1
-0.00923910689772345,-0.0014589020695175623,0,1
-0.009203429487832352,-0.001636266124115775,0,1
-0.00987444295761931,-9.544040725744762E-4,0,1
-0.009802650026536802,-4.0046303348411196E-4,0,1
-0.009640833875307097,-0.001517054902272283,0,1
-0.00863951127041097,-0.00192153306234679,0,1
-0.009824351470097619,0.0011430326727794905,0,1
-0.009255207151701443,-1.3337582802110799E-5,0,1
-0.010081579874803947,-0.0011298939269662582,0,1
-0.00995810609699383,-0.0012220354858383327,0,1
-0.010222727482572101,-3.7121973645252044E-4,0,1
-0.012011442747642992,-8.02754804838101E-4,0,1
-0.009883720582858937,-0.0015066412251482897,0,1
-0.009597470151285608,-0.0013478323050282524,0,1
-0.009174865957785616,-9.903793160163188E-4,0,1
-0.010070570871903778,-0.0013600063152508848,0,1
-0.012136594877511427,-7.563942260052743E-4,0,1
-0.01113427519732951,-0.0011206425920815798,0,1
-0.010322467666950205,-0.0013397765835798433,0,1
-0.010622080959443968,-0.001029108422292051,0,1
-0.012810097660298966,-0.0032450324557360094,0,1
-0.011243031419517817,-0.003139218512260662,0,1
-0.011736929911781796,-2.4237780887853284E-4,0,1
0.009773393180530526,0.012332144700924084,0,1
0.010073509655564666,0.011017904217293232,0,1
0.009512058454678361,0.011487293268099648,0,1
0.00851524276453193,0.012396891883597863,0,1
0.008146717035255373,0.012703169892299549,0,1
0.008333281663223464,0.01201714875801547,0,1
0.006454617755537665,0.013374824594872927,0,1
0.011652551765923296,0.012911395975341845,0,1
0.009829950351821546,0.012500088306018993,0,1
0.007545849921226813,0.011744375500266187,0,1
0.008501477933641104,0.012977733949893523,0,1
0.007964324264506748,0.01258352606479167,0,1
0.0090647073716285,0.012964202141876557,0,1
0.012068149132620568,0.015261705650106466,0,1
0.009979041968986187,0.011966370120774686,0,1
0.009435836121461537,0.012231536213156766,0,1
0.008903997452571625,0.013635101659238327,0,1
0.0081554035175961,0.012660807186213584,0,1
0.007546629903211284,0.012567552785610444,0,1
0.010126599243818047,0.0131600475158759,0,1
0.006771235107656468,0.011230316772709284,0,1
0.00897155917603015,0.013787601961459346,0,1
0.008491258971728342,0.013229132575723066,0,1
0.009107816702768098,0.013317979775699314,0,1
0.009423985486211293,0.013588422549362631,0,1
0.009649821253073806,0.012861165365049653,0,1
0.00850949004992383,0.01341448234230353,0,1
0.00829050196285591,0.01325188400890671,0,1
0.009710992270379958,0.012984855173452554,0,1
0.010670453648123924,0.01296086116667839,0,1
0.011264813247667997,0.014253246018751685,0,1
0.009272985876367004,0.012350757932997823,0,1
0.0086959936379149,0.01573233860214487,0,1
0.009443493820925873,0.013402801582134001,0,1
0.011792011631223306,0.016858951792160206,0,1
0.012198597149445784,0.015435221312874213,0,1
0.010139953230272331,0.013947505732384626,0,1
0.009729841273930962,0.01568773471265229,0,1
0.008522519435902981,0.012332953033370023,0,1
0.011039769963398583,0.01104664164817359,0,1
0.009920845243460364,0.014871308411205021,0,1
0.009235491636471587,0.013780429613189408,0,1
0.010197735621952983,0.014536949236804727,0,1
0.011941249034454971,0.016549868638910763,0,1
0.011675021661340114,0.012426295128640387,0,1
0.00901353389574565,0.013136027753528096,0,1
0.0077626088965293445,0.013806164876465271,0,1
0.0015148757802806471,0.01799983922423453,0,1
-0.0012481606793052831,0.015814605985269792,0,1
-1.2476584476514125E-5,0.014743176183916207,0,1
-0.0028074463033731854,0.017990720627744795,0,1
-3.6074582116793995E-4,0.017029053535658943,0,1
3.529863982052458E-4,0.01730620003953972,0,1
-1.792557108105265E-4,0.017737597408815444,0,1
-3.929096897270457E-4,0.015019919906521833,0,1
-9.060174359841463E-4,0.015704869790344612,0,1
-0.0010346238466338528,0.015527660159495983,0,1
-9.568054937572614E-4,0.015125579573869256,0,1
-9.881586618970786E-4,0.014952660378885027,0,1
-6.696798683399261E-4,0.015257964571391157,0,1
3.058736669857175E-4,0.01475389490231002,0,1
-0.002920377707883236,0.013447112498615488,0,1
1.8788553415671584E-4,0.016617271381151058,0,1
4.946360459089737E-5,0.015822724240862483,0,1
4.3764417123107126E-4,0.017718407077457074,0,1
7.248379581127477E-4,0.016475085776066673,0,1
-3.616509547035211E-4,0.014769173182444062,0,1
5.0338019698093896E-5,0.01613940818961897,0,1
5.0062584505483446E-5,0.016403855634240287,0,1
0.0017308997230954225,0.016866099448667616,0,1
9.212289856048619E-4,0.015381701130260461,0,1
-0.00224470656736494,0.015042285843072604,0,1
5.659378241460106E-4,0.01603434028517988,0,1
8.881911713425601E-4,0.016467214216313884,0,1
-4.4490587456159984E-4,0.015944099432643855,0,1
3.0221606191431917E-4,0.015694409217520095,0,1
4.0565208855596275E-4,0.01632635400964564,0,1
2.1625203147093596E-5,0.01630237813293075,0,1
-5.747240298203362E-4,0.015288771080238907,0,1
3.285375445948756E-5,0.01499841190049503,0,1
0.0013819889880143429,0.015375317981604382,0,1
8.512783789651077E-4,0.01645006921212582,0,1
1.818408509028376E-4,0.01430447178907214,0,1
7.128359734524176E-4,0.01601419036922863,0,1
8.891068820521553E-4,0.015409823161079389,0,1
0.004021899702099748,0.013739645864512085,0,1
8.5397415576444E-4,0.015393009723078334,0,1
9.275184214915118E-4,0.011931376251441184,0,1
0.0016457549832312247,0.014652830061348283,0,1
8.87738011168423E-4,0.014261430761681149,0,1
-0.0014303099773484748,0.016771506956953043,0,1
0.0012080289095622544,0.014423247376939874,0,1
-8.254151149033472E-4,0.014392214465035507,0,1
-0.0011457594773132522,0.013434264063386415,0,1
-0.0024444446905384394,0.015374358688664075,0,1
-0.0038190775520559796,0.017090813875400717,0,1
-0.0017261112690940812,0.017070291951948535,0,1
-0.003483406567623518,0.014555428851460463,0,1
-0.0032632679061503096,0.012988647844137823,0,1
-0.002105546665406447,0.014622526295955614,0,1
-0.0021248043567101815,0.015680841250057864,0,1
-0.0020483877316874962,0.01498299609884571,0,1
-0.0024482924137969463,0.016028104657989144,0,1
-0.002342380564115925,0.0143151930391754,0,1
-0.002233974258038216,0.013863527300500228,0,1
-0.002343403204324306,0.015638270802229938,0,1
-0.002079077510649809,0.016947849195154196,0,1
-0.00341531857952799,0.015049701464158412,0,1
-0.005177157418956977,0.014361773050120197,0,1
-0.003936652682259705,0.01490639528526249,0,1
-0.0022294245635535296,0.016019397924744046,0,1
-0.002869415577310145,0.015580314658455096,0,1
-0.0029696497945626483,0.015369234725411737,0,1
-0.0037462212373777695,0.015160623566906256,0,1
-0.005454946075241419,0.01649566197600384,0,1
-0.004456194520156877,0.01427210167664369,0,1
-0.0024241942303909712,0.015965759365476846,0,1
-0.0035890740037643845,0.013056962348434535,0,1
-0.004591024747379573,0.015747779892895497,0,1
-0.002096511520820648,0.016805640601471255,0,1
3.315712701456464E-4,0.015235633367454053,0,1
-0.006430862083152384,0.014069659603204112,0,1
-0.0026068028160427157,0.014670485713455514,0,1
-0.003766360849559223,0.017391613197464535,0,1
-0.0030867700667298503,0.016195346879139646,0,1
-0.003108928477444579,0.015286905797628439,0,1
-0.001465452206001146,0.016413646396271915,0,1
-2.1789438611800505E-4,0.016537255637287383,0,1
-0.004879607313855494,0.01585088323292925,0,1
-0.0048774508076861655,0.017360557019172572,0,1
-0.002186395855747494,0.017846846741702387,0,1
-0.0031301361488620593,0.016849233283222343,0,1
-0.0032975923207904847,0.016819243063633683,0,1
-0.005356384139789852,0.015290155226786038,0,1
-0.003126102872095079,0.01706960726928097,0,1
-0.002742217537069871,0.016063764657393478,0,1
-0.002865882197107929,0.017025143527928683,0,1
0.01660181631291315,-3.826951294065642E-5,0,1
0.0152724940584384,-3.8645137671377346E-4,0,1
0.014435412684866563,-5.668377143653491E-4,0,1
0.014911797200790325,-2.030837538968661E-4,0,1
0.01555835776711006,9.284842839408602E-5,0,1
0.014689977027282647,-0.001215489369732689,0,1
0.01553305110607964,-0.0024198412008856448,0,1
0.014852612225669753,4.655384817293919E-4,0,1
0.014636577927508752,9.150843826653838E-4,0,1
0.016070981654207214,9.835835055779104E-4,0,1
0.014114448434018776,-3.792936232871531E-4,0,1
0.015857907934391555,8.431662302644947E-4,0,1
0.014029580019415292,-0.0013368910901796762,0,1
0.014478817700585008,9.964136863166721E-4,0,1
0.01423734485155479,0.001748138374144301,0,1
0.014751155167569993,-3.517416309768951E-4,0,1
0.014309401102512085,-3.8293365695166767E-4,0,1
0.014910826987098502,1.269068411562414E-4,0,1
0.013919705778822311,0.0011132976149556015,0,1
0.013802139184134912,0.0011681553289960992,0,1
0.014897820397114228,3.8699058321264244E-4,0,1
0.01471279033664363,5.108730028748267E-4,0,1
0.01396085065485047,0.002748455399421836,0,1
0.013105886446933085,0.0019430564668044138,0,1
0.01299113035080915,0.0010841624202552623,0,1
0.012797712368641778,4.8129999644550926E-5,0,1
0.014503967361182764,-6.823418480201306E-6,0,1
0.013108618500658817,-0.0011309789231838529,0,1
0.014840330172465934,-8.028299547574129E-4,0,1
0.013809675756931527,0.0017022657113863492,0,1
0.012931822310833252,7.898606146652323E-4,0,1
0.014500141320200822,-0.0011106183034092843,0,1
0.013892129162073654,7.424510194443824E-4,0,1
0.013347247310921774,7.442205622764089E-4,0,1
0.013216543601596971,9.067159811917588E-4,0,1
0.014591143944540141,-5.479260160213102E-4,0,1
0.013340387077170697,-2.0980387654104265E-4,0,1
0.013576638717403519,8.521100477595636E-4,0,1
0.01276374039624385,7.965028794149191E-4,0,1
0.012018227017779808,1.8704014753336524E-4,0,1
0.013011891661592797,0.001014866511769613,0,1
0.013150921430816526,8.263224959722785E-4,0,1
0.013466736892470339,4.0898564703647236E-4,0,1
0.01479905892087339,0.002007719874052646,0,1
0.012442011204277575,7.069170545692318E-4,0,1
0.012967231492694678,8.04893310152962E-4,0,1
0.012680412875001228,3.6118414532295697E-4,0,1
0.01548734226086453,9.713093780336525E-4,0,1
0.015429465379141465,0.0017161973875814414,0,1
0.015668543169519933,0.0021692622112899694,0,1
0.013595189238142383,0.001116909880912794,0,1
0.015138769708868818,0.0020891350616576033,0,1
0.013740870095344982,0.0017255868713522806,0,1
0.012490682480869927,-0.0018570864055747341,0,1
0.011529124976799636,0.001117266541094042,0,1
0.014378212170187196,0.0011550800575091094,0,1
0.014029261676348182,0.002919545187871576,0,1
0.013894071309053046,0.0012184389208446077,0,1
0.013672665799997331,6.615198071414747E-4,0,1
0.01239414361258744,3.2480094736203743E-4,0,1
0.013248674739939292,0.0027625445228360405,0,1
0.013011376200107363,5.794283156417987E-4,0,1
0.012065195490303002,5.475434989685057E-4,0,1
0.01459600903601745,0.002242193837908116,0,1
0.01280631667891968,0.002020093408714901,0,1
0.01296774923868654,4.1746368743639885E-4,0,1
0.012152416676977943,1.2025613259499367E-4,0,1
0.01514481610206865,0.002410063678101071,0,1
0.01450891768306269,0.0013723346026612096,0,1
0.013850009771921886,6.507937952174517E-4,0,1
0.013004076444819813,0.0015228246135688907,0,1
0.012554727972872872,0.0015134579479330632,0,1
0.015186042224688797,0.0020432420561210998,0,1
0.014154726104341249,0.002167246480893528,0,1
0.013624924668183777,0.0014717023388192878,0,1
0.013161593397333096,0.0020401297122346015,0,1
0.013130757397323313,0.0015639702976400984,0,1
0.014538353743595368,0.00243664193224991,0,1
0.012060560183428446,0.00566756016056816,0,1
0.013419892330719888,0.0017291176002189196,0,1
0.013590454248676385,0.0020061915574730027,0,1
0.014658903616375514,0.0026987018103669285,0,1
0.014534849116132521,0.0017658658871790866,0,1
0.01361729736866788,0.003387513134688734,0,1
0.012893904670244908,0.0022020354973095323,0,1
0.013366865932270402,0.0019544289316125764,0,1
0.013108331224587043,0.003580396369816521,0,1
0.01381635322421151,0.0020014868070359288,0,1
0.013144079890872634,0.003317224745220986,0,1
0.01447553325938638,0.002453732258656526,0,1
0.014361290157361303,0.0030456535745959946,0,1
0.013751583159677108,0.0026564835278822976,0,1
0.014838036948545808,0.0023731368745496416,0,1
0.01467779367815492,0.002826068065718041,0,1
0.013355921243824294,0.00274657780580341,0,1
0.012743659176951989,0.0028722118937698914,0,1
0.013962337341477834,0.003255006944661736,0,1
0.013218795341817116,0.003238399321350797,0,1
0.013656227585362734,0.0033183869615475686,0,1
0.013450713109038014,0.0029999359413023985,0,1
0.013991853609530603,0.004106751964197057,0,1
0.013791318402248677,0.0034098653750702645,0,1
0.01508771623236468,-0.0024881786113753342,0,1
0.015765787044279143,-0.0019754092371797533,0,1
0.011213601454635779,-5.632882319469763E-4,0,1
0.01185585704879873,-0.0047569710714739045,0,1
0.012338651692046015,-0.0013508697710544531,0,1
0.012794698010131802,-0.0037485500271198435,0,1
0.011262411255052484,-0.0028824642555330686,0,1
0.012493588354030385,-0.0038393961882300285,0,1
0.014254001455129518,-0.0016689385637118758,0,1
0.011881409377577484,-0.0029073762644351467,0,1
0.014054455782473814,-0.0016163450011941116,0,1
0.013400134322791763,-0.0027994482543391265,0,1
0.01320582578427571,-0.0025992553909089037,0,1
0.012230876454882241,-0.003268557115664638,0,1
0.0119965621927058,-0.0029178127396830593,0,1
0.016553967265060164,1.6939959905890343E-4,0,1
0.013099141227346947,0.0020623826417963745,0,1
0.01024549415762744,-0.002452855011081649,0,1
0.013799080587141013,-8.428028997725499E-4,0,1
0.012618509725899868,-0.003462538295603053,0,1
0.014822364059165235,-0.0025292151430400377,0,1
0.011057513866360962,-0.002497511956632058,0,1
0.011517730509987533,5.330396129253862E-4,0,1
0.013514750290329372,-0.002090365287113524,0,1
0.013099679455637352,-0.0018568584854914754,0,1
0.013234498463856782,-0.004665750149955768,0,1
0.014596916595170243,-0.0017862129783059496,0,1
0.013027816562926153,-0.0033856462925655035,0,1
0.012993425249283463,-6.368570197074212E-4,0,1
0.01357914475479137,-6.764470730809941E-4,0,1
0.012297725805182754,-0.0018491309630265522,0,1
0.01247088378534962,-0.0014652087024681856,0,1
0.012905757418069562,-0.0017213333073583352,0,1
0.013461961617218472,-0.0020106531117987654,0,1
0.014420740804151073,-4.704656225751196E-4,0,1
0.015886195672937933,-0.0015694922100025785,0,1
0.012866054735456985,-0.0015841308759163327,0,1
0.012966297937321528,-0.002103924627138616,0,1
0.011964279062415567,-0.00298105186988708,0,1
0.013398595303729156,-0.0011932365157062649,0,1
0.013130184389310295,-0.0012764607022394106,0,1
0.01165928535530417,-3.1343933924546293E-4,0,1
0.01327463770272329,-8.80093380144934E-4,0,1
0.012786746732500064,-0.002416886109505001,0,1
0.010760196514632519,-0.002657789420661873,0,1
0.012219560482549161,-8.699686855610422E-4,0,1
0.011888915167015396,-0.0026584420606627674,0,1
0.011982301155551923,-0.0013421411435978797,0,1
0.013598853573551162,7.270016375439425E-4,0,1
0.010605967454254997,5.113802297989185E-4,0,1
0.012087296351282117,-4.5204698703586906E-4,0,1
0.011759024548417932,-0.0010642722081846629,0,1
0.010687217530852867,-5.595322644527779E-4,0,1
0.014584609060022588,-0.0014639810790591848,0,1
0.009586906674400292,6.681705259711478E-5,0,1
0.011553760295289555,4.3557118022414046E-4,0,1
0.011857582125911509,-0.0010253473273570618,0,1
0.011987022410786936,-7.391627113368101E-4,0,1
0.012030104074832555,5.180713438327508E-4,0,1
0.011175802373165749,-0.0012804908909862904,0,1
0.010339636991035153,6.673855847890373E-4,0,1
0.01187835254703754,-2.6239567024961727E-4,0,1
0.010864183857629934,9.071558575870064E-4,0,1
0.010343313522500012,-0.002205220272081594,0,1
-0.011031791821102362,0.01043199771730907,0,1
-0.011498804122763455,0.01031742397215735,0,1
-0.011355639441743207,0.011463092710433139,0,1
-0.012069592484761632,0.011162746216034625,0,1
-0.012151070627303267,0.011743408407555979,0,1
-0.011908138831168345,0.011900357185381957,0,1
-0.012423210915848304,0.01157437072523212,0,1
-0.011682003727482805,0.010276834611498913,0,1
-0.012024515587592806,0.010820181180866594,0,1
-0.011516609428183179,0.01298342587226544,0,1
-0.012019705115475588,0.012044204313633303,0,1
-0.012041598381080503,0.011682754787767152,0,1
-0.01135712377438802,0.010168929059758807,0,1
-0.010817045932692712,0.010381198766215674,0,1
-0.012037795706275355,0.009666559699315805,0,1
-0.012554760641406546,0.010803535953461079,0,1
-0.01218159278407835,0.012485339811070586,0,1
-0.010400659624773642,0.010991223530389253,0,1
-0.008644242270826946,0.010592891737602559,0,1
-0.011645568273969007,0.011377373586985618,0,1
-0.013334091858263328,0.01214387226892997,0,1
-0.010298627737326989,0.01107863099244614,0,1
-0.009990279373099082,0.01150449868072829,0,1
-0.009153294517963609,0.013785008965670682,0,1
-0.011650457146304659,0.012190027647482447,0,1
-0.01163936144991489,0.011873028453083245,0,1
-0.011598740238811625,0.010434149090388312,0,1
-0.011025352796110399,0.01105601497559286,0,1
-0.011324689089404096,0.01288499047792751,0,1
-0.011286856300193005,0.011426272261725117,0,1
-0.010855310878627646,0.010924533272604538,0,1
-0.011026226660044592,0.011432407708458459,0,1
-0.014289747858039853,0.010683235825528726,0,1
-0.009672907704784616,0.011347851523024116,0,1
-0.010771769619989394,0.012294513487243983,0,1
-0.01198726724613997,0.011441530486349683,0,1
-0.009519750818071033,0.012895160389935333,0,1
-0.009193586099689987,0.013698877769809962,0,1
-0.009919124120499917,0.011597934127405672,0,1
-0.0104366646444365,0.01274980132402004,0,1
-0.009800445124794907,0.010253016078378405,0,1
-0.01019531899334425,0.01242417106338652,0,1
-0.010509582122745697,0.010290185523666808,0,1
-0.004927088776383297,0.01536307631069345,0,1
-0.006756728596096579,0.014627359700123148,0,1
-0.007570251062278397,0.014588167458989077,0,1
-0.0072686454732366354,0.013546183382180074,0,1
-0.006219151573898752,0.015653661424647396,0,1
-0.007012425547370636,0.015328139135018992,0,1
-0.006508686659157717,0.016993028597472093,0,1
-0.006337368553904076,0.014165492736553447,0,1
-0.0065126343736759,0.01329955403690568,0,1
-0.0077300002232975175,0.012283666448054776,0,1
-0.0070433594994963,0.016303137055638867,0,1
-0.00558306057353824,0.015058810008817827,0,1
-0.006552293521165035,0.014348399957795778,0,1
-0.006371439332861671,0.013690396414711998,0,1
-0.005456398253670331,0.015368846570967758,0,1
-0.006174643825266031,0.015428092423006828,0,1
-0.005789905601923813,0.015213830517539955,0,1
-0.006433191438516358,0.013695322296869998,0,1
-0.005879231686292127,0.01244385616121567,0,1
-0.007941826378020794,0.013767511447564775,0,1
-0.005593654301921622,0.015048273032209826,0,1
-0.00717831167414404,0.016881297998366178,0,1
-0.006609395548556168,0.014577871203868798,0,1
-0.0072400222717610265,0.014487239176562213,0,1
-0.005321136907771724,0.015454500298501287,0,1
-0.006930603016530404,0.015120857770097555,0,1
-0.005281271160185186,0.014281763621038323,0,1
-0.006131038674096424,0.014276964546075124,0,1
-0.005564562837427521,0.01352293955853382,0,1
-0.004024290851500282,0.013520922306715142,0,1
-0.005114634067619904,0.01314153068193656,0,1
-0.005995315589935261,0.015069240460805124,0,1
-0.004722933005736996,0.015599392355392646,0,1
-0.0025624717338678933,0.015416128096584316,0,1
-0.006401886374131447,0.013858467443374867,0,1
-0.004329347627932293,0.01518013712100915,0,1
-0.00614249333430448,0.014016703303955878,0,1
-0.004373073927885146,0.015233805152637617,0,1
-0.005695908713514272,0.014707991716583525,0,1
-0.005744571207899837,0.01705877435002585,0,1
-0.004671468188892389,0.013999139980212622,0,1
-0.005893026812031967,0.014657958194893147,0,1
-0.0038540710155184838,0.01126376709510957,0,1
-0.007640235551113543,0.012761000847854498,0,1
-0.00809257753656056,0.013392089152672548,0,1
-0.00814844980493811,0.012688413661501937,0,1
-0.006103946555910925,0.010305238801830995,0,1
-0.008339680570066154,0.011687066477604884,0,1
-0.008356205449209264,0.011939229464169759,0,1
-0.006975014207369421,0.010819266348348773,0,1
-0.007775961829317128,0.013169194756802425,0,1
-0.008688799582201997,0.013356368862750283,0,1
-0.008190315823492332,0.012774798426512338,0,1
-0.007698245853448561,0.013914592209791736,0,1
-0.009926346071264617,0.01454286963867215,0,1
-0.011739220814033367,0.013902711497376012,0,1
-0.006898281211926845,0.011727131844305757,0,1
-0.008175829844305949,0.013116617653133992,0,1
-0.008341632832838784,0.01283989091307942,0,1
-0.009082628103853359,0.011196352508081472,0,1
-0.008425788628756885,0.011470931960672478,0,1
-0.0072166851458089105,0.01388299229591966,0,1
-0.008607192965841056,0.013228151968355533,0,1
-0.008447351056175154,0.011509782168744103,0,1
-0.011222115265633381,0.010604139238668675,0,1
-0.008515783824804123,0.013334177392789245,0,1
-0.00725872506282411,0.013771959561755562,0,1
-0.00835919549552721,0.012932595214275842,0,1
-0.008409242229136322,0.01295393890190029,0,1
-0.007673239618190844,0.012643880259697315,0,1
-0.00950105719692307,0.01272184468181541,0,1
-0.006851905865202845,0.012246752083516213,0,1
-0.008314104646734922,0.014778501357424782,0,1
-0.008766170033048136,0.012215117000860197,0,1
-0.008366053033412063,0.012202011424036506,0,1
-0.008443076628493683,0.013550402056377727,0,1
-0.007548698763446068,0.01280783789903746,0,1
-0.010602657886795505,0.012897303813047647,0,1
-0.009427323732537117,0.012873488959755557,0,1
-0.009155473569329718,0.014187352717153882,0,1
-0.008719668525533887,0.015318872793451257,0,1
-0.009407771763174526,0.013186491870185611,0,1
-0.008131568821050272,0.01449546508225976,0,1
-0.00869131845325812,0.013246847428122195,0,1
-0.008121664715951049,0.015202890569849086,0,1
-0.009082540152562393,0.01484399755073566,0,1
-0.007569010133889809,0.015559327392618252,0,1
-0.00906134488957153,0.014319407652003648,0,1
-0.010281615888882531,0.013765170948435946,0,1
-0.010406303776902187,0.014712188658194304,0,1
-0.010373242113011357,0.014936027607144462,0,1
-0.009204234458333578,0.014986164218314129,0,1
-0.010753333808943054,0.01561809266542118,0,1
-0.010102520104118183,0.014542006278927298,0,1
-0.01069293094033598,0.008429050600548719,0,1
-0.01046590378140907,0.006477847014355126,0,1
-0.010559516398880085,0.008944439346738685,0,1
-0.010445559065393817,0.010316592085064285,0,1
-0.010957011889295794,0.009783968377616838,0,1
-0.008227977329113224,0.013639335035730399,0,1
-0.012158211137974929,0.010660937781055108,0,1
-0.011413530417106464,0.009022015256072281,0,1
-0.011282912649688476,0.009686308773332947,0,1
-0.01076421809311456,0.010739036964006698,0,1
-0.010846543437994032,0.012165531251103298,0,1
-0.01069858647567723,0.0100648716208122,0,1
-0.00880276173900015,0.010544080426046123,0,1
-0.011170457017912055,0.01094683705994709,0,1
-0.011360561465059293,0.010362455872469738,0,1
-0.010387553316771098,0.01100751949821931,0,1
-0.011125843981707443,0.010007727280575177,0,1
-0.007733903750747531,0.011235661612147558,0,1
-0.009667160125929226,0.009835126481153528,0,1
-0.010763613849730822,0.008207185011573753,0,1
-0.01132830753998444,0.009693411981167892,0,1
-0.01080217191881331,0.009234650426576847,0,1
-0.010844287015797956,0.01018920345163018,0,1
-0.009580691136998271,0.00896593523470436,0,1
-0.01115804519627056,0.008531217124353466,0,1
-0.008150466586485019,0.009777305638486696,0,1
-0.00990860754799597,0.009580840844672766,0,1
-0.008774579982049531,0.011163245358844786,0,1
-0.009548020049044514,0.009834522744941804,0,1
-0.011353077633289514,0.005813021707523337,0,1
-0.009298822244829167,0.00935998138316656,0,1
-0.010057111861874838,0.009620704014518495,0,1
-0.009100551131840698,0.010025262623724166,0,1
-0.01204047521945334,0.008818097336727858,0,1
-0.010019798547617788,0.008932413033283893,0,1
-0.010457276246804006,0.009715074201414113,0,1
-0.00825048172825548,0.010915419178869585,0,1
-0.009906747968882312,0.00834795841673073,0,1
-0.009628921962132027,0.009474907480066882,0,1
-0.00914802365064002,0.009348324526022593,0,1
-0.005826943700982009,0.008492151033163045,0,1
-0.009294173556705204,0.007544226156919601,0,1
-0.009284027207313816,0.009000790723476787,0,1
-0.009661389967454671,0.009797511911171078,0,1
-0.008433796905024321,0.009554467268099638,0,1
-0.009640599504323702,0.008722263808063693,0,1
-0.009832869085698913,0.008260973849254272,0,1
-0.009813491677973865,0.009514729052385085,0,1
-0.008642722753681205,0.008320339835553695,0,1
-0.009550365198715067,0.008504368679274517,0,1
-0.009849925579632882,0.005509981947444616,0,1
-0.00981160909850924,0.008645342004750643,0,1
-0.009940893855180138,0.007058201203704657,0,1
-0.013180831823203627,0.008068010098757943,0,1
-0.014891032742396268,0.00779966178308571,0,1
-0.009909077993561537,0.008571101087167889,0,1
-0.011386402361307816,0.008661486397597475,0,1
-0.009791807590039578,0.007836663761850656,0,1
-0.01068721922044292,0.008490682548056341,0,1
-0.010224826962060427,0.007400861584244004,0,1
-0.009182103062687791,0.007112127835188977,0,1
-0.011566788679282427,0.009496840096937147,0,1
-0.009791617756257986,0.008582737911515856,0,1
-0.01115096549183093,0.006750003774664431,0,1
-0.010196044894291573,0.008829541102231546,0,1
-0.009725665017632504,0.00750637046215275,0,1
-0.009156311789801527,0.007329199960847636,0,1
-0.011209755231872844,0.009537309132525061,0,1
-0.010628949578006601,0.009196640930816853,0,1
-0.011240144794519074,0.00924701838923997,0,1
-0.01074897390601763,0.011260239797247643,0,1
-0.010120230334259135,0.007986869757712739,0,1
-0.008742592698966756,0.007484378129998315,0,1
-0.01235663923863722,0.008626430340348747,0,1
-0.01169406932931607,0.00878870700576394,0,1
-0.01079773961595825,0.008181219408283088,0,1
-0.010064260344541663,0.007639804100810402,0,1
-0.008645019086972388,0.009517150909924763,0,1
-0.011513058392108854,0.009222377784384093,0,1
-0.01004221652494915,0.008666877604494392,0,1
-0.010653643897423098,0.010507707584845483,0,1
-0.011006304879287191,0.007805504683626292,0,1
-0.01053363045097599,0.007710401388264024,0,1
-0.010177118880829176,0.007294292038673596,0,1
-0.012778680236255667,0.008870713924964822,0,1
-0.01059709893281029,0.008540547598224263,0,1
-0.008768000527452495,0.0068743867305053755,0,1
-0.011222201381530184,0.009574541450298027,0,1
-0.01288054669685198,0.008350244014247677,0,1
-0.011446320362238502,0.009263206727684577,0,1
-0.010896318526099449,0.011992644112777444,0,1
-0.011156171412966414,0.007888124983938507,0,1
-0.010424045218399524,0.007610820689433083,0,1
-0.011674592528526437,0.009050911507683928,0,1
-0.013673263997510144,0.010539605420333647,0,1
-0.011101156439472242,0.007341550233760798,0,1
-0.012801753288633208,0.0076003693746921315,0,1
-0.011839236605602866,0.007249964969123877,0,1
-0.011564926724439586,0.007583981310672952,0,1
-0.010990159842716063,0.007818634805473906,0,1
-0.012451888859911704,0.007745004803146209,0,1
-0.012518829306899478,0.008046612325718941,0,1
-0.012395006181001741,0.00796008556850732,0,1
-0.012495600955287048,0.007151925940070018,0,1
-0.011254914725444945,0.0052279773551849795,0,1
-0.012588019696056246,0.007316445566762469,0,1
-0.01158069223342258,0.007594746507646603,0,1
-0.012467080541143177,0.007292614476660711,0,1
-0.012203872199828075,0.0068756373446106364,0,1
-0.013121257328329812,0.007582030138342782,0,1
-0.011939941006142974,0.007338598615222217,0,1
-0.012230001122976055,0.006040969772845776,0,1
-0.011446481964082057,0.0063024941409715205,0,1
-0.010969413418565182,0.008075978744348693,0,1
-0.010477811366437741,0.006568467600433315,0,1
-0.010364606851478659,0.006505855060163532,0,1
-0.01010141342776849,0.007180147928437556,0,1
-0.009598268449821862,0.007135351553684464,0,1
-0.008877791756953874,0.007421421865851167,0,1
-0.012921150429669835,0.006578291837442836,0,1
-0.009443920185476415,0.003693807305530202,0,1
-0.011262770369930336,0.005610167553259274,0,1
-0.010863328794358829,0.007400540941636936,0,1
-0.00996595441938144,0.007987750543508473,0,1
-0.010660675375857737,0.007130152845588776,0,1
-0.008518688732966559,0.006501787111166608,0,1
-0.013512004183452176,0.005828062901876844,0,1
-0.01213185901409877,0.006494868074090589,0,1
-0.012235126347383902,0.0023883793372296313,0,1
-0.010990049455415811,0.007314502849603882,0,1
-0.01030146680456699,0.006659107975524683,0,1
-0.009806802731845499,0.005455534217186143,0,1
-0.008698500204154797,0.006757639299689555,0,1
-0.011897203700369527,0.005360575210677672,0,1
-0.011562515645643328,0.007103236374054781,0,1
-0.011708152735203934,0.005589705294140744,0,1
-0.011242494631270611,0.005742983613710623,0,1
-0.011658876565382899,0.005166302281997198,0,1
-0.009151725371312296,0.005802269451044941,0,1
-0.012267436901091517,0.005935053565320263,0,1
-0.011772968234269422,0.006594711252426901,0,1
-0.011498534175399732,0.006577535515833234,0,1
-0.010656282680731889,0.0061350852625261494,0,1
-0.010943885832961363,0.005999252189299285,0,1
-0.010320922848744848,0.004827519929833686,0,1
-0.009238866758090145,0.006546757059433014,0,1
-0.010763758442753428,0.005945824934837641,0,1
-0.011987700962464697,0.006341416760642551,0,1
-0.010587170906775946,0.0051567144572362954,0,1
-0.009932769371659184,0.005974273456585767,0,1
-0.009046370226343688,0.00513508508655272,0,1
-0.013412063920057405,0.007944975530703908,0,1
-0.011122588348906712,0.004329392584014853,0,1
-0.010318711361564786,0.006940560472319227,0,1
-0.011326291786569848,0.006299904903925015,0,1
-0.009340197269318866,0.005059213604176956,0,1
-0.011675731583506602,0.004482328250822611,0,1
-0.011660990673438789,0.005893699810252796,0,1
-0.011153438197494977,0.00514321085430505,0,1
-0.010938538853973523,0.005655081410983328,0,1
-0.011829870919996982,0.006105163920748015,0,1
-0.01067441485319349,0.0056907809623960685,0,1
-0.011402344069006157,0.006198892618039985,0,1
-0.011266452268434443,0.00614756869743934,0,1
-0.008104267833932784,0.004860656854447523,0,1
-0.011398977564141126,0.005290485768204693,0,1
-0.011411153497722483,0.00508433863889005,0,1
-0.011314997963672977,0.006241343936598234,0,1
-0.00934734692725903,0.007552654941538828,0,1
-0.011284780559047209,0.006151622964023809,0,1
-0.010427225440147922,0.005535697705297307,0,1
-0.009574240941800644,0.0011424541553319008,0,1
-0.010233590095819567,0.006346327824840668,0,1
-0.011667213090943401,0.0043127462075086605,0,1
-0.010532543331077093,0.004358680685804213,0,1
-0.011477382070304352,0.003437437299432891,0,1
-0.009852780837994925,0.005116092135842978,0,1
-0.00818642078925078,0.006272081666902816,0,1
-0.01116121003917184,0.004040720494095474,0,1
-0.00930175384072528,0.004949697184401644,0,1
-0.011751925475252677,0.004496184829305969,0,1
-0.01073070914276916,0.003694446133514176,0,1
-0.010759874216223302,0.005383778908283527,0,1
-0.006367716167082109,0.013052770206303911,0,1
-0.006688449914680453,0.012756498796708166,0,1
-0.0049533749709190075,0.014460384987170316,0,1
-0.007294972247520312,0.013727490787690788,0,1
-0.0048455677492156716,0.013981666658579719,0,1
-0.005049174938681722,0.014109593917700222,0,1
-0.00406266755898358,0.013766775534824484,0,1
-0.007013644824502087,0.011510087573924417,0,1
-0.006529668039242033,0.013288730697148731,0,1
-0.006177347296922499,0.012970530845710818,0,1
-0.005673459023241949,0.014361223141010888,0,1
-0.00464563447791584,0.013263755695320628,0,1
-0.005406976612143598,0.01357552514274008,0,1
-0.006173607718908351,0.01437012968563974,0,1
-0.0058906912313494144,0.013031344196343974,0,1
-0.005236616104649755,0.013049540680297105,0,1
-0.00560911030353708,0.013709792381193355,0,1
-0.004153134354649422,0.013177360149862864,0,1
-0.004793907523318799,0.013149810090169318,0,1
-0.005434000579949478,0.012773628063092303,0,1
-0.005483787511454453,0.012987632921974883,0,1
-0.002502794108753336,0.011776715170827875,0,1
-0.00597772362534588,0.011962217703456476,0,1
-0.007423699052604859,0.011565748942939366,0,1
-0.0053885827015007475,0.012661529857843502,0,1
-0.005819104280249115,0.012764038093876794,0,1
-0.005578162711054208,0.01174074124621667,0,1
-0.0028562570131107283,0.013456591369727804,0,1
-0.0061566304858107785,0.012446787335206969,0,1
-0.005831188227966647,0.011685193397524553,0,1
-0.00531454516905623,0.012637564266369848,0,1
-0.003751397346708405,0.013619417588916143,0,1
-0.0059160707225825145,0.012218524495778482,0,1
-0.006224901690549906,0.012190416742488941,0,1
-0.005322572567368527,0.013387422579436908,0,1
-0.005651934607332909,0.011592347448277397,0,1
-0.005766660316961367,0.009616410878508735,0,1
-0.005423698503555852,0.012015996145136718,0,1
-0.0038660906503508036,0.010925102839373407,0,1
-0.006560581786158418,0.01447426381071153,0,1
-0.005281490264237195,0.013091814405963157,0,1
-0.004825484270091767,0.011196422889828243,0,1
-0.004272672582399901,0.012601962164130587,0,1
-0.005424789318828562,0.010781078472341492,0,1
-0.007821420355070002,0.013988454617531346,0,1
-0.005597750004478027,0.011434599171684504,0,1
-0.0054084568620966856,0.011707052193353194,0,1
-0.004284104130340405,0.010035117188571998,0,1
-0.00521826497048713,0.01076705859418916,0,1
-0.007319864651113108,0.012026256328370675,0,1
-0.005544339516847739,0.010412331665880795,0,1
-0.005784740689868698,0.009236933579371014,0,1
-0.006424392155960734,0.01422831104543992,0,1
-0.006738162037010305,0.013771494619829485,0,1
-0.005710433374351537,0.011584432876968807,0,1
-0.006147651389173054,0.010894143643943456,0,1
-0.006186114501496155,0.011126301639899631,0,1
-0.005862800462686212,0.010113736269889397,0,1
-0.006304210905662433,0.011047174073188705,0,1
-0.005135058997963469,0.013488366676409716,0,1
-0.007158176113635482,0.014143534290484424,0,1
-0.006190565410013248,0.013384053234403996,0,1
-0.006522769819238321,0.012482200144319446,0,1
-0.006400865702939559,0.011929898982116332,0,1
-0.006270048066937056,0.011627163872614124,0,1
-0.005309458678033702,0.006633385681661455,0,1
-0.0063483140325892775,0.012978180952752662,0,1
-0.0068654267733054735,0.013394291519203209,0,1
-0.006024198160550167,0.012652704686300446,0,1
-0.006599533390028008,0.011206834599736277,0,1
-0.007048606509372523,0.010638900146707368,0,1
-0.006922290944662076,0.01063012580693851,0,1
-0.006509883906677192,0.01177781882354053,0,1
-0.00822721166447072,0.012043342127497355,0,1
-0.007946721402788083,0.012802822684004489,0,1
-0.007479163672628801,0.01265035867948443,0,1
-0.005601396066671206,0.012002054556109,0,1
-0.006522560758666061,0.010321620006374458,0,1
-0.009096966725115506,0.01395974524857037,0,1
-0.008179565569935673,0.011781238962320256,0,1
-0.006686068774946563,0.014458897973784877,0,1
-0.00635253372161718,0.013787989829301104,0,1
-0.006455072112771623,0.011469399428106927,0,1
-0.005774209102898159,0.010574750351479237,0,1
-0.007472572474776516,0.012548978735651814,0,1
-0.0068611042055024265,0.013080105086142428,0,1
-0.006527643592350134,0.012729608481969044,0,1
-0.007277295082143645,0.011339928787013719,0,1
-0.007435852316524985,0.012293290543064318,0,1
-0.007787884812901579,0.013870861417926815,0,1
-0.007026109897993352,0.012004365378540155,0,1
-0.005532584885457625,0.01127869196205574,0,1
-0.00675522723478849,0.010891907590058128,0,1
-0.007780765103912587,0.013456333217408972,0,1
-0.007329128316980114,0.012351192221205077,0,1
-0.005494405533611983,0.010827599438348077,0,1
-0.0066180414219892845,0.011578787522215035,0,1
-0.007322916844956956,0.011632694067945391,0,1
-0.010154892095794323,0.01081612612539867,0,1
-0.007648151421629838,0.010882819039889118,0,1
-0.008581216738173223,0.012769305080527291,0,1
-0.007731662242650618,0.010483054431038205,0,1
-0.011853574513851694,0.01225947252901796,0,1
-0.0072336676222602295,0.012064497103996007,0,1
-0.009698339372891938,0.015455534168871033,0,1
-0.008776467093464033,0.010986815190683188,0,1
-0.007817269513184226,0.011715403736739998,0,1
-0.008017198912646406,0.010443266590535431,0,1
-0.00884188032276237,0.013396921321361046,0,1
-0.009045691137571862,0.012207642293168527,0,1
-0.008817229677789385,0.011662417819913787,0,1
-0.009292521564679215,0.010917930458893122,0,1
-0.011483581896181065,0.011948239539363891,0,1
-0.007464422939801217,0.011532665091063392,0,1
-0.006556221190199596,0.010373450809771569,0,1
-0.00734065195928216,0.010409148199314754,0,1
-0.007541718661945998,0.009124950567860236,0,1
-0.007411498469441997,0.010024758723204052,0,1
-0.005993497556611984,0.009379402269583026,0,1
-0.006191974256625063,0.010164148016905858,0,1
-0.007831720914265908,0.010773003922892571,0,1
-0.011952233111995916,0.011273897424098556,0,1
-0.008551161473737011,0.011034565967187496,0,1
-0.007033428260930243,0.011351856990190087,0,1
-0.006589378336773888,0.010290604337151383,0,1
-0.007162918331823353,0.01139970072966608,0,1
-0.005904408566498743,0.006929354996875174,0,1
-0.005748735768376036,0.009291564293122436,0,1
-0.00953983924131257,0.010308560334867323,0,1
-0.008626228056328766,0.01052791091523353,0,1
-0.008500221956816052,0.010970089888791262,0,1
-0.007156587421701795,0.01114303854079936,0,1
-0.007290340102658881,0.01048040994135773,0,1
-0.006698208317765768,0.00994563212268462,0,1
-0.005364205995540893,0.011416787319121543,0,1
-0.006108791944004209,0.009705834983920367,0,1
-0.00880247612764691,0.0101809549720439,0,1
-0.006917801814970492,0.0066063383948225295,0,1
-0.007906893069421288,0.010124545509723193,0,1
-0.00655598632526665,0.00989261947327478,0,1
-0.008164280053470474,0.009113610285808952,0,1
-0.007138161404739646,0.007969050980238535,0,1
-0.004973421834219173,0.01054958430032134,0,1
-0.00810608009724828,0.009722239618608375,0,1
-0.007630013135017939,0.00939453422144706,0,1
-0.008988321177032741,0.01062207167034775,0,1
-0.006819991047260748,0.009085711532872943,0,1
-0.006910916880937511,0.01006274235761334,0,1
-0.007225258800563294,0.009107483492270977,0,1
-0.0074405322923816715,0.012164506737005606,0,1
-0.009449272170077279,0.008911567597242277,0,1
-0.009307134782217326,0.010608705305198564,0,1
-0.006536639846517596,0.009713818468811732,0,1
-0.005924174523945745,0.00996478723868185,0,1
-0.007141327007636024,0.00947960298752414,0,1
-0.0061574570817882045,0.008297592206859734,0,1
-0.00867095404506561,0.009650777109998572,0,1
-0.008632784186785713,0.009616207067305703,0,1
-0.008063386376449821,0.009169064185035509,0,1
-0.0072914910210955825,0.008876863545590174,0,1
-0.007361681391641622,0.009769938374955094,0,1
-0.006598122054051126,0.008883774651608962,0,1
-0.010431752044700654,0.009167704890903652,0,1
-0.007750473045526421,0.009528546830611629,0,1
-0.00805678814596706,0.009406216205762161,0,1
-0.0076083307821251025,0.009235674630846126,0,1
-0.005900921882811687,0.010069517290447687,0,1
-0.00841132049012775,0.009446641292761411,0,1
-0.008143946478888412,0.009611861152621054,0,1
-0.008291272173002925,0.009128207342025072,0,1
-0.007816850823426313,0.008355803993781451,0,1
-0.008315064529430505,0.008631448391470446,0,1
-0.008654462712825935,0.008637022342382858,0,1
-0.010326110371227238,0.01016874329246283,0,1
-0.008477381671610896,0.009338108017199412,0,1
-0.007589611710032808,0.006545339636149935,0,1
-0.007674431277820707,0.009939425610846583,0,1
-0.008824763761876742,0.008207203621679465,0,1
-0.007344025238211198,0.007566411091905988,0,1
-0.007405685472186766,0.00850019383605194,0,1
-0.008539212260260822,0.010829502151217162,0,1
-0.006826571819173751,0.008129946371787853,0,1
-0.008013545269232885,0.008311099692425255,0,1
-0.008480711886792064,0.007123158130015727,0,1
-0.009176386376450423,0.006345351112221376,0,1
-0.009479726885422002,0.008283721832902049,0,1
-0.007138170514192357,0.006242372534437756,0,1
-0.008244253257432279,0.008448007352561984,0,1
-0.00890717327872447,0.008447329219625089,0,1
-0.00822754297546877,0.007711828663901739,0,1
-0.008625633461354445,0.007827554410677673,0,1
-0.009055139945859618,0.0078072952348214085,0,1
-0.00505258317946732,0.006464710968956582,0,1
-0.006221486890216691,0.007410397403695773,0,1
-0.001909858022334447,0.006983063893460204,0,1
-0.006881164666762611,0.007153274649393573,0,1
-0.0061351313064318385,0.0061162729404972555,0,1
-0.007435578769257796,0.006804276780207393,0,1
-0.00794370005390523,0.0072540168413840755,0,1
-0.008862511979554042,0.006192034836434934,0,1
-0.008270140529676263,0.0074375093275873844,0,1
-0.005693287091319368,0.00661139760475988,0,1
-0.005126290638273012,0.007295754879720591,0,1
-0.00595504276072409,0.006873611579990724,0,1
-0.006251050433513303,0.006792349491008695,0,1
-0.0073375651896046305,0.007874400192517651,0,1
-0.007514154654408876,0.007072912223231985,0,1
-0.01013506028126215,0.009687445277062124,0,1
-0.008273930839156868,0.007043373955263509,0,1
-0.004989497510616758,0.007356217380255194,0,1
-0.006742363506031719,0.007701067067009781,0,1
-0.006913821303861429,0.007399538381486124,0,1
-0.007020391392750618,0.007284394887274054,0,1
-0.008215559191574004,0.007329560651116505,0,1
-0.007982165822307987,0.006416043429042204,0,1
-0.006769225769564608,0.008094344786281673,0,1
-0.008759833339750146,0.00735796821335718,0,1
-0.0057650424014967115,0.0072647491400737365,0,1
-0.00776699962053116,0.00895024033295861,0,1
-0.006789411374598617,0.006871393185598114,0,1
-0.007562749194729742,0.006241117492480824,0,1
-0.007621171263738823,0.007738255398726882,0,1
-0.007034961546469155,0.007410059756791152,0,1
-0.005668325310172978,0.007679562961799821,0,1
-0.005274706910735241,0.007831911031160675,0,1
-0.006752336755135491,0.010664153408513986,0,1
-0.006548674284275522,0.008193208812335925,0,1
-0.007470281835116683,0.008596546251953417,0,1
-0.007968304926145371,0.00728296235870064,0,1
-0.007128472965742207,0.009390181083813634,0,1
-0.004818680943686893,0.008140018301226218,0,1
-0.006286766661375372,0.006582555466077892,0,1
-0.006991733538534762,0.007720115215357147,0,1
-0.008167484733244322,0.008172926924502532,0,1
-0.008073787022570968,0.00788118622189451,0,1
-0.004127810079311969,0.008918648857194325,0,1
-0.003979831445369444,0.006142147500642665,0,1
-0.0059829240437524155,0.007150604444136027,0,1
-0.004639046994411676,0.007133001166578372,0,1
-0.006910917882169675,0.009302896885455046,0,1
-0.007324700581407018,0.008378498008057482,0,1
-0.0069244121972050566,0.007983472175587017,0,1
-0.005732314362928022,0.007890085597788301,0,1
-0.00533110005973176,0.007828598731124388,0,1
-0.006647893682727221,0.009690560941779669,0,1
-0.007627621205028751,0.007944420882015545,0,1
-0.005753806067644121,0.008434478477600352,0,1
-0.0050379327579337715,0.009794373748314208,0,1
-0.006354759240278024,0.008541430137494317,0,1
-0.006333202167792562,0.009057814132938229,0,1
-0.006362676312931318,0.011562390811692833,0,1
-0.006224202252529254,0.009830954281466893,0,1
-0.005472271595664504,0.008843935945963806,0,1
-0.00609490254564708,0.005552877972952412,0,1
-0.005255579691863995,0.007879719725564645,0,1
-0.0066494993132164325,0.007669839487729245,0,1
-0.006484869345785755,0.009627220114024948,0,1
-0.007384218734734776,0.01025682587996844,0,1
-0.004761886229192446,0.009315536452861725,0,1
-0.005028878008712909,0.009912834494455378,0,1
-0.007566914306355283,0.009494449850012734,0,1
-0.006144156205430177,0.008723954454612937,0,1
-0.007334933417177011,0.00896390152757996,0,1
-0.0059561383728036115,0.011137575348087519,0,1
-0.005329920642396937,0.010266475950997025,0,1
-0.006218818559841658,0.009342084804118803,0,1
-0.005309238821828411,0.0095746544615622,0,1
-0.007334863173954066,0.01059766604664676,0,1
-0.005559651569347345,0.010328106301299274,0,1
-0.007728628835840517,0.0010296178118210692,0,1
-0.007875642990940792,2.6260962092346604E-4,0,1
-0.007919756509595024,9.357159329571109E-4,0,1
-0.006292184624256452,-5.40119846469065E-4,0,1
-0.006089722072489576,0.0012184433601754698,0,1
-0.005772842074597294,2.5164442288302155E-4,0,1
-0.006024521049510903,-0.0023008699134465993,0,1
-0.007915119025468929,4.0969585028313965E-4,0,1
-0.007443335835264092,1.4701372790748208E-4,0,1
-0.007777598810976938,-0.001206738266542662,0,1
-0.007075166048861526,-0.0012349417132794113,0,1
-0.005860663790972942,2.421044120663858E-4,0,1
-0.005724112127094978,-0.0012674381479139034,0,1
-0.008212137319312932,-5.03778812499644E-4,0,1
-0.009276659446909067,0.002086565005308101,0,1
-0.007136795128732533,2.7490893117727947E-4,0,1
-0.00660259516278632,8.944322577071779E-5,0,1
-0.005907431657084604,-0.0014517966886385483,0,1
-0.005887548902440873,-0.0012459036999072214,0,1
-0.0076192661721071475,-1.937940862388329E-5,0,1
-0.007064010680074688,2.1962876103150266E-4,0,1
-0.007221465742862508,-8.934570260381485E-4,0,1
-0.005664946184858748,-3.4241245384821845E-4,0,1
-0.00412756103221436,-5.52218182549477E-4,0,1
-0.008254210823871943,-0.0011586824063705254,0,1
-0.0076665415797588935,-2.1055540115427976E-4,0,1
-0.007067394575162414,-5.330825490571241E-4,0,1
-0.006940073675733019,0.0011344550528454367,0,1
-0.0049038705822092256,2.7544306267280607E-4,0,1
-0.006289838584032356,8.022696966595188E-5,0,1
-0.007774783695642407,-7.71959414398275E-4,0,1
-0.006553560893303128,3.4617611218817516E-4,0,1
-0.006938025574491029,-3.3170144700234454E-4,0,1
-0.007230923221350694,-6.59722525255623E-4,0,1
-0.007782459944055508,-2.1187507995596366E-4,0,1
-0.007171812353681881,-6.415016687241163E-4,0,1
-0.006720204651802358,-3.3195733692542085E-4,0,1
-0.00898892725670682,-0.0017031236497929703,0,1
-0.008218483971323328,-0.0021126465017171727,0,1
-0.006876347081335659,-7.129129157742889E-4,0,1
-0.007241682415486363,-7.597752486676125E-4,0,1
-0.006775091062794902,-0.001994355587539329,0,1
-0.006678443617807553,-0.0013771762718756092,0,1
-0.008233613354339194,-0.0010723054910257445,0,1
-0.006598505356842651,-0.0015143809743969631,0,1
-0.0076426913327267065,-0.0015667094463364818,0,1
-0.006954949295914042,-0.0025212818172595367,0,1
-0.008734803745673753,-0.0016070385403592913,0,1
0.010355074822419144,0.011668124319770715,0,1
0.008086407570066012,0.013659395327327873,0,1
0.01046973784539829,0.010722815246462099,0,1
0.01177802438538662,0.00980168724889406,0,1
0.011397237804000853,0.009358751809481262,0,1
0.008924190848115665,0.007359503219053845,0,1
0.011183420223536281,0.009298879175297538,0,1
0.01013002906817683,0.01111578589615736,0,1
0.009845218416676349,0.012779924486240792,0,1
0.010601985316567095,0.0097012784604131,0,1
0.012137919867352132,0.009736911480185092,0,1
0.010922520757107031,0.00960746930857052,0,1
0.009681293423419429,0.01117015157676102,0,1
0.010231177252943036,0.01208597255508504,0,1
0.009952870791590724,0.011385254063436597,0,1
0.010017805072622165,0.010504257060978241,0,1
0.012307426174601451,0.008367047279249244,0,1
0.01156463832350578,0.007459769876216863,0,1
0.01101113464560232,0.011666686987962253,0,1
0.009531338829856465,0.01111297197558259,0,1
0.006546141934919316,0.011652503640629011,0,1
0.010941321235293781,0.009565563744419386,0,1
0.008320390174220824,0.010414549252912976,0,1
0.006862191822602286,0.007561880175987279,0,1
0.0095474580406027,0.009496771811824211,0,1
0.010153971442527185,0.009471479359492111,0,1
0.008978581285195724,0.008598753888647023,0,1
0.010436494826319564,0.010856506434507363,0,1
0.008926228651351845,0.01319143939577578,0,1
0.006736941120929283,0.010004059203418843,0,1
0.010337760135330224,0.009340111959365535,0,1
0.009225742623420036,0.009912685129165218,0,1
0.011306767723844684,0.00938908027831784,0,1
0.011609278689310765,0.007747198330432911,0,1
0.009915602363162974,0.00960753148028905,0,1
0.007942257581541427,0.009495868652475143,0,1
0.00919214843570701,0.00968842411275646,0,1
0.009266609901838002,0.009475920770365059,0,1
0.010406977083671222,0.009511240786536049,0,1
0.008695729872626035,0.009979989303513825,0,1
0.008422384804097446,0.00865759463444358,0,1
0.010067192717322551,0.01006695598788268,0,1
0.008389204099335815,0.009547606990931058,0,1
0.006230632617543806,0.007948332083264734,0,1
0.007522767048371586,0.009431695384666695,0,1
0.008702391807929257,0.009409945370361949,0,1
0.008893187898444259,0.008994402352702128,0,1
0.009329467745081612,0.009989616822187346,0,1
0.007917617252223647,0.008903247741670194,0,1
0.007940637599556826,0.008801742426082731,0,1
0.007756232562856717,0.009432691996798217,0,1
0.009638910620983782,0.01175355549713541,0,1
0.009657451205731991,0.011739459273835885,0,1
0.008636359726895122,0.010663448095601295,0,1
0.008857771582209349,0.010781387195629011,0,1
0.007700793141746832,0.010136202350446592,0,1
0.010603264025114778,0.009792994848345291,0,1
0.007006155832417497,0.009480576310780201,0,1
0.006914141190745572,0.008732146357460035,0,1
0.0060350375910155395,0.013774556637256286,0,1
0.009059018090357885,0.011149429633481256,0,1
0.009148992958671118,0.009953829157920266,0,1
0.01102654298572713,0.008696404119734047,0,1
0.00714713905865332,0.008974749315941041,0,1
0.007666918490563516,0.009160874317669552,0,1
0.007565756014078523,0.009114830552134206,0,1
0.009163040467610408,0.01064343238500985,0,1
0.008062900976834398,0.010980644872584534,0,1
0.008595202750449085,0.01036544338230868,0,1
0.00635836980447543,0.010240699356267955,0,1
0.007780008316824539,0.01113076525562013,0,1
0.009886599205602897,0.013456968592335724,0,1
0.008482605675477782,0.011858117773146205,0,1
0.009185607462281592,0.011403923086103723,0,1
0.008311953305325883,0.010791286971563166,0,1
0.008847970705140826,0.009028305237664479,0,1
0.0037694127468982505,0.00910112217363186,0,1
0.008826496578459674,0.011770186302493948,0,1
0.009038016130050725,0.012357942749303125,0,1
0.007936909294766502,0.011214141520655472,0,1
0.009390518959214588,0.012058595757417086,0,1
0.00762869286569144,0.010079487264495035,0,1
0.008493686030317757,0.010968558155388552,0,1
0.008379234084450602,0.011174306639164655,0,1
0.008950183434916518,0.009026380031639055,0,1
0.0078055044691264525,0.010726543711803132,0,1
0.006672689815793993,0.010670926393945585,0,1
0.008485252844927245,0.012075466182537076,0,1
0.010676618243247732,0.014422160604698505,0,1
0.008590310748940348,0.01199939221715415,0,1
0.009063142459123767,0.00837818518835313,0,1
0.008270098044399364,0.012131538718047208,0,1
0.008419481200134806,0.010938705680307102,0,1
0.00799715421712676,0.010977539569886,0,1
0.00759213335814251,0.010472872693079867,0,1
0.007523183601602976,0.013123303532995892,0,1
0.00803103409475428,0.011754930360625384,0,1
0.008332138973732374,0.011670351851120617,0,1
0.0070950865750930145,0.010140717184639988,0,1
0.0071665399008020835,0.01361162514984281,0,1
0.008190311851977253,0.010493114858896011,0,1
0.007958321726154736,0.014066922964469441,0,1
0.006608539774680381,0.011455140043089769,0,1
0.007771749260669813,0.013590860838491226,0,1
0.007430962965426858,0.012916116302631004,0,1
0.009125804125477938,0.015048818325608964,0,1
0.00696104490538698,0.012306450518012367,0,1
0.008015204194346903,0.013196599464899955,0,1
0.006969275965055339,0.013407681729074175,0,1
0.01403420855254954,0.004866056258386024,0,1
0.012788343350174295,0.007461438878372594,0,1
0.014944293000421374,0.004513404948556968,0,1
0.012458053092526828,0.0037463577654058768,0,1
0.013816119760035349,0.0056834234487283634,0,1
0.013280851655915719,0.0040446106174201295,0,1
0.013388960829033148,0.0039405099249937665,0,1
0.012932364009033854,0.006407635451708924,0,1
0.01418268518962443,0.005890561985830561,0,1
0.014158302100069436,0.005961584359452039,0,1
0.015024211721070225,0.0046732492515231564,0,1
0.013375597993106409,0.006106937856129911,0,1
0.013222203319999902,0.00638097298243857,0,1
0.013063348309951685,0.006495649863208691,0,1
0.012676722595383716,0.006761057767515938,0,1
0.01242385925153522,0.006020968046704704,0,1
0.014437000921369361,0.005544098157976901,0,1
0.013775057434260815,0.0036746244339245036,0,1
0.011442592759297583,0.0038892676748635458,0,1
0.01385002514679598,0.006242379447750249,0,1
0.01138382980510606,0.006408349302308066,0,1
0.013130106032407086,0.00564939665088186,0,1
0.012103449315019471,0.005293612475946702,0,1
0.012557662255889723,0.0037091980633018736,0,1
0.01255990613919112,0.006815375517662925,0,1
0.012141847778668946,0.004928652636278852,0,1
0.012961936261085516,0.004746097799429283,0,1
0.011800930970517168,0.00765991199626818,0,1
0.013334771527213787,0.004728203483621301,0,1
0.01253204679604344,0.006203453137297956,0,1
0.012864510893193983,0.005681461708205517,0,1
0.013103147511897343,0.005334807322224526,0,1
0.013010042149488484,0.005314121344440728,0,1
0.011848011632212992,0.007191212477593409,0,1
0.012359346502201093,0.005645843931273962,0,1
0.011588552283793751,0.00533401827570527,0,1
0.01310737607279755,0.0034531101968350614,0,1
0.013003234180948535,0.005716064799807024,0,1
0.011099348469200212,0.006089186848425624,0,1
0.01209246800369072,0.0052066592532967896,0,1
0.012350315200215903,0.00598788986065498,0,1
0.011826206245195,0.0051269060272519495,0,1
0.011572843961616446,0.004931435694125366,0,1
0.010368565348605894,0.008507332741636842,0,1
0.012676555348117137,0.004503976405611502,0,1
0.011807516466256066,0.0064366780134222975,0,1
0.01015108028332281,0.004798360331594127,0,1
0.010987756028400405,0.00694583997878692,0,1
0.014205538850859485,0.007478066846363044,0,1
0.011255228603627345,0.006271273093127653,0,1
0.012586548571570095,0.006483498814717131,0,1
0.012070094651481143,0.006172563237546664,0,1
0.011399384609417229,0.005414847744814138,0,1
0.011970225362258263,0.004663468958265473,0,1
0.009333586148847878,0.007602198803935763,0,1
0.013237105043803522,0.0070848253888225856,0,1
0.012080261788490941,0.0053822680666726925,0,1
0.01249429302639284,0.006484968012384043,0,1
0.012300574355421732,0.005886584117384597,0,1
0.01184417972947004,0.006181926554639428,0,1
0.009981004288643916,0.008131544279306038,0,1
0.009992296840886174,0.0053824760541253845,0,1
0.012107446431530508,0.007436348006815637,0,1
0.012508951646306145,0.00711922131676417,0,1
0.014650837243912853,0.005448056225932018,0,1
0.010947303451681796,0.00619008446895025,0,1
0.011772968860144015,0.005777627234765697,0,1
0.012237587177187594,0.008886169156395654,0,1
0.012994187531527516,0.007038965593295162,0,1
0.011854930443646583,0.007319213198406095,0,1
0.010484736334373747,0.006016195477794027,0,1
0.01068089256381485,0.007542407595597308,0,1
0.01132796828059731,0.005843389386184306,0,1
0.013097660269627508,0.006769916206542365,0,1
0.0110836134994192,0.007041929870168798,0,1
0.011871066526048506,0.007061847550481922,0,1
0.01144911339876618,0.006259996818141143,0,1
0.010115128523985103,0.007145016702239803,0,1
0.012686673310955734,0.008826737873606182,0,1
0.011898253553599745,0.004907727243832266,0,1
0.011706397205565626,0.006943020898753964,0,1
0.012048773712605994,0.007071135205833586,0,1
0.010512383200590426,0.007394735923301681,0,1
0.012528502564054717,0.007090607934444945,0,1
0.01084351658627005,0.008415639292318325,0,1
0.011612227008470352,0.007696886422322054,0,1
0.01188586737810866,0.006562519061723652,0,1
0.011662559619458357,0.0074510694907928285,0,1
0.012630717990360791,0.007253116075418811,0,1
0.009614395004790867,0.006325364169795048,0,1
0.010787755625635111,0.007622723162922505,0,1
0.012543781237188377,0.007950790813653566,0,1
0.011739796669562362,0.007244260960301547,0,1
0.01104334221876593,0.006174198406587473,0,1
0.011060469749301428,0.007688607081268385,0,1
0.011827338680509026,0.007602234250138371,0,1
0.011022800627081398,0.007758462831616143,0,1
0.012999903899781005,0.008930371081600769,0,1
0.012461995707699975,0.007742007138163346,0,1
0.011331031971535274,0.008282381268488914,0,1
0.009713077408057236,0.006636743427627714,0,1
0.011993991164443319,0.008485950890835484,0,1
0.012810285396776928,0.007241078043168531,0,1
0.01165155164515797,0.007519258514604252,0,1
0.014593885749059465,0.004020995609978179,0,1
0.014540572269154372,0.0023669676230183906,0,1
0.012323573311691271,0.00422103454578258,0,1
0.013052446887570351,0.0032179743635551324,0,1
0.010790313609782458,-1.673266499376321E-4,0,1
0.012376856208025184,0.002185236916326549,0,1
0.012308411885818219,4.95785494065538E-5,0,1
0.011606535626113603,-0.0014731841285291467,0,1
0.014328996510845873,0.001427078444990085,0,1
0.013450379843391145,0.0047503664361255625,0,1
0.014455226055593396,0.0031823720603432193,0,1
0.01469472583905874,0.0027383095815601247,0,1
0.013151679767971505,0.003083763129601397,0,1
0.01399175765668183,0.0029263545910723,0,1
0.012503296838541587,0.0027513191137543617,0,1
0.011600854281100526,0.0014434581304537358,0,1
0.014747461829099561,0.004874488134964765,0,1
0.013030905554519722,0.00440250974154268,0,1
0.01303857693823043,0.002514202299248527,0,1
0.013473358710510459,0.0037342861132318335,0,1
0.013330330892564595,0.003411232314370878,0,1
0.012392928987741922,0.0026962186626011083,0,1
0.011241710618316563,0.0027391183908934613,0,1
0.010822354697531936,0.0019581415165447545,0,1
0.013697247450012379,0.004459107257540785,0,1
0.014418720039495462,0.0033149218046500026,0,1
0.012531580055197063,0.002777103896463188,0,1
0.013017620072404434,0.0043697609653320785,0,1
0.012092280208417832,0.0013964139218415037,0,1
0.013335453411675031,0.0029903503435477607,0,1
0.012659813657484599,0.004488730575214197,0,1
0.01609345863248311,0.006015703710168048,0,1
0.012462653764389903,0.003541861718951407,0,1
0.011862567595790779,0.0031112585153233218,0,1
0.011651779034329016,0.0025021120082434015,0,1
0.012113824944902133,0.002761137816185359,0,1
0.010736330468356549,-2.863995378812262E-4,0,1
0.013092859926114513,0.006235030338418863,0,1
0.011310471792610202,0.0032292357498034333,0,1
0.01192092266692944,0.0033505667287686168,0,1
0.011810601474968478,0.0035186739768430864,0,1
0.012177417271471825,0.002624865547099303,0,1
0.012869777740991831,0.00599486617992212,0,1
0.01145853751689344,0.0039397684194122,0,1
0.01249795589500745,0.003989088332720585,0,1
0.011972696617030421,0.0033366659906472218,0,1
0.01147985529509648,0.0018187667836143807,0,1
0.012853543980770364,0.0022026221985757574,0,1
0.011818708785065583,0.004289939746571427,0,1
0.010395882631251362,0.0021661517595718397,0,1
0.01087285956667961,0.002030272182426218,0,1
0.01142445108292695,0.0027585742528504773,0,1
0.0110129039754986,0.0031892898955079665,0,1
0.011851515495647669,0.004231300472523822,0,1
0.011606402111160822,0.004055670855493783,0,1
0.011336524165379076,0.004337291356775613,0,1
0.010917474911031394,0.0017755327640076334,0,1
0.011547350818771347,0.0033086643914827197,0,1
0.011280521344059472,0.00382745855215561,0,1
0.01136463014531611,0.003653838438839412,0,1
0.01123566252858555,0.003398095036277783,0,1
0.010999457448772815,0.0034228826899001747,0,1
0.012818554718222299,0.004185237633662972,0,1
0.010594441688200338,0.005128583017351512,0,1
0.008460689750819306,0.006220893861138895,0,1
0.011160003183616126,0.004459512793339529,0,1
0.01210085570212753,0.004594653093705433,0,1
0.010683042286561091,0.004744793562883088,0,1
0.011550194710961708,0.004150327063034146,0,1
0.012466273416314944,0.004256678982565174,0,1
0.011636224710810227,0.0033809786355184293,0,1
0.010810396027437646,0.004027121658870448,0,1
0.0108856868072638,0.004908339524270324,0,1
0.010861752386667074,0.004740070369822015,0,1
0.009739630197524688,0.004282427978969778,0,1
0.008947586510398689,0.008383056520790357,0,1
0.010794514589160859,0.007525295908930666,0,1
0.00952602490681076,0.008376094506904845,0,1
0.011206503836889896,0.007294814514265289,0,1
0.010043849240541067,0.007556641372665253,0,1
0.011100082809857888,0.0075495851707937265,0,1
0.009079870321530934,0.005282214958776155,0,1
0.007477027530188117,0.008664097276688267,0,1
0.009717345537437142,0.00572712104463093,0,1
0.01127201472298467,0.008003014776479923,0,1
0.00986219963215296,0.0090645578175822,0,1
0.01058023883601261,0.0101215172301953,0,1
0.010970582193466161,0.00713070533945661,0,1
0.009821619256591483,0.0067530602954551525,0,1
0.010792307964913947,0.007389924291816735,0,1
0.009118424591878007,0.005755086989342976,0,1
0.012131328785607362,0.01030872196736963,0,1
0.01094311592969164,0.008636877337342872,0,1
0.010765267489692105,0.007937443943137331,0,1
0.008061025074432921,0.00773176643084749,0,1
0.010074317173950138,0.007635686860835039,0,1
0.01318919706424348,0.007323256624253427,0,1
0.008246858255230671,0.004483410300174776,0,1
0.010554558719895878,0.005256998770522244,0,1
0.009637581780999492,0.00932945173311965,0,1
0.010443923145815957,0.00774375286657194,0,1
0.011001596206098382,0.006549927269201883,0,1
0.007976462507252589,0.005670493732466035,0,1
0.005948805313387742,0.006869877387934585,0,1
0.009948607946461262,0.0061997895158892175,0,1
0.010326053595843834,0.00916972299680341,0,1
0.008848370039887466,0.00830848753869739,0,1
0.010737451179065112,0.0074638105426109115,0,1
0.010114821970798674,0.007426924432383626,0,1
0.009676647640411944,0.006280175072358443,0,1
0.009868924428354596,0.008188500395569589,0,1
0.00994777975065477,0.005083436227537277,0,1
0.011530141813885147,0.008541366723145353,0,1
0.010084917104160748,0.0072354027510212636,0,1
0.007617073443926093,0.00876311024143163,0,1
0.01023326817699191,0.007350931975202939,0,1
0.008948590278503084,0.00678773077277848,0,1
0.010107121234308696,0.00886675140073936,0,1
0.009829917866125925,0.008435053288376548,0,1
0.00833272436514681,0.009274393940320123,0,1
0.010238937356789332,0.005413311828989105,0,1
0.011584803353370761,0.004726608861258288,0,1
0.009561415103500366,0.006421402993392467,0,1
0.010734520071205192,0.010027201098238705,0,1
0.011180429214366258,0.007099627113748147,0,1
0.011177222550967397,0.005628326560023861,0,1
0.009442920107224284,0.007239225138698699,0,1
0.010090971936972393,0.008377278869174151,0,1
0.008976341729360798,0.008433349557422285,0,1
0.00886289846921249,0.007847843465774591,0,1
0.010005731723709096,0.006942842162463954,0,1
0.008328084763629093,0.006599779276730912,0,1
0.009260010736366777,0.008810858210847924,0,1
0.0096865784187104,0.009575521362125047,0,1
0.009749410318057568,0.008538167353024723,0,1
0.010025598503912343,0.008269562658554094,0,1
0.009544117345452128,0.009888612978280418,0,1
0.010821384857718597,0.009719407480472588,0,1
0.00886096824360557,0.0061664602257455485,0,1
0.008834240926734177,0.008662551425987618,0,1
0.007486909459508255,0.007028078070370882,0,1
0.008483409864234638,0.007326464511113627,0,1
0.009712622421974931,0.009353024351302613,0,1
0.007578098557989199,0.008336433882674929,0,1
0.008466969143612632,0.007637909132412379,0,1
0.00843208378784503,0.007831988058507912,0,1
0.008013133264160725,0.007803135784603296,0,1
0.007071197357899079,0.008986949006352076,0,1
0.00941540073126964,0.006373839352107705,0,1
0.010550534110881016,0.008752282772121521,0,1
-0.0026756145842679203,0.015011981921174448,0,1
-6.998930624089182E-4,0.015004589559065017,0,1
-3.422090464859518E-4,0.014828422612832516,0,1
-4.903974163015588E-4,0.014193462580874793,0,1
6.449767212316057E-4,0.014181859035863732,0,1
-9.339924885761051E-4,0.012630653078069841,0,1
0.0014598164723181404,0.014632069027999066,0,1
-0.0010128700059080676,0.01496490775698172,0,1
9.845762386684366E-4,0.017139900317529412,0,1
-0.0017604309919474967,0.011838747568055301,0,1
-7.676245808089224E-4,0.014278068559051012,0,1
-4.528591707272159E-4,0.015574986322194043,0,1
0.0015310834766741187,0.015126630950982814,0,1
-9.243823147127556E-4,0.015401807431333254,0,1
-7.585973364606925E-4,0.01393449587181904,0,1
-0.0028743146262567216,0.011956926667833741,0,1
5.541619776433965E-4,0.014255195062998473,0,1
0.001862122625318227,0.014222319285863726,0,1
0.0015787643500146228,0.015131509031690733,0,1
-0.002781452058456836,0.01273247380186472,0,1
-5.394905077283529E-4,0.014381829309565579,0,1
-0.001527285919237369,0.016317197383059347,0,1
9.300968169463038E-5,0.013573256210912465,0,1
0.0010563755357743817,0.013680114259091894,0,1
8.615580250015201E-4,0.018048935451071987,0,1
0.0010041732778731708,0.014335630991181559,0,1
-8.923196328080127E-4,0.014383141843050423,0,1
1.8722077658575335E-4,0.014022226475667718,0,1
0.0022124092451328782,0.015705557745742883,0,1
0.003938056388618992,0.015560975273295483,0,1
-5.037421531225665E-4,0.014304573139641908,0,1
-0.0014288340967269827,0.014316910939387173,0,1
-5.011389073502503E-4,0.01097769117854228,0,1
1.9476614036167234E-4,0.012915611128322362,0,1
-9.875682339621388E-4,0.012893711862557607,0,1
5.581167598333723E-4,0.012987040175120184,0,1
-6.94035368432803E-5,0.012280586534923997,0,1
-3.866691831632049E-4,0.01364331508065832,0,1
-9.340227334026974E-4,0.013798982009160474,0,1
3.0131553929187865E-4,0.01385311860644242,0,1
0.0014776793230852027,0.009737010148105815,0,1
0.0022590453978787806,0.013059476452358278,0,1
-0.001614751484604446,0.012426907380965042,0,1
8.413001822932103E-4,0.012316759744326918,0,1
-0.0011048496036175557,0.013927776175693048,0,1
-0.0010819538455425005,0.012301770427019324,0,1
-4.008497104653912E-4,0.012775279044194747,0,1
6.076407638763968E-4,0.013216292775834965,0,1
4.0080461558046035E-4,0.014061501507903125,0,1
4.4938098938878714E-4,0.012457588908478633,0,1
-0.0015999633848791139,0.013601686497644391,0,1
6.805997700219175E-4,0.012507393186422893,0,1
-1.4269716393147764E-4,0.012810761083288416,0,1
4.646647615217247E-5,0.014271812055895207,0,1
-0.002214299666913566,0.01270232380468913,0,1
-0.0022949847166963936,0.015763527848584664,0,1
-0.0014214152179746634,0.014491123568130515,0,1
-0.001960648751254498,0.015184228464463547,0,1
-0.0012936590178409008,0.014972551739145697,0,1
-0.0031806641794157953,0.013031472910457878,0,1
-0.0011890188853792602,0.012690300244557891,0,1
-9.126138896988498E-4,0.012735687004775391,0,1
-0.002317903048176587,0.014519458483597708,0,1
-0.0013995617793331183,0.014481273187942692,0,1
-0.0034477177681136776,0.010937914780580826,0,1
-0.004781992130539544,0.013419029353667773,0,1
-0.0017559763872511671,0.01347567097876119,0,1
-0.0028698248703466437,0.012564658215354844,0,1
-0.0012569973497300344,0.014567980612243462,0,1
-0.0011650470938513063,0.015606669193329899,0,1
-0.0012242368182985677,0.014585772203016718,0,1
-5.122508388466144E-4,0.01307526367732733,0,1
-0.0010818817314488308,0.013512032319530161,0,1
-0.001501170110587758,0.012212397997204133,0,1
-0.002883266207162196,0.014857857322399644,0,1
-0.002020055997332503,0.014034675624132487,0,1
-0.0017618950122471019,0.014516767583745982,0,1
-0.001961436372019463,0.01351266451629037,0,1
-0.002336687263464563,0.01100595654866427,0,1
-0.0023990609785006257,0.014720563189927056,0,1
-0.003211306082694546,0.014481759496184729,0,1
-0.0024378805034253005,0.013284188674553119,0,1
-8.478099258260383E-4,0.011242520477591292,0,1
-0.004362723844574232,0.010540054506107895,0,1
-0.0018532721623639116,0.014425701757051239,0,1
-0.0033337414472685485,0.01366557286742539,0,1
-0.0016091477589319071,0.01666995152384703,0,1
-0.0025465143185406905,0.01276091814812289,0,1
8.703786825554245E-4,0.014637028961817925,0,1
-0.0015132814114389187,0.013424330527682026,0,1
-0.0013680635019356685,0.01616699299737528,0,1
-0.00113308591361453,0.012952676100119225,0,1
-0.005096631829260815,0.011860452599064639,0,1
-0.0031422520453037346,0.01425333702890642,0,1
-0.0025923137675080057,0.012493879136818535,0,1
-0.0023505667091095095,0.013142883721888035,0,1
-0.0026677877229256005,0.014645389623530547,0,1
-0.001690531386919918,0.013706583484460145,0,1
-0.0029442030639121215,0.014902936118623871,0,1
-0.0033878729776788733,0.014699840965044076,0,1
-0.002841273156888185,0.013756430633305214,0,1
-0.0038944102028977095,0.013837351166484166,0,1
-0.003733928358838926,0.015645312872772318,0,1
-0.0021998068396791555,0.013989533083548217,0,1
-0.0022311549596940486,0.014165495756191112,0,1
-0.0037573066833745997,0.010103172669321642,0,1
-0.0024504418578280844,0.012975919996259676,0,1
-0.003979729879165518,0.013560225561392905,0,1
-0.0035611059155987623,0.014251663386985452,0,1
-0.004581043936824209,0.013166836855295015,0,1
-0.0041946688175338665,0.014344652013880691,0,1
-6.286606012924241E-4,0.014927066780854458,0,1
-0.0030804531254303457,0.012993176775506021,0,1
-0.002641634271197733,0.012627252705444464,0,1
-0.0021683160848319756,0.01231734362988474,0,1
-0.003524200645707189,0.013394193221656756,0,1
-0.00177628105760045,0.01257720713464591,0,1
-0.001371081916961735,0.011243534585737383,0,1
-4.032571748178894E-4,0.013814714872217401,0,1
-0.003610870967474473,0.013239652609027569,0,1
-0.004006566124050222,0.013524114393247957,0,1
-0.0027451985236770695,0.011949727217690866,0,1
-0.0017852362522781538,0.013929651955951146,0,1
-0.0018573478869599856,0.01162958101323977,0,1
-7.459770758718227E-4,0.011303658918303377,0,1
-0.0035919610882042584,0.012582493026058395,0,1
-0.003794633363725148,0.01630189674891819,0,1
-0.0033481405606062544,0.012814148599038825,0,1
2.637394015597079E-4,0.011508500941487119,0,1
-0.0024680976589420214,0.013730610626096396,0,1
-0.005078178243958196,0.011143441163080208,0,1
-8.055731520361783E-4,0.014353634693611563,0,1
-0.003902893898068265,0.012861914223040716,0,1
-0.003324206709245867,0.012120368778747267,0,1
-0.0029189798973461127,0.013752421565782965,0,1
-0.003581170297563491,0.011394361568854244,0,1
-0.0037672994544566732,0.011124008479748728,0,1
-0.001063269657118068,0.01091784480418684,0,1
-0.0044465952786190074,0.013743198808023643,0,1
-0.003997238167288968,0.012702884926076869,0,1
-0.004133774966892351,0.012157904520870611,0,1
-0.003736868125025294,0.013280699148098686,0,1
-0.0023994370593404045,0.012394548003176535,0,1
-0.0024651018851730975,0.011738547821512705,0,1
-0.003263044556560272,0.010415625162983291,0,1
-0.004177449049097947,0.012506022750399536,0,1
-0.004883460812653878,0.010206333564797736,0,1
-0.0026864278851305282,0.011689901904350345,0,1
-0.0023226397559468538,0.012312991879336897,0,1
5.050629488385052E-4,0.012815982697128511,0,1
-0.004489264511725466,0.012723988487209905,0,1
-0.005419139485278581,0.011752121493730944,0,1
-0.004859206034550052,0.012463373018789574,0,1
-0.0054725128409183945,0.012660244282793253,0,1
-0.0031665861590736673,0.011643480395141119,0,1
-0.004600605511677889,0.012318188705437114,0,1
-0.003950055658170717,0.012674636417675397,0,1
-0.002033965459640015,0.013396014657309933,0,1
-0.002929534918147107,0.011172980444770646,0,1
-0.004853842513622673,0.010549794822253792,0,1
-0.00585852494379841,0.01162085088605578,0,1
-0.00396308017352995,0.01259205129103289,0,1
-0.0028939964581765985,0.012356843721919628,0,1
-9.637231296218241E-4,0.008360291121863208,0,1
-0.004166993335892567,0.011780969598096994,0,1
-0.004178221943245847,0.010477907128224972,0,1
-0.0037576407594930574,0.012378271733349403,0,1
-0.004225859285495294,0.010467948056271452,0,1
-0.0034671033327182,0.01168824090718565,0,1
-0.003994749699328206,0.01197940705977331,0,1
-0.004267933792758023,0.011594747599804224,0,1
-0.0020578381122752093,0.013285974227859123,0,1
-0.00384833468188673,0.010656832400835096,0,1
-4.1993829020739876E-4,0.011245086434793614,0,1
-0.003398626457686605,0.0100061083780359,0,1
-0.0052104871160567065,0.011370391856214671,0,1
-0.005004182315032983,0.010625385650952989,0,1
-0.004147569688424314,0.011975470173905598,0,1
-0.002874191162345447,0.013100798807504479,0,1
-0.00407444999592598,0.011947603974008831,0,1
-0.0046598565406156395,0.010436321897699968,0,1
-0.0020961408052245284,0.010099586294476376,0,1
0.006995251157205543,0.015333676532063818,0,1
0.006891353298711883,0.012152470661142766,0,1
0.007216808230318151,0.011247085792981053,0,1
0.007601828593712819,0.01119656620022692,0,1
0.007719225341210296,0.0107084569606747,0,1
0.007165093799906458,0.00978766443928227,0,1
0.005431493741706859,0.009180548005409832,0,1
0.006917451338288568,0.008811274632012575,0,1
0.0072091725135707075,0.008363505974937261,0,1
0.004737077884503241,0.013554391585530385,0,1
0.006148064906862755,0.013032447119327663,0,1
0.007312711841069259,0.010953071566625136,0,1
0.0070265666248758765,0.011568165268397441,0,1
0.005224839730301307,0.010336315759331688,0,1
0.007262324915625749,0.010034877563551564,0,1
0.006699200957957136,0.008689305063404446,0,1
0.005393896041663596,0.008817490665287961,0,1
0.00596652506642398,0.012820484686233626,0,1
0.00665729378750096,0.010745166704774222,0,1
0.007855124274768227,0.013457873045262806,0,1
0.007891727691612163,0.011283146136858884,0,1
0.0066549660256423684,0.011997718804002942,0,1
0.005912341696284479,0.007774776526307146,0,1
0.005852449064101321,0.009277589559690486,0,1
0.006826019409535734,0.010479503437611852,0,1
0.006703425430205415,0.012888095375647305,0,1
0.0051701253181254195,0.012225932532426844,0,1
0.006199833826120621,0.011269312244361972,0,1
0.00870161625560882,0.011774957645285983,0,1
0.006605635082652162,0.010123161693598967,0,1
0.006376383483285767,0.009713023767648172,0,1
0.004590437841415062,0.008871451601534743,0,1
0.0053125823241050125,0.01541433262074023,0,1
0.005675626633269627,0.011305309380848989,0,1
0.005969805861880688,0.01173235544850061,0,1
0.00915931052910114,0.01139418931626857,0,1
0.006978122486321988,0.008922373801037482,0,1
0.0057838252080903135,0.008961086038745089,0,1
0.006659205878269258,0.009280400271694163,0,1
0.006618962388457108,0.0117052178895134,0,1
0.0060815559575482635,0.011523357147625148,0,1
0.005053044690867026,0.011361547837082712,0,1
0.006859916519465428,0.008423449121598139,0,1
0.007240603594725381,0.010504300658770435,0,1
0.005311326199449662,0.0107525517645572,0,1
0.005839603354009062,0.01190907038547904,0,1
0.005809987208718619,0.009515865200950057,0,1
0.0059702514509969076,0.01120359317144677,0,1
0.0049994298941915885,0.010456858087299268,0,1
0.008092477836089755,0.008027717997476473,0,1
0.00498851902527016,0.010026798206074326,0,1
0.005774469090712971,0.009661534098579208,0,1
0.005658170396742665,0.011702293319883279,0,1
0.005809971519896416,0.010400134996727563,0,1
0.004941677721775271,0.01127051005590116,0,1
0.005869273194376402,0.009811036967288437,0,1
0.005783214459890345,0.011630254521551586,0,1
0.007294635029217908,0.012500053506514291,0,1
0.0052598142495187735,0.010122929773636146,0,1
0.005384010541454552,0.010065039495917786,0,1
0.0070003444684331425,0.00888291881558861,0,1
0.00738700845698525,0.012295778881200252,0,1
0.0072743648205102875,0.012620082511213132,0,1
0.004964145185991088,0.01033951172579661,0,1
0.0037015398402680975,0.007186811019847573,0,1
0.005334432103628823,0.011361864021221503,0,1
0.003086028977078399,0.012772220904798258,0,1
0.003895981725056312,0.00853416215336102,0,1
0.005745200246001831,0.009494566302580847,0,1
0.005025989015029569,0.010608964647495224,0,1
0.0013796555875091549,0.011067142006902543,0,1
0.0024408746163089912,0.010324452089009745,0,1
0.004993379750265386,0.013791033552309831,0,1
0.005501137845590762,0.011258124656139816,0,1
0.0036693419412940154,0.012402379828625203,0,1
0.004768839115166456,0.011562127476974987,0,1
0.004674399383801923,0.011579630382326416,0,1
0.004713531855677635,0.01109841427627385,0,1
0.004662996343520266,0.011036487790047943,0,1
0.004534033947298967,0.010013206949930461,0,1
0.003486807919847557,0.009035257127503743,0,1
0.0011715132258201225,0.014008804542243406,0,1
0.0012048401739362953,0.01337292754029274,0,1
0.0028625012871189236,0.012886506303375359,0,1
0.0028675761948137755,0.013299081021576458,0,1
0.002842969439455104,0.012712977512220353,0,1
0.0027493576980102195,0.01357020804588208,0,1
0.002148433451821288,0.012386196823582801,0,1
0.0033163785449330956,0.012141983638545576,0,1
0.003383672265015074,0.010732829613727301,0,1
0.0025493148333806228,0.01416901915506053,0,1
0.0017178219185454305,0.013850234845071785,0,1
0.0022462050140047616,0.013820315547196564,0,1
0.003973138735924375,0.012685200486705309,0,1
1.1969780226840354E-4,0.013516300155100844,0,1
3.323164619633022E-4,0.011095465708258236,0,1
0.004694753799181508,0.010101547046511465,0,1
0.002335587013093846,0.013265828055618493,0,1
0.00112453235564811,0.013058247789425825,0,1
0.00217748757690176,0.013189888590184258,0,1
0.001428486738533874,0.013433068605516756,0,1
0.0018654234179368771,0.012046583016371055,0,1
0.0021979586412721836,0.01250212643652431,0,1
0.0029713229492396406,0.010437115884697711,0,1
0.0013252838685632602,0.00940276564635704,0,1
9.659195229328436E-4,0.01237263017137439,0,1
-5.458766644113993E-4,0.013615062634730122,0,1
0.001307415148394194,0.013514665776532117,0,1
0.0016025299139689696,0.012421873666034184,0,1
-7.58684873095636E-4,0.011247193177908834,0,1
0.0016439631648851047,0.012489698667662707,0,1
0.002539460898092785,0.011244718482833801,0,1
0.0011371302070957673,0.013321235152068761,0,1
-4.3645243174413376E-4,0.013861939788873597,0,1
2.871574548498192E-4,0.010645312543758214,0,1
8.323664411631135E-4,0.012822709404484938,0,1
0.0025877984324789837,0.011872114373437284,0,1
0.002349186189312949,0.009715930639398901,0,1
-2.4100285109407966E-4,0.014135436928890858,0,1
0.001531320849438527,0.01334846201598658,0,1
0.0014137285676052026,0.012639459980344712,0,1
0.0017591129364970262,0.011739522192412331,0,1
0.0017498775362384384,0.01069990191770711,0,1
0.002541355590750393,0.011084182281919085,0,1
8.853027131713984E-4,0.013241282204385304,0,1
1.1411664377743645E-4,0.012039365325434667,0,1
0.004289189896590112,0.011676582433229209,0,1
-4.1124470085159655E-4,0.01459039044337346,0,1
0.0028503577404246448,0.01120288698817233,0,1
7.610389204512163E-5,0.011937157206482559,0,1
-0.0012841678757480788,0.012920524344536987,0,1
8.596385249618905E-4,0.013101072398509467,0,1
0.0020306041169154084,0.013431826470420951,0,1
0.004136116802038722,0.012461323722867328,0,1
-0.001847651712800403,0.013502990882992803,0,1
-0.0017852542639521741,0.012282258461665039,0,1
-3.1586661254485527E-4,0.012435968152623402,0,1
-0.001809981657250526,0.00960518421594468,0,1
0.0016799198883128855,0.012288822066286655,0,1
4.7757973009065097E-4,0.0134198019469006,0,1
6.846558206934501E-4,0.014539955618395295,0,1
8.129659686575807E-5,0.012656071927673325,0,1
1.2486508292349128E-4,0.012534029218518691,0,1
7.661337454372379E-4,0.012248232083206446,0,1
4.5601499307354926E-4,0.012672760358484216,0,1
6.273157036348425E-4,0.011503445765409187,0,1
4.743142622562577E-4,0.013265979397560348,0,1
8.555598949535202E-4,0.010581314752602806,0,1
0.0014515947140011773,0.0110999763527136,0,1
1.428332074862933E-4,0.012397546162618915,0,1
-3.1312271285007567E-4,0.0118766095888335,0,1
-4.6506682504724135E-5,0.011352898283173362,0,1
6.002051824653129E-4,0.015276362816068603,0,1
-3.638986129751855E-4,0.012008178955823234,0,1
-0.0018723226999478393,0.009956070403492646,0,1
-2.8207023686831216E-5,0.011250884492722147,0,1
-3.18255344605346E-4,0.01255500082417518,0,1
-0.003009084472838283,0.00529401284125776,0,1
-0.0022983017857640905,0.008010835866182654,0,1
8.698266337864648E-4,0.009446887641166888,0,1
-0.0029430950716327568,0.009554306546045098,0,1
-0.0028238499489459962,0.008683065575790945,0,1
-0.0045211561317797305,0.009825627618830195,0,1
-0.0042715335179355695,0.009442918273112779,0,1
-0.00425381921276224,0.009663975805805285,0,1
-0.003600779627446631,0.009782335689139046,0,1
-0.001983061180736687,0.008449265415496234,0,1
-0.0012892781984640172,0.008038109578985372,0,1
-0.0050842384284623,0.007901833469068486,0,1
-0.003184167094498875,0.008776099726943229,0,1
-0.004574643903763707,0.009165762813483639,0,1
-0.0038006635070610326,0.009565206099669647,0,1
-0.003744043971067241,0.008784556417232468,0,1
-0.0048074940045022075,0.01004717769891159,0,1
-0.0025205158996449237,0.0075746637138000466,0,1
-0.0024171347980233926,0.008756942430463219,0,1
-0.0019499495820100915,0.009747995145809006,0,1
-0.003663141865220108,0.00915821360273901,0,1
-0.0031433761594918774,0.009446329022270787,0,1
-0.0036270349822748716,0.009818366952876164,0,1
-0.00534906897991003,0.010606848201937217,0,1
-0.00458411131607317,0.010546933372275677,0,1
-0.001996503926070954,0.007853852816172915,0,1
-0.0034374789572696202,0.006419199301610797,0,1
-0.0025678478731277236,0.009089643308771937,0,1
-0.0024603544758867576,0.009444411584536022,0,1
-0.0033047351449016224,0.008616918976612879,0,1
-0.004709296038126678,0.010753773894455141,0,1
-0.007081328291686956,0.009356706193576347,0,1
-0.0027800882939386313,0.007446635314699744,0,1
-0.001954828069782569,0.008649361279751586,0,1
-0.003907763231032871,0.010826671939039492,0,1
-0.0022231874985908,0.00873480769702272,0,1
-0.005065443810660709,0.009317693268738448,0,1
-0.0026485422881393017,0.009562703839288528,0,1
-0.0034355464850809375,0.009746198626082194,0,1
-0.0017223446723524684,0.010284437536041587,0,1
-0.0014580723392128992,0.007926982485441414,0,1
-0.002376741319804575,0.009423750846817314,0,1
-0.0022913015682406255,0.010302938465041548,0,1
-0.005232206713370857,0.009711810454120376,0,1
-0.004760671849513048,0.010179724689575904,0,1
-0.0015586762069808682,0.006859915089593773,0,1
-0.0014134110995301047,0.00888822395288217,0,1
-0.003945070554805603,0.009953606174450026,0,1
-0.004219052319957139,0.009483740263198823,0,1
-0.002446110817779887,0.009962079182803799,0,1
-0.003444689840312097,0.01070194646760264,0,1
-0.0017614641549260862,0.009272554201413276,0,1
-6.932333977382023E-4,0.011830153090560009,0,1
-0.002920537277655857,0.010315007384078667,0,1
-0.004012829486762243,0.01062642907320912,0,1
-0.002223131712810293,0.009352552783300773,0,1
-0.0013227590032827777,0.009799952152842684,0,1
-0.0018949306674841972,0.009806150751494902,0,1
-0.004883591500115715,0.009804670699335662,0,1
-0.0013126893925861438,0.011705401903290828,0,1
-9.160347200411606E-4,0.010016014079049883,0,1
-6.240543766262694E-4,0.008614560940690968,0,1
-0.002320738082026264,0.010605525088129513,0,1
-0.003076289202860637,0.007427272444379746,0,1
-3.3627362654864033E-4,0.008345436267460022,0,1
-0.0046640407280027435,0.008643841672851035,0,1
-0.0019489503760047652,0.009874635304061677,0,1
-0.0021957420196050334,0.010804173066541748,0,1
-0.0026545737624016834,0.010567222923618579,0,1
2.1853246524299462E-4,0.007179541850602109,0,1
-0.0037010704794418784,0.011653490150338501,0,1
-0.003313617817463271,0.009768080929669111,0,1
-0.0013347149422481947,0.010239035596364571,0,1
-3.197276419814073E-4,0.010219789818535467,0,1
-0.001371939812845873,0.011176145364775777,0,1
-0.002943559719118255,0.011166987341368131,0,1
-0.0021902685084488806,0.010859337594926586,0,1
-0.0015914738613116415,0.011230422436721663,0,1
-0.0012235422014335903,0.010194086217636808,0,1
-0.0014944478295471145,0.01108309904355323,0,1
-0.0010808772717961414,0.012853840781288721,0,1
-0.004598156636002986,0.006879907958870725,0,1
-0.004728102256543847,0.006860707727736592,0,1
-0.004746200963766752,0.00753061855166391,0,1
-0.007838674252657284,0.010564416417604834,0,1
-0.003995102135810182,0.009212235650732625,0,1
-0.004639990462071111,0.008856659841626856,0,1
-0.004235696134229066,0.009276978310025483,0,1
-0.0036887316411608577,0.008473688809465483,0,1
-0.0024746710229139124,0.005285104599074104,0,1
-0.004984674971364185,0.006807433327387851,0,1
-0.004944802448222693,0.007972122746638503,0,1
-0.0049086821115351936,0.007748051925325821,0,1
-0.0035387227445918303,0.008111000307941941,0,1
-0.005769838820346302,0.00861596678625835,0,1
-0.004374107983921523,0.009005568673798234,0,1
-0.0027101518830727686,0.005129512465338245,0,1
-0.0019381878866147706,0.005017585066590579,0,1
-0.005451569587460722,0.006402438540174447,0,1
-0.003959574213662278,0.009720123194580318,0,1
-0.00643290123463626,0.008791004679484779,0,1
-0.003956760698417903,0.009624854032570863,0,1
-0.005934364558142263,0.010807710790267308,0,1
-0.004419915658378135,0.006320764455043451,0,1
-0.0041644103706677555,0.007442462913110978,0,1
-0.0034365891234007253,0.006793233248700653,0,1
-0.004407018880000071,0.008966622108350702,0,1
-0.0028000542697599225,0.008910355422100185,0,1
-0.003963587884608372,0.009032066674922595,0,1
-0.006899169147376558,0.006055954446944166,0,1
-0.004944880132941451,0.007430691975715744,0,1
-0.004053694556640476,0.006606056551966996,0,1
-0.004475127210218393,0.008285482071166831,0,1
-0.004829908808242336,0.009675736712035815,0,1
-0.0041024163084406925,0.010024754622996774,0,1
-0.0035194574605496524,0.0070658618082092475,0,1
-0.007064492916440432,0.00875190333042263,0,1
-0.003861966096879496,0.00856941371773149,0,1
-0.002999165113382951,0.010133131759213846,0,1
-0.003934435530234161,0.007196288187885008,0,1
-0.003916618550761573,0.007443900522349029,0,1
-0.0037663356944429988,0.009401956100329324,0,1
-0.003928030500509996,0.008469801428103933,0,1
-0.003763583466340897,0.009031940415572896,0,1
-4.06558453648029E-4,0.006559270246232052,0,1
-0.006645144361857488,0.00814401656805496,0,1
-0.004867305434104119,0.008310818370290662,0,1
-0.0039625530781259724,0.007402295599349314,0,1
-0.0037228576346203805,0.007869025286010979,0,1
-0.003258844315716897,0.007517969653649932,0,1
-0.0021437165645755416,0.009100944990224173,0,1
-0.0037947690206094342,0.008201524109968937,0,1
-0.003598100368267663,0.006414728901929473,0,1
-0.003927886045921313,0.0069699629998738735,0,1
-0.0024839051301965495,0.007423192931980355,0,1
-0.0013515632965589869,0.007223080693154075,0,1
-0.0013182627354535264,0.00867030826871785,0,1
-0.003928936828699326,0.00920171148118894,0,1
-0.0014796427590460196,0.006494217294417329,0,1
-0.002655979908105426,0.00797630199028611,0,1
-0.002905983041632961,0.004402729260693583,0,1
-0.0025000494543584158,0.008469758992653205,0,1
-0.0020507518240259278,0.006788787694088237,0,1
8.360966788829961E-4,0.009030310525775128,0,1
0.0011591689011499775,0.008518626959923142,0,1
8.518441414188409E-4,0.009734092327640076,0,1
0.0017593465128521296,0.009044613656599676,0,1
5.625343220275534E-4,0.010851003757807995,0,1
-2.9666965601258084E-5,0.01062734219288306,0,1
-4.2349743749186874E-4,0.011182439978762785,0,1
7.377974700678035E-5,0.011934150426978592,0,1
0.0015009618539433868,0.0086306677916689,0,1
9.877943575605165E-4,0.0077101965154219064,0,1
6.277497755432787E-4,0.00974750552824733,0,1
4.446644707846026E-4,0.010430721465782047,0,1
8.968511017476748E-5,0.01094074615943761,0,1
-1.5939019026385285E-4,0.009523415768515226,0,1
-0.001147527822122715,0.011080159255060673,0,1
0.0021617752463570154,0.00969783545489699,0,1
-0.0028376812003058968,0.009441406597403291,0,1
2.854489664957164E-4,0.007337303080082282,0,1
6.278191385927406E-4,0.009997604119275664,0,1
6.529902771981424E-4,0.01174780681370568,0,1
-0.001999746649854652,0.013327359721778835,0,1
0.0017135612365895639,0.007954758833463298,0,1
0.0016035379965418253,0.00983795287859488,0,1
0.002482287497473259,0.007514541776590002,0,1
4.619497086350524E-4,0.010359028721945706,0,1
7.22333564326911E-4,0.010934689416755667,0,1
7.68635957568079E-4,0.010997350877916399,0,1
0.0018905745576376356,0.00834133439438656,0,1
0.0015441145243763044,0.008742095754702695,0,1
9.696434106562269E-4,0.010326518383236333,0,1
-8.345008371176695E-4,0.011145674412057984,0,1
6.375967921659904E-4,0.010999098955722693,0,1
5.142487562681816E-4,0.01182518311541273,0,1
9.95732304663121E-4,0.008137183995813905,0,1
0.001915669660211382,0.011189293610445477,0,1
9.064282447337826E-4,0.010296672906975847,0,1
4.460325744956043E-5,0.01215072157410816,0,1
3.936519619275942E-5,0.011943852881771208,0,1
0.001988229303097136,0.009145634865951257,0,1
0.001776656250665512,0.009845560500259564,0,1
0.0025264296773229635,0.011188388707687022,0,1
0.00210480287495523,0.011293079882593341,0,1
0.0011572110611556721,0.007983857824096,0,1
0.0010966091354128252,0.009004237555424748,0,1
0.0016158632594435228,0.010195853177951384,0,1
4.524266585513822E-4,0.009446345293150268,0,1
0.0011963316310226726,0.010870418546929165,0,1
0.0020078717767413362,0.009714074822581301,0,1
0.0021521047977253833,0.010633742059624644,0,1
0.001337065510330202,0.010436818002783265,0,1
9.064750932770638E-4,0.011002562802190847,0,1
0.0035233757977642284,0.009938722080665012,0,1
0.0022011998915376363,0.010769718058244221,0,1
0.0014834155088282854,0.010580777337412774,0,1
0.0019307625276274143,0.008856061617568902,0,1
-6.602468767469453E-4,0.008417732678122729,0,1
0.0021204970973840976,0.010333311873327793,0,1
0.002213971230804513,0.010508606873202174,0,1
0.0014465652020106922,0.00925220874958886,0,1
0.0022739888508236114,0.010519331809103626,0,1
0.002148576588036552,0.010100579802012266,0,1
-3.4521590954711217E-4,0.009058548602902826,0,1
0.004235857478633416,0.009814078617089094,0,1
0.0029354585691709414,0.011909349348429752,0,1
0.0019388290348245376,0.011891737060537488,0,1
0.003081037115135654,0.010218445090951548,0,1
0.0029783407605995377,0.010596736207513592,0,1
2.505705432455542E-4,0.009987338287064102,0,1
0.002683932391128815,0.010271626599232664,0,1
0.0011454875282267713,0.008598705485491014,0,1
-1.3057188139311036E-4,0.007864654306431062,0,1
-0.0029707029383992008,0.0054798454757873085,0,1
-6.353471809976314E-4,0.006944474495542421,0,1
-0.0014543243227278387,0.008110664961041347,0,1
-0.001613646112490344,0.007373174514204331,0,1
0.0017774079092478293,0.008326758586779302,0,1
0.0016941827572795705,0.008958581416899907,0,1
4.297723123271777E-4,0.00807962850611689,0,1
-0.00203608023059386,0.008003331463526317,0,1
6.76689638860606E-4,0.009108901584613837,0,1
-0.0015840795744926158,0.009243813624823618,0,1
-0.0012560936526622838,0.007719958008278897,0,1
3.642739627019758E-4,0.009191686952331225,0,1
2.677460935692323E-4,0.009487377926285684,0,1
2.572696698436979E-4,0.009019474391281673,0,1
7.889913055210569E-4,0.011756504874295581,0,1
-9.44171293287063E-4,0.008009485000779675,0,1
6.363750218938568E-4,0.011273829696133766,0,1
-0.002698634036458453,0.007956673139964258,0,1
0.0014615359486661924,0.008790285020717208,0,1
2.966058056992592E-4,0.00880843113053983,0,1
-4.344819647381E-4,0.008876633888366554,0,1
3.742106763915522E-4,0.009228788380431018,0,1
-5.997332411049101E-4,0.009800663855741234,0,1
-0.0011027956550726662,0.008422045025532282,0,1
3.204317619596828E-4,0.008709662228994726,0,1
-3.5396947510760716E-4,0.009429427530529342,0,1
0.002816418349301291,0.011424571788546199,0,1
-0.0010831904789646853,0.008050905205341349,0,1
-0.0016699119378190484,0.008556566869833634,0,1
-4.195510848182185E-4,0.009599809734152238,0,1
2.6217552108314406E-5,0.00875154338273541,0,1
7.520295547669335E-5,0.0079674541915268,0,1
-0.0012914562138002092,0.009908253468030877,0,1
-0.0015563613545078459,0.008623113476502318,0,1
4.993872494173348E-4,0.009603477635780929,0,1
0.001521036177035163,0.009211876329880393,0,1
0.0015419769242304606,0.009142232404476452,0,1
-5.928250069769292E-4,0.009404675127635332,0,1
-0.00214425369596214,0.008921301235754396,0,1
1.4786923360745854E-4,0.010255758761689935,0,1
2.5937070809569523E-4,0.009872366518632502,0,1
-6.935073418251878E-4,0.00966153443413628,0,1
-0.0012761815841814705,0.00837650788126254,0,1
-0.0012402712116853806,0.010575480468295706,0,1
-9.324101578161452E-4,0.009855221542222336,0,1
-0.0012197097102530328,0.009513163033008719,0,1
-0.0020917720375384762,0.010089721458015984,0,1
-0.0015128328870138883,0.007101316169058448,0,1
0.0020539963231749492,0.009919984555622006,0,1
-9.365905641925988E-4,0.009843326228287309,0,1
-9.69954908609222E-4,0.01025842459245899,0,1
3.731623751856083E-4,0.008308566276779417,0,1
-5.443067441537066E-4,0.010553711971866168,0,1
-2.6727393064950044E-4,0.012082955063553847,0,1
-0.0031672385863458293,0.008499289558772218,0,1
0.0022801242918725167,0.011107434931319084,0,1
-0.0015573108689118202,0.010147402667508491,0,1
-8.529501892708411E-4,0.011023360830979831,0,1
-0.006222516380432521,-0.005207879447492544,0,1
-0.008037505265890544,-0.0033221877045834917,0,1
-0.007469699975169185,-0.0036086248785795055,0,1
-0.006728524239806611,-0.003854135101438157,0,1
-0.006930438994284891,7.134203625415773E-4,0,1
-0.006276272765194051,-0.0033634159820905827,0,1
-0.007919095235623484,-0.002441863307101227,0,1
-0.006797413467761581,-0.004520341796746948,0,1
-0.0069972091717464885,-0.004205330444182397,0,1
-0.006871126319646272,-0.005872119313910085,0,1
-0.007072361104636514,-0.0035659482053059396,0,1
-0.007393287628024821,-0.00235080217865823,0,1
-0.005012661078888729,-0.004329908834046661,0,1
-0.010452953627651857,-0.0024601314668870975,0,1
-0.006310172035958984,-0.004935085133051474,0,1
-0.008226982121293877,-0.003213258221471396,0,1
-0.007371832132192691,-0.0026295243251999666,0,1
-0.007383569734491627,-0.0021731244391042957,0,1
-0.0071956186908003926,-0.004375092911254084,0,1
-0.008294351773431727,-0.003920228257718578,0,1
-0.006756257255783569,-0.003487100806269175,0,1
-0.007001455972596599,-0.0036436860139017727,0,1
-0.007398600792496026,-0.0034055882332858748,0,1
-0.006615517579779183,-0.003990010240775785,0,1
-0.006754110606460025,-0.0012991927549746353,0,1
-0.007967842421919736,-0.004128611958299843,0,1
-0.007415265834684709,-0.003248972366779715,0,1
-0.006625129884704067,-0.003178315699942608,0,1
-0.007088151093314264,-0.004059480884069811,0,1
-0.006842023940031416,-0.003440364278303237,0,1
-0.006467639083163783,-0.002448847079703982,0,1
-0.002796367223551565,-0.00466236018444072,0,1
-0.007130613547857962,-0.003101619166605381,0,1
-0.004423052179329748,2.1113960848483196E-4,0,1
-0.004586114055281256,-0.0029176291698111826,0,1
-0.00663139511754886,4.3757991530069256E-4,0,1
-0.006043228778492649,-0.002874331816480831,0,1
-0.0042897621832728985,-0.003431620043438948,0,1
-0.007143649126227056,-0.0037571231420568674,0,1
-0.005901832986908921,-0.0029668040234736453,0,1
-0.0033453071144355947,-0.0025737537306356703,0,1
-0.0068092316872830835,-0.0031142575308295813,0,1
-0.0048172943978710536,-0.002266067302496009,0,1
-0.005150930986684509,-0.0029521875597109323,0,1
-0.005168886704132676,-0.003216272899672496,0,1
-0.0043405389674054185,-0.0035166652721162943,0,1
-0.005205203890543556,-0.0037068684579144176,0,1
-0.006814111847087235,-0.0034138271935152814,0,1
-0.005912083185410009,-0.002216629696610527,0,1
-0.005956404424400787,-0.0029178636127569525,0,1
-0.009659292897501314,-0.002367496359470464,0,1
-0.007446270152594166,-0.0010348653335040404,0,1
-0.004694455913200161,-0.002719287909865982,0,1
-0.004316201826242183,-0.0027296425060475346,0,1
-0.005604136108767045,-0.002346756205912891,0,1
-0.007980889098958416,-9.004513708911782E-4,0,1
-0.007104716358716881,-0.001732513496938775,0,1
-0.007482172106897315,-0.002035363115057323,0,1
-0.004250066143461627,-0.0027472220772139094,0,1
-0.005534384030585797,-0.0018944083445076242,0,1
-0.004574022816171518,-7.378066930152628E-4,0,1
-0.006374268864825542,-0.0015276004027276044,0,1
-0.006031365087644489,-0.0016035262849277202,0,1
-0.0071756790465880675,-0.002322938231608661,0,1
-0.005312878298001586,-0.002896869710868237,0,1
-0.0058254635241990135,-0.0017093676796490413,0,1
-0.00627485374259282,-0.0016866769758973853,0,1
-0.006970100447016237,-9.038282861567015E-4,0,1
-0.007160391088187426,-0.0019320421754010207,0,1
-0.004563338379804218,-0.0023869814372462863,0,1
-0.004598042052756642,-0.00210677803064584,0,1
-0.006565017274828408,-4.147914866418615E-4,0,1
-0.00704952049562666,-0.0012854778900034864,0,1
-0.006440150807173607,-0.001149155097305316,0,1
-0.005058905120618039,-0.0026909895489861967,0,1
-0.006617036496129928,-4.0576694741569576E-4,0,1
-0.00647208161957935,-9.796908241163189E-4,0,1
-0.0065675141358826844,-0.0010829571731426851,0,1
-0.005540449880425472,-0.00155571043333761,0,1
-0.007555069046791083,-0.0013140553090508075,0,1
-0.005713280167598276,-5.745866268212123E-4,0,1
-0.007832321937124166,-3.6353950267809047E-4,0,1
-0.004188108610750066,-0.001406060868278546,0,1
-0.006494506610955548,-0.0035554394526981967,0,1
-0.0076081499811246345,-0.0017198764079261572,0,1
-0.005568608096437232,-5.643132105997404E-4,0,1
-0.005015589865147733,-0.0010343075820340008,0,1
-0.007435311246380641,-1.287482680649482E-4,0,1
-0.005884417464669437,-0.00182440353447013,0,1
-0.006515264815221246,-9.709888860281111E-4,0,1
-0.006051377975935862,1.0942631327156356E-4,0,1
-0.00630445370647874,-9.192078560566529E-4,0,1
-0.004140755447497422,-6.304600035533185E-4,0,1
-0.0055976831572778895,-8.446881196776774E-4,0,1
-0.006010879526182378,-7.370524722010023E-4,0,1
-0.004980160640984786,-4.5364235374271083E-4,0,1
-0.004454348649595281,-0.0019519667948587616,0,1
-0.004835654570116543,-0.0011902258176816518,0,1
0.007644746394234635,-0.012862721401883468,0,1
0.00631613380053931,-0.013930187171604682,0,1
0.006318894633396339,-0.011961103153647346,0,1
0.006862091907826143,-0.013071252445876392,0,1
0.005880374656292712,-0.011192492335190377,0,1
0.005368739953785773,-0.011139837576356035,0,1
0.005222549499363666,-0.010569591503193532,0,1
0.007335229059247975,-0.01262411804879747,0,1
0.00632060022117489,-0.01229806158477532,0,1
0.005387084560971477,-0.01213458888484221,0,1
0.0055736396533237545,-0.011857902113877668,0,1
0.007240911528037088,-0.011335169969144705,0,1
0.005658069993067338,-0.011148683003430105,0,1
0.007529568895168775,-0.011447701736407046,0,1
0.003360184764758125,-0.013788064345439674,0,1
0.006430504265651692,-0.015365456084962698,0,1
0.006199615085467965,-0.0115673821382667,0,1
0.005643965412058574,-0.009552033129176895,0,1
0.007151576942622242,-0.01356495118978707,0,1
0.006909555738287308,-0.012161271411761335,0,1
0.006383895145450722,-0.011623597858502803,0,1
0.007007109600537264,-0.013237305209823557,0,1
0.005065221841427977,-0.010636263741367776,0,1
0.0071250473064723195,-0.01298058300051132,0,1
0.00814789743215075,-0.011850989692943893,0,1
0.006558487309387184,-0.009489409994864615,0,1
0.005901967135095229,-0.011025430571459407,0,1
0.006984701193077454,-0.009868835641725995,0,1
0.0076339014459511165,-0.012207465496473523,0,1
0.007064859494394854,-0.011416408251052699,0,1
0.0075432694894470185,-0.011752425225237395,0,1
0.00748146907726979,-0.01179942184108993,0,1
0.008324447660726115,-0.012853382197328447,0,1
0.008426643998425533,-0.01068694641604678,0,1
0.009225852707727121,-0.010484242432075155,0,1
0.00713518924006531,-0.01226519708690256,0,1
0.006706299940858775,-0.011649067346117812,0,1
0.006931782944106314,-0.012405484713533218,0,1
0.007277229619772716,-0.011616685130054332,0,1
0.0074731581541954435,-0.013129398620804311,0,1
0.00615433975895721,-0.01140082388321307,0,1
0.00742151662851722,-0.012765158874339098,0,1
0.009882246445232362,-0.011710476013962311,0,1
0.007477367695861656,-0.013679081904532051,0,1
0.008027621841625471,-0.01033867063648914,0,1
0.008125202165198362,-0.012049382174327602,0,1
0.007904391466958342,-0.011468092658480894,0,1
0.0061317821961193765,-0.011162508210316422,0,1
0.007740558421991181,-0.011355214598270779,0,1
0.008200280383193382,-0.01162500444498982,0,1
0.00953849082702303,-0.008350695529592606,0,1
0.009671667844806673,-0.01104972420334424,0,1
0.006680891210835173,-0.011305125391736552,0,1
0.004707907919174761,-0.009889389545192986,0,1
0.00822047903015855,-0.007402068976258798,0,1
0.007932153652040832,-0.008572267077798592,0,1
0.008253091924018066,-0.010766099018398659,0,1
0.00789345244698061,-0.006786802418350204,0,1
0.006288371081700869,-0.011394117876650142,0,1
0.008514289012375251,-0.009073683612365848,0,1
0.008036519001575817,-0.008483448208845903,0,1
0.009600729447727784,-0.011020397557130177,0,1
0.008949566923065559,-0.00911890228424902,0,1
0.00855514132742027,-0.01043298878935412,0,1
0.008742980314363255,-0.013275089459471477,0,1
0.007383057741742335,-0.011062170641717849,0,1
0.00805374013504583,-0.012584201944030633,0,1
0.008008706531336847,-0.009201735997323665,0,1
0.007561362024571257,-0.010782751622210403,0,1
0.007919025186700911,-0.009815344445897194,0,1
0.008817201341827993,-0.010882334836876053,0,1
0.00805245815092265,-0.010095575201275275,0,1
0.006826676280166751,-0.009155315560744184,0,1
0.009341823439413425,-0.008536402886368331,0,1
0.00897160858494718,-0.009604774266447865,0,1
0.007972902873138801,-0.010434306092311428,0,1
0.007725899974018275,-0.010805534118696206,0,1
0.009379381715077318,-0.006362800114671861,0,1
0.0077097912514304465,-0.008622791556784054,0,1
0.006163204321914338,-0.01012188848299046,0,1
0.007549960360591998,-0.010651589229283954,0,1
0.008172509357980902,-0.010081177434470413,0,1
0.006411562278300289,-0.008349120720496227,0,1
0.0071986510713293265,-0.009507328846931055,0,1
0.007226090724550704,-0.009779285469204204,0,1
0.005275129650451193,-0.011307401303253247,0,1
0.007106721504347619,-0.011432359192404864,0,1
0.009159907112225333,-0.011240140037190248,0,1
0.006948415373275077,-0.010004631643762422,0,1
0.006285850418243024,-0.010126772797795927,0,1
0.007335502166772571,-0.01019865585441589,0,1
0.006661650644231163,-0.009460184480021476,0,1
0.007322595493750478,-0.009154997926915884,0,1
0.0067773958612994374,-0.01244405381218132,0,1
0.004652788575071808,-0.01075505545645157,0,1
0.007085257246549219,-0.009825817813273354,0,1
0.005927814827032033,-0.010517257267872919,0,1
0.006388964932092954,-0.010895747159309669,0,1
0.006760474632727951,-0.00955732215457502,0,1
0.006098278510566345,-0.00997995434326027,0,1
0.006610562646421754,-0.010571615619521428,0,1
0.005641838792476871,-0.013376211230983955,0,1
0.0060194441329802185,-0.01056712727567056,0,1
0.0063456792979629,-0.008870129158739262,0,1
0.006556159745600282,-0.01024471076085126,0,1
0.005838484510348209,-0.010538554582052533,0,1
0.0059056726721843115,-0.012829422111829853,0,1
0.005508462430448001,-0.009391730343518766,0,1
0.005605794510515371,-0.010303000902306356,0,1
0.003976312926562245,-0.00911695187417993,0,1
0.0010287757594301984,-0.011492723007413072,0,1
0.003480564681341976,-0.012182715201589912,0,1
0.002990742118566033,-0.010505020224136788,0,1
4.4970085088853176E-4,-0.00923498896361335,0,1
7.967317430646819E-4,-0.009526095454877996,0,1
-3.646707557564721E-6,-0.010511514509465317,0,1
0.0015794648183031943,-0.011379433830270123,0,1
0.00368144024623182,-0.010775466111345923,0,1
0.004418539304576863,-0.009882777626830838,0,1
0.00471110992962686,-0.012051958350439805,0,1
0.0036128919403393724,-0.010091322846599221,0,1
0.004221158455842241,-0.011266447859472372,0,1
0.0019505064601181281,-0.010472712981928962,0,1
0.00123643466644747,-0.010405929433016969,0,1
-5.1647899204187586E-5,-0.014009788180098069,0,1
0.00507179536693157,-0.009961898336597698,0,1
0.0035631196220800984,-0.00981618685484043,0,1
0.003482958502483044,-0.011995375299296925,0,1
0.0032992462260837065,-0.010075378080834606,0,1
0.002063538431519685,-0.010267405930868058,0,1
0.004217546896896511,-0.011259298457665039,0,1
0.0020482902898741116,-0.010359402560725432,0,1
0.001078034786667968,-0.010525285306262554,0,1
0.0019634739319711715,-0.00950174322314101,0,1
0.0037338178459562724,-0.009828677321301018,0,1
0.002027524084215947,-0.010583219717422305,0,1
0.0027442081057899013,-0.010685469725022876,0,1
0.002807827090760481,-0.011573904456507899,0,1
0.0026658576818193633,-0.011179886574715973,0,1
8.398260546596593E-4,-0.010619420638832122,0,1
0.004649390234479104,-0.00840184205847998,0,1
0.004503002732866355,-0.00916343054360863,0,1
0.0020772344202994123,-0.009678789651844147,0,1
0.002705890033131333,-0.01076536732675405,0,1
0.002371477437880823,-0.009926954490852251,0,1
0.001494929186827205,-0.010148011769324207,0,1
8.615440594114079E-4,-0.007849914455885006,0,1
0.006033780898317148,-0.010527115218148711,0,1
0.004072673303578124,-0.00974274288190582,0,1
0.003256523137638258,-0.010860850339064558,0,1
8.743471371704095E-4,-0.010507003781282807,0,1
0.0018087345998422178,-0.009870290848168546,0,1
0.0015677905610782647,-0.009905816889826329,0,1
0.002912891568797113,-0.008780019533301781,0,1
0.0036844632136741164,-0.009810095905845705,0,1
0.0025850186113282607,-0.009520000113098948,0,1
0.0021985232418650622,-0.009596161383977704,0,1
0.0020021592542278865,-0.009306226438607077,0,1
0.001946645658439768,-0.009724171684663722,0,1
0.0029406781076374428,-0.010203707403838328,0,1
0.003632894246393311,-0.009698682206565244,0,1
0.001807042391874134,-0.0074072059995291505,0,1
0.0025622755963766054,-0.008660657995693153,0,1
9.411081865987891E-4,-0.009388041103409276,0,1
0.00325774248331073,-0.008548650095211052,0,1
6.303688659957185E-4,-0.008555776235208326,0,1
0.0021569470379046132,-0.008623144180805535,0,1
0.002857326927880853,-0.008337944643816085,0,1
0.00199947269395927,-0.009687433742738984,0,1
0.003150025780935201,-0.008548324607098428,0,1
0.00399046881087221,-0.007892253646738482,0,1
0.0027024271777516444,-0.011916264248617036,0,1
0.0011976453928022504,-0.009554164098404651,0,1
7.54323759610934E-4,-0.008027681576827355,0,1
0.0032666366509860293,-0.008644234472056945,0,1
0.0022041306262912327,-0.008958920201299136,0,1
0.002156089359595448,-0.008487382234494058,0,1
9.922423351027222E-4,-0.005887453211215614,0,1
0.003489338647698234,-0.00943045703739655,0,1
0.001139951031758215,-0.00906521461099203,0,1
0.0019927810013561013,-0.008443910970283332,0,1
0.0012690679178351085,-0.0082343475395797,0,1
0.0024336255589786403,-0.00887751065472793,0,1
0.0031050551861262596,-0.008734251791995119,0,1
6.276552115013108E-4,-0.00876420033228735,0,1
0.0021740303080354565,-0.007896025969685987,0,1
0.0025354193280521624,-0.007537893662965566,0,1
0.002443594631708554,-0.0073238167412825505,0,1
0.0026800614668315336,-0.007385443610000884,0,1
0.0017656293148452225,-0.008505263997164602,0,1
0.00346997619784923,-0.007653466433734742,0,1
0.001026920151956156,-0.00794025374442776,0,1
0.0023873737013193046,-0.0076655928180448096,0,1
0.0011256722233280172,-0.00829149510616066,0,1
0.0017053804486080741,-0.007512862000904226,0,1
0.010497984551356608,-0.006792016019833811,0,1
0.011935909128761342,-0.005958223338480801,0,1
0.009935619514793943,-0.0064857375664347525,0,1
0.009236475063400073,-0.007190899963420109,0,1
0.008520534892478166,-0.007944898931200445,0,1
0.008452997067572183,-0.007029514554186889,0,1
0.008148081638241676,-0.008750590417894426,0,1
0.009365101074874356,-0.007222803317492563,0,1
0.00915563401960992,-0.006737881982502274,0,1
0.008723695229925462,-0.0068531679397422765,0,1
0.008566867459135583,-0.0073631159312214905,0,1
0.009582726333988646,-0.0067251437859607984,0,1
0.010622025608770283,-0.006673249695340637,0,1
0.009997911231925708,-0.00611972692622508,0,1
0.00917475772058316,-0.005850643468965099,0,1
0.00811731027337781,-0.005714852647082518,0,1
0.008405048076340767,-0.00801108804791818,0,1
0.009700249589352387,-0.006239141088146203,0,1
0.009854415188247671,-0.0060906500093173815,0,1
0.011228427496540136,-0.006042376918602579,0,1
0.010374974968435674,-0.008712759726870743,0,1
0.008204306525225155,-0.007047275688864146,0,1
0.008504045549523078,-0.006659370864294799,0,1
0.008904661627977564,-0.006111803022794811,0,1
0.008737037224139231,-0.007094699992913791,0,1
0.008747784701758595,-0.007142725165180642,0,1
0.009115900317079107,-0.006357586011640599,0,1
0.007835561584262941,-0.006283338435365366,0,1
0.00807715087154017,-0.0059922972705493596,0,1
0.00893700619523653,-0.006216241178614835,0,1
0.00863252570797692,-0.005827841326344043,0,1
0.007412485034927458,-0.006623895854951383,0,1
0.008729327738905637,-0.006298173797628295,0,1
0.009289514833280811,-0.006141722221987541,0,1
0.00768048135898176,-0.0054840560287904025,0,1
0.009222338005320678,-0.006509913965389426,0,1
0.00927884291934779,-0.004326933486175508,0,1
0.007947616173811038,-0.00590356548779825,0,1
0.009226360730994344,-0.005205003473832564,0,1
0.008439538873530238,-0.004810103699437087,0,1
0.005898135638602442,-0.005322969684969489,0,1
0.008179866884597922,-0.004683669370735539,0,1
0.00861315211315177,-0.005851637398238946,0,1
0.009771088394594752,-0.007166433466095597,0,1
0.01119453270419407,-0.0066951175603045445,0,1
0.00923616628697209,-0.006281555348615642,0,1
0.008921764351912848,-0.005897528246439505,0,1
0.00890455978686624,-0.005258635461050707,0,1
0.010371085435688586,-0.005745395995037304,0,1
0.008923611540662107,-0.0036427721540926417,0,1
0.01124450733499799,-0.007204845656775937,0,1
0.010109015786324909,-0.004957914456118413,0,1
0.0089939090183338,-0.005450309824192681,0,1
0.0076496821991129055,-0.005157177945159192,0,1
0.008593235064986156,-0.00464757870510889,0,1
0.011004497606926462,-0.0059540638551754356,0,1
0.010074911355654883,-0.0044459705684071005,0,1
0.008954406025111822,-0.005064433502434734,0,1
0.00903942097608656,-0.003297664625728375,0,1
0.008100658561859818,-0.004633082643807659,0,1
0.008183983724237728,-0.004762186464399554,0,1
0.010125846166653962,-0.005572152917394875,0,1
0.010498470403565502,-0.005468614975110816,0,1
0.009791044371147754,-0.005112266344110026,0,1
0.008820476438528705,-0.004310720832280648,0,1
0.008887384188036694,-0.004370896382209414,0,1
0.013803690410784464,-0.0034808241894076987,0,1
0.009939466444053214,-0.00514991799535659,0,1
0.00943857039134806,-0.004539861538032217,0,1
0.007578814015643403,-0.004541239402355708,0,1
0.010692969566910947,-0.0056247744271844926,0,1
0.01021846732051114,-0.005133768904867755,0,1
0.0097412280761682,-0.004719618510344626,0,1
0.009570604451388161,-0.004107875129332125,0,1
0.010173032510961137,-0.004192686018494088,0,1
0.011378292382740964,-0.0031151662205799982,0,1
0.009762671384590462,-0.00577117585834972,0,1
0.01205183500496545,-0.0026231288767678954,0,1
0.012367220329132386,-0.0038406956787401763,0,1
0.010993364628699572,-0.004766464476247011,0,1
0.011936979748171374,-0.005142777379857249,0,1
0.010196341503193413,-0.005435557555956832,0,1
0.009835742560605433,-0.005115371835043157,0,1
0.009495742298679008,-0.003976963294292478,0,1
0.011479730111758237,-0.0032257370748769313,0,1
0.012849506016347515,-0.003913684421674492,0,1
0.011163715727274494,-0.0025728488915196727,0,1
0.01088680034405688,-0.0036281741884025935,0,1
0.010127574419058443,-0.004881268131957208,0,1
0.011043013656783585,-0.004079070155091309,0,1
0.011238793317178005,-0.004221153029795621,0,1
0.011241935454830728,-0.003694270305457419,0,1
0.011438825989343062,-0.004184841452614733,0,1
0.008615688832495067,-0.008882705460114547,0,1
0.006760860974986134,-0.009050520391401279,0,1
0.006396663259678101,-0.009935673503761264,0,1
0.0071947023198419445,-0.007783323842856802,0,1
0.00490149072159363,-0.007985520043395247,0,1
0.006393007426236334,-0.008877711827790465,0,1
0.006171495208191269,-0.011257929556416862,0,1
0.005617784930601908,-0.009458913896968875,0,1
0.007234150602709714,-0.008684605793082768,0,1
0.006757337246752571,-0.0077720828877301815,0,1
0.008112879848394566,-0.011342216148997962,0,1
0.0060220883175858,-0.00800553035338092,0,1
0.006800669199407281,-0.008481437541001422,0,1
0.006474605750649403,-0.009763345182946644,0,1
0.004733747718779303,-0.010642748111084545,0,1
0.00729736973316286,-0.008048075834235086,0,1
0.005554646460740921,-0.006304319949121602,0,1
0.006712931052691743,-0.007559703009967648,0,1
0.006436635953583975,-0.008388420990918575,0,1
0.007102506565850174,-0.0087525940807435,0,1
0.006561550712261184,-0.007259269050707245,0,1
0.005401295068778621,-0.00916462756132603,0,1
0.004735229625354369,-0.005903071695882476,0,1
0.007439758698888693,-0.00860286499013809,0,1
0.007090176957495668,-0.009639952226766613,0,1
0.006231792976943516,-0.007654762978981773,0,1
0.005000283027910329,-0.009038977681356352,0,1
0.005732318101844818,-0.008952700441870461,0,1
0.00681073536839533,-0.010198352501869182,0,1
0.007168604006938924,-0.010264588972848683,0,1
0.00725621946134341,-0.008444938432532795,0,1
0.004436042361754044,-0.0074985994194461435,0,1
0.0058045567738320225,-0.008884507948883567,0,1
0.005888674200015157,-0.00897139926402992,0,1
0.006107199699388681,-0.00525255468327512,0,1
0.007521544964858928,-0.008408707370064581,0,1
0.007295285489735617,-0.009143291366558962,0,1
0.005991550634753841,-0.008653232402850328,0,1
0.0051777506900981506,-0.011360228689052723,0,1
0.0070657361459508265,-0.007915872713481655,0,1
0.006241710382069645,-0.0075681565199523385,0,1
0.005423264690257135,-0.008006971126414726,0,1
0.005089173713744321,-0.006937809906207709,0,1
0.006518386453776213,-0.007013975152624703,0,1
0.006271182525406929,-0.007078139879030436,0,1
0.006964924471384709,-0.007289108563460716,0,1
0.0056783479686005195,-0.0076658401371441755,0,1
0.005066153746481098,-0.0076195064127989685,0,1
0.004931506167487574,-0.0075407027955768525,0,1
0.005539423120267145,-0.006051901880346919,0,1
0.0059170261725047125,-0.006535014760514786,0,1
0.005322015705744343,-0.007054052761050224,0,1
0.005951907406410466,-0.006796300411940675,0,1
0.005350516642586103,-0.007125032761431362,0,1
0.004431566819080746,-0.006661783309046958,0,1
0.006517718856660637,-0.0065984181043461125,0,1
0.006317826058300334,-0.008100819351820297,0,1
0.00397777624402728,-0.006327035085025721,0,1
0.004803924830653438,-0.006297087348599142,0,1
0.004464988860713163,-0.007408226130849316,0,1
0.00390782510028946,-0.006541874173069427,0,1
0.005996931911699839,-0.0063588250914784995,0,1
0.004321403937737566,-0.004746235694974595,0,1
0.004193375998839895,-0.005086458505557379,0,1
0.009051489239592137,-0.004775190722471707,0,1
0.008082470125487025,-0.005055516039982369,0,1
0.008087792668572796,-0.005091180766462013,0,1
0.00791030605321176,-0.00592096402140913,0,1
0.007400855862780464,-0.007838524728449087,0,1
0.009357713463632589,-0.006764176104897531,0,1
0.010603742199372579,-0.008140036770548188,0,1
0.007271961289377408,-0.004931524414153203,0,1
0.00929522335086092,-0.005389318590185154,0,1
0.007029513847954607,-0.005920598861515492,0,1
0.008137108966884476,-0.0060637495097880766,0,1
0.007587386458587349,-0.007530834723563484,0,1
0.0076100257141593405,-0.007235157177723966,0,1
0.007022101713338199,-0.003257152084362097,0,1
0.006561884919017196,-0.00484297268519631,0,1
0.0070121504439776446,-0.006019395766360795,0,1
0.007486027504505087,-0.005453650076810013,0,1
0.0075311460685927745,-0.005646954014168146,0,1
0.005187315789528961,-0.0048985183489338195,0,1
0.006957818540156725,-0.005143698906478923,0,1
0.0068906415894505755,-0.005808336308965643,0,1
0.007767862653055704,-0.007071737557213198,0,1
0.008007398914835541,-0.007105458738421877,0,1
0.0071465395771919136,-0.007547639879360764,0,1
0.007037325025725308,-0.004376246001837009,0,1
0.007135925440099029,-0.005807790161444066,0,1
0.006745975190637467,-0.006391820805519633,0,1
0.006978079173187197,-0.006334298438565814,0,1
0.008405258851727024,-0.006672150517569427,0,1
0.007682813330031211,-0.00416453198977973,0,1
0.006904704542623077,-0.006349957092597198,0,1
0.006394249531003956,-0.007792383834371354,0,1
0.007065830916051707,-0.006991744223555747,0,1
0.007120711020507962,-0.0063696487026028235,0,1
0.006361438006883895,-0.006387146869321954,0,1
0.007108060068134637,-0.006848575188112988,0,1
0.0067666599898106305,-0.006395344362356626,0,1
0.006227494412233408,-0.005114739889122538,0,1
0.006537697923309504,-0.006930177488215098,0,1
0.006309039554597511,-0.007422039481866394,0,1
0.00527080110047223,-0.005822486546117241,0,1
0.00700546106843483,-0.006385791516921279,0,1
0.006730863113789655,-0.006841652615253535,0,1
0.005999929845305417,-0.00802126471669508,0,1
0.006267620062281252,-0.005848721887363791,0,1
0.006295878372892799,-0.006524311246935059,0,1
0.005461725752024333,-0.007346611992398274,0,1
0.006041272102306731,-0.0060961899485856095,0,1
0.005852126133256162,-0.005569053419181023,0,1
0.005501873764583008,-0.0062621909292068095,0,1
0.0054279321183437965,-0.005587158394992505,0,1
0.006452961839279364,-0.004871334208784114,0,1
0.00526065348141539,-0.005910330246941638,0,1
0.004876648152284257,-0.005931097071276513,0,1
0.003694364893168528,-0.00473043900801178,0,1
0.005016520594144237,-0.007057882112074505,0,1
0.004243255796557657,-0.007635230840570909,0,1
0.005195839406302635,-0.007998261179037586,0,1
0.004592566517382416,-0.00918384655779415,0,1
0.0051978335926427255,-0.010212413916769077,0,1
0.005023873203585049,-0.009453625554155258,0,1
0.0044268128722744346,-0.006967973828361926,0,1
0.005215692434274786,-0.006013701097738412,0,1
0.00485199324662991,-0.00759595488273859,0,1
0.006058380008459183,-0.008119490119566235,0,1
0.005938672731346897,-0.008352238436781532,0,1
0.0038946973793199096,-0.008782800974279543,0,1
0.0037417006593739896,-0.005580633595505896,0,1
0.005547998335650565,-0.005599612878226818,0,1
0.004519149386030289,-0.005129394044870337,0,1
0.0039832910666590905,-0.00796757913585802,0,1
0.005183946853678113,-0.007593658801936177,0,1
0.0039795293380162355,-0.009296237088687603,0,1
0.0030597513272708765,-0.008983073618035431,0,1
0.00684783529034548,-0.005317616584298494,0,1
0.00441004995496674,-0.008824246952531886,0,1
0.004185898073321153,-0.007161802111975732,0,1
0.004521600014772258,-0.009728447705157585,0,1
0.004615211658468637,-0.008945950320287057,0,1
0.004707107677031829,-0.010423974050391865,0,1
0.004017529504620468,-0.006746712329662819,0,1
0.0020042450631548225,-0.004832904047102152,0,1
0.004391439007224224,-0.007449393356398541,0,1
0.006874799958496617,-0.0075263153152957,0,1
0.004963616382123658,-0.0065494203992624775,0,1
0.003053286908539768,-0.005222755136073656,0,1
0.002997609801520344,-0.008519490145786148,0,1
0.004112660939948588,-0.0076488506547502015,0,1
0.003735802997080704,-0.007604508967431534,0,1
0.00321352305092542,-0.009320602187635526,0,1
0.00435732179932498,-0.006476098700602091,0,1
0.003952448399434431,-0.00631956025770333,0,1
0.004366679691804375,-0.007787731235730287,0,1
0.00248340641471382,-0.007214156084505588,0,1
0.003261114970803835,-0.008078185244585605,0,1
0.0019785063903516352,-0.008693376687496993,0,1
0.0030855832186905186,-0.00763156958345968,0,1
0.0038245676863392776,-0.008434089222757674,0,1
0.0036474284153624873,-0.008982787544739648,0,1
0.004013690183988199,-0.0057880095961269674,0,1
0.002146919824696502,-0.008700161061856405,0,1
0.0037372897763543154,-0.0073974896435994465,0,1
0.004980688420704271,-0.0076424647492134255,0,1
0.0024265959245276195,-0.0066839298068505516,0,1
0.004038061829531482,-0.006848878219580708,0,1
0.0034325151427743636,-0.007547434971282449,0,1
0.005085390834690107,-0.007135933618907386,0,1
0.003921490359726809,-0.005664094671064919,0,1
0.004584340214684579,-0.007002461939861551,0,1
0.0029834158096109227,-0.010750877282718202,0,1
9.217674332342463E-4,-0.005296436011894704,0,1
0.003810261063961717,-0.006685926683641418,0,1
0.0020238898330257947,-0.007365528881258988,0,1
0.0030303563172649497,-0.007133464977168817,0,1
0.003283723997237023,-0.008426554668664578,0,1
0.0029148571329401427,-0.007181212344391489,0,1
0.0027291225724730946,-0.0065462204192437996,0,1
0.0022087164300231164,-0.005961370922363541,0,1
0.0035813963127867155,-0.008883894643080854,0,1
0.00918055867118077,-0.001743157233020825,0,1
0.0104679655312276,-5.253022666799523E-4,0,1
0.009872700779964109,-0.0015098769341486474,0,1
0.009356602733114129,9.748629399805715E-4,0,1
0.010347088513977169,7.944144801820215E-4,0,1
0.010949682321782384,5.049740298990673E-4,0,1
0.011998886577180066,1.0901180339094171E-4,0,1
0.013440778609821945,-6.188939583063388E-4,0,1
0.009664446222434423,-6.999899307623363E-4,0,1
0.009592871432047593,-9.874456866620295E-4,0,1
0.008670138889629635,-6.434431141764302E-4,0,1
0.009955632774156183,-0.001933435634658743,0,1
0.010774893457604098,-7.958554900552016E-4,0,1
0.010765629835119354,5.358360035567395E-5,0,1
0.011813398457071774,4.738715816698678E-4,0,1
0.008440431720022451,-0.001312061866769791,0,1
0.009808323407076481,-0.001831659790274922,0,1
0.009438724377457842,-0.0014723433513592421,0,1
0.01185133980313272,-5.230338492609776E-4,0,1
0.010937007429326653,-0.0028571274507878867,0,1
0.010571221963510513,0.002210450916321177,0,1
0.009983394222470571,-0.001933294829576306,0,1
0.01177044394231708,1.9748810169505359E-4,0,1
0.010629368984851527,-8.747610729259092E-4,0,1
0.010633004058720688,4.857672536414468E-4,0,1
0.011084225321962304,-4.131064580905857E-4,0,1
0.011247073665403527,3.780412144631219E-5,0,1
0.008885800894666276,-0.002012726657055379,0,1
0.011299798707949461,-0.003565977441801522,0,1
0.012190484803262302,-0.0045564602848544794,0,1
0.011720248121744265,-0.0011558059588519603,0,1
0.011213018990854114,-7.081320071470459E-4,0,1
0.012582968546054672,3.4334199879284486E-4,0,1
0.011405655926294377,-0.0036250954770124058,0,1
0.00941934898957737,-0.00426580349019679,0,1
0.010670715264241857,-0.0026832851458108466,0,1
0.010708359416421117,-0.0018529504865228788,0,1
0.011296466636670402,-6.528478465296382E-4,0,1
0.009730240307904672,-0.0030277978430885938,0,1
0.009626506542624771,-0.0013208756385700124,0,1
0.011073037789185614,-0.0017683238344678165,0,1
0.011619072499564178,-7.810043148056389E-4,0,1
0.011381566969508051,-0.0034360471549834196,0,1
0.011835148695820285,-0.002033052574874371,0,1
0.011435025709975134,-0.001792456056453455,0,1
0.010597539878798872,-9.40055027590082E-4,0,1
0.010201136002450227,-0.002866983166978732,0,1
0.011641200024568735,-0.0018659660330873113,0,1
0.011400899510098681,-0.0018697228280475724,0,1
0.011422792430166317,-0.0014102957140668525,0,1
0.013615334803088141,-2.758457021098003E-5,0,1
0.012107972323752842,-0.0017471774491608215,0,1
0.010952822591189777,-0.0018352718086433468,0,1
0.010868591700990747,-0.002495835650225263,0,1
0.011003245698990843,-0.0025983812871657515,0,1
0.010996885154300683,-0.001339218090544797,0,1
0.011195656792773684,-0.0025951743035158114,0,1
0.012308774378074297,-0.004139843932809474,0,1
0.011324195708335542,-0.004584433959511249,0,1
0.010703620920458682,-0.0031942752227022363,0,1
0.009928618114519158,-0.0031339210656922663,0,1
0.008532130116645944,8.932294040690069E-4,0,1
0.009403800618073981,-0.0020943931133947675,0,1
0.010290359974709598,-0.0027641827258929677,0,1
0.010031918243221019,-0.002644991324151747,0,1
0.01057970434790131,-0.001442302481721034,0,1
0.01059895518225551,-0.0037407180920738955,0,1
0.011207232082724321,-0.004211712303430595,0,1
0.008009693741400604,-0.0013341510084801855,0,1
0.008281563664003105,-0.0015081353162737672,0,1
0.010130872928545694,-0.0037148794215234025,0,1
0.010178878129478828,-0.0025353734472888844,0,1
0.010863086936820065,-0.002998107132916051,0,1
0.010794010071889812,-0.0035002032638140274,0,1
0.009277953040995875,-0.002155043300633774,0,1
0.01014651490004149,-0.002856136066137076,0,1
0.010966638868835206,-0.002005165245895434,0,1
0.006306342223414113,-0.003265832951545973,0,1
0.010864539979938298,-0.002250915420857408,0,1
0.009512813366016632,-0.0027091900188936186,0,1
0.008000468538651462,-0.003867830934178473,0,1
0.00898451489380341,-0.0011933285170697425,0,1
0.00870637701973024,-0.003622064605488237,0,1
0.009604354658503693,-0.004471102399268626,0,1
0.008748637224526736,-0.0025326023766048885,0,1
0.008952779461654906,-0.0015109940454899756,0,1
0.01027531154537776,-0.0021556285049627107,0,1
0.00929307646736291,-0.004714851196301845,0,1
0.008972448711299492,-0.004066905100458569,0,1
0.008999308403454004,-0.0022889001525895204,0,1
0.008168789035253324,-0.002356137174398536,0,1
0.00995533569490872,-0.003998140816357035,0,1
0.010565999945730103,-0.0013541045465672895,0,1
0.008297059256621773,-0.005383432431704729,0,1
0.009338908255076847,-0.0029652467599546313,0,1
0.007602647547628124,-0.002462359707006068,0,1
0.009510740496158987,-0.0037233644199500954,0,1
0.005811172602690861,-0.0012478608348917982,0,1
0.007176568508675664,-0.005014588454855166,0,1
0.008868436435832615,-0.0025239928313997894,0,1
0.008516600745260667,-0.0028979520647329673,0,1
0.008603843392881588,-0.0037646926266060522,0,1
0.00808431043851091,-0.004007658614782043,0,1
0.008921325490601723,-0.005240266307514277,0,1
0.010679672165625135,-0.005456370186577188,0,1
0.012395092915893422,-0.0020768908862419115,0,1
0.008334657035930655,-0.0038580553810155563,0,1
0.008616699093809868,-0.004058354567235308,0,1
0.009057126311274718,-0.004852714341291993,0,1
0.008301955460198972,-0.002926583024027403,0,1
0.008481386684578214,-0.007051362243377086,0,1
0.01004555830701743,-0.007523159831355572,0,1
0.008572998896909111,-0.004336097372478121,0,1
-0.006029572977038477,0.004069800813027839,0,1
-0.006965146253954562,0.004254104162774185,0,1
-0.008447277579883627,0.001131858577805085,0,1
-0.009145586523800495,0.0022542448513025418,0,1
-0.008571288405302488,0.0027686560358880768,0,1
-0.009599917939502108,0.0017052077818937971,0,1
-0.009782215127750848,0.0029026965487397665,0,1
-0.009676211575827277,0.002247534266765251,0,1
-0.011400869014888838,0.0027303465584038026,0,1
-0.007575528555104996,0.005213656278016237,0,1
-0.008200309332533805,0.00426299466629487,0,1
-0.008359114646888162,0.003415550558937816,0,1
-0.009390734894580127,0.003913897169511789,0,1
-0.00940429355079888,0.002372350610894728,0,1
-0.00885044956240707,0.00411231840415292,0,1
-0.009254187944656163,0.0027056411477416574,0,1
-0.01047938795549188,0.003785253568436565,0,1
-0.007248507625946487,0.004830931397146479,0,1
-0.011080478113745903,0.004666080296329202,0,1
-0.007921468191121574,0.004090209297268696,0,1
-0.0077538034105120454,0.0028561631285371784,0,1
-0.010245468883756149,0.0034288458624981855,0,1
-0.009305162275576526,0.003255412120392662,0,1
-0.010602585174628606,0.002696282087229789,0,1
-0.00715675290632141,0.003619658014062547,0,1
-0.007366030888751346,0.0053272496390375,0,1
-0.005747293546699988,0.005213666259499228,0,1
-0.00964736784950363,0.004893354958602383,0,1
-0.009087533386500169,0.005129336085582827,0,1
-0.01205005272899858,0.003250757743509003,0,1
-0.009402765582327896,0.004730895670431111,0,1
-0.006784037178852494,0.004947374077160089,0,1
-0.005869628860749413,0.006640826248949872,0,1
-0.009217590446139954,0.004051600216072947,0,1
-0.008924118367675345,0.004979624507412064,0,1
-0.011154601669573421,0.004162212925852968,0,1
-0.010340730827952728,0.0048705828445113385,0,1
-0.010214614628616812,0.003639101168807518,0,1
-0.006752487722647323,0.00489081408542089,0,1
-0.008745684409819082,0.0030590927662371863,0,1
-0.010545390722679989,0.0047316861053695695,0,1
-0.009444456565742273,0.004628088398204184,0,1
-0.009536288281430676,0.004331085395166875,0,1
-0.007624082281299598,0.004860662102457437,0,1
-0.007765563948722175,0.005493516236531171,0,1
-0.008661596969880721,0.004017851558340994,0,1
-0.009748071738801371,0.005709975917524094,0,1
-0.009883294545185573,0.005052982835410958,0,1
-0.009607840807500403,0.003880139952527446,0,1
-0.00755165918549541,0.005350105583826567,0,1
-0.008524733882549368,0.004857621351492802,0,1
-0.008745595426740223,0.005100899296202399,0,1
-0.010102557536335472,0.0042920508015930415,0,1
-0.010135820436999766,0.004883083628599064,0,1
-0.009205201887147013,0.008409615487503647,0,1
-0.008165334287177296,0.005123195117412406,0,1
-0.0084080744980673,0.005902989321829682,0,1
-0.010045830664215036,0.005166698699875457,0,1
-0.008451583812063967,0.004472178799517304,0,1
-0.010793163118955753,0.006958020784742388,0,1
-0.006484370452851806,0.005472781830181642,0,1
-0.009722096624999467,0.004019270553245927,0,1
-0.008156673183089939,0.0060919443898209795,0,1
-0.008964970542721544,0.007455369423005722,0,1
-0.008158676350236546,0.0036365428752646463,0,1
-0.009904802162796326,0.006204216431679234,0,1
-0.009063161365284988,0.006563618185386663,0,1
-0.009486336400811746,0.0045288032829822866,0,1
-0.009435300420888389,0.0051863064510688055,0,1
-0.008082458214850576,0.006442389673990435,0,1
-0.008077546097009697,0.007598744078576597,0,1
-0.010041187841527507,0.00736636396126469,0,1
-0.008607114457140417,0.006334785596247038,0,1
-0.009041647227794556,0.006304033686876138,0,1
-0.008536693876666793,0.00501136831206987,0,1
-0.008796025361209232,0.00593519619633217,0,1
-0.008863704281582532,0.006600481806954847,0,1
-0.007335332256828075,0.006507508621888933,0,1
-0.00503422150126172,0.005918918222245431,0,1
-0.005716388614897899,0.004896013393868415,0,1
-0.005061978806649518,0.0031988787290808327,0,1
-0.00552793032045423,0.007896432320696221,0,1
-0.0069457267995221205,0.00489837514991129,0,1
-0.007227236518998952,0.003833431855003913,0,1
-0.007429106479860743,0.004319717187816303,0,1
-0.005608526817885363,0.006016647447390819,0,1
-0.006223771665676463,0.007255192961758352,0,1
-0.007775984442199087,0.005091198690846099,0,1
-0.0034883054764424377,0.005264282556351431,0,1
-0.00631253718338753,0.004765459241074738,0,1
-0.004132688822410168,0.005777947391263197,0,1
-0.006920046068268976,0.004381698996243656,0,1
-0.0021815297172570244,0.006546442004986306,0,1
-0.005998910231401894,0.005660039712201432,0,1
-0.00510872034946794,0.005684635560522918,0,1
-0.005919993587368304,0.005249334218320527,0,1
-0.006497147427773149,0.005817513760882165,0,1
-0.006803226385838921,0.004470003117871692,0,1
-0.0078018830735208005,0.0054634068769270835,0,1
-0.007236563763129579,0.007294030010865701,0,1
-0.006070956074474883,0.005706895081487316,0,1
-0.005831424794702776,0.006455803348140578,0,1
-0.005955117421291181,0.006499240948826482,0,1
-0.006824780819299452,0.004637468356191008,0,1
-0.007122575990356121,0.004361552486815205,0,1
-0.006421096105893719,0.0067665660212115,0,1
-0.0058114714877240976,0.006080041458615691,0,1
-0.007941511450436891,0.005552075040585742,0,1
-0.010313135004993023,0.006466712279961163,0,1
-0.005044401151599396,0.004229667746624914,0,1
-0.007007827193169908,0.0037560802130721127,0,1
-0.003596599353359927,0.00470863510157773,0,1
-0.006768377919845976,0.005707267800021437,0,1
-0.0070767971666950225,0.006496142000176351,0,1
-0.006603126090054849,0.0056019394995715545,0,1
-0.006985918669902595,0.005430339087423658,0,1
-0.004345762212082379,0.00566516944573098,0,1
-0.007387206213765933,0.00584618401151199,0,1
-0.008222621713254132,0.006051475111309144,0,1
-0.007310727999927363,0.006867184797364911,0,1
-0.0068953993160520075,0.004140139920068691,0,1
-0.006862083837737045,0.006020182637927761,0,1
-0.007608875388205919,0.005353960448105567,0,1
-0.007453119833714407,0.005854657120901204,0,1
-0.007782880430369814,0.006062730754476044,0,1
-0.00636465097830633,0.007708896259458432,0,1
-0.0067594381075677555,0.006784321942387128,0,1
-0.007839470874469151,0.004590060262393682,0,1
-0.009192867020875467,0.005006662097671248,0,1
-0.00861442040716742,0.007272456015119905,0,1
-0.008095690430395772,0.007028501294183515,0,1
-0.0076646201455188205,0.005610407748063427,0,1
-0.006479815676124783,0.006240103797381151,0,1
-0.007919101314957084,0.0065985102219344016,0,1
-0.008164404990249638,0.006076974688760326,0,1
-0.008394136332999532,0.007674800517944318,0,1
-0.010306875161742352,0.008432459923614768,0,1
-0.008604502816083062,0.005926729712536213,0,1
-0.008277637509244212,0.0070732130126812025,0,1
-0.008486836746615167,0.006962807659925934,0,1
-0.006468597294793512,0.005205787810830341,0,1
-0.007894308856392983,0.0016223313878557732,0,1
-0.008445103996727373,0.0019248989981397158,0,1
-0.009842791485994316,3.240608684325719E-4,0,1
-0.007073984984476468,2.1644123535073353E-5,0,1
-0.0082644266026827,0.003021560512527085,0,1
-0.009957217182465783,0.0037798053856015596,0,1
-0.012552454398380547,0.004487445999563762,0,1
-0.008537650363892708,0.0012811089336619837,0,1
-0.009158338251646077,0.001385891292740692,0,1
-0.008536428618367382,5.371321699637988E-4,0,1
-0.006565785540822746,0.0036072071422322024,0,1
-0.00937173697670957,0.0016484215643058676,0,1
-0.009010633357405025,1.3647712954985294E-4,0,1
-0.008396674545054331,0.0013010838196199027,0,1
-0.008459068127214342,0.0016731308317044712,0,1
-0.00903140553513094,0.002004494082672654,0,1
-0.007898246149804104,0.001668719995672205,0,1
-0.010055728019796687,0.0020983153027831786,0,1
-0.009712423477940454,0.0039032807862824227,0,1
-0.009471220552216207,0.0016679982966788574,0,1
-0.008851745820179082,0.0017724548269722942,0,1
-0.009762845972257525,0.0027962228150402997,0,1
-0.00851860075705028,0.0047042041112444356,0,1
-0.008858078039394184,0.0037855136921129667,0,1
-0.010147617530943898,0.002972433158544534,0,1
-0.0075588847377670715,-0.0014213527114228797,0,1
-0.008562256835340823,-1.9444621532397155E-4,0,1
-0.008336165673175347,0.0017365440835956018,0,1
-0.007965068109201303,0.0031197263922267057,0,1
-0.010205946785970555,0.004665727944379505,0,1
-0.008379496375727892,0.0021051823053275047,0,1
-0.008405386472217844,0.003871436475930703,0,1
-0.01004795344844139,0.0011790892623929098,0,1
-0.009520578021216112,0.003068156354367895,0,1
-0.007764299595258675,0.0016172656513931676,0,1
-0.007972332009701516,0.00162135873446268,0,1
-0.008948370180091507,0.0027034519069603835,0,1
-0.009452424935104528,0.0034420727424267594,0,1
-0.008158925789479085,0.002167950085689858,0,1
-0.007934162839964797,0.00272214035178947,0,1
-0.007922724648886777,0.0023121077024135365,0,1
-0.008870703940568284,0.0029802349246243072,0,1
-0.008579567890999621,6.720388491434357E-4,0,1
-0.006934771021067667,0.0012207096615090018,0,1
-0.007041543735668512,0.0012132069818370829,0,1
-0.007862571352343134,0.0025182700454311918,0,1
-0.008554817553769557,-6.963508960156307E-5,0,1
-0.009050882217270208,0.0034069818821677923,0,1
-0.00856831735896864,0.003397720127536549,0,1
-0.008570773857374259,0.0034191193345040807,0,1
-0.006729865951330414,0.0037332674017325415,0,1
-0.009193709473196383,0.004883110924243649,0,1
-0.00636054634840954,0.003628850142934674,0,1
-0.007543933795166104,0.003596630511007508,0,1
-0.0071755546164829235,0.0032617450785316087,0,1
-0.00792944586243793,-3.7371236023660265E-4,0,1
-0.008574323423644427,0.0022366836001025204,0,1
-0.007159875640508877,4.509446906419353E-4,0,1
-0.007061108244396244,0.0015649653075183066,0,1
-0.007968398023862913,0.0011018947696554008,0,1
-0.00812315072053701,0.0027700874001647994,0,1
-0.008539983498375172,0.004359900011241775,0,1
-0.009753293690382693,-4.0938242329283586E-4,0,1
-0.009029620110080011,2.2804710352098898E-4,0,1
-0.007508645879029485,0.0027084127581306783,0,1
-0.006695359682773655,0.0013394547480676897,0,1
-0.006300740831532611,0.0020603323878726257,0,1
-0.0056832605554371874,0.001209516779894732,0,1
-0.009098815574762853,0.002353165257132921,0,1
-0.00797969641058379,8.947537935562633E-4,0,1
-0.007071327324291078,0.0019718406581034783,0,1
-0.007032798020662905,0.0022435029674423867,0,1
-0.008300941201398574,4.251048251791785E-4,0,1
-0.005367245729049997,0.0014838398859296769,0,1
-0.007853369888474024,0.002746605921642137,0,1
-0.004842153633351378,0.001532263460094215,0,1
-0.004896305377907927,0.0010884908681211712,0,1
-0.006945626137811518,0.003295126070975924,0,1
-0.007486533508851815,9.032269954962583E-4,0,1
-0.008323844948261806,8.090543748699514E-4,0,1
-0.005430562589287937,3.12930606742916E-4,0,1
-0.005894136012926411,0.0026678349072187736,0,1
-0.006362667638670304,0.0024610570168412307,0,1
-0.007916242761830132,-9.500130913902017E-4,0,1
-0.004844699550066526,0.002135446303349643,0,1
-0.006520541824609385,0.0014617878049685911,0,1
-0.006195386838483995,0.002881538108901951,0,1
-0.007346835516296749,6.030329438225593E-4,0,1
-0.00711166726119961,0.0015725884053701706,0,1
-0.0060938652480822305,0.0016600231989895914,0,1
-0.005610165342863819,0.0025306740744474874,0,1
-0.006636072536832293,7.974868541185085E-4,0,1
-0.00587370122589733,3.055525116364041E-4,0,1
-0.006692305492312131,0.0021876762024476146,0,1
-0.00668470194792934,-1.9938476000457865E-4,0,1
-0.006947622581672763,5.865714934888598E-4,0,1
-0.00605154516707542,0.0012539279013646242,0,1
-0.005890981899838023,0.0015845905376238357,0,1
-0.0062152532920936605,4.607596123454179E-4,0,1
-0.0047508648698226085,4.504964754743643E-4,0,1
-0.005803947198803701,0.0010726057692218493,0,1
-0.005005431316176303,0.0019360610407432675,0,1
-0.006898766146245808,0.0018437601738696,0,1
-0.006419434785023298,8.548070555295364E-4,0,1
-0.005727891766016208,3.164899344937183E-4,0,1
-0.005650528560382353,7.923568044662682E-4,0,1
-0.005431712580216369,4.089444861339891E-4,0,1
0.00794834436097571,-0.006267953617113614,0,1
0.007360445368931034,-0.004661873005407059,0,1
0.005921406621416631,-0.003710973026646106,0,1
0.006415063886362054,-0.006036192701450556,0,1
0.005769041520056354,-0.004399174456131056,0,1
0.006522878894798744,-0.004244350349527063,0,1
0.004284042101943843,-0.005457460662902734,0,1
0.005306386724023005,-0.005581327912687955,0,1
0.00681378339049282,-0.00392466660386904,0,1
0.0073624381245198335,-0.007319450662886475,0,1
0.007581684069959617,-0.002942930322671535,0,1
0.005949690682950687,-0.00498758669238561,0,1
0.006305576877764281,-0.004320647074097979,0,1
0.004445276222550772,-0.003720925269204927,0,1
0.007570495366105669,-0.0050240119113816204,0,1
0.006705192175500247,-0.0028816934573692304,0,1
0.007050202102922176,-0.0031835374765907753,0,1
0.007233382626157856,-0.003942868973476945,0,1
0.007308132535328079,-0.004927392508680107,0,1
0.00599422490272275,-0.004642382034478253,0,1
0.005929557285872524,-0.004072714627226198,0,1
0.0073270473515544806,-0.004213906797654148,0,1
0.007879776058433052,-0.004189105424782193,0,1
0.006640845884291701,-0.004560226426990374,0,1
0.008114497647405546,-0.001982780799025257,0,1
0.006372003541831579,-0.0058321384440158126,0,1
0.005301779063742873,-0.004713534571783809,0,1
0.005294221257155296,-0.004040374391249864,0,1
0.006263036592495999,-0.002407385046217011,0,1
0.0050089856119219164,-0.004923199716789529,0,1
0.005835653071012086,-0.005161414562643298,0,1
0.006361514706016075,-0.003808190723186279,0,1
0.0053226907858834535,-0.003949084483171891,0,1
0.006980874109407286,-0.004516587631938517,0,1
0.0073479633770575405,-0.004806818401397086,0,1
0.006427750950898219,-0.003767809848842614,0,1
0.006520798175248013,-0.003963287092848616,0,1
0.005689391015085481,-0.0037317637264871876,0,1
0.006245009029899386,-0.0033736647199732357,0,1
0.006580494080760261,-0.002757738902955661,0,1
0.0060678817379310945,-0.002990865696812934,0,1
0.005207738245095101,-0.0035684460126471393,0,1
0.00693054984338634,-0.002922132029819964,0,1
0.00703627625068347,-0.002839253496996769,0,1
0.003846605968886822,-0.0038076645360709915,0,1
0.005086721955758653,-0.004477262487232231,0,1
0.006331491193409412,-0.004817183496333987,0,1
0.005152051620674615,-0.003611818154937832,0,1
0.006525650720917882,-0.004025321816139872,0,1
0.005122312598750859,-0.006334155257368134,0,1
0.00630577968889996,-0.0029024057748170498,0,1
0.005706349604403399,-0.0031819466304839764,0,1
0.0038116857217817164,-0.004958144474717211,0,1
0.006611417162004061,-0.0028350900976228644,0,1
0.004718461416816967,-0.003614637759785695,0,1
0.006169254503799339,-0.0024037904053589737,0,1
0.007245607771261572,-0.0030330461918714174,0,1
0.004657576279890265,-4.3390342329195717E-4,0,1
0.006192526234366365,-0.0017861197743610042,0,1
0.005550110139005417,-0.0019879256915453585,0,1
0.006408264295334782,-0.00200212491840814,0,1
0.007852562831255934,-6.111113215344078E-4,0,1
0.009171130340088868,-0.0011564490839018771,0,1
0.009504116730502686,-0.0025268389707933966,0,1
0.008375329557079916,-0.002169361176849911,0,1
0.008348081587090883,-0.004264001891522548,0,1
0.00840943684956098,-0.003954129022974108,0,1
0.007286736743624066,-0.003317789843092646,0,1
0.008617502389126012,-0.0024623997106246608,0,1
0.01136919871141903,-0.002014340494781666,0,1
0.007643161337781767,-0.0037101538485191346,0,1
0.007665829500144478,-0.004178818100246274,0,1
0.00861120196046862,-0.0037436786852693017,0,1
0.00842882997887794,-0.003720828062169217,0,1
0.007536697885876086,5.418716157978513E-4,0,1
0.008007187106987739,-0.0017386729318405797,0,1
0.007740381673171736,-0.0026593378212085876,0,1
0.006120846988215616,-0.0010263540830349784,0,1
0.007455391955592232,-0.0032812299142254858,0,1
0.007807033074193114,-0.0020771717556368682,0,1
0.007945551552108746,-0.002008468218162485,0,1
0.008147594222437467,-0.0031212269260654717,0,1
0.003958544052405345,-0.0032284115372998193,0,1
0.00776377177281803,-0.0027981118165482924,0,1
0.006246553076001052,-0.0020201844177639102,0,1
0.00839165566922917,-0.0020249877553063828,0,1
0.008844813332232745,-3.143116500851803E-4,0,1
0.007409291307190718,-0.002086751228545041,0,1
0.007292311568170386,-0.0029062747165160686,0,1
0.008100385992398125,-1.6043161516896278E-4,0,1
0.006695671812458125,-8.90370704791013E-4,0,1
0.00498560742277616,-0.004391920047738102,0,1
0.0069600162868437565,-0.003395186398665375,0,1
0.006536850838803496,-0.001788662868398844,0,1
0.0057295328595995156,-0.0034309209223498368,0,1
0.006937270787362976,-0.0022095294504749508,0,1
0.007264953663101983,-0.003962693555748799,0,1
0.0061244589611166534,-9.966988279668774E-4,0,1
0.007270463340294975,-0.0018409261379793442,0,1
0.007563989879934698,-0.002168400984726365,0,1
0.007920235100665708,-0.001203217885610236,0,1
0.006760652971622382,-0.0020841432712143527,0,1
0.0058691347399373334,-0.0019789891550183697,0,1
0.006578867178349319,-0.0037946644910078603,0,1
0.00708200537269926,-0.0016266627936706536,0,1
0.006569568681988135,-0.004137480783992676,0,1
0.006493134262109776,0.0011416830388026838,0,1
0.006582256355767602,-0.0020068285111003565,0,1
0.006227934196761183,-0.002371578335086927,0,1
0.006919091254361201,-0.0024601725720465495,0,1
0.0060634756703973275,-0.0014582017065756258,0,1
0.006230512457563853,-0.0023095044666308555,0,1
0.006135041356085813,-0.002172309919910204,0,1
-0.0044264697454661096,0.006285387348845177,0,1
-0.004347313382632453,0.006118967894611913,0,1
-0.0064511617453876235,0.007975757455604556,0,1
-0.00446888360583435,0.006144575483052659,0,1
-0.003694142588758919,0.008316131111335863,0,1
-0.0020384401432141535,0.006742823324379609,0,1
-0.002078270267189758,0.004777142990415849,0,1
-0.0027386874900052374,0.007551650518318821,0,1
-0.004448296246169997,0.006337851434134992,0,1
-0.003978331072672871,0.006425248847575734,0,1
-0.0032808842357722294,0.00664282777110065,0,1
-0.003837865584810729,0.008035423468055204,0,1
-0.002406672525499358,0.006979756508754507,0,1
-0.0025200318528704876,0.005720775524876133,0,1
-0.0020227954515864444,0.006898696154522129,0,1
-0.0036997691957958933,0.0069845269419128424,0,1
-0.004669286979345548,0.0045579647978515455,0,1
-9.86969091112996E-4,0.004734807497369785,0,1
-0.002690488172605553,0.006226672627812118,0,1
-0.0020564541421988114,0.006447375220192315,0,1
-0.002710681888742278,0.0060594426368901924,0,1
-0.005057561599987836,0.006138238417727179,0,1
-0.0032995233445097583,0.0067673176560942745,0,1
-0.0026814601037901706,0.005880129719191513,0,1
-0.00391721070864649,0.006547177625098732,0,1
-0.0024803686875678583,0.006869928286795689,0,1
-8.555929302826277E-4,0.005880977346337752,0,1
-0.0038299107734359648,0.0046618874282901655,0,1
-0.0023849057875024713,0.007481066455448963,0,1
-0.002703960081674675,0.00715854230359456,0,1
-0.0019821717558685704,0.00522502931074049,0,1
-0.003529071981418141,0.005994259188194631,0,1
-0.001818765189364147,0.006837791783742573,0,1
-0.005083895034750907,0.0051083338150199565,0,1
-0.0029173625261696133,0.006192704395983662,0,1
-0.0035785849715823685,0.005651793349714167,0,1
-0.0032925223558991916,0.0056438954225566055,0,1
-2.9216671726354197E-4,0.005271171593033111,0,1
-0.004497348135697688,0.004916066013014867,0,1
-0.0031497520873546305,0.005013018383082025,0,1
-0.001189942922976264,0.005381074204730864,0,1
-0.0014877766129065308,0.007413085556203833,0,1
-0.0031743736039623566,0.00493232428035959,0,1
-0.0031096679536114415,0.003604402968164011,0,1
-0.0020619705298395813,0.005190816222012027,0,1
-0.0029688093116607664,0.006919566035038251,0,1
-0.0041024604042411966,0.005947027096031527,0,1
-0.003415285284555498,0.004705197300673463,0,1
-0.001712328106331879,0.005806444079916619,0,1
-0.0017413782277426876,0.006393506744729941,0,1
-0.0021319742547524015,0.005315189770195141,0,1
-0.002312503779984449,0.003030729665709768,0,1
-0.0033298887484451574,0.0038793486980139283,0,1
-0.003571082882920676,0.003821722490278519,0,1
-0.003060340277985751,0.0039819368003233884,0,1
-0.0026362509392601876,0.004373227017254793,0,1
-0.004574808848586668,0.004260809119200885,0,1
-0.0023387229651539725,0.005361751234227401,0,1
-0.0020008789892373108,0.0038640655757722305,0,1
-0.0019938147307410605,0.004336124912028057,0,1
-0.003760210332169215,0.0034986005515793782,0,1
-0.005131725333856991,0.0056825972418161185,0,1
-0.004609283452635889,0.005986920557617895,0,1
-0.004355913199374473,0.005317571289967331,0,1
-0.004758575575918136,0.005591217027964475,0,1
-0.0047852024094542376,0.0022885020776651126,0,1
-0.0031964362919296293,0.004740167954656539,0,1
-0.0026515027026366125,0.00424265025961887,0,1
-0.0014907683712073198,0.002505818310977027,0,1
-0.005139392102069098,0.005542656194207298,0,1
-0.004046772110463017,0.005901904691308861,0,1
-0.0033946017145779204,0.004251308356712425,0,1
-0.002842862181365295,0.007719595769761017,0,1
-0.006503527441203122,0.005356152263959804,0,1
-0.0032813127598132204,0.0036805498652966663,0,1
-0.004058893275317816,0.004858006951236142,0,1
-0.0048523956984567905,0.005677099316173638,0,1
-0.0053783798244962586,0.007165196088048134,0,1
-0.005084601748663795,0.004719503166374287,0,1
-0.00405653205851429,0.0056982891551820465,0,1
-0.0037884247325006,0.005308244807894976,0,1
-0.004562852967849454,0.005058054407423644,0,1
-0.003235636063482733,0.0031071291195889786,0,1
-0.004740028128856174,0.002112192819450172,0,1
-0.00559951660708598,0.004999119578740401,0,1
-0.003713096053709358,0.005560607770310799,0,1
-0.0057414025953716015,0.0010559799670702339,0,1
-0.0033984867530134394,0.0023808508768886822,0,1
-0.0026733862634754184,0.004081907069382516,0,1
-0.005664113874196305,0.004631237431396198,0,1
-0.005191108763728537,0.006197895241939314,0,1
-0.006108385484684833,0.004922935081809586,0,1
-0.0037278439102439694,0.003901168847011959,0,1
-0.0035658957347948312,0.0027612423988427753,0,1
-0.004823335935935255,0.005145358614789678,0,1
-0.0032499789496898673,0.0015452730422237197,0,1
-0.004286243738082974,0.006211679715738625,0,1
-0.003186127662598125,0.00627280570820964,0,1
-0.005507608199306771,0.004066057036234364,0,1
-0.007590550586924547,0.0038918559430664843,0,1
-0.005423474113581325,0.0045385599928986576,0,1
-0.004603743266751392,0.004115942623597979,0,1
-0.006522738106100929,0.004369012334180196,0,1
-0.004421444233965048,0.003010322629379271,0,1
-0.004692832814975413,0.004439363801589756,0,1
-0.0048478770826578445,0.005398547438289362,0,1
-0.005915758537301042,0.003521011507244799,0,1
-0.006241726258013136,0.0032455776419803733,0,1
-0.0065875198752719365,0.005320315903767173,0,1
-0.006216516956602185,0.005767469844606821,0,1
-0.005653749945422904,0.004582027025171216,0,1
-0.0032221543865713206,0.005018706982359912,0,1
-0.0060112331844055225,0.004931204233228689,0,1
-0.005468574656232849,0.004096773103966408,0,1
-0.006502551189765433,0.002213164675881407,0,1
-0.008387412131715465,0.0029990672411007746,0,1
-0.006727813567696289,0.0031168314396376145,0,1
-0.004248438645905158,0.0031916639714809937,0,1
-0.005570366432076965,0.005642050533191203,0,1
-0.004841571410705747,0.00721655436005283,0,1
-0.006911844131890623,0.004460908397367221,0,1
-0.005982218247700873,0.003596013969174453,0,1
-0.007014821169906381,0.004279242031748655,0,1
-0.0028753859761384915,5.813704728497786E-4,0,1
-0.005977542157062386,0.001089931420454082,0,1
-0.005368568970346343,0.0023090009238778287,0,1
-0.005771277682546137,7.972396986544896E-4,0,1
-0.007709835836321399,0.0038662595755890603,0,1
-0.00612281340302893,0.001948459620444263,0,1
-0.005911266856904234,0.0020016326446603036,0,1
-0.0061775915553878525,0.002882342823624277,0,1
-0.005048110213171235,6.314140871529335E-4,0,1
-0.004916121310177227,5.823385523659572E-4,0,1
-0.005709418304523539,0.0013714226784358326,0,1
-0.005953815555638221,0.001390799273903884,0,1
-0.003518484921270773,7.693665197712675E-4,0,1
-0.005504677152464979,0.0033302248361705,0,1
-0.00702465601339558,0.0033711732975932724,0,1
-0.006429059605451549,-9.557178197433673E-4,0,1
-0.003963803311078773,3.354362508839799E-4,0,1
-0.006464083653733279,8.581189678224221E-4,0,1
-0.007084896227875931,0.002407028802285795,0,1
-0.006251241632205841,0.0024382595095196074,0,1
-0.005487056420362609,0.0029642898896222345,0,1
-0.00547072215191577,0.0032199172683898044,0,1
-0.004898231246925624,4.328095358462951E-4,0,1
-0.0037278509439922568,6.118610893165795E-4,0,1
-0.00377306213006952,0.0020212622024555153,0,1
-0.0031966460608349157,0.0046825030174863815,0,1
-0.006052034873290453,0.0025882006408662994,0,1
-0.006230368218174663,0.003413736322963192,0,1
-0.006005104705955092,0.003310608756865424,0,1
-0.006100644803837329,3.955427527389226E-4,0,1
-0.004480281164970454,0.0023610727556937195,0,1
-0.005639000971361383,0.001261357588568643,0,1
-0.0054323089219546795,0.002739229684381838,0,1
-0.004881242015160334,0.001839396709228601,0,1
-0.005770806490511367,0.0033102466083912993,0,1
-0.005676130950722783,0.002374658996390238,0,1
-0.005541818668457881,-0.0016093108771404287,0,1
-0.005172457297934109,4.423817634289206E-4,0,1
-0.0036256987538963647,0.002474860508528565,0,1
-0.004475830146020529,0.0018189605596227135,0,1
-0.004782080457458358,5.866535085950678E-4,0,1
-0.005498823012925296,3.843125567028125E-5,0,1
-0.0033288454084578127,0.0018632460344892904,0,1
-0.004548551561340712,0.0021665932147145153,0,1
-0.00521436317342156,0.00327991849231634,0,1
-0.004418658251380977,0.001536000881893206,0,1
-0.004349289040834499,0.0020315961701680703,0,1
-0.004098114507500159,0.001918111037531924,0,1
-0.004939187998538288,0.00246393405803928,0,1
-0.00511154881183513,0.0033250786823484407,0,1
-0.004685775449698226,0.0030725048726455984,0,1
-0.0052901394635451945,0.0013780801365199334,0,1
-0.005050452148357614,0.0026280473642505205,0,1
-0.004424891664756691,0.00373248784812721,0,1
-0.0038352147814011963,0.0017356727483546167,0,1
-0.004794330798951496,0.002002934507601922,0,1
-0.0041360092039724,0.0029826482907042992,0,1
-0.0042297681856931025,-3.688836481968569E-4,0,1
-0.005928956860419722,0.002677009190010523,0,1
-0.004031911324449026,0.004024086789865278,0,1
-0.004646313684437734,0.0026655230086117107,0,1
-0.003340943830335828,0.0024523661616086163,0,1
-0.004404403752168339,0.0026437029377144395,0,1
-0.00468316191109963,0.003270865891814261,0,1
-0.0027972022589550505,0.002115853846729475,0,1
-0.004689222342336214,0.0037479105128194567,0,1
-0.0029808993304479077,0.0024576421535951226,0,1
-0.003788157980185795,0.0022275188392897167,0,1
-0.0032275826876280262,0.002652159553013323,0,1
-0.0036786652491565043,0.0016508694087042416,0,1
-0.006625878282792113,0.0018616859695276666,0,1
0.0012515213043614213,0.007702356533856887,0,1
-0.0010983537622189586,0.006091656344681742,0,1
0.0011852082791118837,0.006630913738361649,0,1
4.3843951520011856E-4,0.006480931303275856,0,1
9.90656348750138E-4,0.004837197663253216,0,1
-0.0016540716466169124,0.0032570726250907853,0,1
8.171982633842631E-4,0.004922221100561274,0,1
7.008563079071817E-4,0.007640975966166606,0,1
-0.0026582141274211386,0.006859775483450022,0,1
-1.1962821742975481E-4,0.006389803427773311,0,1
6.838963383877808E-4,0.006159578560981118,0,1
0.0017179974526338531,0.006136355296397642,0,1
6.788900660278771E-4,0.0048698168645940855,0,1
0.001531332135726329,0.007764672239360401,0,1
5.998473573891505E-4,0.00820248207673979,0,1
2.429917656534911E-4,0.0060576250000592,0,1
-0.0016113990948711347,0.004664375594134399,0,1
-0.0026747823662917032,0.0038699999124627367,0,1
9.094118979985977E-4,0.005490807281870238,0,1
-0.0012370061982395074,0.00548724559322466,0,1
0.0019823750516362345,0.0067890551860123,0,1
0.0010342202010457991,0.006719930318647574,0,1
1.4776310263783627E-4,0.005867613316511108,0,1
3.971525744647764E-4,0.005781912659650343,0,1
-5.948348171590428E-4,0.007672805648592186,0,1
0.0012892233179076838,0.006932895710587452,0,1
0.0012661432814458683,0.006533094457814244,0,1
0.0031255342560648305,0.008844662208711872,0,1
1.0735855825807815E-4,0.005162543079565658,0,1
-9.615956147586246E-4,0.01030139087758191,0,1
-5.606020032903736E-4,0.006356112373367534,0,1
-9.221915057300192E-4,0.005661940208857833,0,1
-1.1006817678817091E-4,0.005484610553294812,0,1
-5.591878910183633E-4,0.010704045302920285,0,1
0.0012745969589101937,0.009261139270489844,0,1
-5.671439049621029E-4,0.006539877002448932,0,1
-0.0013217772596521608,0.007118739962475601,0,1
0.0011142082454704378,0.008038378915473106,0,1
6.776319289285228E-5,0.006463690135057477,0,1
-4.6364333268021635E-4,0.00667913407725599,0,1
-0.0018328789066849739,0.006547107850778368,0,1
-0.0014394722896920648,0.007579158105040839,0,1
1.6166937657840548E-4,0.006758760432672737,0,1
-5.965982264453695E-4,0.006292448871269302,0,1
-9.019545781610926E-4,0.006513919719329802,0,1
-0.0012478190566597163,0.006174258607417871,0,1
-6.232899788503921E-4,0.006981370976269034,0,1
-0.0024738761644208258,0.005820032773202907,0,1
-0.002128845942322712,0.0066566744880514495,0,1
0.00154543616820717,0.004079375898119278,0,1
-6.117457860653374E-4,0.004324661198080903,0,1
-0.0027472678161551815,0.003935061269720963,0,1
-0.001395434583526496,0.0033172591593290898,0,1
-4.1923713289941726E-4,0.003154740482990627,0,1
-0.0020482284224518648,0.0031692806400371236,0,1
-0.0022485254922006543,0.0029480972476440756,0,1
-0.002426982564109578,0.0036164144215804395,0,1
5.51468490297417E-4,0.005318102541118509,0,1
-2.7912954199006516E-4,0.005254735641742663,0,1
3.4646042714414925E-4,0.0017371483633250486,0,1
-4.8601345511822434E-4,0.003380409179353937,0,1
-0.0024309441535646068,0.003643272849772798,0,1
-0.0019527416652941117,0.0033142872414295326,0,1
-0.002094984839780674,0.0033468050549929464,0,1
-6.308314841787714E-5,0.0064937233967242184,0,1
0.0012131675780218325,0.005505373491354311,0,1
-3.511503182913708E-5,0.004305185486755696,0,1
-0.0027563345221620463,0.0029808695747593184,0,1
-0.001421510272829723,0.004374909453484657,0,1
-0.0013159313782435556,0.0026520354855941765,0,1
4.523056340913254E-4,0.005185855364115902,0,1
0.0010566505196656086,0.005117011319132149,0,1
-5.238782801524288E-4,0.005811034355902535,0,1
-0.0018589500105967393,0.004610704452427661,0,1
-0.0015681377181291896,0.004382982475414828,0,1
-0.0013804182491425068,0.004780456007791466,0,1
0.001066285154707423,0.006678230574709156,0,1
-3.221955111009712E-5,0.005104679720351174,0,1
-0.0037838482404050472,0.005824589829949614,0,1
-0.0018086881984323811,0.004025639577983932,0,1
-0.0018822326198010355,0.0044600261918746175,0,1
-0.0027845998698347836,0.004560174010973076,0,1
-0.001099770188876291,0.005638865696220081,0,1
-7.755784729778329E-4,0.004998100925726709,0,1
-0.0025326422841178663,0.00458116156080058,0,1
-6.759661495600067E-4,0.004993135244387166,0,1
-0.002683143083717868,0.004739636112736273,0,1
-1.2107612072833407E-4,0.006391970607839123,0,1
-0.0026639341620160704,0.004018479878501102,0,1
-9.22030763298183E-4,0.004237082883817718,0,1
-0.0014257349188248648,0.0049141283714713374,0,1
-0.0022511399926748157,0.0045615290884719745,0,1
-7.985656664930321E-4,0.0062924267841682245,0,1
-0.0019292008438775872,0.005381813199730618,0,1
2.8703065377026044E-4,0.008123853666319287,0,1
-0.002526488914316356,0.004581637331049909,0,1
-5.84001013413503E-4,0.006133497253770712,0,1
-7.462573622836286E-4,0.005374114791415279,0,1
-0.0016548948715438595,0.0049552828780989,0,1
-8.526347448341402E-4,0.004521684178846002,0,1
-8.452828917265173E-4,0.007599693643214747,0,1
-7.788679269767635E-4,0.006983495494639208,0,1
-0.0024877020931039846,0.004131816891654079,0,1
-6.104616065247246E-4,0.006054082583743868,0,1
-0.0019126782680554924,0.005661109689783301,0,1
-0.0016633850022352056,0.005863176740830446,0,1
-0.0018267294076189566,0.0056085615806217275,0,1
-0.002595821844120073,0.006096421602645443,0,1
-0.0023489693892964317,0.006321535376596854,0,1
-0.0023589768202119245,0.007219374108577094,0,1
-7.523268692031249E-4,0.00782768826242846,0,1
-0.0018803125110043717,0.006560502224961396,0,1
-0.002336139040442185,0.00798803229549999,0,1
-8.446885407213404E-4,0.007278650038921954,0,1
-8.388622802838918E-4,0.005835273234043043,0,1
-0.0016806550061856638,0.006767403182919172,0,1
2.3697786621413208E-4,-0.00510122605369048,0,1
-5.987616715021309E-4,-0.0044314967958280615,0,1
0.0011172545952627922,-0.005696792234560657,0,1
-0.0012257257704071883,-0.004131662954261904,0,1
-0.0018538775720966843,-0.004555994101058953,0,1
-0.0012318387403477803,-0.005699780716634061,0,1
-0.001173509520654582,-0.0037302017625319614,0,1
-2.7639562439644945E-4,-0.005350278127164584,0,1
-0.0011045453104756805,-0.0036430188151708944,0,1
-8.642818606010385E-4,-0.0071022327820991224,0,1
-0.0025147354005560143,-0.003978664300970673,0,1
-8.408091632245455E-4,-0.0030135107639694377,0,1
-0.0012094921917064066,-0.003843510562452573,0,1
-0.0035244694812013085,-0.002257775142445613,0,1
-0.0019902672081009423,-0.00431281392844215,0,1
-0.0020075460574271856,-0.0033948916268858073,0,1
-6.030175499156575E-4,-0.005273449153364899,0,1
-0.0021146732539089113,-0.004567636564015632,0,1
-0.0015287163203764058,-0.003639769218704224,0,1
-0.001981536990296132,-0.003682762610480798,0,1
1.0373692573620424E-4,-0.003550418866581313,0,1
-0.0012141372079323995,-0.004547822715561759,0,1
-4.6283450731559195E-4,-0.004338717087194503,0,1
-0.0018439120809320268,-0.003792085881480568,0,1
-0.001753962081124324,-0.004185554061267816,0,1
-1.1183383716475074E-4,-0.0023854326591022427,0,1
0.0010474112139884696,-0.0011773161553233326,0,1
0.0011998884195032263,-0.0030521009044961636,0,1
-0.0010577565274002933,-0.0029542865659873876,0,1
-0.0020827495514540526,-0.001946607879328153,0,1
-0.001157650147918921,-0.0025687119084414167,0,1
-0.002820847676371271,-0.0017493456385676124,0,1
-4.018610155062972E-5,-0.002834455857052202,0,1
-0.0013928395744421495,-0.0029023654450534963,0,1
-0.0011701224949425203,-0.0030586323592380663,0,1
-0.0012423882228052724,-0.0018199553853068878,0,1
-0.0061952759916889,-7.84006880582553E-5,0,1
-0.00439930875539351,6.584233149316608E-4,0,1
-0.0029596821304386815,2.144003379052584E-5,0,1
-0.004049908212256239,0.0010326791766181653,0,1
-0.006213830451453585,0.0016406868509184986,0,1
-0.00271632667927445,0.0012629105022554273,0,1
-0.002123275446991413,0.001036786903364294,0,1
-0.0022712722998134054,0.0037066029646755524,0,1
-0.002487424350986066,0.0025164661534616056,0,1
-0.003967895831283601,0.0026990029837908086,0,1
-0.003335805974531743,2.1542031408273442E-4,0,1
-0.006821381586944101,0.0016155031623756749,0,1
-0.004562992658005356,2.561080650179207E-4,0,1
-0.003289775442659107,0.0017313825995736573,0,1
-0.001189661735127811,0.0026763844273676746,0,1
-7.810290276017054E-4,0.003001903588175167,0,1
-0.004140389173699929,2.057613132280236E-4,0,1
-0.004416879405668079,0.001152953514785132,0,1
-0.0033894433539067947,0.0011856967915720347,0,1
-0.0035240633910690027,9.191273223942784E-4,0,1
-0.0034569937792286536,0.0016534542648677245,0,1
-0.0028317627032882634,0.001055769270895085,0,1
-0.00534864487289406,0.0013887889787881696,0,1
-0.0017543914542012002,0.0020119654472970424,0,1
-0.004170224773196342,-1.389603596691709E-4,0,1
-0.004275087932738435,0.0015596236690248024,0,1
-0.0036283506865908265,7.606664554800698E-4,0,1
-0.0030011717063297134,0.0010795829949277523,0,1
-0.003465309231804758,0.0014941427339364973,0,1
-0.0021570745123252306,0.0020177099800930414,0,1
-0.004264534357235302,0.004519797718270026,0,1
-0.005772486981157217,9.832218308312689E-4,0,1
-0.0033869546529100235,-9.938651409521228E-4,0,1
-0.0029394123668971908,0.0010556924306136355,0,1
-0.0023682352393497664,0.0013597304835134064,0,1
-0.002141311148975443,0.0012830371308954244,0,1
-0.004049740546006401,0.002143717652548315,0,1
-0.003786343104989873,-4.348664212598029E-4,0,1
-0.0037752697010004325,8.500242257759875E-4,0,1
-0.005184182726057776,2.541386560957595E-4,0,1
-0.0025636840502944367,7.450250866571579E-4,0,1
-0.002849405797529263,0.0011515298014940446,0,1
-0.0019839636881302256,-2.9121971242061393E-4,0,1
-0.005466193379336019,-0.00241884947912204,0,1
-0.0021457310436032444,-1.76939381685125E-4,0,1
-0.0028803031427469916,1.1301264807990327E-4,0,1
-0.0017128242907452093,0.0014540966967505028,0,1
-0.0029393042964220377,0.0012160479589739084,0,1
-0.0028047150950010306,-9.210165777988772E-4,0,1
-0.0029916500261414894,1.9905006482839597E-4,0,1
-0.0011398750189742055,1.3582558601642788E-4,0,1
-0.002928258099349986,-2.311798029548896E-4,0,1
-0.002863245284692951,7.497748968540333E-4,0,1
-0.0032497093573639166,-6.532432318515857E-4,0,1
-0.003007327190439913,-5.692409801756978E-4,0,1
-0.0035734719056196382,4.590780267671128E-4,0,1
-9.357276335040461E-4,0.001235072139632945,0,1
-0.0016362264461933743,0.001601819293276248,0,1
-0.0029966335132898653,-0.0012562273234575524,0,1
-0.002517167267964503,1.1457373339230238E-4,0,1
-0.003164563954182947,-0.001196279366366068,0,1
-0.0029772813335295412,-0.002096173110300815,0,1
-0.00127685088802301,4.950353761840875E-4,0,1
-0.001112309918653464,-3.583874693652521E-4,0,1
-8.866823509524336E-4,-4.8965286713383866E-5,0,1
-0.0012800328827397762,-0.001492282591500808,0,1
-0.0025692735107657265,2.9024395015348246E-4,0,1
-0.0058965890565051415,-6.76621401729962E-4,0,1
-0.002915773418782306,-0.001460952213809606,0,1
-0.0022499825563174476,-0.001152208737657458,0,1
-0.002282401677403669,-4.0817932643060344E-6,0,1
-0.002276763853411697,-0.0031260816519263655,0,1
-0.0015792498385025849,-9.250833705496582E-4,0,1
-0.0015967249930852754,-0.0013797267649486137,0,1
-0.0020476963790387747,-3.354209959697253E-4,0,1
-0.0019048050767291912,-0.002203795677728302,0,1
-0.0023345440727423426,-0.007776554446844159,0,1
-0.002119022583532181,-0.004815713240611801,0,1
-0.0023099904524292872,-0.0026017664947381976,0,1
-0.002954135721798144,-0.003908217746067631,0,1
-0.003321712047870994,-0.004256650397319732,0,1
-0.00410711219567753,-0.003321139983820197,0,1
-0.0028476154050678646,-0.004112439394359304,0,1
-0.0016998589125019276,-0.00469977462444226,0,1
-0.0025615740327637497,-0.00501916694147197,0,1
-0.0037361575631069954,-0.0030211392751540397,0,1
-0.0036314153469937604,-0.0023472904097576667,0,1
-0.0033345934416588716,-0.004225946390860811,0,1
-0.0025007600849033472,-0.004574839482702278,0,1
-0.0025785596119363625,-0.0037362435841973036,0,1
-0.0036840004186034906,-0.002528119961764775,0,1
-0.003102845780101914,-0.0027946799751373624,0,1
-0.002777931639503368,-0.004248814941701285,0,1
-0.0020521563070918167,-0.004314545661770687,0,1
-0.003297124362660838,-0.004652881882409044,0,1
-0.004197287260354552,-0.0035532065356296168,0,1
-0.005630764405368192,-2.4982274263886727E-5,0,1
-0.0021273158297301763,-0.0033432554472373616,0,1
-7.768022416524791E-4,-0.004690789025273964,0,1
-0.004237396067432419,-7.551437698632872E-5,0,1
-0.003583414395062612,-0.0033804493597101204,0,1
-0.0011303419548062297,-0.0015383787840638611,0,1
-0.003065788684215966,-0.003745992872436835,0,1
-0.002317791051127516,-0.0030776915074946748,0,1
-0.0018886663456583225,-0.003277516003461239,0,1
-0.002665449590230409,-0.0027053548914812223,0,1
-0.002549553822080336,-0.006135036682796697,0,1
-0.0018317204536099862,-0.0015702384611877749,0,1
-0.0024997097436174763,-0.002338417291608106,0,1
-0.003113133645608545,-0.0018923410351942545,0,1
-0.00152681095501285,-0.002108022395966139,0,1
-0.0022611644734322894,-0.0026411506434371556,0,1
-0.0022314924716838875,-0.0035559617964257494,0,1
-5.594281024664502E-4,-0.002562903679259098,0,1
-4.713850876101228E-4,-0.003302888346637018,0,1
-0.0019334187737883746,0.0015245222654180894,0,1
-0.0020111360345381273,-0.0013036873585836632,0,1
-0.004223381495912773,-0.0037396922132060238,0,1
-0.004981479931779515,-0.004041668154917254,0,1
-0.004862805673888788,-0.0017206530293988314,0,1
-0.005044476193413144,-0.0029492367615927334,0,1
-0.007299837515632049,3.816131104484136E-5,0,1
-0.0044601943584399294,-8.022754477825093E-4,0,1
-0.004170857996840444,-8.306544778317717E-4,0,1
-0.004338258465192371,-0.0013953893128526862,0,1
-0.004439546153354627,-0.0023494848053228594,0,1
-0.0044197051397024505,-0.0016200894688783484,0,1
-0.004564915103526877,-0.0013198522276794444,0,1
-0.00442957839987548,-6.141509591078484E-4,0,1
-0.004951134174100599,-2.814415689082252E-4,0,1
-0.004459015369032562,-0.0033554512292579895,0,1
-0.0040933789176387835,-0.0025492273637629,0,1
-0.0031950034666455847,-0.0015799875110825822,0,1
-0.003371554384212953,-5.221365846776506E-4,0,1
-0.004817992301937049,-0.0010856210679357223,0,1
-0.004437048805516449,3.7561917214150087E-4,0,1
-0.003770494835263495,-0.0014179272777584198,0,1
-0.003819826034400322,-0.002061985352633989,0,1
-0.004069476392755211,-0.0017206169995113987,0,1
-0.003962068909287961,-8.920135827311323E-4,0,1
-0.0037488694034617117,-0.0020598265204374495,0,1
-0.0019992147462614927,-0.0010885245833175483,0,1
-0.0027418399118884673,-0.0036052836980255544,0,1
-0.003986760371808272,-6.037822381148474E-4,0,1
-0.004236574280651999,-0.002070905983987825,0,1
-0.0033597077944420768,-5.378919550906214E-4,0,1
-0.003456636288679504,-0.002570629498213398,0,1
-0.002256081513194923,-0.0017077297638647157,0,1
-0.004052055429885084,-0.002317117981955019,0,1
-0.002847459388256109,-0.0014268965458485623,0,1
-0.0025549191352212436,-0.003897982316122022,0,1
-0.0034666319856093792,-0.002328792383593742,0,1
-0.003590387489915892,-0.002869634353892066,0,1
-0.0032397310413889596,-0.0010845837680159012,0,1
-0.003303305320742541,-9.803810254774593E-4,0,1
-0.003468600017880458,-9.803809877264168E-4,0,1
-0.0022502846275844848,-0.001615132724299332,0,1
-0.0041164775286418745,-3.166130518995413E-4,0,1
-0.004534998521185861,-9.264324345125426E-4,0,1
-0.002853205303802036,-0.0017081789363842137,0,1
-0.0020761746055748217,-7.391680407995788E-4,0,1
-0.001578699256881281,-7.059865100323062E-4,0,1
-0.0038085259272091754,-0.0019909334165607224,0,1
-0.0031405737545340214,-0.0011061132487520417,0,1
-0.0025963263037950602,-0.0018604080698513673,0,1
-0.0018199897335540146,-0.0020980526095292816,0,1
-0.0013016675783535472,-0.0017231464420128329,0,1
-0.002484275993396265,-0.0013328021458346,0,1
-0.0036052388322009815,-0.0026035736737626824,0,1
-0.004055385233264143,3.629192015823792E-4,0,1
-0.0010376026484827496,-0.001280564460203311,0,1
0.0032113302936916835,0.0019097930630798472,0,1
0.004084107399386386,0.0024785025548073668,0,1
0.005626319452318116,0.0022667010006630966,0,1
0.004661161684505728,0.0022978451885725965,0,1
0.004485111944319131,-1.929978597557821E-4,0,1
0.005790934295035658,-5.787993668709467E-4,0,1
0.00509671576523779,-4.035832036938066E-4,0,1
0.005882118093191331,-0.0010601321175892778,0,1
0.005232073947876884,-0.001235594727392059,0,1
0.00473734918894403,0.002487801144539899,0,1
0.004536048102185181,0.0020563549470678654,0,1
0.004491130958767703,0.0013263856156130092,0,1
0.004314227546970761,3.418964446372432E-5,0,1
0.003358598768343682,4.727755975843864E-5,0,1
0.004406661062227959,-3.0815333309698665E-4,0,1
0.00528168190359107,-6.210887788146983E-4,0,1
0.003203350445905478,0.0036733481390309906,0,1
0.0025164623490672553,0.001468944485431403,0,1
0.0014325539101576225,0.0020028482952896857,0,1
0.005044161583998143,0.0014189559616847132,0,1
0.0048862808214374265,-4.017797428262174E-4,0,1
0.0044720750482697275,1.3260186932726386E-4,0,1
0.005099787581346977,-1.239772725920795E-4,0,1
0.004562584221220385,-2.4299202604705056E-4,0,1
0.003193677005694399,0.0028260446901025764,0,1
0.005594050117030948,0.0010589895292746258,0,1
0.0039370928892394266,0.0015107323855725594,0,1
0.004373692390992935,3.29300893622903E-4,0,1
0.003976476834581645,8.496385869126312E-4,0,1
0.005258338303732084,-7.334017675836158E-5,0,1
0.003242431806771472,0.004732967951892051,0,1
0.004606988148304982,0.0035637917706815244,0,1
0.0041442877475808704,2.2732931134492257E-4,0,1
0.00399163440498237,0.0012501515952345712,0,1
0.003919016663331295,7.78273982878559E-4,0,1
0.004272228007414297,-4.0180361934502004E-4,0,1
0.003768524468166703,-3.3559667905367783E-4,0,1
0.003487053968905589,0.00228517912551636,0,1
0.0035640969517679462,0.0014904819331692692,0,1
0.004807905058472348,4.1253697373815686E-4,0,1
0.004524705256003117,0.0010539572845123084,0,1
0.00346962916977377,5.109468001183355E-4,0,1
0.004387178433840546,0.0013940867514483169,0,1
0.0037776589831787087,0.002039426938338194,0,1
0.003496209732178343,0.001337894954188939,0,1
0.003713791174357016,5.336898445888698E-5,0,1
0.0037605924429865785,6.814915552445291E-4,0,1
0.003965257634637165,-0.0019296285617621497,0,1
0.004083707798681228,0.0014840164409944036,0,1
0.0033111157231998714,0.0014653760458035491,0,1
0.003290012141154845,-1.2355808937808478E-4,0,1
0.005337528975470445,1.8668465040176007E-4,0,1
0.0024455922985475017,0.002482858619888696,0,1
0.003404033648492036,-5.022051615296077E-5,0,1
0.002676528797223485,9.781655445257468E-4,0,1
0.0028653812223533694,0.0018379132272842377,0,1
0.0036248906607652116,8.423441121271081E-4,0,1
0.0029649838754769596,0.0022977458869943594,0,1
0.0036244044397084297,1.0643344349053831E-4,0,1
0.0036272112053584655,-5.665374249246097E-4,0,1
0.0016620754621718076,-2.770650699251256E-4,0,1
0.0026442597779500307,0.0018545219755356451,0,1
0.0029271094170916223,0.001130558242493648,0,1
0.0027598342100417696,1.2293232661306688E-4,0,1
0.002968780461470753,7.141991993843645E-4,0,1
0.0013516228529781799,2.3524760304900278E-4,0,1
0.0032884803972059455,-0.0010330019594511747,0,1
0.002698283723814766,8.373179822901412E-4,0,1
0.003224178661867481,9.036345715824776E-4,0,1
0.002701048177872182,0.0015687575256738177,0,1
0.0012344819877005894,0.0021025836827791374,0,1
0.0025534606386788134,8.043128728708311E-4,0,1
0.0012056270398058374,0.0020689966846252836,0,1
0.0023331163402664466,1.1435868983778507E-4,0,1
0.00206970576546615,9.243451650334288E-4,0,1
0.004500433632365486,0.002831817427315994,0,1
0.004904719435064604,0.0031070833610848426,0,1
0.0024885364112818276,0.001555079169305284,0,1
0.0036193489511149304,0.0028775181837308625,0,1
0.002592990492082737,0.0022853225413674676,0,1
0.002718185889178375,0.0033310344579531815,0,1
0.002157177401262267,0.0014288574569474308,0,1
0.0018235836525430165,0.0016399908987264672,0,1
0.002353131229519742,0.003787605417545643,0,1
0.0031318974761591033,0.002865145934889922,0,1
0.0024600846175774674,0.0023595695738653495,0,1
0.0021354828868607196,0.0027234246737090546,0,1
0.0016673491288016486,0.0010715838942331364,0,1
0.002123294289477373,0.001756812375566544,0,1
0.0017799696727714624,0.0014249016547460763,0,1
0.0025695802799484144,0.005770164779364275,0,1
0.0040501397010468225,0.003364629474516878,0,1
0.0030644560990864293,0.003012665951375798,0,1
0.0022299571657453166,0.002418737845043484,0,1
0.0029012624722239357,0.003520960587585789,0,1
0.0015499951317092524,9.581738997208966E-4,0,1
0.002873607184751493,0.0022486578477040726,0,1
0.0028551258273339826,0.0029733334084641053,0,1
0.0024529933800090387,0.0025656289453414236,0,1
0.0020918100008407363,0.003371258010639962,0,1
0.0020299623974294467,0.0027268927429639272,0,1
0.002503377889576431,0.0021842763839928013,0,1
0.004175434249942331,0.003541591597275713,0,1
0.003461400721603495,0.0029342600374885792,0,1
0.002144752357783271,0.0029539643036619267,0,1
0.002779426759857832,0.001787102168447783,0,1
0.0012549212874232835,0.001463710022273614,0,1
4.63217288142254E-4,0.0016706543157652748,0,1
-3.6809252743156873E-4,0.003418295525769554,0,1
0.0035416177219553284,0.0033050245928937525,0,1
0.0044803376125811855,0.004097507669360552,0,1
0.003137376654981538,0.0026362019674532325,0,1
-0.0012288616095831614,0.003874985989071912,0,1
0.002805280870420417,0.003682550961270711,0,1
0.0030639308417344515,0.004571593369671038,0,1
0.002004399733718174,0.003191012916462724,0,1
0.0014312046879570509,0.0018541982228366027,0,1
0.002487825309165885,0.003304313724827728,0,1
0.0025545364251288246,0.0018398213243161086,0,1
0.001319649233154587,0.004614861205655338,0,1
9.183902613511025E-4,0.002481609842957784,0,1
0.0033631363330422896,0.005218652325209406,0,1
0.003006290168747548,0.0030688668736411494,0,1
0.0012542404909162705,0.007305551087521046,0,1
9.349298511100325E-4,0.004457571912357795,0,1
0.0030643563008217983,0.0038885278805678575,0,1
0.0016305167201002147,0.0025375852980635263,0,1
0.0012225705515278417,0.0038020569720353726,0,1
0.0025167122204697617,0.0032210288867938063,0,1
0.0028304862799341476,0.004633273788266656,0,1
-2.1885914069492174E-4,0.00364069597485891,0,1
0.002898345282606043,0.004082559017747261,0,1
1.2015991096855872E-4,0.0038369098301186686,0,1
0.0012810247502107095,0.004452729771872625,0,1
0.0010263381584311108,0.004366931849314531,0,1
0.0011672939064599154,0.004457558935695308,0,1
4.679147715226975E-4,0.004122372208867078,0,1
3.085964923033963E-4,0.00479787617275182,0,1
7.890959654919241E-4,0.005894704184076152,0,1
0.002609783960809764,0.002676558358984992,0,1
0.002071193047619774,0.002108824792738793,0,1
8.021478424113898E-4,0.002652725306121679,0,1
-9.144526642450859E-4,0.0020143252016064303,0,1
0.001205888634096337,5.68648520605618E-4,0,1
8.441585976274035E-4,0.004354066717756576,0,1
0.0010331965297067766,0.00347967148621041,0,1
-0.001027745102071215,0.004869781917535006,0,1
7.712646592972097E-4,0.00330367786979749,0,1
7.396460813718168E-4,0.0023426047037341203,0,1
0.0021099643697263817,4.0097289962842783E-4,0,1
0.0010383275851832308,0.0012084670949854507,0,1
0.0023678252691148546,0.004541810373054743,0,1
8.1318398991412E-4,0.004132261307795526,0,1
0.001691819450737833,0.0036142998002093906,0,1
9.129147939674178E-4,0.0031326266551705297,0,1
5.73643157540701E-4,0.0022289501676858213,0,1
3.3505068157964216E-4,0.0019418039066136444,0,1
4.951835829494767E-4,0.0031656957396776005,0,1
0.003147948848105298,0.0030001882429114566,0,1
6.412963079733264E-4,0.003862275898107772,0,1
-9.300263090721632E-4,0.0034510347741085277,0,1
6.913069215194168E-4,0.0028499601626685413,0,1
9.307584027613453E-4,0.001894849452273918,0,1
8.068838818286423E-4,0.001601943322216035,0,1
-0.0017672801331979193,0.005018578819094509,0,1
7.765742554851035E-4,0.004413820003105229,0,1
0.00101128161872261,4.136009665891958E-4,0,1
6.858252890965278E-4,0.002966783866226017,0,1
-1.213568018009946E-4,0.0014295296168054927,0,1
5.237053043462064E-4,0.0017250837585237242,0,1
-3.179783505517006E-5,0.004865993289546814,0,1
-0.0019556760202239483,0.004884835608835866,0,1
-0.002171740740990318,0.0013931993078101306,0,1
-6.446757688930032E-4,0.0024620700080442,0,1
-9.991176919451434E-4,-0.0011313033961141714,0,1
-5.846360992185613E-4,0.0041969430032496365,0,1
4.0525744651311697E-4,0.003913320526844454,0,1
0.003613921832402705,0.004276244249034349,0,1
8.433627343127309E-4,0.00349163476681781,0,1
9.956243498829376E-4,0.002357613694841996,0,1
0.001072573917140203,0.0011396942696121528,0,1
0.0016909433750852002,0.002109877099278788,0,1
5.232668097109254E-4,0.003066312005015601,0,1
-4.6523459720616963E-4,0.0029785130737909494,0,1
1.683129569709734E-4,0.002389745252178625,0,1
-6.834971839256797E-4,0.0038076674563086864,0,1
-0.001957158180637723,0.0038371505538199588,0,1
-3.4060209648954006E-4,0.0032400385932929154,0,1
-3.933813791839846E-4,0.0019829619211532475,0,1
-0.00206284116554871,0.005717265957624008,0,1
-4.438142899423219E-4,0.0036109102609680776,0,1
-0.004107377274884023,0.004191323036472353,0,1
5.025155624688284E-4,0.002470233692736665,0,1
-0.0016426330631508007,0.004732573642581174,0,1
7.150432910704077E-4,0.0032590095084393715,0,1
-5.37448615844613E-4,0.002638377121332859,0,1
-0.001977957427347958,0.004476424382487645,0,1
-8.762342179435439E-4,0.003078065264090733,0,1
0.0011785172232054927,7.512680872976679E-4,0,1
-0.0016807577258016867,0.002168508713439375,0,1
-0.0035977130455636503,0.0035670819496605053,0,1
-0.0017820292399646682,0.003108510143096974,0,1
-0.0016261363611300957,0.00383428618918836,0,1
-0.003904075232770213,0.005387783212392326,0,1
-0.001465823567857527,0.0025400415872231705,0,1
-0.002162452285403328,0.0025887133022488903,0,1
8.026366039394311E-4,5.315244174639767E-4,0,1
1.5838355579509891E-4,-2.014809160863971E-4,0,1
0.0017596165269069435,9.919604860617144E-4,0,1
9.108423276836637E-4,5.381285534263493E-4,0,1
-0.0012494181567754838,2.99964656227805E-4,0,1
-1.6877872943327687E-4,4.437693816375364E-4,0,1
-0.0015223234819661425,-2.9831472203324037E-4,0,1
-0.001634795302510006,-0.0010196063971780877,0,1
-0.0010339082482891102,-4.132345682587173E-4,0,1
6.443918028318635E-4,1.4917401450188178E-4,0,1
9.363864790549238E-4,1.9009520441818582E-5,0,1
-7.687455776259774E-4,0.0011639562136447994,0,1
2.1337599218064165E-4,-2.0304134593898367E-4,0,1
-4.829648509294749E-4,-3.646507871194717E-4,0,1
1.2884954207377194E-4,2.251435506257328E-4,0,1
-4.096666237344532E-4,-8.241846342325874E-4,0,1
-9.593616538360478E-4,-7.06083128297467E-4,0,1
0.0015198894008398459,5.83428203951555E-4,0,1
-9.534325602678942E-4,-8.107540754131694E-6,0,1
1.0004194748150699E-4,5.109017199972531E-4,0,1
1.3321924042776633E-4,-2.850181560291937E-4,0,1
4.984797964057641E-4,-0.003318674585196354,0,1
2.6166430584824256E-4,-7.199355367195591E-4,0,1
-9.945652154586602E-4,-2.1346322228935836E-4,0,1
-0.0011646381312743713,4.0273682749262835E-4,0,1
-6.844489762100605E-4,2.1358546954663489E-4,0,1
0.001074899391320502,-0.0021939577282619215,0,1
5.699193098357632E-4,6.755811789834125E-4,0,1
-4.69737842986409E-4,7.459761047693591E-5,0,1
8.935769242141849E-5,-7.766849238012948E-4,0,1
1.8060346310461356E-5,6.516283550061683E-4,0,1
-0.0010109260668420858,-2.1791024971270506E-4,0,1
-0.001292381662509069,8.826569079139306E-4,0,1
-0.0015737381492395585,5.372216043240266E-5,0,1
-0.0014795988704461905,-2.051311288789098E-4,0,1
-7.66679477920407E-4,1.6321379733882054E-4,0,1
-7.169479150539109E-4,-7.213638725715444E-4,0,1
-0.002743874424205851,-0.0026338416574869968,0,1
1.063615192855535E-4,0.0013814172546058375,0,1
0.0017391986602230919,0.0021687955943755625,0,1
-8.138730995759986E-4,0.0011409207349910302,0,1
-8.821089819483623E-4,8.35020159785635E-5,0,1
-0.001305474400353455,2.652318021344589E-4,0,1
-0.0013897917187731077,-4.3839356278718406E-5,0,1
4.696515948534239E-4,0.0019070547792903545,0,1
-7.868053886694064E-4,0.0020751770555837205,0,1
-0.001841217837952842,0.0013289686640121697,0,1
-4.703243300425681E-4,0.0013106324276789677,0,1
-3.719463063818598E-4,0.0011177117750674947,0,1
-0.0020590371528678665,5.950788473757212E-4,0,1
6.492039120145058E-4,6.725249558788205E-4,0,1
7.65769228010021E-5,0.0021595728008887887,0,1
-0.0012150697238821995,9.527347736421937E-4,0,1
-0.002097626608631882,-0.0011681643661869206,0,1
-5.662186005974981E-4,0.0029602363281275757,0,1
-7.478158938145376E-4,0.0014510728406893058,0,1
-9.959798707940087E-4,0.001865428818265669,0,1
-9.96801096355639E-4,0.0026284229345772806,0,1
-0.0017660256826996683,0.0015967685373082445,0,1
-0.0018982763568202025,0.0022640993653212176,0,1
-7.180609382577466E-4,0.002477005435240692,0,1
-0.002123326989856962,0.0018583079916527731,0,1
-0.00253008427341804,8.426433463881061E-4,0,1
-0.0023127729731949147,0.002307745547901925,0,1
-0.0010540461345367534,0.0010601049473605978,0,1
-0.0028201120740540997,4.941286281023886E-4,0,1
-0.003517292638993764,0.0018637943349809481,0,1
-0.0021595167759596878,0.0019460587862367373,0,1
-5.429925679562101E-4,0.0024595017704181392,0,1
-0.0019723251481574343,0.0013178292830221948,0,1
-0.0015046734127851392,0.00233439136609371,0,1
-0.001964881686192311,0.0023742340980377414,0,1
-5.943871211948078E-4,0.004151535261980658,0,1
-0.002396761236615995,0.0011563848596024358,0,1
-0.0019846252139548277,0.002490497022102774,0,1
-0.002357555895746527,0.0032162632322506163,0,1
-0.0016757342304136117,0.005259084223670399,0,1
-0.0026195805521627984,0.0010702841494383151,0,1
-0.016503084510277134,-0.0018365853610630546,0,1
-0.013627476261937554,-0.001180616169079078,0,1
-0.011962534655281583,-2.8432571895576497E-4,0,1
-0.014257030332313674,-0.00198974763744506,0,1
-0.012231014772444315,-4.982297905425163E-4,0,1
-0.010875264926363783,-6.262504437407404E-4,0,1
-0.012393598872415833,-5.359852779978104E-4,0,1
-0.015265994564458154,-0.0011425972550795692,0,1
-0.011891969557637857,-0.001294553255420507,0,1
-0.013536711774430013,-0.0023824704803010097,0,1
-0.010563169825731657,-0.0021001268372736735,0,1
-0.011477149141626777,-8.346370142087701E-4,0,1
-0.011808108251693402,-0.002444323328692049,0,1
-0.015104640523558142,-0.0018832203031104225,0,1
-0.014401567689327972,-0.0018964601965587354,0,1
-0.014523362098372131,-0.002789280594381636,0,1
-0.014009853098428988,-0.002772494414218975,0,1
-0.013124276757966387,-0.001757297859477933,0,1
-0.013582815441110034,3.2660013673795594E-4,0,1
-0.014689103393844867,-0.0020677399866099633,0,1
-0.018004074115516664,-5.940651942071859E-4,0,1
-0.014412306955667786,-0.002038205048424474,0,1
-0.013285732675975931,-0.0018293123911780026,0,1
-0.013074483139357301,-0.0018457339196958494,0,1
-0.014955198061322016,-0.0019481914902045082,0,1
-0.014445078122761622,-0.0022993807349802097,0,1
-0.013837409846762688,-0.001414680284048586,0,1
-0.01296894768473649,-0.002318797010487369,0,1
-0.01315555642971219,-0.002307364491605776,0,1
-0.015240645702263814,-0.0022007133640045756,0,1
-0.015601506193063462,-0.002426443610705979,0,1
-0.013740317937595552,-0.0010156938294938573,0,1
-0.013592582120327644,-0.0038601411182356726,0,1
-0.015564161084244951,-0.003695473408011,0,1
-0.013890059228193074,-0.0024888012163703415,0,1
-0.013916319660424892,-0.003513856673530458,0,1
-0.013660216710236893,-0.002222751469919302,0,1
-0.01468058374154629,-0.003166190578581134,0,1
-0.013870004429112627,-0.0026335593244451953,0,1
-0.014257485837234192,-0.0033384333880519673,0,1
-0.01477093430055212,-0.0042915919508465525,0,1
-0.014573667636769469,-0.002132103712631313,0,1
-0.013001511252599995,-0.003019659385936389,0,1
-0.016476288191586703,-5.818147380909826E-4,0,1
-0.014943690411571921,-6.859230520947595E-4,0,1
-0.013159068883987702,-0.0025386744420127596,0,1
-0.013973480828645687,-0.0036685263286962604,0,1
-0.014151753346568402,-0.0031621712908826314,0,1
-0.013778342891910173,-0.003296857905466629,0,1
0.004447550218172319,0.014058540601020386,0,1
0.003968172894239504,0.01463926618119479,0,1
0.004335651292669225,0.016671270002492862,0,1
0.006637445059083054,0.015392774385316487,0,1
0.006381917326103279,0.014249126765438247,0,1
0.007351694501394027,0.014887106336495154,0,1
0.0056283116053630925,0.014806050696141314,0,1
0.00424516651237697,0.013930681253661495,0,1
0.006078242047545049,0.015249615713672865,0,1
0.005176884762805335,0.015877549893963287,0,1
0.005469308349587034,0.014711033995552292,0,1
0.004950492126166576,0.014099774046373439,0,1
0.006325924017654649,0.014438471399884537,0,1
0.006547597402628085,0.013451063889610274,0,1
0.005415076119298761,0.014684839091589833,0,1
0.006600837111087605,0.015443608545527888,0,1
0.0028145598545353655,0.015460620930269446,0,1
0.004690180480948092,0.01392947758538824,0,1
0.006375806260961579,0.016339043182094722,0,1
0.006365391745859019,0.015175394529454492,0,1
0.008147251853658322,0.015945096283128058,0,1
0.004334431036742393,0.013750660677701951,0,1
0.007028092352380292,0.014445034554459732,0,1
0.006503866876113548,0.015435283515808657,0,1
0.006431713890753103,0.014875801597045742,0,1
0.007034086133392191,0.016349466202873118,0,1
0.00648850448309315,0.014010373145071989,0,1
0.008459065515539635,0.013233881432455673,0,1
0.006797871520244608,0.014114650714549707,0,1
0.0028716924750365014,0.014526844663502094,0,1
0.006060183064375389,0.015524499808825283,0,1
0.005366235043831605,0.01607618638481483,0,1
0.005206612692292515,0.014835813507305869,0,1
0.0059898940523049945,0.014394982159950515,0,1
0.00816689425308177,0.014582797080215279,0,1
0.005524084463230099,0.013656465670384864,0,1
0.004345872263152367,0.014587141812143998,0,1
0.0069203527675131375,0.01430683859294573,0,1
0.006577305558023885,0.013196316340123726,0,1
0.007327186944823216,0.01220238016802978,0,1
0.0066623266861974085,0.012976756647606232,0,1
0.0036573872371295168,0.015356820588799367,0,1
0.003928091673855486,0.014415875076848982,0,1
0.0035817091133365886,0.01424231455548428,0,1
0.0029273726920979433,0.014203861036050506,0,1
0.002062083782925916,0.014394131007683617,0,1
0.0021172993859975113,0.015170156953566948,0,1
0.0018100289943504138,0.015063388409237108,0,1
0.0032620944567446812,0.017601968448216553,0,1
0.0039285707027518785,0.016259228830870574,0,1
0.0020174029830325618,0.013463191074955506,0,1
0.002638033405664105,0.014799907337083676,0,1
0.004235943120164256,0.01156801628246785,0,1
0.003756994772758145,0.016017582413955532,0,1
0.0024800265970123525,0.014608418455216675,0,1
0.0016233703214029046,0.014174452005017785,0,1
0.0033920386981710487,0.015269207699538405,0,1
0.0029162604751683534,0.014209587809283827,0,1
0.003366021601125862,0.01544535909359672,0,1
0.0030444709769093976,0.015515831851381707,0,1
0.0026566027427955613,0.015161582964107396,0,1
0.004782994840092009,0.015820548491956958,0,1
0.0020142441748086833,0.01520089194508151,0,1
0.004375648847891689,0.016315223831924505,0,1
0.003575578182291011,0.01574053233226872,0,1
0.0017100242711362923,0.015021310768062936,0,1
0.003092304909040309,0.016155260924602486,0,1
0.0029936595986562076,0.015450890027350474,0,1
0.003483370437634035,0.015907231884555464,0,1
0.003053769558685149,0.016073637672068652,0,1
-1.4989320868951717E-4,0.015589441076656607,0,1
0.003706680432825753,0.016372740052154507,0,1
0.004803256268769045,0.012617841333316728,0,1
0.0036425949844101466,0.01628396242371939,0,1
3.0098671792799835E-4,0.017344332549350656,0,1
0.003732187083447159,0.014401875430181496,0,1
0.004203897638285478,0.016252279888702578,0,1
0.0037094172370316955,0.017542832317258557,0,1
0.003381830039102221,0.016443186311732194,0,1
0.0031900048728913896,0.016764836044945653,0,1
0.001662210180095894,0.017799366451554353,0,1
-6.3346563857343E-4,0.01800628439609425,0,1
0.004114123104324393,0.01575146010937165,0,1
0.002687255191717892,0.01731074379577411,0,1
0.004309362300180769,0.017394256553787135,0,1
0.008837111334809427,0.01259326580262075,0,1
0.005995815823316715,0.013649420948722965,0,1
0.00494004986534292,0.011578056349280936,0,1
0.004999636929299106,0.011705191485904732,0,1
0.0050096666165335545,0.012031726718473253,0,1
0.00490622517509239,0.011979100669675247,0,1
0.0047856744380369775,0.011177305610598482,0,1
0.0065487992490492735,0.012860284316912697,0,1
0.005607104221830564,0.012415528482355076,0,1
0.003219796233584379,0.014989147183069734,0,1
0.004488011410547448,0.012243230501249742,0,1
0.004591754629848754,0.011655758168393543,0,1
0.005979117828325149,0.012038227190649044,0,1
0.004190206245706212,0.01125573348486754,0,1
0.0056019902713771216,0.013634744635449903,0,1
0.005769722033987401,0.012641431442135566,0,1
0.0031529033119290705,0.012969360767223844,0,1
0.004789747540066689,0.011842317980260168,0,1
0.0031749076122532497,0.011124050177856799,0,1
0.0045077881828867235,0.012407858870461738,0,1
0.004997043932841883,0.01418086763213346,0,1
0.005307206260805824,0.012684569411751757,0,1
0.00549888805876851,0.012292950020913082,0,1
0.0019938113865041254,0.014601564189519864,0,1
0.004499238383672578,0.011649656292707948,0,1
0.00529733747829773,0.012842006464874586,0,1
0.005873386164750245,0.01232537929228294,0,1
0.005892658781473388,0.01328971502539656,0,1
0.00399091854034169,0.012638819556153808,0,1
0.0040052061253255085,0.011985661272978964,0,1
0.006636070931686154,0.012001021935576383,0,1
0.005245772105549265,0.014255124716467607,0,1
0.004973639642284422,0.012744180800517072,0,1
0.004597383714918619,0.01270660785809188,0,1
0.007111636784851095,0.011418682288557556,0,1
0.005791458443235612,0.013073190621760192,0,1
0.004362078381459976,0.013111687132591957,0,1
0.004125590957310083,0.011819138542810165,0,1
0.004089281123191452,0.01261148423321572,0,1
0.004309920067462154,0.014413840037035655,0,1
0.006520618179211629,0.01380261685340951,0,1
0.00629694437338678,0.012815815908332475,0,1
0.005734062501145393,0.013668336755495052,0,1
0.0035845839950012625,0.013338481498469787,0,1
0.0036552991065569498,0.014188044663392707,0,1
0.002690934234313711,0.011742057120712981,0,1
0.0060254138099668,0.013620969053012758,0,1
0.004859229620475037,0.013428803911402946,0,1
0.005167067074204244,0.010500409866102105,0,1
0.004095454426502817,0.012996474351363021,0,1
0.0016410288639854304,0.015159630171759812,0,1
0.0058162140442046765,0.015825446739260063,0,1
0.00362564834883268,0.013644126202743976,0,1
0.0061141712852599665,0.016490541382493843,0,1
0.002600672084306617,0.013874931332942955,0,1
0.003743704085942319,0.013969984957905354,0,1
0.0019612695059051445,0.013463376621668069,0,1
0.0032877730221652687,0.013997974655151759,0,1
0.0031655813141766055,0.014578118091606994,0,1
0.0031663217325201202,0.014374084208956896,0,1
0.0035581662751703364,0.014553392423689205,0,1
0.003592540027436241,0.01406353511063643,0,1
0.0046708909571973305,0.01254743753163823,0,1
0.004993565989368075,0.013913015086204421,0,1
0.0029474635494083955,0.01403512324690121,0,1
0.0028044797478428483,0.014045516436932746,0,1
0.00328260732007443,0.015307739746294216,0,1
0.003505210979161101,0.014495708804347184,0,1
0.0035499830450936997,0.015315466735418434,0,1
0.002572556191389653,0.015463456780236588,0,1
0.002135230978531659,0.012489639918834956,0,1
0.0023641627873844527,0.012820799517181186,0,1
0.004430508395554637,0.013912444051109875,0,1
0.0017417111424019144,0.014498574543907919,0,1
0.0025917815511987243,0.014724538788975944,0,1
0.002926767573252481,0.014612655298054745,0,1
0.0026890770539686297,0.014147392652895186,0,1
0.0013860172974513,0.013463747819751674,0,1
0.0030474390485412967,0.01298263559694547,0,1
0.006143653737996927,0.011174254569967153,0,1
0.0026146994992595506,0.009847733400015641,0,1
0.005202749507107776,0.013659639797291866,0,1
0.0023685069929489846,0.012956944570917419,0,1
0.0012641811724049034,0.013011508489175464,0,1
0.0028356060625206302,0.013214616148329623,0,1
0.00364542929016854,0.012296964378994689,0,1
0.003737083742617169,0.01332368110794657,0,1
0.001074546423338713,0.014214823153915356,0,1
0.002380323201626677,0.014130692196371659,0,1
0.0036402165498268624,0.01437290402088874,0,1
0.004580325588133189,0.012975051646744628,0,1
0.005070778482588786,0.013752747089894109,0,1
0.003559839817942693,0.012170942165057281,0,1
0.0033023480806343994,0.013213583799436492,0,1
0.0035506448792372147,0.012514413510095168,0,1
0.003957784217842974,0.013136990926288398,0,1
0.0023302388099290527,0.011786279544713231,0,1
0.0024899947792106805,0.012041534671259216,0,1
0.002867829413795218,0.012714324099370596,0,1
0.003891318839107703,0.011734478649581423,0,1
0.0025198723742164237,0.012779986485962154,0,1
0.0034301947117204817,0.01369983185198812,0,1
0.003172308339960251,0.010795683054610303,0,1
0.0032033291556726826,0.01385474518608525,0,1
0.0022934188437512787,0.013224922170731122,0,1
0.0024451994844945785,0.010422948416997483,0,1
0.001871024925482427,0.011831485978408936,0,1
0.0018554141510645388,0.013708274774751315,0,1
0.003362785615410263,0.01248199095905944,0,1
0.0029594790959504022,0.012169540142890237,0,1
0.00404433028037399,0.013434833682869622,0,1
0.004137006950368869,0.011862710748878335,0,1
0.002303033346660614,0.011907391435023625,0,1
0.004266639562755153,0.013232902904163861,0,1
-0.01641713227960488,-0.0018942146383297907,0,1
-0.01622392937929479,-5.365222415845196E-4,0,1
-0.01605226483572626,-0.0010989037595763736,0,1
-0.01729897262948137,-0.0013123954045633828,0,1
-0.01661712254103231,6.560347784176246E-4,0,1
-0.016278197166576885,-0.002633511899270055,0,1
-0.015914651869601226,-0.001757233746086559,0,1
-0.016670221308167175,-0.0011826137897789043,0,1
-0.01405015426670694,2.1081862916122866E-6,0,1
-0.014795509146080531,-7.908593814775582E-4,0,1
-0.0176803451321932,-5.18820277377075E-4,0,1
-0.01726653952873513,-2.8966305024709675E-4,0,1
-0.015257681634023634,-3.2702165016113775E-4,0,1
-0.01579776914503598,7.491738285841395E-4,0,1
-0.01702644170755793,6.622429963643826E-5,0,1
-0.014419114670490616,4.2964668978713263E-4,0,1
-0.017293627612659842,0.002013333504300224,0,1
-0.015026947965711319,1.4524414050760413E-4,0,1
-0.01714909074190149,-4.224278520658478E-4,0,1
-0.01761726728478401,-0.0016588219673008082,0,1
-0.01638138460342135,6.328389311508276E-6,0,1
-0.015283256541058946,-1.1437719200058117E-4,0,1
-0.01592830133068848,-1.1881061049609826E-4,0,1
-0.01561112763311493,2.558432418796943E-4,0,1
-0.015676251689225595,6.871724859539185E-4,0,1
-0.015276598774908386,-2.1906806016381617E-4,0,1
-0.013254491374172332,-7.191137591326444E-4,0,1
-0.015138226187822438,4.223152565639283E-6,0,1
-0.018690396918963775,0.0012283771856977938,0,1
-0.015474603253038142,-1.6694544404227996E-4,0,1
-0.018581442256675806,6.461703786705032E-4,0,1
-0.016310926048913304,3.5147548069221104E-4,0,1
-0.014641745074220364,2.0911715898942794E-4,0,1
-0.015522845488620565,0.0014941139766142856,0,1
-0.014655450379215104,0.0015466413454020011,0,1
-0.015668578227441516,5.231661491568488E-4,0,1
-0.015900943961394624,0.0010327173326882943,0,1
-0.01478980220492621,-4.258075673057674E-4,0,1
-0.01392135964918425,9.115036746263692E-5,0,1
-0.016395409161279642,-4.146331698847644E-5,0,1
-0.01673865182437254,8.160212484597145E-4,0,1
-0.014752597455909462,7.240976191626439E-4,0,1
-0.01504186611379607,-0.001779319476131667,0,1
-0.015235511337240767,-0.0019334719151957347,0,1
-0.015516699986873802,-0.004133242215941393,0,1
-0.015051538616309784,-0.0028448074759424057,0,1
-0.015056227703561437,-0.0027409560213653554,0,1
-0.014629247343051547,-0.003742296393341288,0,1
-0.016348617550302567,-0.002418000762980735,0,1
-0.015105358174413736,-0.0018176282325708746,0,1
-0.015211576638196965,-0.0019137414470441682,0,1
-0.014945757796263327,-0.003419457372725054,0,1
-0.014847987744759213,-0.0026970872036454975,0,1
-0.014798754410109877,-0.00184867981336222,0,1
-0.015425070333708062,-0.0028566863213843664,0,1
-0.0158487407018196,-0.0026004710504927498,0,1
-0.014882267955102797,-0.003247581150320965,0,1
-0.015848872649747815,-0.004578451061911861,0,1
-0.015785067588510053,-0.0021865530452636404,0,1
-0.015637985885927328,-0.0030195645535030183,0,1
-0.01473964426401063,-0.0020637705537899505,0,1
-0.013772274614185282,-0.003374590018952476,0,1
-0.015833103706314678,-0.0035406474107604943,0,1
-0.015072401533404658,-0.0038119139809732745,0,1
-0.01608542257131608,-0.0030873961724507126,0,1
-0.015143864594053305,-0.0026658259735398582,0,1
-0.015855959486978294,-0.003353875253532224,0,1
-0.017171296306599904,-0.0035748689937398774,0,1
-0.015263731813944175,-0.004014125757492927,0,1
-0.01588506531819719,-0.0016532471251302489,0,1
-0.015993410463990394,-0.0019700329967517103,0,1
-0.0160948274747981,-0.002501194048642374,0,1
-0.01603585830508512,-0.00341603911322679,0,1
-0.017933004136758097,-0.0033507741360972038,0,1
-0.017837570305476204,-0.003898629263412368,0,1
-0.016501919110046347,-0.004199951024159371,0,1
-0.017532506882668896,-0.0014885752295208828,0,1
-0.017214809574307016,-0.003789242766608432,0,1
-0.01709961729353415,-0.002889987483126519,0,1
-0.017702909160576975,-3.549608225549822E-4,0,1
-0.017063268104709275,-0.0033234607289148706,0,1
-0.01691519554200753,-0.003427233422134698,0,1
-0.016629447195659768,-0.004388985157386579,0,1
-0.016767683296730732,0.0042309433057042935,0,1
-0.016036489659244632,0.0034300280048304424,0,1
-0.018641771388161955,0.004723886219256889,0,1
-0.017349596131319558,0.006771284827940442,0,1
-0.01617763638485864,0.006759005674420112,0,1
-0.015557505572909398,0.0060784627808579406,0,1
-0.013814641666865878,0.00547856690547989,0,1
-0.01515672024357813,0.005668254388037355,0,1
-0.01645510804696019,0.0034260944532344437,0,1
-0.015548580035989055,0.006066711828224566,0,1
-0.015010834427100996,0.006543791033532269,0,1
-0.015587162695548733,0.006593927442686451,0,1
-0.01391011285333111,0.004513342601497027,0,1
-0.015112347004136537,0.006351754363391963,0,1
-0.018626189629795842,0.006566715416238846,0,1
-0.013515712439458486,0.0069312668248267305,0,1
-0.01579349483269769,0.007257300616107153,0,1
-0.014546512425985886,0.0066227060741496846,0,1
-0.015403308513497279,0.005241036488906887,0,1
-0.015677240333831804,0.0063270839686614365,0,1
-0.01568982633036415,0.0067000701397436115,0,1
-0.013349584411059367,0.004522064108430422,0,1
-0.013451462311189509,0.006557829648968161,0,1
-0.013775061537906384,0.0036432252226498954,0,1
-0.015389070713103938,0.006761993404145031,0,1
-0.014457245292051297,0.005735439266460832,0,1
-0.014259668612384986,0.005797885308508471,0,1
-0.015860633577980284,0.00653084389413149,0,1
-0.01366814043069901,0.006789997742562992,0,1
-0.014119216027078219,0.005724475682839535,0,1
-0.014384061730192679,0.003481817658407588,0,1
-0.014515411802202813,0.007589009240246118,0,1
-0.014850780537729947,0.005456438696840327,0,1
-0.01564125454358011,0.008411443368972886,0,1
-0.015159135284272757,0.007836677231891836,0,1
-0.014043283361965213,0.005458571652241735,0,1
-0.014858314572965244,0.007504366206266386,0,1
-0.013299605308796153,0.00785944415886415,0,1
-0.015209391995490184,0.007285116299728562,0,1
-0.013932123364870427,0.005800704614179042,0,1
-0.012988577386527915,0.00783668769578924,0,1
-0.015165402419259606,0.009608420826517295,0,1
-0.013493481963728394,0.0014071570047702235,0,1
-0.015415623168303567,0.003595001212364986,0,1
-0.013444874141615831,0.0034909935579686157,0,1
-0.013980684994245957,0.0043101978412489915,0,1
-0.013995960682838357,0.0022526332971008257,0,1
-0.01649122292037874,0.0033547192791247645,0,1
-0.015595429454878552,0.001456606806204771,0,1
-0.015588123694014562,0.003641900816708072,0,1
-0.01606701923863163,0.003739159193824878,0,1
-0.014663781998278641,0.0027454682323948512,0,1
-0.014448646882362632,0.0018496661188183976,0,1
-0.013654783111973177,0.0030020354943181508,0,1
-0.015561746528654725,0.0032080649500953622,0,1
-0.01641477337761513,0.004564931007160989,0,1
-0.013711095003235564,0.0038220401115573004,0,1
-0.015317539939926853,0.002151058242015706,0,1
-0.015238265757233018,0.0017312229747692277,0,1
-0.015775821295345802,0.006182906301733602,0,1
-0.014394902366786134,0.0017772225280748022,0,1
-0.015469386471084982,0.0027902928102292307,0,1
-0.015701180993903056,0.0022129186796155595,0,1
-0.014725080459450642,0.002787277280620156,0,1
-0.016847220712586104,0.004098154955320327,0,1
-0.016376606315300597,0.003618326992984541,0,1
-0.015643675671740964,0.0027314216780991835,0,1
-0.01628775719255242,0.00367242925961228,0,1
-0.016655494936578853,0.0037629366290873123,0,1
-0.017100021527274918,0.0034007871769659026,0,1
-0.01664153116943463,0.0024460172094763586,0,1
-0.016489636777204695,0.0036043883062586274,0,1
-0.016346338025262388,0.002058884154755675,0,1
-0.016321253023950905,0.003769049693833972,0,1
-0.01615503009216314,0.002883360512911712,0,1
-0.014205662406847583,0.004978696108312677,0,1
-0.017941078760785472,0.0031020581928782732,0,1
-0.017320186834917428,0.003686372387954132,0,1
-0.01655927132890012,0.003426413756806573,0,1
-0.015769656611464816,0.003973221433497361,0,1
-0.018712803254122935,0.005126745727176184,0,1
-0.015489407310560824,0.0034822204118175673,0,1
-0.01573241443223059,0.004301772339238872,0,1
-0.016188523824244593,0.0037039905583112443,0,1
-0.017272779226438068,0.0033628384923452726,0,1
0.005199532093421552,-0.012455628033365893,0,1
0.008296158319526268,-0.012024352506034307,0,1
0.006258075349073851,-0.013797463221157111,0,1
0.005355348366096932,-0.012266487541868536,0,1
0.00759754391316895,-0.013445569291137821,0,1
0.012142703158414559,-0.011156755752686428,0,1
0.008224949014031906,-0.012175236420779402,0,1
0.00680483448456842,-0.013279315356589499,0,1
0.007466123629552382,-0.011655258469700672,0,1
0.008452325776306129,-0.011462507795383941,0,1
0.008237307491174125,-0.012639845308804657,0,1
0.007121923237378249,-0.011722783335886264,0,1
0.007693253454107035,-0.013595705048749088,0,1
0.007229324184416275,-0.013547387469870182,0,1
0.007736482797694885,-0.015308538255208125,0,1
0.00872826581070318,-0.013762617339819767,0,1
0.00916782838897744,-0.010460329150659852,0,1
0.009105436252843886,-0.011880155138325766,0,1
0.006875434094975505,-0.015711175562369423,0,1
0.008204122146124357,-0.012025036801453863,0,1
0.008184172343275677,-0.01427955919367673,0,1
0.007706662598146757,-0.013401870419333582,0,1
0.00944655716360708,-0.012229300037357777,0,1
0.008260759762979832,-0.013586944937797352,0,1
0.009362690841106493,-0.012526953252917195,0,1
0.008071154973137937,-0.01332070270074746,0,1
0.008166194983239415,-0.015439167822499445,0,1
0.008318719167066542,-0.014287684549830742,0,1
0.009829018173424103,-0.01253377497246959,0,1
0.008649237486774104,-0.013727676466612852,0,1
0.010065401358718572,-0.013665908040410756,0,1
0.008569873324691567,-0.01397796707405963,0,1
0.009207169252628548,-0.015261587705433797,0,1
0.008673460942171075,-0.014121022210837208,0,1
0.007966589345571488,-0.01198587894626948,0,1
0.008979464803915989,-0.01421833226466536,0,1
0.009544268830486135,-0.01345109282706608,0,1
0.009363402990316027,-0.01525224223926517,0,1
0.00878929057495052,-0.014682790889334031,0,1
0.008722767605173603,-0.013875909923818245,0,1
0.010431588450955908,-0.01472651549163808,0,1
0.008792054617920295,-0.01358417933153328,0,1
0.009546886355141072,-0.014588024756009389,0,1
0.010556643407373542,-0.014031109525238082,0,1
0.009823476538264857,-0.014588282322370801,0,1
0.001398344562702453,-0.015118093932066784,0,1
0.0013497394677924508,-0.014036287898775968,0,1
4.924628224580661E-6,-0.016160922512726897,0,1
7.814314476063005E-4,-0.015782258810140597,0,1
2.162766010070697E-5,-0.016572358410000057,0,1
3.8740475800973543E-4,-0.017307929260524855,0,1
3.655513828532532E-4,-0.015895374076241878,0,1
6.865026411043807E-4,-0.013966990661163383,0,1
9.348630799002578E-4,-0.016189385832184565,0,1
6.16131651213436E-4,-0.017369003318728225,0,1
2.6331964893067333E-4,-0.0173039730949211,0,1
7.591906369448037E-4,-0.013572773406079477,0,1
0.0012944540057495447,-0.013901630838674425,0,1
-8.616441738039702E-4,-0.019315737090727352,0,1
-5.185648294806293E-4,-0.014868349383652515,0,1
-4.7515685506740557E-4,-0.0145542411634086,0,1
-1.5126699081209147E-4,-0.01496083537403149,0,1
3.2202030510737427E-4,-0.01692597031844259,0,1
5.861706675041429E-4,-0.016965651247323542,0,1
0.0016996861412053896,-0.017323421675862,0,1
1.4589997556329067E-4,-0.0164676405097127,0,1
-8.646745161885268E-5,-0.015393175331009841,0,1
-6.574172559129742E-5,-0.01730089027123767,0,1
-0.0013384724703760092,-0.015533305927260972,0,1
2.4905057837073266E-4,-0.016063005567231465,0,1
-7.834659265450216E-6,-0.015284865403022017,0,1
-4.211798671534592E-4,-0.015677008729183393,0,1
3.707615798604684E-4,-0.015729477269081363,0,1
7.58016097627686E-5,-0.01481539371003711,0,1
0.00335211487692241,-0.016744080169125132,0,1
-6.690257721924113E-4,-0.015014238438181792,0,1
-0.0031413148453298665,-0.014612710178372505,0,1
-1.6254373193910676E-4,-0.01651888051252903,0,1
-4.4154680380153837E-4,-0.016629313989949122,0,1
-0.0013563587410915154,-0.015288427072530758,0,1
2.0776829868597002E-4,-0.014195597657682297,0,1
-3.5043558743361696E-4,-0.015156079254668562,0,1
0.002052078868978544,-0.013176238183626569,0,1
-6.238645957363606E-4,-0.014624329639468086,0,1
-0.0010078053655714317,-0.016347436317160527,0,1
-5.201631532209092E-4,-0.018215589052145653,0,1
0.002480579745502156,-0.013791472362744769,0,1
0.0011230283654899607,-0.014096978297810625,0,1
0.0011664414331072706,-0.01421715901161672,0,1
5.675253998810169E-4,-0.014669882963828948,0,1
-7.317298545696338E-4,-0.015081966303622248,0,1
8.276274182439434E-4,-0.01531048275437626,0,1
-0.001416825847154676,-0.01448851434593497,0,1
6.390969428796295E-4,-0.01565596287224528,0,1
7.683847008954108E-6,-0.01424087100565273,0,1
-0.0010045846988431305,-0.017461729932084592,0,1
0.0011995646441626243,-0.013140232300718228,0,1
-0.0011634970229071665,-0.01578197183760101,0,1
9.452264270975636E-4,-0.015352920333279374,0,1
0.0025904259058814076,-0.013904345665570632,0,1
-2.0864210929410297E-4,-0.013643072614778592,0,1
-0.0010375231060915633,-0.013142350403953897,0,1
-2.627111397274959E-4,-0.014368777008780212,0,1
-0.0017338668249012481,-0.014584037699866664,0,1
6.157135442791504E-4,-0.0145432175683046,0,1
3.584626712692255E-4,-0.014266587367833098,0,1
8.783285659457689E-4,-0.013693379305285084,0,1
-5.495343321874584E-4,-0.013186023426388032,0,1
7.44460156252414E-4,-0.01420034149889526,0,1
-2.4960218764803256E-4,-0.012203577062110347,0,1
7.063618498793693E-4,-0.013655028529692661,0,1
-6.864817011903998E-4,-0.014026313142759015,0,1
-0.0011889674688550314,-0.012617293354171381,0,1
0.0011769918657677924,-0.013779098302540845,0,1
4.62066050750208E-4,-0.01373458714603069,0,1
5.733780016283481E-4,-0.01355951002668073,0,1
-1.1534290256431556E-4,-0.013976216063111741,0,1
8.440273452389218E-4,-0.012895979361509451,0,1
6.984569554531138E-4,-0.013534537143990017,0,1
-8.506826138469104E-4,-0.0117904664503709,0,1
-4.8408942359157256E-4,-0.013301291361786231,0,1
2.599049392849252E-4,-0.012850172869030169,0,1
7.692924147888112E-4,-0.012803686927046226,0,1
0.0012909403517212786,-0.013858532876528024,0,1
-2.2162594082134263E-4,-0.013761539370475697,0,1
9.116784183860156E-4,-0.012471334478277406,0,1
-9.491946769660742E-4,-0.012559252464933307,0,1
3.90295850542358E-4,-0.0126441693284768,0,1
1.2714826626631078E-4,-0.01303192894354157,0,1
0.0018112659900266607,-0.010989018341298912,0,1
4.212841576158683E-4,-0.01296858669550195,0,1
6.288982597789406E-4,-0.012347527109447615,0,1
3.078432798632014E-4,-0.011728921118576057,0,1
0.0012659894262442755,-0.01134545350254692,0,1
3.642128078168593E-4,-0.011916527595464223,0,1
0.0015491237862243507,-0.01096003619420155,0,1
-0.0013467449103648959,-0.014483070146566827,0,1
-0.002226355333991895,-0.013485784794140332,0,1
-0.002227020720402172,-0.013485369771032664,0,1
-0.002422032000519602,-0.013625878737010733,0,1
-0.0016213948755489421,-0.013627818736616752,0,1
-0.002819798347906265,-0.012316430081759202,0,1
-0.0016957961495600693,-0.011384620961714349,0,1
-0.0030471437214351534,-0.011751430848624997,0,1
-0.003640634352958032,-0.011742727866177917,0,1
-0.0020690734717317256,-0.014597152875767566,0,1
7.243751563557908E-4,-0.014513849987025951,0,1
-0.0018449409422317535,-0.014062342026346,0,1
-9.270479721208115E-4,-0.011891269212131756,0,1
-0.0030240114569710075,-0.010938764832236634,0,1
-0.0025396387242660884,-0.01053877086055668,0,1
-0.002624088536484121,-0.011953525886461825,0,1
-0.0026099143072677916,-0.011423134151828612,0,1
-0.0013243937673490167,-0.013758544551945208,0,1
-0.0011111481525941818,-0.014084355955999241,0,1
-0.0016719411771111484,-0.013020226598340295,0,1
-0.002878442655999631,-0.01352597948215908,0,1
-0.004076213664959089,-0.014489726614492096,0,1
-0.002797671713428241,-0.011506066038232938,0,1
-0.004456051249026412,-0.012053352498804903,0,1
-0.0010247040109632255,-0.014256819973336205,0,1
-2.287241996073271E-5,-0.013930944304726727,0,1
-0.0012829814789779158,-0.013313043193681295,0,1
-6.526695180515013E-4,-0.010900355187075316,0,1
-0.00228773841312958,-0.012936725234579064,0,1
-0.0012071022939532051,-0.01260119001467276,0,1
-0.0030354442111832514,-0.012481412005614274,0,1
-3.9043006880180723E-4,-0.013736382360311957,0,1
-0.001202314140212662,-0.013274082005591806,0,1
-0.003930386239899568,-0.016116405040438517,0,1
-0.0019517162054888935,-0.012196936413414614,0,1
-0.0020168725160512923,-0.011938378223080295,0,1
-0.003749029671586816,-0.00970348723814957,0,1
-0.0031302329706409285,-0.012332099145593026,0,1
-8.489963464455836E-4,-0.0133451670860211,0,1
0.0013146985666379124,-0.013207176797324915,0,1
-0.0029054395196956256,-0.01185394373890488,0,1
-0.002363763501186932,-0.012177508728520168,0,1
-0.0035482214408813295,-0.011207337643165706,0,1
9.372801990127839E-4,-0.014944978474934043,0,1
-7.082071139446938E-4,-0.012828017870113255,0,1
-0.0012354036933134183,-0.012588434870464557,0,1
3.8691306450295166E-4,-0.013915260878405144,0,1
-7.443889254900661E-4,-0.011465865827894597,0,1
-0.002241069926098792,-0.010804499151173942,0,1
-0.002203213706620501,-0.012156118242052412,0,1
-0.0015504936453985803,-0.01338394492293444,0,1
-0.0010138890848589669,-0.01270412172652437,0,1
-0.001464579721884789,-0.01147084173240631,0,1
-9.606858609121479E-4,-0.011991038591217258,0,1
-7.608450303713734E-4,-0.013278373616885511,0,1
7.237911052761974E-4,-0.011067023394888464,0,1
-8.092175922465547E-4,-0.011916909721234187,0,1
-2.8656198376082514E-4,-0.010701581171461663,0,1
-8.537346912033177E-4,-0.012982252018897323,0,1
-8.905908051185682E-4,-0.013890565101766077,0,1
-4.6864437310872235E-4,-0.012478864091107031,0,1
-0.0017105885656365767,-0.012055143479793968,0,1
0.0013987047079120991,-0.012519992352696572,0,1
-0.0015684200662884743,-0.012812912846283468,0,1
-0.0016924052501635905,-0.012202845524331145,0,1
-6.756499533557001E-4,-0.011138569166055486,0,1
-1.473760830889411E-4,-0.012634080939925171,0,1
-0.0022131636434186133,-0.010615811893594205,0,1
-0.0010787677536808647,-0.013282171895205214,0,1
-8.622382583039925E-4,-0.01271820473445479,0,1
0.0011740382296187004,-0.01167815705143213,0,1
4.29307421110706E-4,-0.009362145671675358,0,1
0.0014939516248080008,-0.01206613910986834,0,1
0.0011655142715217982,-0.011774647981983409,0,1
-7.942021697873388E-4,-0.011859732993320065,0,1
7.346525086941299E-5,-0.011389479651062882,0,1
2.847662331911817E-4,-0.012565939048316044,0,1
-0.004721195596292871,-0.014573924685310888,0,1
-0.005786717474839638,-0.01168277129788281,0,1
-0.004852495950712544,-0.013853670246324563,0,1
-0.006410889720407448,-0.01477765355123315,0,1
-0.005901700188177621,-0.01353405842796903,0,1
-0.0069549729107322095,-0.013247901348064778,0,1
-0.006434555143230686,-0.01660491264703585,0,1
-0.004734440362294199,-0.013352574815591753,0,1
-0.004941937943598566,-0.014070329198417745,0,1
-0.005569034416215529,-0.013656536835994298,0,1
-0.0046748760281921636,-0.01381743230599122,0,1
-0.0067400649586089375,-0.01463562080776572,0,1
-0.006209981692664669,-0.011960588217173544,0,1
-0.0045231439724522675,-0.014797353526649498,0,1
-0.005048366007018331,-0.01361641977384445,0,1
-0.005945167274249893,-0.013454884995994463,0,1
-0.005126247855293097,-0.013781778142061255,0,1
-0.006116277036473324,-0.012868422351801728,0,1
-0.005693690329008101,-0.012638605423955788,0,1
-0.006167675065885453,-0.011515488360590517,0,1
-0.005276649208737546,-0.013188255124447488,0,1
-0.005535623036138699,-0.013112275983944571,0,1
-0.0061428202605143065,-0.012947060399982214,0,1
-0.00582062264922486,-0.012688988101193701,0,1
-0.005664658760902597,-0.0154119317616775,0,1
-0.004609543644341818,-0.01366231567063708,0,1
-0.00569983862983591,-0.01268540890552402,0,1
-0.005522420072198592,-0.012562843134716522,0,1
-0.003294246357111792,-0.014441063503650771,0,1
-0.00547072296438218,-0.012156593840942496,0,1
-0.005174834617984826,-0.012511334678445625,0,1
-0.004972063013311934,-0.013320889478038913,0,1
-0.0020392989177281367,-0.01358859302784248,0,1
-0.00364573819668204,-0.01143791514190143,0,1
-0.004573151473384782,-0.0123226187351295,0,1
-0.0037531101152767903,-0.008886720202552547,0,1
-0.0068518612078481535,-0.010973107748377967,0,1
-0.0049120383551616315,-0.010950579654128224,0,1
-0.00486862607799554,-0.01139546146667168,0,1
-0.0044268322527238465,-0.011789538612702223,0,1
-0.004326981570366694,-0.011830062509460245,0,1
-0.005314300958150646,-0.013422717143710143,0,1
-0.0036294888826403217,-0.012706893236583179,0,1
-0.005266463406847624,-0.012266595700419523,0,1
-0.0036756840999172652,-0.012429368367385374,0,1
-0.006648120582654603,-0.013484825008340152,0,1
-0.003183300443438088,-0.012298133453681411,0,1
-0.004972754335293671,-0.011515503150308344,0,1
-0.004378805924360176,-0.013696823807880792,0,1
-0.004221723368447596,-0.012789428228048022,0,1
-0.0071907041217291485,-0.014966514589642078,0,1
-0.0036266021634426783,-0.012661455537634689,0,1
-0.0031628833588360295,-0.013082586143000357,0,1
-0.0026471754016334885,-0.011646175873429305,0,1
-0.004010381624026812,-0.014686258133739917,0,1
-0.0029700296506103706,-0.0114046663024834,0,1
-0.005088386910299347,-0.013670135614953371,0,1
-0.004949495038065614,-0.013579577069697885,0,1
-0.0033043294594504056,-0.011897818650799535,0,1
-0.0031886849107729373,-0.011549680643081182,0,1
-0.0025390476994689845,-0.011312937411170612,0,1
-0.0038478064274344204,-0.0145307942533655,0,1
-0.0034282349766629966,-0.013197936962845611,0,1
-0.0033484877237036723,-0.013773451067129096,0,1
-0.0034760929805191278,-0.01199452083520767,0,1
-0.0030433359846006084,-0.012409118129258661,0,1
-0.0035768126740321547,-0.011244159290307126,0,1
-0.003929865099186779,-0.014294336666120878,0,1
-0.0032841793513767805,-0.013228948562904541,0,1
-0.002651202991367043,-0.012608437306350405,0,1
-0.0048462897974706,-0.012939338521216768,0,1
-0.003035497012673531,-0.010561135445754315,0,1
-0.004818858306235459,-0.014556963449359497,0,1
-0.00358272256024867,-0.013885565553964536,0,1
-0.003675553706405613,-0.013987614389172572,0,1
-0.0031219996951326215,-0.012973210963202253,0,1
-0.005092453182020276,-0.012476884346548462,0,1
-0.003207789595727577,-0.013610828812995494,0,1
-0.0042161770264496695,-0.011244373634577531,0,1
-0.004179696691791127,-0.01423647135277536,0,1
-0.0011880510755516572,-0.015489574164738291,0,1
-0.0035700947183685814,-0.013149365600697877,0,1
-0.0020029172369879058,-0.013188994629576288,0,1
-0.0018517262792202974,-0.013992029177075526,0,1
-0.001104575425700602,-0.013255800647793857,0,1
-0.003895713388377748,-0.012990568062606653,0,1
-0.004047323022743204,-0.014735066966957122,0,1
-0.0029499519464198628,-0.013638991435973889,0,1
-0.0030451924548194234,-0.013371346563034903,0,1
-0.0031961009925676903,-0.014163019043314386,0,1
-0.002961913976157004,-0.01407213121141362,0,1
-0.0037793586194775743,-0.009323946456818232,0,1
-0.002643387447398553,-0.012290131670916365,0,1
-0.0023841359855042914,-0.014716458187426475,0,1
-0.003209221272861953,-0.013177475232939693,0,1
-8.026316628045893E-4,-0.015514113314243324,0,1
-0.00233449270587898,-0.013938020233518743,0,1
-5.516229166555225E-4,-0.01297121170447215,0,1
-0.0013848291679403066,-0.013353044227815542,0,1
-0.002364456273388878,-0.015322024787533896,0,1
-0.0032075414325188115,-0.015454741138385287,0,1
-0.0020427248409389666,-0.013785271044060944,0,1
-0.0019811883434733327,-0.014399741254312228,0,1
-0.0054175754514862885,-0.014912343427017898,0,1
-0.005249151579325139,-0.015014270123236334,0,1
-0.005274423409490703,-0.015040935994592676,0,1
-0.00596057000439378,-0.015493726524465786,0,1
-0.006263816819761144,-0.016360609057046976,0,1
-0.008131070925624281,-0.016349581040012474,0,1
-0.0051576109940456825,-0.014298168321324835,0,1
-0.004025829677219244,-0.014516616212210044,0,1
-0.0059012290795056105,-0.015086137535330038,0,1
-0.005777388509028285,-0.01848867302553903,0,1
-0.007210381058753453,-0.01573096550634153,0,1
-0.004559667596158212,-0.01446114797258844,0,1
-0.006241283545542035,-0.014827116822539321,0,1
-0.005138550550669667,-0.015670434669619676,0,1
-0.00707996113926898,-0.016161728796365286,0,1
-0.007012060453743293,-0.0158857410192965,0,1
-0.006239887087315446,-0.015079213240083664,0,1
-0.007263238792523715,-0.01601146847559931,0,1
-0.006682030333131991,-0.015392967307583902,0,1
-0.007609195844493223,-0.014032253264369892,0,1
-0.003662223563660113,-0.014179855640863343,0,1
-0.008733063303968589,-0.012286007801068711,0,1
-0.0058120117583108045,-0.014750733767795536,0,1
-0.007666982089500039,-0.01589758569312696,0,1
-0.005441550804359414,-0.013885580269372661,0,1
-0.005666332896348917,-0.014202820681516912,0,1
-0.005055808170694785,-0.01515092395865216,0,1
-0.007162366469275603,-0.012658591270351254,0,1
-0.006457503740657982,-0.014292099236095248,0,1
-0.006248245502998693,-0.014295957617188444,0,1
-0.007316649386440488,-0.014812982550992329,0,1
-0.006279324987311577,-0.014724994213658383,0,1
-0.007813563498286305,-0.014256343144332525,0,1
-0.0032126711833356096,-0.013666850630880394,0,1
-0.00845842611639038,-0.012728055484170485,0,1
-0.0048104418735266,-0.012047295660537872,0,1
-0.006384960543069618,-0.013787878383809533,0,1
-0.006711700964274051,-0.01489610095338693,0,1
-0.006482040202634526,-0.014121383528925995,0,1
-0.006372007953813975,-0.013560135653683235,0,1
-0.007338050837242256,-0.017186063382014217,0,1
-0.006535278923489127,-0.012790490654243107,0,1
-0.004095852038361131,-0.015594872686491507,0,1
-0.0024619007358997864,-0.015032277915887135,0,1
-0.0022063414980732915,-0.014645851223523668,0,1
-0.0022839575396492937,-0.015622894742085645,0,1
-6.7381129331247325E-6,-0.016758034444689884,0,1
-0.0069349512815115874,-0.016218757244774305,0,1
-0.0034671941227195587,-0.015775690659350756,0,1
-0.003178783404021321,-0.014497751285428198,0,1
-0.0018205483357449156,-0.0152254608093912,0,1
-0.0026736649612472464,-0.01654254700944898,0,1
-0.0017915215764889656,-0.014477365781490644,0,1
-0.0049921732221389495,-0.012556195858185978,0,1
-0.0026402917796107114,-0.01628019267538348,0,1
-0.0033145211854979212,-0.015270271142595037,0,1
-0.0024971423675828708,-0.015422488850126962,0,1
-0.004670689789204553,-0.018070514347232086,0,1
-0.002130506429640129,-0.015147104307811743,0,1
-0.003804367398014634,-0.01601280729215847,0,1
-0.0020191362241056246,-0.015549563278710722,0,1
-0.003232794760227806,-0.01470537244594463,0,1
-0.00312816531417308,-0.014779671311461358,0,1
-0.0017445738603945812,-0.01557350605186592,0,1
-0.0037173472367191835,-0.014403064809245051,0,1
-0.003927814282783007,-0.015593534713600364,0,1
-0.002738672117361196,-0.015372950952800401,0,1
-0.0017231203046074687,-0.014001145300258751,0,1
-0.002904270221721078,-0.0162633499269764,0,1
-0.003949019478971678,-0.01605208771469379,0,1
-0.0029378500429023814,-0.016343278476691512,0,1
-0.00361735397544008,-0.01714053307752534,0,1
-0.0024201939779016418,-0.014220459558648733,0,1
-0.003962569988211023,-0.016010603445164404,0,1
-0.0011765664880703938,-0.015488425809482054,0,1
-0.0029771564447299424,-0.015741616383064455,0,1
7.564099814352636E-4,-0.015740450587939672,0,1
-0.0028786007286006523,-0.016859976107709874,0,1
-0.0034183074180871627,-0.016434313188903205,0,1
-0.003153570152615822,-0.016340945929339865,0,1
-0.003461144307994611,-0.01614684480796489,0,1
-0.00471183512106876,-0.018113032322019832,0,1
-0.003078669650889409,-0.015362679509588167,0,1
-0.0037581860947643333,-0.016781878819500752,0,1
-0.003336031054027315,-0.01652211300413266,0,1
-0.003033010604608696,-0.016609320169173117,0,1
-0.003217738629189862,-0.016947130461327,0,1
-0.003644948720203671,-0.01831270521313349,0,1
-0.00410277171842659,-0.017228128817676106,0,1
-0.006942865389561753,-0.012032324852834083,0,1
-0.005867499656384717,-0.01187197887555862,0,1
-0.0066499764150360335,-0.012580261809542515,0,1
-0.007824775914527127,-0.010862530809693809,0,1
-0.006992622319665959,-0.0115102002351234,0,1
-0.006826202570466279,-0.010572426752396126,0,1
-0.00824647629487388,-0.00949182042266838,0,1
-0.0074954967395036275,-0.008876411770611525,0,1
-0.008362334239512869,-0.0103636041016547,0,1
-0.006759185550606308,-0.01418338579107493,0,1
-0.006144591287763883,-0.012040167617803904,0,1
-0.006773975426211092,-0.011704471574549477,0,1
-0.008222476331417029,-0.010264520264921842,0,1
-0.007820616298480182,-0.009475087942359335,0,1
-0.007244860097093287,-0.010142089883215256,0,1
-0.007365865090829927,-0.009878301437500545,0,1
-0.0068527888739519085,-0.010152497449389106,0,1
-0.006681642747990758,-0.012773419397670493,0,1
-0.007119979155810312,-0.01220860090859462,0,1
-0.006030397586903749,-0.011991549870529831,0,1
-0.006566021534489127,-0.009948943800472074,0,1
-0.0076582333805397754,-0.01032698554737862,0,1
-0.0075029844111104875,-0.009786099160939943,0,1
-0.004088874305736637,-0.009175334132846122,0,1
-0.00586801074275391,-0.011652369826290853,0,1
-0.006401590888237207,-0.013049161930766556,0,1
-0.006538401808592785,-0.011469887325867333,0,1
-0.006129786130181043,-0.01146848801786664,0,1
-0.006530399078611853,-0.011011163912018755,0,1
-0.006982318132091179,-0.009871231698019081,0,1
-0.007102039530875164,-0.009621587332175425,0,1
-0.0071823430244040126,-0.0120092799269296,0,1
-0.007352338367112064,-0.012306063374097745,0,1
-0.009623371035560761,-0.011455060365756638,0,1
-0.007098663739619897,-0.01101056893193888,0,1
-0.006557992005989917,-0.010984527026593777,0,1
-0.007672738199635968,-0.011719999548064365,0,1
-0.006415156619057911,-0.009609364754536573,0,1
-0.005864513945357474,-0.012724084815399935,0,1
-0.0066395399222477485,-0.012031307457679349,0,1
-0.006140115029384213,-0.012936091358964572,0,1
-0.005914007012706726,-0.010078348293191104,0,1
-0.0046254980998080885,-0.01050620952684546,0,1
-0.0060511039626256246,-0.012940877892950264,0,1
-0.006213171826724759,-0.011368575060712566,0,1
-0.005956505755551096,-0.012446728207365948,0,1
-0.006560719333958378,-0.010305043154785256,0,1
-0.007200445119001873,-0.011462757528291451,0,1
-0.006836030974562165,-0.011124304877531018,0,1
-0.005669561307938268,-0.012281006658788444,0,1
-0.006120273389341332,-0.01174647777021304,0,1
-0.006283468058416652,-0.010573636264513747,0,1
-0.0056696548061356536,-0.010811260532149274,0,1
-0.006100312250986583,-0.010126840729104518,0,1
-0.005414139206747255,-0.011913118785940762,0,1
-0.005135649374551824,-0.011898409999229599,0,1
-0.005716578302038183,-0.011366383840218788,0,1
-0.005084954736960663,-0.010688850299890482,0,1
-0.004514127289354282,-0.009637530135144581,0,1
-0.0032928357987406583,-0.011301542202245465,0,1
-0.006372022626043702,-0.010506173410093196,0,1
-0.005299128635594876,-0.010244595293403517,0,1
-0.006904045683508332,-0.011082584609914395,0,1
-0.006383287073248868,-0.010157920208017866,0,1
-0.005910805965369357,-0.00810291457649591,0,1
-0.0053703868837663826,-0.010118664028518357,0,1
-0.006345322204735707,-0.010126195705813665,0,1
-0.00494443530582238,-0.010993264358940687,0,1
-0.004091853230282534,-0.009586803485151313,0,1
-0.005359119708146394,-0.01107060359862042,0,1
-0.004285532708943016,-0.010968682522205096,0,1
-0.006124876010422178,-0.01000922374225396,0,1
-0.005294536536370241,-0.012312650329076818,0,1
-0.005822276671684974,-0.009770170440194114,0,1
-0.004792850445600068,-0.007943088075436113,0,1
-0.005314961196850909,-0.007089445140685959,0,1
-0.004755021792176055,-0.01144561240679189,0,1
-0.014473360770326122,-0.006242988975493224,0,1
-0.014292003327151566,-0.006239991447611354,0,1
-0.012353463445062399,-0.005376632830252861,0,1
-0.012588493929356157,-0.004275109479226274,0,1
-0.013830535355211011,-0.005440025755417098,0,1
-0.014439993189663112,-0.004716375781234655,0,1
-0.014791787102513984,-0.0048247856743256524,0,1
-0.013510542080025847,-0.007890871735908599,0,1
-0.017316598380871684,-0.00767403318492503,0,1
-0.01213129292484822,-0.0028959481579745035,0,1
-0.01370827859197423,-0.005875579287973682,0,1
-0.015031424954680227,-0.004860674612650779,0,1
-0.013472746231402627,-0.0011291663140780112,0,1
-0.013579955931783703,-0.004297450017305714,0,1
-0.013789180369649623,-0.007065222657036911,0,1
-0.012628643776010442,-0.005886380481387758,0,1
-0.014008231073458286,-0.007609965717201915,0,1
-0.013471188977475122,-0.005273274475040242,0,1
-0.013595301673735065,-0.0027959562708945273,0,1
-0.0126249578963414,-0.005580933650954673,0,1
-0.014459512322602772,-0.006615825309410096,0,1
-0.010122436068586024,-0.005897600969111224,0,1
-0.013698306306148418,-0.005499592498748023,0,1
-0.012984628075291457,-0.005556719332857597,0,1
-0.01468272920560965,-0.004798061786831538,0,1
-0.01189246648319893,-0.00711935388049765,0,1
-0.01241950481715534,-0.00630633093110634,0,1
-0.012843139371477791,-0.0027259695530946677,0,1
-0.013245298380956763,-0.00887916988764339,0,1
-0.011792346901738627,-0.0042460387198396685,0,1
-0.012698200413908303,-0.006434085606044987,0,1
-0.013999601973737888,-0.005942427316466646,0,1
-0.013536850042341932,-0.005532616420713158,0,1
-0.012670958585761467,-0.004565683616280136,0,1
-0.013732329993087277,-0.004770601949362156,0,1
-0.013498409909497487,-0.006172052608079769,0,1
-0.012531359049731416,-0.0047541821973937715,0,1
-0.012064113038031971,-0.0052388718089190316,0,1
-0.011954705864150806,-0.006258074265034059,0,1
-0.012272232187389195,-0.006064047820341669,0,1
-0.012130408145984383,-0.00556752683781024,0,1
-0.01346706429494558,-0.005470536820608498,0,1
-0.011253645308961396,-0.0074141105395806395,0,1
-0.01381427305503021,-0.005826751134234774,0,1
-0.012680167179904046,-0.005087430851215406,0,1
-0.01168128100546354,-0.00331411125200162,0,1
-0.012498386077605367,-0.005750798178001032,0,1
-0.009563009924952565,-0.004919880085788501,0,1
-0.01196273770038049,-0.005127219027553078,0,1
-0.011973426409799317,-0.005707904564766053,0,1
-0.011918000931076228,-0.004666089347658491,0,1
-0.010764460918644176,-0.0052162602370880145,0,1
-0.010128557691339015,-0.00499992537907681,0,1
-0.011599199955974674,-0.006217894229930863,0,1
-0.01078876734943113,-0.0050601942202487624,0,1
-0.011155280742308335,-0.00548105609027749,0,1
-0.01568613594211127,-0.004518192872187486,0,1
-0.014398720476083374,-0.0037422912706104325,0,1
-0.014291001871855719,-0.003746823760177011,0,1
-0.016760884234695322,-0.002950628210168629,0,1
-0.013148552174072166,-8.972110406188003E-4,0,1
-0.012763098016588472,-0.0025128366725029154,0,1
-0.012052837630933837,-0.0028829106823330475,0,1
-0.011295803196150384,-4.357240200736379E-4,0,1
-0.013846111182079792,-0.004171585670900758,0,1
-0.01305213570606268,-0.0026318366669380137,0,1
-0.012314210357168825,-0.003984931471521494,0,1
-0.012872310542362904,-0.0023785296735581436,0,1
-0.012071916948152754,-0.0019733930966989457,0,1
-0.014640823684325708,-5.178273611890635E-4,0,1
-0.012214020884244167,-0.0024393655235272252,0,1
-0.013419458062099952,-0.004814478775854366,0,1
-0.010655119147058207,-0.004266414288202262,0,1
-0.013741101015023285,-0.003067657965774442,0,1
-0.012753049296304633,-0.0022499256584875863,0,1
-0.01272891964635683,-0.002864272074616224,0,1
-0.012577457875638619,-0.0030640481268992613,0,1
-0.011135484103854322,-0.003148009471029943,0,1
-0.013447256241364863,-0.004337392345390407,0,1
-0.012319226673742313,-0.003232633061929288,0,1
-0.01527596148500494,-0.004663824700696618,0,1
-0.012911406151094084,-0.0044099236704958624,0,1
-0.011195014068138703,-0.0017097194352741858,0,1
-0.013183403004126105,-0.0034087311033797734,0,1
-0.011914316378900188,-0.0028367565522238298,0,1
-0.016273649507706843,-0.004887949985596902,0,1
-0.011898246088425752,-0.004022630955713937,0,1
-0.011465797209433472,-0.003165434699070555,0,1
-0.01208523764983327,-0.0032584298734819445,0,1
-0.011218476654473758,-0.002773241915626705,0,1
-0.012555773533817824,-0.0018322642739550372,0,1
-0.013317340667391634,-0.00288978914676003,0,1
-0.013691459561374873,-0.0018853747785259859,0,1
-0.011733560459057622,-0.002668552999575444,0,1
-0.011322460737560647,-0.0010763578450862824,0,1
-0.010500150141737986,-0.0030518309148545105,0,1
-0.01631957161953484,-0.005825528334171177,0,1
-0.012300390326599443,-0.004118583804330795,0,1
-0.01160124882091334,-0.0038577342150928427,0,1
-0.010769829590837676,-0.0023906262228131506,0,1
-0.011269827569540366,-0.0019036650208641127,0,1
-0.01455770795059121,-0.0030715012262756964,0,1
-0.01232420757456594,-0.0037598043857628395,0,1
-0.013144193077733065,-0.005434078350796328,0,1
-0.011709919686657586,-0.0035492381814907774,0,1
-0.01131411798232818,-0.003589904219855194,0,1
-0.011949689471186966,-0.005338047636334469,0,1
-0.011443754452312875,-0.002942804691206072,0,1
-0.013164229120369988,-0.0034719989608170457,0,1
-0.011195879092309296,-0.003154243622494298,0,1
-0.012887114618375922,-0.0043084193231756225,0,1
-0.011273485672510315,-0.003935862004829789,0,1
-0.010617198812308923,-0.004193339639636363,0,1
-0.011902432043490369,-0.005379517923860893,0,1
-0.008813140283040916,-0.0050889324430188985,0,1
-0.010149170233638236,-0.005170351939603033,0,1
-0.010269023813400722,-0.0037154980258277365,0,1
-0.011850058591902751,-0.005014573781227562,0,1
-0.011068050355579128,-0.0029396484438756073,0,1
-0.011161299342043561,-0.0038678906558825728,0,1
-0.008452814755304724,-0.007733778080486335,0,1
-0.013996997865839557,-0.005798634203661249,0,1
-0.011223056445204747,-0.004863508525018855,0,1
-0.011308675157477003,-0.003837793717052505,0,1
-0.010619919084312755,-0.00563991115651442,0,1
-0.009440669814714224,-0.004315823719116231,0,1
-0.01071728578085828,-0.004919716401574722,0,1
-0.009261107059531802,-0.001721185985419553,0,1
-0.007889867432003954,2.507657736959277E-4,0,1
-0.008797314267720013,-0.0028630821144334973,0,1
-0.008052579796278237,-0.004290495692090419,0,1
-0.00951524489673894,-0.002490850989607222,0,1
-0.009361100122549142,-0.003924188716249148,0,1
-0.008813759585880047,-0.004288267199344361,0,1
-0.00943671708459394,-0.005310370550631557,0,1
-0.0059528366406567034,-0.002467063844740743,0,1
-0.009025721443681202,-0.002340261569044484,0,1
-0.008856450350829874,-0.003041895395698713,0,1
-0.009138350418943255,-0.002104267678556227,0,1
-0.00986964032563938,-0.004701811886240409,0,1
-0.008642802916806646,-0.004420584107862762,0,1
-0.012067993809066856,-0.003662887879162705,0,1
-0.010622309824412892,-0.004964756908827847,0,1
-0.008978227674331242,-0.0025211825335625638,0,1
-0.012360827322621629,-0.0016033577563905927,0,1
-0.00906016683438637,-0.0038322007231791,0,1
-0.009053436081153656,-0.004095430987656648,0,1
-0.010568177460917453,-0.004280007865222993,0,1
-0.010308559873353886,-0.004232483523130213,0,1
-0.010968119456508225,-0.004312670381346961,0,1
-0.008810092282923388,-0.0019398096856487216,0,1
-0.009343154550180022,-0.0038450211528524513,0,1
-0.009504241014327501,-0.0038820816593022455,0,1
-0.009667976353577846,-0.002525814584475595,0,1
-0.010489372572688248,-0.004028434449467301,0,1
-0.011558669749521255,-0.004496150077499547,0,1
-0.00849438543023408,-0.0025603161467343304,0,1
-0.010318137181408874,-0.0012789033305322323,0,1
-0.009789326599585023,-0.0028672108659414906,0,1
-0.009480195818611497,-0.003352525472020081,0,1
-0.0099842779292289,-0.003501199624454486,0,1
-0.009984216702512469,-0.0043393155439801,0,1
-0.00938593892374965,-0.0018827397787647044,0,1
-0.00867092587652798,-0.002751636794283118,0,1
-0.01027963916771582,-0.0012993320957521354,0,1
-0.01059515511108553,-0.0031849957660672365,0,1
-0.010434197797139926,-0.004607403881157086,0,1
-0.01356486849492747,-0.0015687913638893968,0,1
-0.009769167012101924,-0.0027970305715214654,0,1
-0.012285228670078734,-0.002317909480049948,0,1
-0.009417536367825172,-0.0011284088154897244,0,1
-0.011046107633828562,-0.0036801230626994624,0,1
-0.010139138626968369,-0.004380636693954438,0,1
-0.010438095206123722,-0.002011643997431095,0,1
-0.009993518778149978,-0.0017973831107212363,0,1
-0.009968237501437757,-0.0031787287740913757,0,1
-0.011012394037873656,-0.0024435050163105244,0,1
-0.009598534895598344,-0.0017679033191247454,0,1
-0.010248001331661621,-4.605813972850184E-4,0,1
-0.010884057652281022,-9.652090824958679E-4,0,1
-0.011408331837255677,-0.004735615789296207,0,1
-0.010698455577006601,-0.001015718092397357,0,1
-0.010205573801741799,-0.0022122895376369685,0,1
-0.010246458081633767,-0.0029329435951554626,0,1
-0.01181990738039903,-0.0035665928351993202,0,1
-0.012816309233387516,-0.0030629582425202497,0,1
-0.010895631770627539,-0.0021298505673683714,0,1
-0.010876466078855535,-0.002383538391976453,0,1
-0.010152223504006744,-0.0021146862309338725,0,1
-0.010696946760400467,-0.0020950525257574107,0,1
-0.013675768009496119,-0.003073437136185369,0,1
-0.011568047382776689,-0.0030303501716341047,0,1
-0.011197931264796379,-0.003103341093828166,0,1
-0.01147572552032018,-0.0023880728525185156,0,1
-0.010966416292013477,-0.0019910639100216604,0,1
-0.011559354543761374,-0.0020174013721023475,0,1
-0.010517773994733633,-1.6617027870150823E-4,0,1
-0.010190847630557652,-0.0014118706823875967,0,1
-0.012402551807286385,-0.001073385948453619,0,1
-0.007459282884962435,-0.004669001253513921,0,1
-0.0073534438565369285,-0.0055641904866702025,0,1
-0.0077318309720119235,-0.006374047950973568,0,1
-0.007570856155479818,-0.0065614756529855925,0,1
-0.009132402955294834,-0.00664495285803828,0,1
-0.007787134004764819,-0.007627609783959589,0,1
-0.008029783567975792,-0.006705169596975604,0,1
-0.007758095467746261,-0.009937261932226948,0,1
-0.007328162961562762,-0.004929558590925559,0,1
-0.005474281112749295,-0.005701468410489064,0,1
-0.008479302554675805,-0.0031814046717760064,0,1
-0.006982763038724559,-0.00690362899118837,0,1
-0.007860718768661977,-0.007240221932222191,0,1
-0.007448509585732031,-0.008687465936770708,0,1
-0.008343071369219775,-0.007168448970600149,0,1
-0.00837274493148514,-0.005821551465168653,0,1
-0.0089092829232379,-0.004512801812449705,0,1
-0.007961776829896737,-0.007081740559203654,0,1
-0.008696315446333456,-0.008693035437845373,0,1
-0.007430398986936315,-0.007472673381451462,0,1
-0.007669105669140303,-0.006930135392312886,0,1
-0.008391227200452562,-0.007258390611938722,0,1
-0.006880240584975563,-0.005676591314583933,0,1
-0.009401178779802826,-0.003970075610688966,0,1
-0.009171302355864941,-0.0071739825234715575,0,1
-0.007360199205323317,-0.007006917741286834,0,1
-0.007617627254703075,-0.0074628963871845935,0,1
-0.009276244484750059,-0.007604138317265631,0,1
-0.00762618194658397,-0.0052617556056428864,0,1
-0.008610859994826027,-0.005885561137882526,0,1
-0.009244474517385491,-0.005059896831040023,0,1
-0.008058822899867596,-0.007753254936310903,0,1
-0.008861183463385762,-0.006599287738440944,0,1
-0.0073332809079588585,-0.007423674539060401,0,1
-0.005310172774514884,-0.005525310341622171,0,1
-0.008093075912022796,-0.0058677363625790555,0,1
-0.008185548662398581,-0.006567037277961162,0,1
-0.011299461779179374,-0.00648734241217266,0,1
-0.00857905582402875,-0.007204858220183046,0,1
-0.009774448857878313,-0.005715963909663581,0,1
-0.009048366863209763,-0.0062914579433623104,0,1
-0.008686822005358738,-0.00607086523954467,0,1
-0.009373098381940516,-0.0058933707857822815,0,1
-0.009047428413382682,-0.006867262953053145,0,1
-0.010363733331161794,-0.004007478484507189,0,1
-0.008295853158217015,-0.005910792561316214,0,1
-0.009255636434506973,-0.006663394406967077,0,1
-0.009692943819073437,-0.006739031501583313,0,1
-0.009052848290539754,-0.005297429804720413,0,1
-0.010731526373289746,-0.005625702301876624,0,1
-0.009687193189639022,-0.0053022731116296054,0,1
-0.010584122142036878,-0.0070703745104737,0,1
-0.009089501641071179,-0.004580339708305233,0,1
-0.0086924834162433,-0.0056642447360656795,0,1
-0.008881021549589403,-0.006853066530029144,0,1
-0.009132723379908933,-0.005058147569734769,0,1
-0.009681877234711435,-0.004462145710319964,0,1
-0.009886045867316959,-0.0062713567417117255,0,1
-0.007895159205523446,-0.0038616486578366676,0,1
-0.009869677918867914,-0.00600239412557319,0,1
-0.009585256646321632,-0.005444325291321057,0,1
-0.009888137050642981,-0.004863027958762009,0,1
-0.007448420220809035,-0.00584324529695703,0,1
-0.006520260162628952,-0.005138531849411056,0,1
-0.007057526580148983,-0.0065079727152308735,0,1
-0.006920856964363725,-0.00489578145981057,0,1
-0.008257383983798307,-0.00531288149192955,0,1
-0.012779488382321617,-0.004687462505011687,0,1
-0.008883956789108789,-0.002975430307321717,0,1
-0.008984733960814036,-0.0043452382338706776,0,1
-0.006825479100556632,-0.005382224793914603,0,1
-0.008608570031995003,-0.0055862191622025135,0,1
-0.008481036915196149,-0.005913871805867688,0,1
-0.009128203325095873,-0.0040601617345174985,0,1
-0.010640654057505803,-0.007897246958975679,0,1
-0.010267274463165704,-0.0057421838391363365,0,1
-0.008174739056861405,-0.00454713032283095,0,1
-0.007142811127406373,-0.002724865683613945,0,1
-0.009919442550591902,-0.003687420416641867,0,1
-0.0069813671972991835,-0.0011383090340978874,0,1
-0.008741031475324687,-0.004887041210152583,0,1
-0.009713543618596193,-0.0047348638393333205,0,1
-0.007522824519025805,-0.0047549069505230124,0,1
-0.007469655921673278,-0.0035617559113233555,0,1
-0.008656039269800008,-0.004301479173292222,0,1
-0.009371590333204385,-0.0013378660062396616,0,1
-0.00965357119081909,-0.00447444446601773,0,1
-0.008306491118108276,-0.0010899913463486605,0,1
-0.010792040420422883,-0.0032523819775232533,0,1
-0.00872050443238057,-0.004731320482452867,0,1
-0.007433458035471328,-0.005568605598635669,0,1
-0.009754777005954802,-0.004826587828700896,0,1
-0.00764330130198221,-0.0034970421600742044,0,1
-0.007675484518271386,-0.0039342428413138295,0,1
-0.009267797520532512,-0.005369670605593584,0,1
-0.009623055887336035,-0.003187375326964226,0,1
-0.007592277312956914,-0.003721421444854616,0,1
-0.008762396862499704,-0.004389308875858917,0,1
-0.008329656404455541,-0.004430179305926878,0,1
-0.008139698988833204,-0.002449362798915456,0,1
-0.006896719551949195,-0.003209793225777946,0,1
-0.00814005696975443,-0.004694755959865738,0,1
-0.007639714667715082,-0.0026165729906186055,0,1
-0.007419474157490002,-0.0025631522038871567,0,1
-0.007828644881321917,-0.004691827740743126,0,1
-0.008834924348881118,-0.003860424426809831,0,1
-0.008706186303149795,-0.0025719882706661244,0,1
-0.008607892039847269,-0.002967303677961658,0,1
-0.008005457971652589,-0.002851297391808921,0,1
-0.008148493533353994,-0.0016414379350562227,0,1
-0.007500148023428483,-0.0014301937809569302,0,1
-0.008190830274289568,-0.0022829124197078676,0,1
-0.01466405612342147,-0.00657286061220779,0,1
-0.014014753926426187,-0.009565562696839005,0,1
-0.011707672309559216,-0.007459131843179946,0,1
-0.01414482974762864,-0.007244485875565766,0,1
-0.012853037311134637,-0.008393046920382449,0,1
-0.012649212093326149,-0.009245219069505201,0,1
-0.014568652444344212,-0.008660943668962428,0,1
-0.014019752108444231,-0.008818930177201909,0,1
-0.014192957177327306,-0.010396416746319604,0,1
-0.01346781197322268,-0.008815717642026388,0,1
-0.01262757403554609,-0.009037109066613133,0,1
-0.011823009852182811,-0.010214862940354903,0,1
-0.01439633130188345,-0.007844061936117534,0,1
-0.013283942745849209,-0.008164515811502975,0,1
-0.012826553687534496,-0.008768074967706945,0,1
-0.012680266723559814,-0.009096838102299672,0,1
-0.012289673763759015,-0.00925668494528112,0,1
-0.012760520841036162,-0.0071961611982497824,0,1
-0.013281422330539758,-0.008715830034395208,0,1
-0.014688938544362047,-0.009159199291779743,0,1
-0.01243613087124885,-0.009026768914705174,0,1
-0.015015425941836857,-0.008239275450508007,0,1
-0.01284758814029372,-0.00928227154334811,0,1
-0.015747368399234168,-0.009792192551597755,0,1
-0.012921474802420844,-0.008551112759356948,0,1
-0.01323649408339067,-0.00794240010530762,0,1
-0.014381431504619204,-0.009397924723614422,0,1
-0.015920682354594057,-0.010704177531629604,0,1
-0.01104985177531776,-0.00849797716808654,0,1
-0.014730889756930547,-0.00878965759643088,0,1
-0.013393161940750953,-0.009321506852906964,0,1
-0.013448565162779716,-0.00940675312433215,0,1
-0.013717236112506876,-0.007213541651459047,0,1
-0.013191382673716223,-0.008977047977179936,0,1
-0.013239002245049925,-0.00924492199526414,0,1
-0.014364451151486908,-0.009156118783252716,0,1
-0.01375691935946719,-0.009639467768503529,0,1
-0.014553754905421533,-0.00858955747277108,0,1
-0.013413702412524825,-0.009102477974055993,0,1
-0.01387011682280099,-0.010434924773678637,0,1
-0.014467641299747213,-0.009485645033207805,0,1
-0.01801471731816549,-0.009328161435380573,0,1
-0.011409513723841795,-0.008715055666599466,0,1
-0.012870984114836712,-0.005863999374230085,0,1
-0.012809594911211114,-0.005582587462506682,0,1
-0.011033249169873097,-0.00572957488215491,0,1
-0.015338953664539703,-0.0042611983969466066,0,1
-0.01014555558562566,-0.007937717436071098,0,1
-0.012445292605781737,-0.007198593498705485,0,1
-0.013655812979082606,-0.008179321357286093,0,1
-0.011283007565790485,-0.006019966824781382,0,1
-0.01265679994809898,-0.006554929082744315,0,1
-0.0123871162897792,-0.006180827955454532,0,1
-0.011526060886255745,-0.005023131847056462,0,1
-0.011199444812176445,-0.006039325089504034,0,1
-0.01340405647685208,-0.0036146279567952043,0,1
-0.012507515511925362,-0.004165362685272077,0,1
-0.012471357368970953,-0.00679131280054238,0,1
-0.011793712042648835,-0.007418724270825284,0,1
-0.010354265967398135,-0.00972076371732603,0,1
-0.01115775965989814,-0.006656411632849066,0,1
-0.012791875636822993,-0.007357662143951561,0,1
-0.012471133900601603,-0.007629892250890599,0,1
-0.012369634908604777,-0.0057667290679397,0,1
-0.011375192842422891,-0.006568607972728215,0,1
-0.010385210666093542,-0.005761225712056942,0,1
-0.00876441041126125,-0.0038073777704546977,0,1
-0.0106580634054433,-0.007224941321236284,0,1
-0.011512031061168482,-0.006947540785923007,0,1
-0.013350145653254101,-0.009493916428049634,0,1
-0.00971442983422188,-0.006057857813220654,0,1
-0.010790184887971779,-0.006386106008191314,0,1
-0.011667564790001974,-0.008497127932859448,0,1
-0.014381851870175318,-0.007671994681506535,0,1
-0.011925120305551318,-0.007793119035922513,0,1
-0.010707800519520135,-0.006717308983618346,0,1
-0.01251362151072597,-0.00736449092305808,0,1
-0.011545755536181515,-0.006905162677981614,0,1
-0.01208263701525964,-0.006476133509356808,0,1
-0.012597354382920449,-0.005792439731335818,0,1
-0.012175284634124333,-0.007990647678564231,0,1
-0.010388114645718273,-0.006441149085669831,0,1
-0.012351427101809746,-0.007285991391268982,0,1
-0.011005837565013697,-0.007648536298025514,0,1
-0.013149523920422589,-0.007721016651696385,0,1
-0.011840846045851823,-0.009085475509824099,0,1
-0.011540755069552853,-0.007671610833702908,0,1
-0.014223955189814211,-0.009173244948691987,0,1
-0.011286186197290278,-0.0067885296403468786,0,1
-0.010283734120848225,-0.00923801748325993,0,1
-0.013635553407151807,-0.010871130711072262,0,1
-0.012576869485704698,-0.010943353918668342,0,1
-0.011372693740875106,-0.009207193649027242,0,1
-0.011289125931260914,-0.008518461519876576,0,1
-0.011541908820955155,-0.0083516165699219,0,1
-0.012172539887197374,-0.008054051281543082,0,1
-0.010827518731913273,-0.008794331274964005,0,1
-0.011445147367502096,-0.009024779285770047,0,1
-0.012417861490275229,-0.009067561669088375,0,1
-0.011264038067125129,-0.00750296453469143,0,1
-0.011397064447997594,-0.007503488497544193,0,1
-0.010829706185216286,-0.0043888944212484415,0,1
-0.011172143873999747,-0.00826960108286748,0,1
-0.011048747359027104,-0.006490341320753528,0,1
-0.008491066272114775,-0.005611561586163078,0,1
-0.011132629214716002,-0.008583071433417628,0,1
-0.011649572932824693,-0.008603657568319238,0,1
-0.011337061132084672,-0.007220137321190758,0,1
-0.014276824754719508,-0.005870785199914935,0,1
-0.011447499789205827,-0.006886834084449436,0,1
-0.008906322124813489,-0.007936833003727196,0,1
-0.010667514742352667,-0.006951904658514741,0,1
-0.012070234352320538,-0.008081179482455549,0,1
-0.010341342790435975,-0.007225118859468599,0,1
-0.010728120038870949,-0.008081321802896857,0,1
-0.011917201624050962,-0.0107118631324078,0,1
-0.01062366469421326,-0.004206102359788698,0,1
-0.009898816709135186,-0.006851461406624462,0,1
-0.010605847236141065,-0.0060403452980112545,0,1
-0.010891409536449688,-0.008500991116298859,0,1
-0.009545325315248215,-0.0075363333458096865,0,1
-0.01096195797464372,-0.007960722701121529,0,1
-0.013007150399735204,-0.0056211111950479845,0,1
-0.010025138165376523,-0.007132374124166565,0,1
-0.010572480197070081,-0.007354620504691057,0,1
-0.010603992167025957,-0.005583818127263428,0,1
-0.010624432537697983,-0.008841178775437056,0,1
-0.0101730393881599,-0.007681741139947389,0,1
-0.010433889917742996,-0.007351655791047671,0,1
-0.010896670780661552,-0.007336039018697927,0,1
-0.008590372406617157,-0.006152397419875706,0,1
-0.009679959341163367,-0.0066854010039515575,0,1
-0.010307358746553537,-0.008757321166421127,0,1
-0.01058032265117368,-0.007767103213816668,0,1
-0.010993763139691734,-0.007073398909766402,0,1
-0.010528410497906511,-0.006743348737626845,0,1
-0.010351528763118652,-0.007016926259127086,0,1
-0.010310342155612447,-0.008586791203851463,0,1
-0.009853175714967353,-0.00911278071619546,0,1
-0.010595783992085476,-0.008094384957738995,0,1
-0.011770181189648897,-0.005449369441949548,0,1
-0.00810969381386553,-0.008085374627479866,0,1
-0.010667154190649153,-0.0088169953575681,0,1
-0.00949835600882874,-0.00804306136877699,0,1
-0.009701657028498178,-0.008951282478818929,0,1
-0.00925630105615831,-0.01089397992684523,0,1
-0.00833095547386526,-0.00591954237502685,0,1
-0.009838557257153893,-0.009424016075415941,0,1
-0.009286475072675895,-0.009988446058337637,0,1
-0.007346137435728896,-0.007845663483662847,0,1
-0.009400711313307181,-0.007994056832158916,0,1
-0.011646384504823065,-0.008400276465142995,0,1
-0.009528457597032214,-0.005740629706983092,0,1
-0.009400624490742603,-0.008364833881907546,0,1
-0.01001347136586558,-0.008537490626276045,0,1
-0.008662107611991366,-0.007334221423416508,0,1
-0.008018144661292656,-0.0050823989162373144,0,1
-0.008780326579064676,-0.007758499964985474,0,1
-0.009165598088871938,-0.008602310400033421,0,1
-0.009168471534891604,-0.008004677620608507,0,1
-0.007808132572209071,-0.008532364220300077,0,1
-0.009055854763863013,-0.006825426374056919,0,1
-0.008647051036069935,-0.008100041499505176,0,1
-0.008263803794466227,-0.008964987441258699,0,1
-0.008923816170097644,-0.007963949880189844,0,1
-0.0075796292279926005,-0.008571465454345265,0,1
-0.007323271333372479,-0.011566185285843168,0,1
-0.008423592725312625,-0.008575931812663851,0,1
-0.01128703491999605,-0.015445302666456485,0,1
-0.01036834614119115,-0.011680141671404253,0,1
-0.00952867679458033,-0.011288776930982694,0,1
-0.010555046571490456,-0.011980770724235408,0,1
-0.012254124162478881,-0.01325496213148455,0,1
-0.013297198529312,-0.011777614689984004,0,1
-0.009522887835928105,-0.014248318226557583,0,1
-0.009954289287553035,-0.010777187879220227,0,1
-0.011909619217298814,-0.01178116835351536,0,1
-0.00910576328433815,-0.012527455521331892,0,1
-0.011437285791004418,-0.012177382232549317,0,1
-0.011662392186221057,-0.011211047059409222,0,1
-0.009256140790494015,-0.0109709447305763,0,1
-0.011755081323016598,-0.010023831228845493,0,1
-0.011257713785026742,-0.007903698229921643,0,1
-0.012309968624865466,-0.010467265986895924,0,1
-0.011877836856054976,-0.010765024095667514,0,1
-0.013582181686706166,-0.012548681070439358,0,1
-0.010560394423324971,-0.010104615656075318,0,1
-0.01162671139965549,-0.011032922186369502,0,1
-0.01168163866048174,-0.011276927697477656,0,1
-0.012767251110465342,-0.011643215390615675,0,1
-0.012357368549571257,-0.011573269191885461,0,1
-0.01284993808050829,-0.008777376132003288,0,1
-0.011663525056798041,-0.010480853493609573,0,1
-0.012874223600349705,-0.010931737053664828,0,1
-0.012045845269483586,-0.009354572740698664,0,1
-0.010582689459097658,-0.011392690947323597,0,1
-0.010777513747433722,-0.01139368656743516,0,1
-0.01112080075336346,-0.011103225631828877,0,1
-0.011719720808331318,-0.012028713134674055,0,1
-0.010890762682203538,-0.011734575019508144,0,1
-0.010027324689183145,-0.011474302890208926,0,1
-0.011435880111141081,-0.01112423331531697,0,1
-0.011761762606484913,-0.00984627183661777,0,1
-0.007408139835102191,-0.011728335979312122,0,1
-0.011438930460428761,-0.010542164814816693,0,1
-0.011986416236989919,-0.009574221566114191,0,1
-0.01150286389224795,-0.01039691362950685,0,1
-0.012087924092997662,-0.010105495652356796,0,1
-0.009836280161443752,-0.008764625834126367,0,1
-0.011598332876386463,-0.010256371924757795,0,1
-0.013788532954127047,-0.008893413051011963,0,1
-0.009788386157294084,-0.00857607305368055,0,1
-0.011474870479366442,-0.00981582470219845,0,1
-0.009881553215880471,-0.011136028373236245,0,1
-0.008533767368054593,-0.01231860397183503,0,1
-0.011781002430325984,-0.013186680281359322,0,1
-0.008251429567296492,-0.01408522125103505,0,1
-0.007831317222123844,-0.01503517029640188,0,1
-0.008970715802066131,-0.009668955529146064,0,1
-0.005234291149489972,-0.013023800925053194,0,1
-0.011565265783567612,-0.012729109238431903,0,1
-0.008669688678280291,-0.015301599203669027,0,1
-0.007916455005207868,-0.012186485740516473,0,1
-0.008313388493358345,-0.012503207595861644,0,1
-0.00578014113519202,-0.014092870903384026,0,1
-0.008190070016090163,-0.01268449535279036,0,1
-0.010491563392978409,-0.012217268970171771,0,1
-0.009844461543850673,-0.01257870507565035,0,1
-0.00823822978518173,-0.012500632516506297,0,1
-0.007473465462743872,-0.013618880536427687,0,1
-0.00891356869850477,-0.01407147854912414,0,1
-0.008879112670833755,-0.01287818179167173,0,1
-0.0075715711761948756,-0.013043892764653611,0,1
-0.007222861972509286,-0.015125319983025269,0,1
-0.008386619973267893,-0.011381299421773506,0,1
-0.009955664401471952,-0.014364246873848421,0,1
-0.00901321451649588,-0.012848399092463691,0,1
-0.008662903350179779,-0.013581252712835033,0,1
-0.006713970265414813,-0.016849383785292424,0,1
-0.00967348507057116,-0.013080444031758917,0,1
-0.008614085541358417,-0.01427776123000395,0,1
-0.009533248638159162,-0.013262338169005792,0,1
-0.009870985231324488,-0.01297950563251546,0,1
-0.009296664482575332,-0.016216161568810797,0,1
-0.009926812452972245,-0.01472415842835386,0,1
-0.007948076692213746,-0.014170753901912582,0,1
-0.010887248796363857,-0.014344943852303027,0,1
-0.00809096399428557,-0.014809250182210713,0,1
-0.007877587414366368,-0.014131548839156068,0,1
-0.00929110464568673,-0.01396680331173373,0,1
-0.009158735281599124,-0.013916598297187725,0,1
-0.008979253661410589,-0.013412793424310296,0,1
-0.009065651060617656,-0.013790717239153708,0,1
-0.009802972022162976,-0.013748064147664645,0,1
-0.00835818982639365,-0.014304074099974558,0,1
-0.008866842226069451,-0.014321382136370185,0,1
-0.01166811004160263,-0.009525807132231315,0,1
-0.013609371782466028,-0.00868335737059793,0,1
-0.010477819773291715,-0.009239748859901368,0,1
-0.01038346341501672,-0.008289858381466404,0,1
-0.009131531278920146,-0.008503975344706599,0,1
-0.009185289412395917,-0.008805300510060607,0,1
-0.009316679100890329,-0.008122003096030046,0,1
-0.006075268088154088,-0.009735298676957629,0,1
-0.012359834359050196,-0.0107498331126341,0,1
-0.010343638684681437,-0.00948107173875213,0,1
-0.009966012750387984,-0.00976581536665012,0,1
-0.011690042578393246,-0.011164039620697183,0,1
-0.010525700212456256,-0.007443986541350017,0,1
-0.008120071419968363,-0.009143807710518759,0,1
-0.011759953654738326,-0.008965478662478436,0,1
-0.009673177662509037,-0.007938805073640653,0,1
-0.013019899255607743,-0.008731161465105367,0,1
-0.008555124796050395,-0.009722883625315117,0,1
-0.00820369401289097,-0.006698406631345421,0,1
-0.008054751573545455,-0.009205174888174303,0,1
-0.009033884339944285,-0.010809825449683286,0,1
-0.010445593802310768,-0.010192148054000505,0,1
-0.00965505648220953,-0.01011232848531455,0,1
-0.008467559714694596,-0.007602006442742834,0,1
-0.006923160052828978,-0.010500306958914012,0,1
-0.011573666010496116,-0.0096693371538293,0,1
-0.009786637496113904,-0.01002404772068812,0,1
-0.011032965866756854,-0.009908533230504151,0,1
-0.00979082565280886,-0.009170651271449433,0,1
-0.008818273652413527,-0.010047830167126109,0,1
-0.00925736401717949,-0.010357232966616125,0,1
-0.01009264993427617,-0.010637827444490482,0,1
-0.011501292414409984,-0.01027774290217151,0,1
-0.00821617598398235,-0.009155483112968665,0,1
-0.009692840419565068,-0.010285268983258792,0,1
-0.008473458437196898,-0.01087631496405244,0,1
-0.01011644047396822,-0.010215521214061789,0,1
-0.008734142815543012,-0.01064054207831467,0,1
-0.009736767147479463,-0.010113624625745478,0,1
-0.008197296373358018,-0.009651247959484445,0,1
-0.010872604860386952,-0.011553586805767922,0,1
-0.009950565117355521,-0.010414353946012034,0,1
-0.007902344182871956,-0.009877915621086154,0,1
-0.010713427428101852,-0.010827247638008325,0,1
-0.009291932634133656,-0.010416393588166047,0,1
-0.009929137978748392,-0.010627094468078014,0,1
-0.008837233494472383,-0.009692536157640354,0,1
-0.009751063484255716,-0.010607450877376197,0,1
-0.009673289858171232,-0.010089312465832733,0,1
-0.010978173801711661,-0.010831910003978814,0,1
-0.009728452286526499,-0.010959198160604037,0,1
-0.009501398428728741,-0.007110867702852307,0,1
-0.010439277160963135,-0.011477591767138447,0,1
-0.010101609582952689,-0.011396281318234577,0,1
-0.009459913719798284,-0.01168138594911253,0,1
-0.009205452211180541,-0.01142693690870583,0,1
-0.010495706705670902,-0.00864061773643953,0,1
-0.006717923578930933,-0.012332671180710783,0,1
-0.010145464697989428,-0.009876290177887995,0,1
-0.008824348220402914,-0.01058268793053578,0,1
-0.00976231256865411,-0.011881184225630566,0,1
-0.008876301209794437,-0.010932400342135301,0,1
-0.008344141788128735,-0.010063942970562609,0,1
-0.009192782265138515,-0.010080208697427009,0,1
-0.008129988151542616,-0.008402433211851395,0,1
-0.009951563187709537,-0.01154791092161768,0,1
-0.009581330283860393,-0.011094021818535466,0,1
-0.011824383873179273,-0.010942990395328128,0,1
-0.007698871151652033,-0.01018902691016808,0,1
-0.007548534759767812,-0.010381395177762747,0,1
-0.00832494975811844,-0.008568017406895225,0,1
-0.009848906911411739,-0.011509669590018293,0,1
-0.008230279696490782,-0.01190501164759947,0,1
-0.009109012857102609,-0.011979408075643766,0,1
-0.007892013525863644,-0.011222813014843316,0,1
-0.00785454207942331,-0.009210514226335459,0,1
-0.0076371643377170706,-0.009653823674828985,0,1
-0.008448287046142047,-0.011649830529982072,0,1
-0.008811979691804831,-0.011809870281780434,0,1
-0.008633903254040162,-0.011318348554577114,0,1
-0.007879609777711707,-0.010975212394992565,0,1
-0.006831315844432325,-0.009744569619237418,0,1
-0.006766040484206636,-0.006712765162584369,0,1
-0.008837424110542422,-0.012155898960102836,0,1
-0.008339591058838471,-0.012987855990564566,0,1
-0.008847952970609798,-0.008046462125361312,0,1
-0.0070522464302722925,-0.010888371883064874,0,1
-0.008042592116639925,-0.010697366474915733,0,1
-0.008567766279793143,-0.012463261052792602,0,1
-0.008596269973185819,-0.011831569371982986,0,1
-0.011452686645786274,-0.013586057622001135,0,1
-0.004523545789887046,-0.009997052062601241,0,1
-0.008958264604624153,-0.008333608735656962,0,1
-0.008359253710294235,-0.012530571091799161,0,1
-0.008474587181385742,-0.013267200964464881,0,1
-0.0072822450175289285,-0.011210349383199019,0,1
-0.007138326479568392,-0.011650714920784212,0,1
-0.009078777922515819,-0.011725648625501798,0,1
-0.007921228604594254,-0.01260160570043832,0,1
-0.006686153377201245,-0.010404608607378697,0,1
-0.009347466324363939,-0.011972510068436332,0,1
-0.00830394172725191,-0.012233528577009238,0,1
-0.008137964794954655,-0.011589215898687813,0,1
-0.008039980197288264,-0.011563643319219464,0,1
-0.006544565704108956,-0.011471525898924704,0,1
-0.008533088506596268,-0.013700451073543955,0,1
-0.007785822919231245,-0.012306039031782828,0,1
-0.007327582766235487,-0.015828104147292087,0,1
-0.007304834946813044,-0.013960736088293733,0,1
-0.007487973705258566,-0.011360543860021319,0,1
-0.007698996932003005,-0.012595829508218486,0,1
-0.0068161851164398705,-0.011531328991456083,0,1
-0.007488813045650619,-0.012791192173227963,0,1
-0.007137765985731134,-0.012535919246232652,0,1
-0.007397720254716441,-0.012602148568593414,0,1
-0.0042861575068848645,-0.01145714233068473,0,1
-0.003556253496215902,-0.010028887401287488,0,1
-0.004354391299960276,-0.007563498776524818,0,1
-0.002497908415538554,-0.008643655472022064,0,1
-0.0018301345959358963,-0.009069693681022933,0,1
-0.002510352884115854,-0.01088335854596572,0,1
-0.0021538588832109864,-0.008570173293139636,0,1
-0.0018904365802838523,-0.008493901454579431,0,1
-9.797534143252456E-4,-0.008834822194679513,0,1
-0.003095908732265309,-0.010668035584543942,0,1
-0.0023056042643140482,-0.010515233296976742,0,1
-0.0040353609621676,-0.008967968519409689,0,1
-0.0021948404362717136,-0.009350652806102306,0,1
-0.002392438686188009,-0.00906498067695153,0,1
-0.002503601450372795,-0.008934268728654009,0,1
-0.0022381632312524742,-0.00834110987436748,0,1
-0.001858374418259518,-0.007071848967842657,0,1
-0.001736033112670919,-0.006848313542973961,0,1
-0.0028844789248096588,-0.010750273648154389,0,1
-0.0019864187262713323,-0.01064927389030074,0,1
-0.0019034980982713056,-0.010491102405735989,0,1
-3.867406125284444E-4,-0.01139929461465266,0,1
-0.0027415068611709656,-0.0101990560354928,0,1
-0.0025654892226235583,-0.0080023863176424,0,1
-0.0026346798636746427,-0.008216400075005447,0,1
0.001646244137194486,-0.008398918718946493,0,1
-0.002706297498132228,-0.011057570438887245,0,1
-0.0018197656340896756,-0.01060035846724678,0,1
-0.0018322157963281134,-0.0099439991180683,0,1
-0.0019977274587809537,-0.009349399892722939,0,1
-0.0013875939343414442,-0.009072220844024764,0,1
-0.001083119547679053,-0.008154537823860726,0,1
0.0011319578604339874,-0.006558861060954903,0,1
-0.0028717572062464613,-0.01097357964695822,0,1
-0.002093530564164505,-0.009454226884208513,0,1
-0.003566459388213174,-0.011023588288039171,0,1
-0.002384811575929046,-0.009224269850058116,0,1
-0.001312114326690852,-0.009031742139400915,0,1
-0.0016379874506110147,-0.008057191959971214,0,1
-9.228883148428375E-4,-0.008284269052188837,0,1
-0.0026978519816645585,-0.010711525564889572,0,1
-0.0011273389883991666,-0.009436266467121347,0,1
-1.0878842478631645E-4,-0.0097425578466676,0,1
-0.0014979167105593682,-0.008981309128775447,0,1
8.808096361254422E-4,-0.00886821193271947,0,1
-4.3461822250235715E-4,-0.009046369967301654,0,1
-0.002079195708292624,-0.010273245039319057,0,1
-0.002058776369808546,-0.011180202728168423,0,1
-0.0014865820246968916,-0.009446611398507856,0,1
-8.520847758482561E-4,-0.008012564869783786,0,1
-0.002849532796682963,-0.00917696965703157,0,1
-0.0031808661314502965,-0.006889351809923585,0,1
9.825633747742208E-5,-0.00836138095212705,0,1
0.0015367473066911755,-0.00937892922451375,0,1
-0.0013755861228968496,-0.010270323831355203,0,1
-0.0016127716413658199,-0.00930245328473264,0,1
-0.003543632609766089,-0.006974041664990603,0,1
2.591562772820338E-4,-0.00921254097707013,0,1
-0.001078905573044069,-0.010976663132594239,0,1
-0.0010596741375226645,-0.009977227778800491,0,1
8.417365782418702E-4,-0.007373149005656316,0,1
-6.906296325859342E-5,-0.009515211308422256,0,1
-0.0012493165622016276,-0.009727862452311074,0,1
-0.0027051741000710698,-0.010182615617770797,0,1
-0.0023111449631954316,-0.009566564896069467,0,1
1.606032077522491E-4,-0.009913779717107494,0,1
-6.833391530328183E-4,-0.009999824479427065,0,1
-0.0023064386980890944,-0.009789722316792353,0,1
0.0015271941074634747,-0.011301107712403764,0,1
-3.421797747280793E-4,-0.011177509852016826,0,1
-0.001450319595684066,-0.011145455552618878,0,1
-0.003528744013269279,-0.011459071347363731,0,1
4.247503204932623E-4,-0.012620480297011037,0,1
-1.6306644615407407E-4,-0.01142399743587668,0,1
-0.003091083534396613,-0.01266026924343896,0,1
-2.367427485842187E-5,-0.0096547923919186,0,1
-7.408289675335891E-4,-0.011128051344979717,0,1
-0.001351351967142443,-0.012202804522327238,0,1
-0.0011674340795129131,-0.011286267800338331,0,1
-2.9159245541903015E-4,-0.009853796109032547,0,1
-4.615041563256521E-4,-0.011040519451336644,0,1
-4.1407682860502903E-4,-0.010193702263092418,0,1
-1.3790792881578786E-4,-0.011234714066904497,0,1
3.0391445606919686E-4,-0.008637131741304233,0,1
-1.6670578198021125E-4,-0.011097588911161926,0,1
3.546147187548133E-4,-0.011062562929730008,0,1
1.1517012739148194E-4,-0.010276211593516181,0,1
3.3121760664092523E-4,-0.01093904613750014,0,1
8.181591290475752E-4,-0.00871040719067587,0,1
4.683158944190633E-4,-0.011717287187563201,0,1
-0.001624054250602645,-0.00631147889129491,0,1
-7.008315524270125E-4,-0.0072048060453337006,0,1
0.0026107553435565,-0.005151637077464638,0,1
0.0014622209867645745,-0.007868532980581837,0,1
7.280927030750359E-4,-0.00703587077449215,0,1
0.0011694151501510245,-0.006860906259681162,0,1
-3.5639463665656276E-4,-0.005840023279902961,0,1
7.540342024854906E-4,-0.005837500683808479,0,1
0.0017169120691357283,-0.006917296773872558,0,1
-0.0015452056560994532,-0.007299463524974204,0,1
0.002572636789570506,-0.007327344928045794,0,1
4.583890540029444E-4,-0.00793194758483947,0,1
-3.3245658116935356E-5,-0.005227782276404152,0,1
-7.305707440041014E-5,-0.008197544425421267,0,1
6.204674606958835E-4,-0.007662044906496097,0,1
0.0011442243776078119,-0.005869852801014817,0,1
-0.0012354689996708845,-0.007333094594113144,0,1
-7.980845931780364E-4,-0.0077291030204479074,0,1
-7.71968358076684E-4,-0.006547505711657684,0,1
-2.0904919632415889E-4,-0.007444078150936913,0,1
0.00206098613475096,-0.007307199328345759,0,1
0.001570738524862091,-0.008475331780522306,0,1
0.0011461301285744373,-0.007595546732309632,0,1
0.0016014516001199278,-0.011154640015667227,0,1
-0.0015621501191885525,-0.005939185660150375,0,1
-0.0011076142757723468,-0.006752312793401154,0,1
8.292293820884635E-4,-0.008547993237415341,0,1
4.557263431021983E-5,-0.008575578370779798,0,1
8.388465272828098E-4,-0.00767789527696105,0,1
0.003162947936535441,-0.006507590808626919,0,1
0.002362158610661869,-0.007617194439486565,0,1
-1.3293817426302475E-4,-0.009593740315897272,0,1
7.508230623474008E-4,-0.007213448173854141,0,1
3.6092376003191775E-4,-0.0074578436032054565,0,1
0.0016951124875717806,-0.009388944314941236,0,1
0.001510054308783497,-0.008131956530303987,0,1
8.974855010230156E-4,-0.009078200371766166,0,1
7.474170742348757E-4,-0.008685537444413551,0,1
-6.129264254262174E-5,-0.008215387975388693,0,1
-1.9219917883858562E-4,-0.008000504631884231,0,1
0.0016294818348398207,-0.009290221214363525,0,1
-7.889582451783441E-4,-0.010980907584849453,0,1
0.001931710738746803,-0.007429699553176569,0,1
-2.9883898218892335E-4,-0.008761225372428114,0,1
-2.2689896975507578E-4,-0.008832305157550529,0,1
-5.325985789950974E-4,-0.010603411280088957,0,1
-6.573201813711895E-4,-0.01108952334824228,0,1
0.0014086998692394246,-0.008504316434579325,0,1
-8.131012252107822E-4,-0.009009373355312818,0,1
-0.0011540803831796632,-0.009128661789769926,0,1
2.1107513662207386E-4,-0.010215794577638642,0,1
2.8078733915952117E-4,-0.009275048340218459,0,1
0.0021390471062949384,-0.008639878255546353,0,1
-1.1171350640971606E-4,-0.009237975994469773,0,1
6.383228428823703E-5,-0.010451083071912424,0,1
7.159496566252159E-4,-0.009529616129530181,0,1
6.860344187992826E-4,-0.009246535783138167,0,1
0.001177023272243229,-0.009006672921254165,0,1
0.0013659275847032687,-0.010011818971444734,0,1
6.196584363502775E-4,-0.009044839957406257,0,1
1.9664410333249374E-4,-0.009533226371818844,0,1
-0.0014271797730231555,-0.011653963471611347,0,1
-1.8405013312847886E-4,-0.011929095007537131,0,1
0.0015237833648422568,-0.009948506001592201,0,1
0.0010770500702928446,-0.010240051316858378,0,1
-6.615118540083527E-4,-0.009775832015246776,0,1
6.335357364797271E-4,-0.009715950112283451,0,1
0.0019603868588282977,-0.009786809835017242,0,1
1.245424744910309E-4,-0.010025323965786299,0,1
0.0013926989712823913,-0.008981178800557668,0,1
0.0010678708667130044,-0.00852753114546796,0,1
6.753692612422394E-4,-0.010148057494326625,0,1
0.0024659571300572106,-0.010448264984345815,0,1
-0.0017276982698174069,-0.010413334100787063,0,1
-3.474088007690163E-4,-0.012035275266548235,0,1
8.157205536846217E-4,-0.010839329130354436,0,1
4.060152653325051E-4,-0.0034689220439266272,0,1
-8.053429647182604E-5,-0.005799168178992238,0,1
7.398939914448151E-4,-0.005354363734159583,0,1
9.011276619230688E-4,-0.005854898657723447,0,1
0.0010634358968754506,-0.004994661263945807,0,1
0.001343968919005954,-0.006190327710437352,0,1
0.0014674819286686666,-0.007040818654759622,0,1
1.8074831844584568E-5,-0.006142812978540469,0,1
4.325404395587704E-4,-0.007410397569997913,0,1
0.0043867403900839765,-0.007395984193010915,0,1
6.319074910013678E-4,-0.005786979090523823,0,1
0.002737317105122149,-0.006078540973764787,0,1
5.723168714379202E-4,-0.0034270839365710144,0,1
-0.00114250600160176,-0.005677603906436338,0,1
9.7836535602916E-4,-0.006797076737877833,0,1
2.6473021219820646E-4,-0.007523404919400787,0,1
0.0010509985332243445,-0.007592865690143187,0,1
-4.630717923317916E-5,-0.00486357121441531,0,1
0.001026738289708986,-0.00528220301266672,0,1
3.131113515923642E-4,-0.006160082255952573,0,1
5.629339803125947E-4,-0.0075120280111490405,0,1
0.001300044760986875,-0.00661226509250087,0,1
-7.750135242635501E-4,-0.005617745164017783,0,1
-6.070478191896407E-4,-0.009605585119067811,0,1
9.413834112804208E-4,-0.009206099609159924,0,1
4.957137395042529E-4,-0.006206537592757749,0,1
-4.3646691334148495E-4,-0.005195558739540243,0,1
-9.707330686686654E-5,-0.006181322355749077,0,1
2.2354434015111143E-5,-0.006187016228742883,0,1
-5.74342514444578E-4,-0.006183794644580564,0,1
8.778646046840158E-4,-0.0055910637693435145,0,1
-0.001842655944977882,-0.0053572671345732585,0,1
4.2604755945523933E-4,-0.004050733149681054,0,1
-0.0021143977217616973,-0.006836850770916011,0,1
1.4595452048513633E-4,-0.0059666983638093545,0,1
2.491295158516713E-4,-0.006846591719511093,0,1
-4.6950150340783835E-4,-0.006447701883438407,0,1
4.937694310446087E-4,-0.008188961960570037,0,1
-0.0014371772318113236,-0.005889702708861385,0,1
-1.3700393104394427E-4,-0.006198519194768462,0,1
-5.886434089246651E-4,-0.0063747478090423115,0,1
-0.0023903833903068097,-0.007667531737116778,0,1
-0.0010737488458658724,-0.005589984809417307,0,1
-0.003211021415990473,-0.003647216256703282,0,1
-0.0010655495336139953,-0.004745580990071293,0,1
-0.0020080192200044814,-0.0054380158355777355,0,1
-0.0014219079041526775,-0.004760741161576844,0,1
-8.918699595760983E-4,-0.004525245086467036,0,1
-0.0017661193436345395,-0.004948633608193945,0,1
-0.0023978074536962113,-0.004780766056893592,0,1
-0.0014851168055075193,-0.005944498483541408,0,1
7.937562653556284E-4,-0.004494174086493444,0,1
-0.0011471373594926465,-0.005783377548535586,0,1
-0.0013075888985992535,-0.00636606299253255,0,1
-0.001393483122451049,-0.005757959238364567,0,1
-0.002661784838516691,-0.0014426340367067133,0,1
-0.0015449908591351816,-0.006133866605809873,0,1
-3.8034858972473576E-4,-0.005504456748844537,0,1
-9.618788425301691E-4,-0.0039592392484281225,0,1
-0.0024138683438000574,-0.0073782611861316644,0,1
-0.0020440503383249236,-0.006085915362120658,0,1
-4.956800080500129E-4,-0.005026998360935128,0,1
7.596152569920168E-4,-0.004956512759405071,0,1
-0.0017362889849840096,-0.004882808317156156,0,1
-0.001396050321396076,-0.0051944179119308995,0,1
-0.002189692432233336,-0.006698772490227398,0,1
-1.7677907618057246E-5,-0.007732252428364072,0,1
-0.002085083465760241,-0.005583819784076569,0,1
-0.0011969286191718886,-0.007600172526342408,0,1
-0.0011350522348485947,-0.006700365422474964,0,1
-0.0011317465938462253,-0.006243945958333093,0,1
-0.0018467282286292758,-0.00856347149280523,0,1
-0.008170380012246185,-0.008441205422872924,0,1
-0.007054776125218333,-0.008361432824823233,0,1
-0.0034817830327459986,-0.007845846788932062,0,1
-0.004271923685161788,-0.009543450489967844,0,1
-0.006362189591715001,-0.007431783754538993,0,1
-0.006120843867010057,-0.007558076449805314,0,1
-0.0061132105273891705,-0.00835972938993684,0,1
-0.005238893262384183,-0.006138641184758328,0,1
-0.006091311758740903,-0.004136197632615734,0,1
-0.006970406102381044,-0.008685182921046941,0,1
-0.0068950498023609775,-0.008619205012839162,0,1
-0.006657413274233521,-0.008681928849911997,0,1
-0.0061930700017034795,-0.006540272795131901,0,1
-0.006038845726424883,-0.007323111386914793,0,1
-0.0057468790751882635,-0.005948098046863175,0,1
-0.00474090575558097,-0.006571825455200319,0,1
-0.0048297446297353155,-0.007738607572961492,0,1
-0.008996817044086872,-0.0063114765866801046,0,1
-0.006761697400206007,-0.00856434068173598,0,1
-0.006646293277242073,-0.008417159415018582,0,1
-0.006376947446204024,-0.01240197434785051,0,1
-0.006613449166666084,-0.00692216940717955,0,1
-0.0042729869197459065,-0.006562376063439177,0,1
-0.007127541790831305,-0.009834096302100873,0,1
-0.006342156562998824,-0.00845112305029745,0,1
-0.006862297337158433,-0.009196695697554805,0,1
-0.006333043813193885,-0.008787587856978408,0,1
-0.006405292834063693,-0.008016772117716307,0,1
-0.0069889939381986375,-0.009039971569305484,0,1
-0.006452777458935055,-0.008296036396038814,0,1
-0.0061626628346798116,-0.007684987029428563,0,1
-0.004598493945849496,-0.006891601574633914,0,1
-0.005370672479560646,-0.008463760079516486,0,1
-0.006217534434224584,-0.008974116337003605,0,1
-0.006752272083547297,-0.009920140790357104,0,1
-0.004845342596877375,-0.008036831842685319,0,1
-0.0061204762172683775,-0.008188745162684703,0,1
-0.006841273300940919,-0.005994396765063965,0,1
-0.005617666215694211,-0.006589179093229806,0,1
-0.005532049997696599,-0.009685569145154206,0,1
-0.0062971077480559155,-0.00815726652971191,0,1
-0.005926900634758999,-0.008965856176420836,0,1
-0.004352566001832231,-0.007745267071289152,0,1
-0.0030474633681658323,-0.011014612636522956,0,1
-0.0033595914413902363,-0.006974244862853331,0,1
-0.006158542527986982,-0.010059485734640725,0,1
-0.00516386176981588,-0.009511144324960622,0,1
-0.005367322644113823,-0.008955416136138747,0,1
-0.004851813030776033,-0.008848177506734818,0,1
-0.004832622996712213,-0.00877218119221367,0,1
-0.004528067693651044,-0.007930065900967478,0,1
-0.008805241334651444,-0.009372525592866826,0,1
-0.004836587118600544,-0.00900279645680232,0,1
-0.005688486328522035,-0.008869328779688266,0,1
-0.005120249143346896,-0.009158165108065238,0,1
-0.00553237014674478,-0.009206261767864871,0,1
-0.005133911785759051,-0.009374119496245593,0,1
-0.0075908267314820635,-0.00864598688826603,0,1
-0.00482388282863395,-0.008316892243535476,0,1
-0.0044862029704511065,-0.009206163060967908,0,1
-0.003507832392372783,-0.00880041860238134,0,1
-0.005932169676078729,-0.009587238312768953,0,1
-0.0056593098256289,-0.008439906200402584,0,1
-0.006413535269940661,-0.010432368064124096,0,1
-0.005292224303620661,-0.008177362458293983,0,1
-0.00656348007190703,-0.008291090909326027,0,1
-0.007517122815841741,-0.01219602795104416,0,1
-0.0045524051692454,-0.009512160474042394,0,1
-0.00636947971201601,-0.008289775510970446,0,1
-0.003595315842813246,-0.011556155466753325,0,1
-0.004210554977695714,-0.00948127432878529,0,1
-0.004121356353158436,-0.009825586691065513,0,1
-0.004472663307781085,-0.00925381382335489,0,1
-0.004341800084366516,-0.009659735303706769,0,1
-0.00384581022746582,-0.00953443058419728,0,1
-0.004737526635179517,-0.01103829911969561,0,1
-0.002720267096897816,-0.010440019077484203,0,1
-0.004112278461688388,-0.009348544734638631,0,1
-0.004000969350201962,-0.010617915242089075,0,1
-0.0045455900288602765,-0.010680093306418958,0,1
-0.004603806558731634,-0.008754682103829601,0,1
-0.005107409797295407,-0.006583421808858748,0,1
-0.005237551076301591,-0.007154714315078449,0,1
-0.00578543555599881,-0.007815832383911757,0,1
-0.004713046528289543,-0.007078483731265275,0,1
-0.006382324740900907,-0.007419642461455079,0,1
-0.007605184218456307,-0.008481308926875106,0,1
-0.007470053653890141,-0.009086366268501293,0,1
-0.006364653564000676,-0.003966571012159442,0,1
-0.00935257491026837,-0.008213288375176861,0,1
-0.006021358970534341,-0.007298736854073548,0,1
-0.007007087619193746,-0.006349046742251276,0,1
-0.007123537073805686,-0.008532658605071436,0,1
-0.007320216830182205,-0.007986956223487699,0,1
-0.006034213601315502,-0.006661646464634747,0,1
-0.004968345513633071,-0.0072287611454786545,0,1
-0.006183190424420308,-0.006970346498796004,0,1
-0.008388748479439606,-0.00689216200171616,0,1
-0.007734754720540111,-0.00703816586505703,0,1
-0.007763212417897321,-0.00702971735849858,0,1
-0.0034639304951215514,-0.007259812996573545,0,1
-0.006041896765822706,-0.0068627026981007856,0,1
-0.005904042631534814,-0.007202646110224835,0,1
-0.007237152566353138,-0.0073000633473691585,0,1
-0.008783949650115556,-0.006652155643607597,0,1
-0.005844712928978948,-0.0068311474796333566,0,1
-0.0053443178533707485,-0.00549774189640005,0,1
-0.006975562556665724,-0.005321713690507452,0,1
-0.00479852075520181,-0.005710924757105022,0,1
-0.007924809402892186,-0.007417159805400345,0,1
-0.0060714411910762186,-0.005603222168488247,0,1
-0.006632016760961623,-0.005448618080876284,0,1
-0.006220231536728572,-0.007904743591003746,0,1
-0.00713821890477671,-0.0075861142108660205,0,1
-0.006023370450998551,-0.005785746481307401,0,1
-0.006525493514679267,-0.006399698850370917,0,1
-0.008171791123239092,-0.0061104045668819405,0,1
-0.005525948197495896,-0.007202956331280406,0,1
-0.006392675096018501,-0.0058601835330062396,0,1
-0.007176054739328175,-0.006242758801614923,0,1
-0.005448664296921851,-0.008021147906088748,0,1
-0.006915115334500553,-0.0051976180046344475,0,1
-0.007949299238684386,-0.00979650613036304,0,1
-0.0038728252563559854,-0.004945436136258947,0,1
-0.006909355971442851,-0.0054032817291343035,0,1
-0.00648630797356815,-0.005913584025360307,0,1
-0.008637293319909027,-0.003239719039797022,0,1
-0.006909282804906297,-0.006238313122369283,0,1
-0.007613056632266181,-0.004925069190103641,0,1
-0.0021578135917294343,-0.007581487857631887,0,1
-0.0013430785881487135,-0.009916481210572805,0,1
-0.0015369145731795645,-0.008001947972593492,0,1
-0.0021447239320691943,-0.008329856546339465,0,1
-0.002807966488556257,-0.007571436500378386,0,1
-0.003975385740831476,-0.009941749476884006,0,1
-0.0014154166438714502,-0.008718034120393339,0,1
-0.004253383097272185,-0.011704374257303416,0,1
-0.004574396273256318,-0.010205163970089156,0,1
-0.0013701942850511402,-0.007462477574032654,0,1
-0.0019827645292318486,-0.008936761792571205,0,1
-0.003765025436946835,-0.009855554805262963,0,1
-0.002833891429364226,-0.007961372119856033,0,1
-0.00324270291005466,-0.012049620887155759,0,1
-0.005061596882946435,-0.008153269670007653,0,1
-0.0035689652145527353,-0.010400689989791705,0,1
-0.0022422846092769204,-0.0071121456565889874,0,1
-0.0018713079450613553,-0.007554433318440771,0,1
-0.005450515127212058,-0.007103572687424746,0,1
-0.002432996272286401,-0.009450322258997574,0,1
-0.0037697664338676522,-0.009266963825841438,0,1
-0.005570360730392399,-0.007188948194679889,0,1
-0.005073335785380949,-0.011035769483725444,0,1
-0.0022472568176679438,-0.007172839762748169,0,1
-0.002319125775670529,-0.0075880726262882794,0,1
-0.0026224429812215927,-0.008573160298556034,0,1
-0.001915295263480476,-0.010568916595695603,0,1
-0.004623670680840327,-0.008854741249544827,0,1
-0.004285604144526167,-0.010181721277358719,0,1
-0.002424294162913484,-0.008310940505231063,0,1
-0.0032132758496642598,-0.007990733813992342,0,1
-0.00305151010005357,-0.007073344149048229,0,1
-0.0021503024691825875,-0.007849871552504621,0,1
-0.0033894725694612847,-0.00874011883887798,0,1
-0.002530859298555278,-0.007770704033593034,0,1
-0.004285173869752056,-0.009828086618535513,0,1
-0.001343653904733815,-0.007562658820066841,0,1
-0.0027933625581473684,-0.008171015225774467,0,1
-0.003350530249001735,-0.008718199827938445,0,1
-0.004036609127116385,-0.010743872394005125,0,1
-0.0036723899039529345,-0.009109118106441534,0,1
-0.004681302823993152,-0.008961131165250852,0,1
-0.00291395441648696,-0.0074537226314752,0,1
-0.002990814053426868,-0.008758465184052365,0,1
-0.0033282019859452398,-0.008512987714342397,0,1
-0.004003260493601865,-0.009140381992483713,0,1
-0.0011231870536080482,-0.0061173535034250845,0,1
-0.0024554587120511197,-0.008148796452118768,0,1
-0.004938454485562196,-0.007609990231155629,0,1
-0.003978644064105203,-0.008407302048945265,0,1
-0.00396487009859292,-0.009030607065436978,0,1
-0.0034415045651191027,-0.007375485990898261,0,1
-0.003979083385245765,-0.008016915325581497,0,1
-0.0038746365565242953,-0.00810218791383757,0,1
-0.003809115375834263,-0.008594490158934254,0,1
-0.003639125124094503,-0.007784424690260358,0,1
-0.0032407013319185455,-0.007613726234042522,0,1
-0.0043140607593367035,-0.006821064972621716,0,1
-0.0042385510929203755,-0.008691853846543852,0,1
-0.003626948529798913,-0.0072513116173802,0,1
-0.0036591824640100352,-0.007235333431563374,0,1
-0.003694951149652688,-0.007641587109256552,0,1
-0.003266841244916621,-0.008397909660995996,0,1
-0.0021521691764191256,-0.005248679745287914,0,1
-0.004673545877056766,-0.007904799732758006,0,1
-0.00563820703105862,-0.008712933162950957,0,1
-0.0035578211611112577,-0.007013965429430364,0,1
-0.004404159546861523,-0.009408543832678692,0,1
-0.004197484570827428,-0.006616201617762163,0,1
-0.004271745539611959,-0.0074810881525621455,0,1
-0.004445925868992271,-0.006415435630819841,0,1
-0.003852050584755871,-0.0075827744314687865,0,1
-0.005502051057802898,-0.0067305561338585574,0,1
-0.007604709520547333,-0.00566988033308531,0,1
-0.005755539082912863,-0.005315628901905872,0,1
-0.005897784290944307,-0.0035441891728015696,0,1
-0.00540594143445957,-0.004090072789992962,0,1
-0.0035989974160711645,-0.003125886592829686,0,1
-0.004320395211073772,-0.005118076271494237,0,1
-0.003463044012347615,-0.005381748576973774,0,1
-0.005824321516476382,-0.0040002879834035825,0,1
-0.006063049580640617,-0.0029448070814864936,0,1
-0.005269088648753881,-0.002200266630648891,0,1
-0.0016738652586189187,-0.0040028033664291154,0,1
-0.008417255415241357,-0.0074519037485550055,0,1
-0.004700214842857836,-0.0035065874605604455,0,1
-0.005521626578121498,-0.005012710591695028,0,1
-0.004928440174854966,-0.004400443044701373,0,1
-0.004172201728329863,-0.0037288893633294217,0,1
-0.003944905398231749,-0.0018492966189937985,0,1
-0.00363205093034787,-0.0048393202576535975,0,1
-0.007287944655154764,-0.002871939923894613,0,1
-0.004183144937531013,-0.004987669768857597,0,1
-0.006411488308069773,-0.00464415953288802,0,1
-0.006019929052606713,-0.004545856617201082,0,1
-0.005359950613570858,-0.003900382603954116,0,1
-0.0042055611379831865,-0.004345059511332006,0,1
-0.006526324483185721,-0.004764495237191451,0,1
-0.00521945584654774,-0.00508559587143014,0,1
-0.004787578841047333,-0.005088033440402178,0,1
-0.004296119323726873,-0.005224091036612496,0,1
-0.0036166296295612748,-0.00561930561885528,0,1
-0.005163096425425675,-0.004939166143221402,0,1
-0.005444816481515209,-0.005539012417612068,0,1
-0.005383353769156161,-0.006207445120322847,0,1
-0.0071749279909460425,-0.008109294580005541,0,1
-0.008150208099171332,-0.006916004910264202,0,1
-0.005127145534579577,-0.0050996961176671225,0,1
-0.004810968452548186,-0.00670774800272865,0,1
-0.005114109182826324,-0.004255683756739719,0,1
-0.004816309406171149,-0.005864357634117468,0,1
-0.00462728501347215,-0.006989358980134169,0,1
-0.002495145977463864,-0.004395712233827835,0,1
-0.005923057926190844,-0.003083426362840485,0,1
-0.0012529386494262351,-0.0050212216644845075,0,1
-0.004523490831964768,-0.006152111647255148,0,1
-0.0018014913141974395,-0.00549876584331592,0,1
-0.003568975914695916,-0.007678559007701702,0,1
-0.0025194886632370493,-0.002354299630700514,0,1
-0.003481337053215183,-0.005115062419776733,0,1
-0.0023598476604748913,-0.00511295783353321,0,1
-0.002134654193019675,-0.00979877969154726,0,1
-9.539391734462492E-4,-0.007767607509069872,0,1
-0.004271937139242814,-0.004838197317471429,0,1
-0.0037140780073982465,-0.00630525053448976,0,1
-0.0030340932691454363,-0.006334843019074309,0,1
-0.0022434574652524016,-0.007458351800031422,0,1
-9.283850922269263E-4,-0.006393647465422578,0,1
-0.003166625927759966,-0.00570499667506676,0,1
-0.0025570850454686832,-0.005059657683870173,0,1
-0.0031913429803368336,-0.007970356362525412,0,1
-0.002332948611302367,-0.007868999809175773,0,1
-0.003981501086599106,-0.005154062972441612,0,1
-0.0023227566348863354,-0.0056390017933606006,0,1
-0.0021400751557578536,-0.00519477359944343,0,1
-0.001378622754179813,-0.00796078258949283,0,1
-0.0037153068029656716,-0.00523148677133044,0,1
-0.003669670258699044,-0.004806352237216403,0,1
-0.003042748014924246,-0.005838557901834859,0,1
-0.004477703305388339,-0.00664766819279167,0,1
-0.004648282570708944,-0.005902274609871897,0,1
-0.0035233786436066387,-0.006421546749250273,0,1
-0.0028720229484113812,-0.006542817852045053,0,1
-0.003535393095800737,-0.005963209151338949,0,1
-0.0024471131986412023,-0.005779166133172278,0,1
-0.004320112766181313,-0.004612616980650992,0,1
-0.0036733250615517787,-0.005211934566356403,0,1
-0.002304468639343373,-0.0068409792012834375,0,1
-0.002180829043780468,-0.006547308908667059,0,1
-0.002625156568507908,-0.0054698480618601275,0,1
-0.0032809762102000285,-0.00673049615225087,0,1
-0.0034020364483758818,-0.006730567618720682,0,1
-0.002750678356801586,-0.00603192298384084,0,1
-0.0035051142112644327,-0.005373504445757135,0,1
-0.004804709618126848,-0.0024957041499013583,0,1
-0.0035085635539760045,-0.0031944224350836025,0,1
-0.0030365026672698626,-0.005619403731047705,0,1
-0.004556764581033595,-0.006259443636937085,0,1
-0.003973177130626951,-0.0028405264865397854,0,1
-0.0029039756826373304,-0.005041284297883239,0,1
-0.004963419130985818,-0.005594140174032281,0,1
-0.0038071458087476527,-0.005461174191357933,0,1
-0.004603592489700558,-0.005421792920690321,0,1
-0.005338806080868117,-0.00408414979526379,0,1
-0.002832608339161994,-0.004508265372014124,0,1
-0.004752630267224075,-0.0052727219755192775,0,1
-0.0050032550137027185,-0.004856689575708046,0,1
-0.005037633755418781,-0.004770548486451539,0,1
-0.002922537986883768,-0.004828317115145849,0,1
-0.003299120269861463,-0.0044303441961937124,0,1
-0.004167997173073163,-0.0053146900493772995,0,1
-0.0051935164386759875,-0.004546863059532836,0,1
-0.0021758518219070636,-0.004258619274785379,0,1
-0.003093976647005624,-0.005186055748342978,0,1
-0.002839177077645199,-0.005218078002470674,0,1
-0.004496835177740892,-0.00641633432301782,0,1
-0.005164702346862051,-0.0036691960609035405,0,1
-0.004259908606833172,-0.003959546960028047,0,1
-0.004603572139434256,-0.004654575661542009,0,1
-0.003533080738890884,-0.0039182392040471884,0,1
-0.004630760852817968,-0.0037793523004032705,0,1
-0.003995726403904074,-0.004351646009474141,0,1
-0.004872208270477473,-0.00382244295436432,0,1
-0.004758117628181113,-0.0014957290307539089,0,1
-0.004839940377223926,-0.004108150300813861,0,1
-0.0038613408975289353,-0.003832255912881495,0,1
-0.005724224890883106,-0.003985241762265748,0,1
0.0016256937784623596,-0.015597410319626515,0,1
0.002267938369609637,-0.014293215358489158,0,1
-6.488839739558219E-4,-0.016655467529986735,0,1
0.0016189965173003288,-0.014587913221228805,0,1
0.0016014707490346833,-0.013513340440852123,0,1
-8.090468292497694E-5,-0.011979570431186935,0,1
8.120168427658138E-4,-0.012270531453392991,0,1
0.0010437393289350722,-0.011276870601329909,0,1
0.0014379215110748443,-0.01523332163908182,0,1
0.0012033823130148211,-0.013622844521580533,0,1
0.0028268212126703845,-0.015959770657802602,0,1
4.3376819593854557E-4,-0.013151881151587417,0,1
0.0018438913720998716,-0.01413955751922662,0,1
9.959491017651804E-4,-0.011871052234634158,0,1
0.0024572220258137272,-0.01511754387099676,0,1
0.0020910084293906525,-0.01373234025724627,0,1
0.0029647755027431724,-0.012178091304981658,0,1
0.0015768791477289014,-0.013499227508699058,0,1
0.0014891375899233818,-0.013041142667676536,0,1
0.0024281970871649376,-0.012270434793722253,0,1
0.003632988716917816,-0.015265554943429826,0,1
6.072080242894911E-4,-0.013859554225567275,0,1
0.00224223860224033,-0.013338349835566999,0,1
0.002167692333242484,-0.013154465793017956,0,1
0.00343160796523494,-0.01588503176573213,0,1
0.0019182233791633307,-0.011494236176189828,0,1
0.0026911802719174938,-0.015787460353410842,0,1
0.0025978326231378274,-0.013045401009728895,0,1
0.004457155554405306,-0.01544329158680265,0,1
0.0024246510786549635,-0.01274329026080525,0,1
0.001890902376761875,-0.011995455115857943,0,1
0.002484556435191903,-0.014441527814098402,0,1
8.229828267496446E-4,-0.01276538393259168,0,1
0.0023965403561501068,-0.01367510224010588,0,1
0.0018856353133015142,-0.013233393697466284,0,1
7.357541681527883E-4,-0.016063990718757627,0,1
5.115904783453358E-4,-0.011301228356666535,0,1
0.0038446412911121576,-0.014867481574671198,0,1
0.0022869814699835985,-0.013545101782853793,0,1
0.00244001577090754,-0.012533994005444799,0,1
0.0032981542563180213,-0.015437509647493719,0,1
9.94962263368115E-4,-0.015612857482782594,0,1
0.00237645935944465,-0.013485019331440955,0,1
0.002808815506997858,-0.013182279259308535,0,1
0.004583151371248271,-0.011577924965765301,0,1
0.0026913533526590557,-0.012455985391103763,0,1
0.0027164725618691924,-0.013382232934621192,0,1
0.0012931162188585291,-0.012336086840837606,0,1
0.002932583624882963,-0.014439389580482928,0,1
0.002074554993128575,-0.013023231400286571,0,1
0.002885878009226728,-0.014633707893867885,0,1
0.0030559487284338898,-0.013886931968636622,0,1
0.00480543009509204,-0.015858348388702048,0,1
0.003623403188910964,-0.013282643783166004,0,1
0.0018069003160745428,-0.014487691747734758,0,1
0.0034715614453242143,-0.014549990170613099,0,1
0.0028897218670050386,-0.012411572160772263,0,1
0.005308202963250363,-0.012394316472599747,0,1
0.004746123797717674,-0.0138068657085899,0,1
0.0071672624079311105,-0.013030420530649787,0,1
0.005767902655391822,-0.014299683353576667,0,1
0.005914349255318133,-0.01210010591260902,0,1
0.005278309474608821,-0.015510387567602733,0,1
0.004898002784918044,-0.013948652910162214,0,1
0.004724521588472179,-0.014303764252711125,0,1
0.00654765346003271,-0.013281413201194166,0,1
0.00638056372573976,-0.013788154048792398,0,1
0.005778641010278659,-0.01333002851745313,0,1
0.005577364716963746,-0.013292037514663535,0,1
0.004873137397140052,-0.01330406860884832,0,1
0.007227960809385247,-0.013149053924506385,0,1
0.005584779673256266,-0.013236476087214455,0,1
0.006863368409934234,-0.013335476489716851,0,1
0.004320654503637122,-0.012002632867628888,0,1
0.004248808165323959,-0.011646879369755616,0,1
0.004781795972464794,-0.012887508942304437,0,1
0.0075315982611383735,-0.013378603535007465,0,1
0.006283725360353862,-0.012475235553496134,0,1
0.005790129551768415,-0.01216338780058719,0,1
0.00494584890053562,-0.01321256086003834,0,1
0.005059935276298122,-0.011770643046927886,0,1
0.0059364403796954394,-0.012562493713866687,0,1
0.005620265092078632,-0.012408867088961467,0,1
0.004620155987987381,-0.01408382357667826,0,1
0.004230245399588305,-0.013802531914910824,0,1
0.006337368283483398,-0.012353067231991293,0,1
0.004845244066169968,-0.012128816612876086,0,1
0.004933061579340652,-0.013010650340821182,0,1
0.0035724715765754504,-0.013825938079619194,0,1
0.0067534823682313585,-0.011740312145117204,0,1
0.005848388087176633,-0.01245803348760172,0,1
0.005950968935894164,-0.012658541500751963,0,1
0.0049389475203285346,-0.012155204563304024,0,1
0.007334668407214186,-0.012123050428912761,0,1
0.0055339249329194465,-0.011604906027109637,0,1
0.004472697717479397,-0.012321636523074053,0,1
0.0059240178900605124,-0.011690180365436524,0,1
0.006215418968092974,-0.012800146886344482,0,1
0.0048746662535968325,-0.012409694689930601,0,1
0.006837470532136989,-0.010557395810637596,0,1
0.005780491718929047,-0.010972224723586556,0,1
0.005524207873631079,-0.010724907763918662,0,1
0.0054191989550332765,-0.011391961477412454,0,1
0.005146845516106812,-0.011767934907780993,0,1
0.005508045405092007,-0.011417081383635435,0,1
0.00551501813347649,-0.010695158485413855,0,1
0.0053999857477744105,-0.012197406607355389,0,1
0.005521751181620333,-0.009565663635800638,0,1
0.00160426216489989,-0.011182964012781888,0,1
0.004214386991074982,-0.014273489579572274,0,1
0.004155686778270377,-0.012522907836230307,0,1
0.003606522650699416,-0.012227797022516737,0,1
0.002504453913546924,-0.01209391383815892,0,1
0.0015090029207984732,-0.011374798931261565,0,1
0.0018046411355479468,-0.012178245676698127,0,1
6.397357125542284E-4,-0.013061769830065337,0,1
5.527369815084135E-4,-0.010499201343297801,0,1
0.003463415857454034,-0.012410693771323329,0,1
0.0038616076895873924,-0.013655167070706183,0,1
0.0031817549786139197,-0.012896649056903966,0,1
0.0035926181015959293,-0.012507750524539046,0,1
0.0029376940121140544,-0.012733027514914884,0,1
0.0024441234938410686,-0.012839399453029586,0,1
0.002309262675539041,-0.012457530049766217,0,1
0.004184162832569573,-0.01147111233685161,0,1
0.0029148668618719726,-0.013583672056668765,0,1
0.005057229936754842,-0.013107295883117391,0,1
0.004090904235146123,-0.012438403521736354,0,1
0.002794632044404924,-0.012456017782599013,0,1
0.0029336763905089824,-0.012015975953270744,0,1
0.004055431313689752,-0.011493590562495349,0,1
0.0014914219899390267,-0.011230166069965523,0,1
0.005446471190466265,-0.012826078900266187,0,1
0.004644501528285351,-0.011658788108337583,0,1
0.004229053443403345,-0.012386196895939347,0,1
0.002132877436201704,-0.010916613101473543,0,1
0.0027112731978519602,-0.011455506294172671,0,1
0.001900098272487139,-0.012765251875166713,0,1
0.0015871898969714714,-0.011122894735983163,0,1
0.004611732669185197,-0.012908146123635215,0,1
0.003437680677301964,-0.012591862982626824,0,1
0.002124464470962907,-0.01349577919598659,0,1
0.0033143483839375414,-0.011150451053155479,0,1
0.0032070558413981594,-0.01161176901322366,0,1
0.0019627257183920683,-0.012063472679900008,0,1
0.0042345159896442,-0.012563901768272186,0,1
0.003748126822715817,-0.012480864189170012,0,1
9.255628565444509E-4,-0.010558707148210384,0,1
0.00389832561367805,-0.01228274335009656,0,1
0.002992004655379512,-0.011791215005398765,0,1
0.003010187633104534,-0.011954027340650163,0,1
0.004195089458003494,-0.011669437394078877,0,1
0.004240471049320896,-0.012738887721462169,0,1
0.004801191594747791,-0.012457493684983702,0,1
0.003894896173148985,-0.012882154370655909,0,1
0.002515850514123297,-0.011955101605563309,0,1
0.00497681485662528,-0.01212184647977187,0,1
0.0035112973620108085,-0.011905134527200401,0,1
0.0018348279845301855,-0.012354012874344783,0,1
0.0019639908875139925,-0.010081671973395274,0,1
0.0024727162864647853,-0.011191028321442004,0,1
0.0037767546489708035,-0.011054561058668175,0,1
0.0020325743284483042,-0.012439979790350783,0,1
0.005276739657216902,-0.010055019453483287,0,1
0.003121795005781295,-0.010904234181536286,0,1
0.004471812044017883,-0.009397588831128947,0,1
0.004109937644958615,-0.01144922897777091,0,1
0.0023137033694245485,-0.010399720125402762,0,1
0.002559921956597865,-0.010492707397206952,0,1
0.003911461682459008,-0.012033245512053042,0,1
0.005805385936992895,-0.012311966197754525,0,1
0.00297991493655296,-0.011652327420338547,0,1
0.001951577600119344,-0.009640662007936358,0,1
0.0037410918770570834,-0.012384650924432255,0,1
0.005036784342956027,-0.010301523050080561,0,1
0.00384497250435459,-0.011672102557106476,0,1
0.004496410712225966,-0.012822375135981433,0,1
0.004949178911250374,-0.012204473377122818,0,1
0.003293415589313605,-0.011216404341508569,0,1
0.003739348451033912,-0.011570788018166637,0,1
0.003925856739017728,-0.010771231759262343,0,1
0.005896966692396977,-0.007519576590547641,0,1
0.005230686505171398,-0.010820184064582648,0,1
0.004063097566204982,-0.014026387915564306,0,1
0.006908752053586401,-0.013285947316145486,0,1
0.006500681414943583,-0.010627889632087002,0,1
0.006795755205451856,-0.014725666734415659,0,1
0.007476182262283189,-0.016730046643006157,0,1
0.0048519968859588435,-0.017142260144818552,0,1
0.003924212152650627,-0.015455573949596013,0,1
0.007010594935930223,-0.013655673653216174,0,1
0.005431295621606421,-0.014374348390361679,0,1
0.006645841959245142,-0.01479290232522137,0,1
0.00479214947478303,-0.016480788805350532,0,1
0.007381269500314928,-0.013873023668914545,0,1
0.0065545407848262675,-0.016525006753908267,0,1
0.0070385325277114,-0.013336085832295848,0,1
0.006768987387591808,-0.01428028191330121,0,1
0.006323532003500913,-0.016009667484853676,0,1
0.006393524096988607,-0.015158680099051674,0,1
0.0051881515370668565,-0.016208083200328228,0,1
0.005215729103253611,-0.014280244737464441,0,1
0.0056079410020738,-0.0142773314808323,0,1
0.007433042988883598,-0.016351102544358224,0,1
0.007522875780285695,-0.016317196866165902,0,1
0.004835894962788235,-0.012726677796888271,0,1
0.00473540238841519,-0.015373213244473103,0,1
0.005866167678578922,-0.013894535168008626,0,1
0.003890192664393203,-0.01715030871592639,0,1
0.005927921224088329,-0.01404171106220638,0,1
0.005673087266762171,-0.014382776741484865,0,1
0.00571040666691743,-0.016497493564593315,0,1
0.005853785834751149,-0.015379210716625735,0,1
0.0058567468634880245,-0.01387447907765437,0,1
0.006233786840239926,-0.014168958956046633,0,1
0.0053285449234301225,-0.014866581576563398,0,1
0.005379879297909879,-0.014273293700913816,0,1
0.005592167522068288,-0.014792835374353257,0,1
0.005536537749077495,-0.014479094575962316,0,1
0.00537335499635875,-0.013961462523899312,0,1
0.005315134408125633,-0.01519944802323318,0,1
0.005156842080641846,-0.014137087567639336,0,1
0.0043406246080488,-0.015222053126786058,0,1
0.00424444865679493,-0.015241745393168336,0,1
0.0029040147068594745,-0.015139374357456421,0,1
0.0054852161959853705,-0.011666426812969331,0,1
9.060906761632618E-4,-0.015023093691006356,0,1
0.0015629213720109597,-0.014797144949165168,0,1
0.002712988770499595,-0.014808870741252726,0,1
0.002704916295242449,-0.015134986586692887,0,1
0.0031724140440376938,-0.014940421546893753,0,1
0.0034246353404580104,-0.013602341662047478,0,1
0.004565904084656433,-0.0133352325807576,0,1
7.051808280173125E-4,-0.015591396778202465,0,1
0.0021890748804798614,-0.014943852678452638,0,1
0.001274237214600564,-0.01450747435363996,0,1
0.003400998869179567,-0.015411733403462786,0,1
0.0024183850077298787,-0.015248943673340868,0,1
0.003738098721257781,-0.014301199274478123,0,1
0.0021442461852617177,-0.016498256162755173,0,1
0.004802020501953949,-0.015901830047477573,0,1
0.0016217183736130802,-0.013984631096317568,0,1
0.0033916199976870695,-0.01563642089265859,0,1
0.003455772500509031,-0.014988741795701704,0,1
0.004520172396242607,-0.014142305551626785,0,1
0.0016416732300812207,-0.015303013421464525,0,1
0.002975417965604336,-0.015205267292950169,0,1
0.0024544775399903077,-0.014351598031158323,0,1
0.003375710751929022,-0.015035538225352776,0,1
0.003756111406093289,-0.015058851887190007,0,1
0.0013768282967628527,-0.015761950246553254,0,1
0.002321668684925163,-0.015783727217582515,0,1
0.004610844276458625,-0.01917095492295594,0,1
0.003660369164600043,-0.015434836203881525,0,1
0.003918835552770856,-0.015470599646391013,0,1
0.0017987066838578052,-0.017954943160016133,0,1
0.0017185003239362105,-0.01523682467347482,0,1
0.003599168985819817,-0.018095049879757533,0,1
0.005604099188966767,-0.01816195985773398,0,1
0.0031382608799319024,-0.015875481598788477,0,1
0.003494814182614574,-0.016048881546877437,0,1
0.0016698878860909832,-0.015252339954733166,0,1
0.006277829516022695,-0.015311811879218963,0,1
0.0026497973327044887,-0.016446676371247172,0,1
0.0011914303716685963,-0.013978059979193533,0,1
0.0028082135593910876,-0.01670252210467833,0,1
0.002356948217914784,-0.01531560972179754,0,1
0.001940484600978327,-0.015050059759244892,0,1
0.003933248149230417,-0.01743447296536691,0,1
0.0032356467231656008,-0.013566849931869017,0,1
0.0037379290736000103,-0.01678612731920334,0,1
0.003362260784371653,-0.015091870348445861,0,1
0.004062502790374399,-0.013353755156998137,0,1
0.0034729201712190762,-0.018673074787093586,0,1
0.002987506410349136,-0.01716951896172884,0,1
0.01353945436535463,-0.004357188353631725,0,1
0.01502492456037283,-0.005458049023475989,0,1
0.013858099841514277,-0.005166751134676541,0,1
0.01595040275147072,-0.0043370916941941895,0,1
0.015804321261957875,-0.00616720786597081,0,1
0.014963790034686963,-0.0070055895407881005,0,1
0.012408851519402986,-0.005890404169940695,0,1
0.013754829762774198,-0.005566382906404226,0,1
0.014514749939362704,-0.004852368834832563,0,1
0.013577050360576543,-0.006498330510060495,0,1
0.016513430300608138,-0.007388925318827157,0,1
0.013971016084384957,-0.004992534774015567,0,1
0.01465327330686191,-0.0050884246600439165,0,1
0.015160862066343454,-0.007361801070635002,0,1
0.016673149162687844,-0.007023619422712277,0,1
0.015827672794856928,-0.0065167990739594525,0,1
0.013677645678027903,-0.007544743040487841,0,1
0.017080296799471376,-0.007171513384566861,0,1
0.018344558404623422,-0.004656741885579798,0,1
0.01213158770595861,-0.004592405136955867,0,1
0.014675596804625358,-0.005960022640430958,0,1
0.014688778712792358,-0.005917753147128333,0,1
0.015512251753096382,-0.005112968545557641,0,1
0.01607269280252914,-0.003492093573725103,0,1
0.01535997590134277,-0.006435536833607633,0,1
0.014309658293496641,-0.005702939903494484,0,1
0.014850917047700847,-0.006382947243053665,0,1
0.016192378901831075,-0.008330449520645477,0,1
0.014143095104626979,-0.005856570462621819,0,1
0.013752319525312568,-0.0057296283236192656,0,1
0.01605819379559287,-0.004508357943535313,0,1
0.014508102659480963,-0.006308056243425271,0,1
0.014578744974368623,-0.0067355697266388995,0,1
0.01397964230235552,-0.0068318767614418555,0,1
0.014309225036875862,-0.006444870240026236,0,1
0.01446758064666905,-0.006096648271428895,0,1
0.013837499583350307,-0.006966753659820976,0,1
0.014071871227057449,-0.00732867698666842,0,1
0.01146335459628259,-0.008539687973955485,0,1
0.014272354536810982,-0.007369831446683521,0,1
0.01370545048080063,-0.008170539510212172,0,1
0.012661415786885228,-0.004805919813559651,0,1
0.01409280961255453,-0.004963610376876536,0,1
0.013578750953596636,-0.006656029939475522,0,1
0.014301497502989364,-0.0033714635678008522,0,1
0.01483477154168997,-0.0019028301037544006,0,1
0.015257573985120742,-0.0015692363420962453,0,1
0.017431046718005182,-0.004379137670490917,0,1
0.014945313160099838,-0.0034959740199421536,0,1
0.014358377208514014,-0.0018567511440835205,0,1
0.0149176986290616,-0.0020383130950305116,0,1
0.016564039217821114,-0.0013692941793561316,0,1
0.01662095724694042,-0.0047090163264070315,0,1
0.01596190068493662,-0.0027595455857747377,0,1
0.0160134877632446,-0.002514277741272224,0,1
0.014900857300843881,-0.004345393526824021,0,1
0.014671577853253834,-0.001992641411577525,0,1
0.01426760395902192,-0.0032553963304795043,0,1
0.015999053723573735,-0.0034038577563187894,0,1
0.015305320300898366,-0.00270784268451352,0,1
0.01592438584003383,-0.00258625181747727,0,1
0.0160576464563262,-0.0036649885913539334,0,1
0.015784742235086018,-0.0032412934765762734,0,1
0.016163837629034943,-0.003491408444646613,0,1
0.019063916765238366,-0.0029872638697717156,0,1
0.015800434149207072,-0.0034829005192931334,0,1
0.015796886750882772,-0.004483707283516069,0,1
0.015791516088981872,-0.001521823095004582,0,1
0.01582722834895432,-0.003834773902131746,0,1
0.01647537203890245,-0.0033309790211443623,0,1
0.017099199957692376,-0.003590696162045883,0,1
0.01551056163119237,-0.0035445656500629878,0,1
0.017175919224942986,-0.0031812331138371427,0,1
0.016614668518145748,-0.0026441228393911755,0,1
0.013712756807723716,-0.004992149925326032,0,1
0.016777950072679133,-0.00314793875583476,0,1
0.016418991098328187,-0.0036368338009944764,0,1
0.017239848605184318,-0.004033591075773649,0,1
0.017785369070529,-0.003331336198508485,0,1
0.018243520001814978,-0.004036879474170734,0,1
0.012445419800790256,-0.007175221729098184,0,1
0.014813164239920016,-0.00746466888482575,0,1
0.013452453204464733,-0.008351320899601092,0,1
0.01492492374493615,-0.007718027611347884,0,1
0.012561454363930573,-0.008574282357750268,0,1
0.014308533482662138,-0.009539475157195207,0,1
0.017596242430352956,-0.008351474389811764,0,1
0.01239372575201596,-0.006859893970560625,0,1
0.012259791741856825,-0.0042270419136053155,0,1
0.014219317009469377,-0.007874546575566804,0,1
0.016605437937927497,-0.009130490369684165,0,1
0.01406937246372491,-0.009328015734173157,0,1
0.014940839713388016,-0.008836224135136664,0,1
0.01182091596812771,-0.008097228663590833,0,1
0.012773128698558891,-0.008440710855464561,0,1
0.013401819115347635,-0.00866293225120915,0,1
0.013909285595670047,-0.008936516214647777,0,1
0.01591503550102807,-0.00858676596300787,0,1
0.014436327505619058,-0.009537437879210962,0,1
0.012954214180954734,-0.007519803491003728,0,1
0.013471615862482784,-0.008144998218785844,0,1
0.014398406866482784,-0.010312887426359366,0,1
0.013609717778265605,-0.009146277733458547,0,1
0.015601380734925735,-0.0071314610070478835,0,1
0.01217089794648293,-0.006444146773105951,0,1
0.014022918415021212,-0.008547951166660897,0,1
0.013613102211686792,-0.008225687393767379,0,1
0.013904797613848703,-0.009367498706687861,0,1
0.015823217354625076,-0.012465781822381143,0,1
0.013736989347692583,-0.0056055364976621246,0,1
0.012410014096772897,-0.008538381652862104,0,1
0.013810066841043233,-0.009008886998739914,0,1
0.013936766179430168,-0.009240040078988807,0,1
0.013745554919587422,-0.006907541593874405,0,1
0.014894101211058983,-0.005009004020800223,0,1
0.01158225972406154,-0.008259027372989721,0,1
0.016181362991117453,-0.007420160282088758,0,1
0.013851068667416961,-0.008413888444007988,0,1
0.012599654230999574,-0.008685153404522224,0,1
0.013398754548744366,-0.009366230958170494,0,1
0.012273149595644642,-0.008176166139463958,0,1
0.011162697638637477,-0.00839061277297428,0,1
0.012880898679567038,-0.009493294964967782,0,1
0.012165482905403027,-0.00933064709743245,0,1
0.011159900703480424,-0.009601515791156146,0,1
0.012564470044214663,-0.009316480372095245,0,1
0.011775835962641472,-0.007510589589687938,0,1
0.011452563687661866,-0.010633163991805325,0,1
0.011999032990266997,-0.008542250550795598,0,1
0.011725204468171456,-0.008333532763992778,0,1
0.011852342204783305,-0.008833174854264441,0,1
0.011986845612824277,-0.010148011535580863,0,1
0.011331286574415556,-0.008310508898186205,0,1
0.011185836943036003,-0.008436001908499365,0,1
0.009219802405984233,-0.008647724638394937,0,1
0.011014579817233316,-0.010889856055900836,0,1
0.011859470426844237,-0.011172548115698936,0,1
0.011651630513978647,-0.011502904989469176,0,1
0.01099842079110917,-0.011166473287436536,0,1
0.011326235914335233,-0.013220628063325102,0,1
0.012535903190345482,-0.012025502331027924,0,1
0.0118795724878826,-0.008992813180750795,0,1
0.0137542929462595,-0.00945094336633437,0,1
0.013106661464523934,-0.01130144072816968,0,1
0.008710425171651237,-0.011781385408652261,0,1
0.012012909259924928,-0.011820659180283766,0,1
0.012193383536573179,-0.011117890074069933,0,1
0.009700299312771138,-0.009942920532317523,0,1
0.01121085470104171,-0.00798768096833556,0,1
0.011241617252201979,-0.010569689981950415,0,1
0.011072065060085297,-0.011391084210947713,0,1
0.011886413979628111,-0.011148378396392995,0,1
0.011560093860293134,-0.012590877338477172,0,1
0.01011931641436869,-0.010409123225589356,0,1
0.011365750979503045,-0.01004653459565667,0,1
0.014673501094154964,-0.00837299288077739,0,1
0.009784629048481765,-0.01274398863625387,0,1
0.012282064925302387,-0.01222738645761184,0,1
0.01036294046086686,-0.010161989832167522,0,1
0.010792839470478313,-0.009863595583845594,0,1
0.0110105809090716,-0.010683681170250018,0,1
0.012634955948107844,-0.011352334590972795,0,1
0.010639812792377426,-0.011483808496432784,0,1
0.012184750207918694,-0.012492760887302029,0,1
0.014498701796118988,-0.009477858536859427,0,1
0.010052682107534282,-0.009777121780401158,0,1
0.011819707146265778,-0.012274063239196019,0,1
0.010305460617178122,-0.012047758444381352,0,1
0.011367011929695428,-0.0072129020667269774,0,1
0.01075724324158917,-0.011520601964333072,0,1
0.01038201587461748,-0.011762522786523753,0,1
0.012122153657204322,-0.011235726172926376,0,1
0.009638655206725568,-0.011125062880060627,0,1
0.010388473765530192,-0.009848686249982171,0,1
0.010841439116500868,-0.011488657919945095,0,1
0.013415385901833284,-0.009667831528906467,0,1
0.011182292118673175,-0.010712524194540128,0,1
0.010116469699509488,-0.011140803657710543,0,1
0.010126251868660334,-0.012131701511065757,0,1
0.010454124889284275,-0.011811444089803646,0,1
0.011602217202353958,-0.008244776077719526,0,1
0.009989463916827424,-0.011736239237945707,0,1
0.00922897121844702,-0.010981974205754879,0,1
0.010854835079734238,-0.010028200236969808,0,1
0.010382138344930274,-0.01002219739127795,0,1
0.011426419954260173,-0.011552112526118706,0,1
0.007701846227333592,-0.00895985560545306,0,1
0.009426611097269917,-0.01364997913698806,0,1
0.007695739761174465,-0.011410864691467605,0,1
0.009757534198207915,-0.012118890055693157,0,1
0.00820667665370825,0.002523600865282191,0,1
0.008698557388305994,0.0022923775828529195,0,1
0.009086435269684747,0.002915727714611821,0,1
0.009343601217535958,0.002680828572489427,0,1
0.008610598999861389,0.0032874570192353548,0,1
0.010337288923989567,0.0035962872855732084,0,1
0.012469297955986818,0.006220905235125814,0,1
0.012026154355841801,0.003590823643052472,0,1
0.01106329018193793,0.005100400973077775,0,1
0.007922566020553473,0.0022741937328215017,0,1
0.008691566835736103,0.0018880888965301002,0,1
0.00963555367750879,0.004197000176336354,0,1
0.008805601385751816,0.0031854080507716085,0,1
0.009142387274140032,0.006709130539568081,0,1
0.009777084885044229,0.00568367678038698,0,1
0.009550984990392966,0.0047210926254400215,0,1
0.009520541919818434,3.3042027185235996E-4,0,1
0.008763992166019694,6.890354014744448E-4,0,1
0.008751167033743986,0.001598016046634297,0,1
0.00888308448731397,0.002573394581648589,0,1
0.009432032382685075,8.587383873011064E-4,0,1
0.00812366420374459,0.004633476225308215,0,1
0.010981170008944788,0.005913386363989661,0,1
0.008979821153363349,0.0018615409765516781,0,1
0.011804212885984319,0.0024410268525814544,0,1
0.010160499528269267,0.002411753705833547,0,1
0.010178293727106784,0.003415914621581868,0,1
0.009530078517306789,0.0038441772252826444,0,1
0.01031623381136435,0.0032333461780771028,0,1
0.011473333803622743,0.003055112448721807,0,1
0.009196488959078642,0.001663989500370634,0,1
0.010648799468379213,0.002221020902510385,0,1
0.009729948935613275,0.0030097166719546373,0,1
0.009816287219691014,0.004470272196899271,0,1
0.010277277686781374,0.003656668205811002,0,1
0.010123117389687129,0.004053777602268936,0,1
0.009848428048724739,0.002459615803924576,0,1
0.009161530411736367,0.0033067243480948342,0,1
0.008931280626957673,0.001715920383219728,0,1
0.010250382164987295,0.002985937837956519,0,1
0.010481614553680893,0.004466739328101481,0,1
0.010350842630675212,0.0037150480335722464,0,1
0.008572154842415074,7.783346892847829E-4,0,1
0.00920234500041836,0.0028197712571349626,0,1
0.010361455081497975,0.0037180862790221784,0,1
0.010352940566150751,0.001777962858262505,0,1
0.0082397328893215,0.005159117007585152,0,1
0.00976370550718001,0.0017224395591093733,0,1
0.010807180911580736,0.001392783108135429,0,1
0.010077536406904787,0.0025742883491391495,0,1
0.01177396896820505,0.003016654535000332,0,1
0.009537135331758201,0.003274071624673053,0,1
0.009865746538530874,-4.7600396909837367E-4,0,1
0.00935530938379407,0.0023127379409362296,0,1
0.011352286535893983,0.0015289389842281832,0,1
0.012374760362292334,5.790673905755012E-5,0,1
0.009908095434530325,0.001701140056330898,0,1
0.010198556042717839,0.002718697774629028,0,1
0.011309498001791086,0.002801535052082824,0,1
0.011515182599033903,0.0027360759919779227,0,1
0.01057187559569193,0.0011693127387274224,0,1
0.010479461729657778,0.0010499484725164647,0,1
0.010693862491947453,0.002434179164492448,0,1
0.011649900532597896,0.002438400582018512,0,1
0.010230659153417518,0.003062152849359021,0,1
0.009963602058548396,0.0018512451276985356,0,1
0.009532961325814973,0.0034849865239188213,0,1
0.010150863821658924,0.0030729903291508713,0,1
0.01100968113598885,0.0019135480246956498,0,1
0.011829082330171369,7.490223486046919E-4,0,1
0.01082647879525389,0.002413310839571918,0,1
0.011255146101696919,0.0010109917124363262,0,1
0.013141868287768442,8.740437323610244E-4,0,1
0.011735519015843163,8.093037321812037E-4,0,1
0.007787519531144016,-0.0011702182245897615,0,1
0.009173633743618726,-0.0012909679114973317,0,1
0.009428621946356054,6.187618615503073E-4,0,1
0.008383246688720345,0.001552581064225431,0,1
0.006927781512511849,0.0012471009611097208,0,1
0.008675660532479292,3.331771564576432E-4,0,1
0.0071531549874453,0.0010013610234413215,0,1
0.008765199625547775,0.0021099770126495245,0,1
0.008725361806018263,-0.00242680358324506,0,1
0.008694124730114034,0.0021637968007961264,0,1
0.008947909851003905,1.268012803122394E-4,0,1
0.00972157494199133,0.0013816097850978752,0,1
0.007275913768389564,0.0013347518394221467,0,1
0.008364402950291464,0.001025141972784286,0,1
0.008355222275953282,-0.0022218192256938485,0,1
0.008652262308137943,-6.075875625779326E-4,0,1
0.009050446127862405,-8.033459525977853E-6,0,1
0.008042912787657595,0.0029795073430612796,0,1
0.010799787032092553,-4.020275205048686E-4,0,1
0.008878992097583825,0.0016300089918500412,0,1
0.009354088109941122,-7.717027683172345E-4,0,1
0.008534331549364267,4.26920666943108E-4,0,1
0.010431795904689718,-6.909064178661683E-4,0,1
0.009478392726912636,-6.023673522774967E-4,0,1
0.007807393496966929,3.7381500096282736E-4,0,1
0.009168002151888191,0.001186688242054156,0,1
0.010167371284133645,-0.001818740379589268,0,1
0.010808599844611855,0.0017998910599946278,0,1
0.009206546768493331,-3.5259485436417133E-5,0,1
0.01053000445638652,7.216382988853331E-4,0,1
0.009365481962054334,0.0014428374350471725,0,1
0.009912549996112834,0.002687900879779697,0,1
0.00948079030247713,-5.1743135688627325E-6,0,1
0.010361621764491626,7.170959452940396E-4,0,1
0.01021790282982001,-4.718477790544037E-6,0,1
0.00967360981405948,0.0028493106186558647,0,1
0.010180162474846228,-4.0067530172926556E-4,0,1
0.010127522260022342,0.0010441982048111777,0,1
0.009481341390212799,0.0015833215198345738,0,1
0.00945724921555902,0.0012818589352173978,0,1
0.010336626624864086,7.415280276142628E-6,0,1
0.009120361101720521,0.001045740102005756,0,1
0.01212773118738032,0.0027863397772130423,0,1
0.010356709472469463,0.0014500422720065366,0,1
0.012692421791123547,0.0019146870625713337,0,1
0.010769125512040555,-5.021579326549624E-4,0,1
0.009779495069269015,-0.001374741326851771,0,1
0.010082141263274594,0.002304537379975141,0,1
0.010650294108722152,5.152316736870944E-4,0,1
0.007931881767986268,3.1460076010230624E-4,0,1
0.010782671876961261,1.6084003704546404E-4,0,1
0.009698994181969775,0.0010784799845049103,0,1
0.010082138684319827,0.0021123751902362283,0,1
0.011533717456063101,2.9772173087959163E-4,0,1
0.01111879780722961,0.0018817399127338016,0,1
0.010760347391443504,0.002464039776481731,0,1
0.011532433916368717,0.002004421932527403,0,1
0.00914312566157712,8.561460322578825E-4,0,1
0.006006696478524279,-0.0012745615929359883,0,1
0.007911294281660559,-0.0027411564704385443,0,1
0.008057210710228867,-0.0010837235955618919,0,1
0.007141854747077071,-0.0015564655255691081,0,1
0.006310261235856282,-0.0014378077864198797,0,1
0.006764883371549559,-0.0026233020214964176,0,1
0.0056288614627283354,-0.001130423769079819,0,1
0.0060073471354863016,-0.0013250207642223598,0,1
0.011297460833683957,0.001067821110415023,0,1
0.007397735565542599,-0.0011163451378575391,0,1
0.008640520506479841,-0.0018838769959935678,0,1
0.007305175065638485,6.242300779694235E-4,0,1
0.005697221819267203,-1.9991838160204653E-4,0,1
0.006282876029691695,2.61760416108264E-4,0,1
0.00896641834808096,-0.0017576394559933343,0,1
0.005660816273924715,-0.0016534138042459722,0,1
0.007758982099473946,-8.263722129738121E-4,0,1
0.008369655542711943,4.42075394434796E-5,0,1
0.006843705718540906,-9.357897995659917E-4,0,1
0.007695150927894372,-0.0014169467141267626,0,1
0.008550464953758446,-7.935313024547398E-4,0,1
0.00749315983203281,-9.992888947920827E-4,0,1
0.006562557191030459,-0.0016453448752086865,0,1
0.007002507999804713,-9.027261657367962E-4,0,1
0.005967377722460794,2.584478323764676E-4,0,1
0.006273478956296315,-0.0010393516320567175,0,1
0.008530699884487389,-6.859127754630942E-4,0,1
0.008478150357931993,6.02783803699366E-4,0,1
0.007505716398542988,-0.0016215565141811405,0,1
0.0072653515455818225,2.833853462870755E-4,0,1
0.004832342267290334,-0.0010642743777100516,0,1
0.00907025457150182,-0.0014122495423067262,0,1
0.008260898427598572,6.833450296798282E-4,0,1
0.006224511826784248,-0.0012281735717271794,0,1
0.007915745926959683,8.902941714253646E-4,0,1
0.007951670932733503,-7.091307398679628E-4,0,1
0.008766146082822394,-5.286229127398382E-4,0,1
0.009055609526749534,-0.0014591904359806216,0,1
0.006067086227751875,9.49688459887418E-5,0,1
0.0062947602338029925,6.868852836383266E-4,0,1
0.007191364637806136,-1.0746728540231542E-4,0,1
0.007648946456711991,5.746510800355609E-4,0,1
0.007417880031154932,8.029238303551719E-4,0,1
0.006239032580173689,0.0019333817752823141,0,1
0.009202175496197448,-5.75952029184127E-4,0,1
0.007353246989704467,8.260768275046965E-4,0,1
0.007670964489638617,4.651583803918871E-4,0,1
0.00773173505560464,0.0016760581982846882,0,1
0.007726133231538744,0.0024529103146157315,0,1
0.006874254744821256,-0.0010886422625444757,0,1
0.008297611261481909,2.8793409912630184E-4,0,1
0.008540681745532307,0.003518648066807725,0,1
0.006137048446542986,0.0011782617759197843,0,1
0.009366395483306136,-0.001993348786776801,0,1
0.007337573483372038,0.0019039558084569751,0,1
0.008302705970448111,-4.975727096811238E-4,0,1
0.007350953610168656,0.0028129463099178464,0,1
0.01082888334247542,4.1966015116023036E-4,0,1
0.008010202076559232,0.003024371196039563,0,1
0.007829370438365605,0.002451146011395188,0,1
0.00693528700389612,8.265868447315559E-4,0,1
0.007048332968051499,0.0019307301903346015,0,1
0.006400387580601125,0.0010709340509825892,0,1
0.007324823034453226,-0.0022507840952269197,0,1
0.006433789221695179,-9.093494117107611E-4,0,1
0.0063767221462376,-9.29332622688193E-4,0,1
0.005403113342066572,-0.001143237705338432,0,1
0.007045381799928239,0.0020623755915019255,0,1
0.006723598998384789,0.0011308874621188676,0,1
0.007416941754641919,-2.300186975690091E-5,0,1
0.0075075076341776705,3.075036000782396E-4,0,1
0.0062501875820968,-1.9591186767862708E-4,0,1
0.006653717498203168,-0.0014974319238471713,0,1
0.005494573720537513,2.2531733197775404E-4,0,1
0.007181375501739171,0.0017903752645232168,0,1
0.007331645975083767,0.0020617727229253363,0,1
0.0068326964873340005,0.0014464105415012414,0,1
0.004948240178929653,0.0024876930490470624,0,1
0.004727644952394264,8.286309153126777E-4,0,1
0.005640364894174959,1.0187239449442252E-4,0,1
0.005769240983810356,-1.5972468795275523E-4,0,1
0.006960554374891692,0.0023267356137078895,0,1
0.006187794847474243,0.0016832910351173367,0,1
0.006130885848235483,1.8517738078410698E-4,0,1
0.005648121282942751,3.60877788996688E-4,0,1
0.006423891960225758,-0.0010557878363061737,0,1
0.005871928616225862,0.0016390977954911915,0,1
0.005428826103684452,-5.618396330348916E-4,0,1
0.005571399228958295,0.003167136870208372,0,1
0.004713713441878566,0.0020161728172999045,0,1
0.0055846383163345925,0.0011704726653511863,0,1
0.005313389678789177,0.0010139420244836615,0,1
0.005455483431620843,2.1705666808734974E-4,0,1
0.004765926869882214,4.702288291533743E-4,0,1
0.006026089964061338,8.359823299457079E-4,0,1
0.006850113856070332,0.001641603719021267,0,1
0.006220547349720552,0.0015703643467504201,0,1
0.006204727814953987,2.3129885583366382E-4,0,1
0.005747036823784578,4.8646435926810104E-4,0,1
0.00514141001884893,2.515247081497644E-4,0,1
0.006186853305474189,0.0011293789142317783,0,1
0.006108651801705646,0.0012967211845626495,0,1
0.006263103948158508,0.0010253805129449396,0,1
0.004810629632847124,0.002414344918094571,0,1
0.0051837408522446985,8.532704779815342E-4,0,1
0.006905821422394608,0.001834944862738782,0,1
0.005584371808106873,0.0016760294821142356,0,1
0.007348296896958964,-0.002650268058168747,0,1
0.006386448986958417,8.951150587355219E-4,0,1
0.006071807327064389,9.468531789035049E-4,0,1
0.006486332300190041,0.0025518365826648626,0,1
0.006339803070974098,0.001495380749939589,0,1
0.007319498129334216,-3.180093359644383E-4,0,1
0.004936897312218364,0.001087064039083663,0,1
0.005920457123400193,0.0014114409000286574,0,1
0.005939367319632675,0.0018379170516962804,0,1
0.005197912662722589,0.0011243712770099255,0,1
0.004025080153996641,0.0038138213445702254,0,1
0.008003249770955833,0.003781851837592192,0,1
0.006045905904966738,0.0030299866816093147,0,1
0.0034168736117330097,1.0383722505393137E-4,0,1
0.005004911511195453,0.0025484948303663066,0,1
0.004563591018097618,0.0025288242227632014,0,1
0.005103193202460326,0.0016576063943470388,0,1
0.006706384701189496,0.0031346382178473776,0,1
0.0048016490515355404,0.0010569628793759397,0,1
0.00325756352879,0.0018629952558172006,0,1
0.0054233219210315965,0.001616757454775287,0,1
0.004165487921875473,0.002387036369848133,0,1
0.00468549607372724,0.003692769723128972,0,1
0.004423844857988782,0.005301542852445035,0,1
0.004583195909818429,0.002645804491694979,0,1
0.00708960536126743,0.004687445632481311,0,1
0.005888053439495019,0.003168217954739031,0,1
0.009094734937322265,0.0071186123139759085,0,1
0.007134472160520171,0.006595307776937536,0,1
0.008312681855781344,0.008103225069282457,0,1
0.0069744607431554756,0.007971296385121682,0,1
0.007609511872005373,0.00827724794176663,0,1
0.009604262559323977,0.0054148587828514215,0,1
0.006016781686166971,0.005316004803893528,0,1
0.005879579714593017,0.007817897431368693,0,1
0.007721110819258914,0.006392907453821742,0,1
0.007631380659936894,0.006611054644935056,0,1
0.007176172520085506,0.006886343402117421,0,1
0.007426039350692975,0.00759335144898706,0,1
0.007497869506219446,0.007672396415155113,0,1
0.008135551372598387,0.00490961508834902,0,1
0.00663355295690362,0.006061419097515883,0,1
0.007408103842684201,0.005123887448145886,0,1
0.008013759344952884,0.006311165352079667,0,1
0.008132901082231952,0.007837295366671047,0,1
0.010544919725965496,0.009804937256530269,0,1
0.00791975058905841,0.007903822533901587,0,1
0.008414116510524915,0.005696545099137077,0,1
0.00782536953959827,0.005419369911254344,0,1
0.0068296346488553985,0.006786871044415568,0,1
0.007347078195922087,0.0065431724825413115,0,1
0.009057282253694983,0.0065383985767661365,0,1
0.008970806089255842,0.008419061724671889,0,1
0.007513567889035665,0.004180809280692761,0,1
0.00920030886974896,0.005352010260798069,0,1
0.00632407208571849,0.005105117392817197,0,1
0.008299358048555899,0.006384165790955459,0,1
0.00697286234088906,0.00636865745181977,0,1
0.008349161708758402,0.007502571639901285,0,1
0.008641229649937524,0.00787530218855834,0,1
0.00886172658368534,0.005338709200119505,0,1
0.007297583082602454,0.00490040722029347,0,1
0.008476096631009159,0.0065876619821026,0,1
0.009104872103352627,0.00848299898062309,0,1
0.009020762693608755,0.006301512187007215,0,1
0.008604264501015035,0.005085312187210722,0,1
0.00816378968153475,0.006242493901960664,0,1
0.007594281951289404,0.006173932530048374,0,1
0.00894741387789771,0.007652215599384519,0,1
0.008448362998739559,0.00545740871897936,0,1
0.008083445526478666,0.005582083153497048,0,1
0.006886740286320494,0.005978039769437994,0,1
0.01052472679681683,0.005269520629192125,0,1
0.008661471609315786,0.004962006241881293,0,1
0.00695280055655718,0.005735218959876927,0,1
0.008869425778397695,0.006002862360964667,0,1
0.009329179448204175,0.005793602304329933,0,1
0.008903396659619313,0.005794244354856276,0,1
0.010398123564289834,0.001983205393813954,0,1
0.00830831027961318,0.006612076073156539,0,1
0.009070708027969391,0.005351508183663334,0,1
0.01013226330868642,0.005848275886988066,0,1
0.009386887986168393,0.007245443758777251,0,1
0.009275940599186329,0.006720874881071704,0,1
0.010174746920470431,0.006079880649575196,0,1
0.008423122357253305,0.004290812282092232,0,1
0.008744429375480875,0.005985986158869035,0,1
0.008935179030041039,0.005299111946174378,0,1
0.010378175983566176,0.00870579689955382,0,1
0.007724675931718128,0.0059237238820079455,0,1
0.008024127851398492,0.0053365695189826635,0,1
0.006717402857988953,0.0032810958905106938,0,1
0.009252445711915663,0.0016664632974344314,0,1
0.010003885383684834,0.004000058463744925,0,1
0.010319292047676733,0.007313665747413604,0,1
0.008929240131098087,0.00563240866440654,0,1
0.007216392234703125,0.005573211757822942,0,1
0.008131770322364304,0.0038889509780888907,0,1
0.005943104200623084,0.0029449932160144185,0,1
0.011439644800093567,0.005260780570226948,0,1
0.008765588579843261,0.005107622146726977,0,1
0.00957254083916374,0.004983823088818178,0,1
0.006932207981309184,0.007300808517439484,0,1
0.0075547605413439035,0.004099840066705896,0,1
0.008552073109073839,0.005684988941980037,0,1
0.00843405719668206,0.003612119667708753,0,1
0.010649734155297545,0.0043961532934896205,0,1
0.009282270643213205,0.0036839005270969784,0,1
0.008174972008248883,0.004538853081470905,0,1
0.007650932237933237,0.0024955902188386176,0,1
0.009597806991607498,0.005025748081891957,0,1
0.010536185415594536,0.006217971233616309,0,1
0.010279206023234636,0.004632149424629679,0,1
0.006572996258343321,0.0036892024672358545,0,1
0.008697382717462242,0.004174410926672138,0,1
0.00829442209446852,0.005653561504798099,0,1
0.008416570628681024,0.0027691099324968996,0,1
0.010194015678316256,0.0032568274895672018,0,1
0.008890019653385475,0.0049145214436393985,0,1
0.007589271543006258,0.002850161003946059,0,1
0.008593805046827947,0.0019380954626022203,0,1
0.008167054412612125,0.0036615718510399024,0,1
0.007800003824972113,0.0027769097806621935,0,1
0.00770510253835473,0.00284278017844606,0,1
0.008847328906832062,0.0039740185347075735,0,1
0.010135433336380544,0.0050277580503711875,0,1
0.009014126109008194,0.0037934046441007643,0,1
0.0059185678186979805,0.003990021152715995,0,1
0.00837080453232683,0.003026348137207942,0,1
0.008620925529960024,0.0036499458458542407,0,1
0.008059841827202386,0.003541428084454406,0,1
0.007614686550162886,0.004089299980332331,0,1
0.009922984626426936,0.003724808685832859,0,1
0.007945496618865571,0.0037814205181690265,0,1
0.007781671734704548,0.0037949126043617105,0,1
0.007708763012957411,0.002400098750174845,0,1
0.007513536250436325,0.002808725638793451,0,1
0.008319606198607062,0.003002244278070216,0,1
0.007911197746026638,0.0027197311921131283,0,1
0.008101506070367142,0.002965873921478241,0,1
0.007436751700980174,9.92281810388341E-4,0,1
0.008387375326328592,0.0029539995180322275,0,1
0.007388816905147406,0.0026406330749453,0,1
0.007095741218983383,0.004552143237234886,0,1
0.006309167470014343,0.004682426705866133,0,1
0.00802807677634706,0.003440766110738759,0,1
0.007952669753315194,0.0029989467030492674,0,1
0.008182839086813032,0.003194355685282606,0,1
0.0062015803542531805,0.0020943298601667844,0,1
0.00574869744172731,-1.8695466271761097E-5,0,1
0.006934407717669036,0.004401742563022349,0,1
0.008181437689135434,0.002649247333471556,0,1
0.004093638365468808,0.005431236848419729,0,1
0.006428674567201092,0.001683157991084613,0,1
0.007294694667017561,0.0022964624169194638,0,1
0.007251721441180721,0.0037582272381194723,0,1
0.005041525460960085,0.006795656304093873,0,1
0.006095201047614382,0.004776976447993094,0,1
0.007610181378128256,0.003966513455740637,0,1
0.006104851173356808,0.003657828545272988,0,1
0.006693793559473367,0.002603373097102657,0,1
0.008514161901347779,0.0013097947196648134,0,1
0.007569930356569432,0.0035600557090287397,0,1
0.007376119926902936,0.005136378891307668,0,1
0.006735208580897201,0.003478377535340082,0,1
0.007249113548859313,0.00287894503107966,0,1
0.007321427579849083,0.0026306082928918067,0,1
0.007774209783780984,0.0016622715906295267,0,1
0.0050233018058873135,0.0037755573509157523,0,1
0.009192415739669817,0.004153941189653646,0,1
0.007120962003545137,0.0022426586307412056,0,1
0.008965544322406439,0.005467999263768629,0,1
0.0065535026948200506,0.0033228633342441026,0,1
0.006106747390905358,0.00164693310578078,0,1
0.005297826450452174,0.0023427113400007484,0,1
0.005666575910565773,0.004046613808513017,0,1
0.00611503701376342,0.004097674253276871,0,1
0.006401406259278212,0.002641038554252014,0,1
0.0058392652083758285,0.004039828145439278,0,1
0.0057139011247731184,0.00336409829602816,0,1
0.0042980265384166445,0.004431645846031212,0,1
0.005211637396111636,0.003048638235643364,0,1
0.0052860661914317115,0.00381774010359265,0,1
0.005580907732962827,0.003610480383379495,0,1
0.006311714826766443,0.0028089836976839403,0,1
0.005910777353520228,0.0029614828376622114,0,1
0.00428404876829965,0.002746390147784829,0,1
0.00471215324593755,0.003947862303031945,0,1
0.007633228826391938,0.003064710059097709,0,1
0.005413431879784308,0.003082582557187376,0,1
0.003786659865971636,0.006952837134669926,0,1
0.003427199062381249,0.006320811644275339,0,1
0.00420889636756236,0.00800189678626515,0,1
0.006067764994642712,0.010525389170060325,0,1
0.003928687663389952,0.008576148733553472,0,1
0.0040623797628485826,0.009148840692115233,0,1
0.003775457181910102,0.00970357836515572,0,1
0.004607784345726051,0.013462677896940552,0,1
0.0036699164637724246,0.011815753889205974,0,1
0.004391094993122258,0.005825607977653521,0,1
0.005874458530897835,0.006009263615836051,0,1
0.0028477827003337416,0.008796598074570167,0,1
0.0036491626515320727,0.00853156693071042,0,1
0.004986264165891902,0.010463847726807023,0,1
0.0036705888646698394,0.00958382303319952,0,1
0.0038484705957492066,0.010087075493851056,0,1
0.005179929390071323,0.0056920397440741646,0,1
0.004772508362520885,0.007402082818708344,0,1
0.00610324645580947,0.008124023797354685,0,1
0.003662634305069845,0.008787536863892947,0,1
0.004531259940973587,0.009598122496691251,0,1
0.0037083291603486543,0.009857218334796698,0,1
0.003998957568457824,0.010341126368752479,0,1
0.004270107112297021,0.008185321214618613,0,1
0.004762127448648044,0.008183860935981991,0,1
0.004132633204626893,0.008590782202298166,0,1
0.00408332322567683,0.009642843307520493,0,1
0.0026825561986828714,0.008712341725319324,0,1
0.0039417684113335705,0.009165754003454488,0,1
0.005352280241575367,0.007472874202253835,0,1
0.0051134914070686335,0.007029635164184283,0,1
0.004906942693193032,0.010067345274470148,0,1
0.004051378455772259,0.008214710921174007,0,1
0.004158675642353879,0.005763408628132391,0,1
0.004493391613286062,0.009097109717950348,0,1
0.006562822105595139,0.00762894498385742,0,1
0.005223762241847277,0.00777904935145989,0,1
0.005760928902472119,0.00790988576401096,0,1
0.003869822402859372,0.009791085893514398,0,1
0.003001740631312178,0.010546998445913546,0,1
0.004390909375288846,0.01014166252222271,0,1
0.005573623439801444,0.007728785824521717,0,1
0.006133887504643028,0.006450475564269657,0,1
0.005434309708053831,0.00764841693814373,0,1
0.0037125774542688147,0.006620069640153426,0,1
0.004129691434607761,0.009514426547028903,0,1
0.004532666482904167,0.007273979975721218,0,1
0.006361500405374079,0.008326065713924987,0,1
0.005610790663776212,0.008996379235294618,0,1
0.005030549067476958,0.007873376621695575,0,1
0.005368490502860584,0.009809925080203022,0,1
0.006889924584571987,0.00667394435447898,0,1
0.0064513237154430764,0.006330888381752081,0,1
0.005658558742306475,0.009069160569253472,0,1
0.008142056985348927,0.008675728898210897,0,1
0.005591360868508943,0.01076694010040826,0,1
0.007241634177131696,0.00807776688729923,0,1
0.007774575161937802,0.008999992740281949,0,1
0.005401371798933329,0.008798564047758079,0,1
0.006437725252269309,0.007559381079716126,0,1
0.005785879839267091,0.008423818322591745,0,1
0.0049527777989283326,0.0088988390629096,0,1
0.005079433171220255,0.011159575485998354,0,1
0.00510014513009192,0.008890258133644463,0,1
0.0067427890689284705,0.009867624753517329,0,1
0.006884407428080586,0.009512873207225285,0,1
0.005124514824257786,0.007451049225574379,0,1
0.007251408152833872,0.01116024782929743,0,1
0.009912282317720565,0.009548016865060972,0,1
0.006553028574662952,0.010188721885681325,0,1
0.007080791383311936,0.007564276282983826,0,1
0.005080943249653186,0.010295238741225654,0,1
0.00850090778344935,0.010208573025436353,0,1
0.0046211031856343825,0.006578293831919832,0,1
0.006184132520273772,0.003290308297587592,0,1
0.00429358865070881,0.008425614852787321,0,1
0.005829097906655102,0.007581818679955897,0,1
0.007436938902672579,0.007686686168175039,0,1
0.007501733951570874,0.005895577922363662,0,1
0.007651393741884156,0.009061458680789931,0,1
0.004159011863090851,0.007264995052459643,0,1
0.005472130370988529,0.007350774586785191,0,1
0.0051192643558692075,0.009251307664476238,0,1
0.006767253815957903,0.008315027171343057,0,1
0.006248917527379602,0.008974041044041113,0,1
0.007762516749081375,0.005524699028711554,0,1
0.005352555123456716,0.006691697622864768,0,1
0.007046990294386552,0.0075775964714965855,0,1
0.0037513166095619285,0.004632626288235137,0,1
0.006690670726725429,0.008026204158364313,0,1
0.007019641105749428,0.00731817247265443,0,1
0.005341204308070022,0.0055019401644355054,0,1
0.006686158885744884,0.006583426806330474,0,1
0.006712913363214209,0.007879949105545509,0,1
0.006575607077000772,0.007185925178274891,0,1
0.008839627666484181,0.00976425210543943,0,1
0.003915346115528407,0.0056775730140002645,0,1
0.005667409220052915,0.007059055484997318,0,1
0.007377369296835964,0.005931321311801889,0,1
0.008099429854955001,0.007674132372209723,0,1
0.006516906301955819,0.008144799517681345,0,1
0.005351382252381069,0.005262256987577717,0,1
0.005705975548325144,0.008329904245589985,0,1
0.006522823654260407,0.0068506086967182545,0,1
0.006532038692501522,0.007478617596973084,0,1
0.006110574031375284,0.006064231611500256,0,1
0.005424231251923891,0.006248536728400146,0,1
0.006674266284545328,0.006812081184188669,0,1
0.006585368308425423,0.0069835745746262,0,1
0.006119504386325885,0.00625832539566,0,1
0.007670609011056232,0.005286987571648368,0,1
0.005953268990317371,0.005149027581642137,0,1
0.0059291096537188595,0.005520661393961057,0,1
0.007254622058709826,0.0061890522471704755,0,1
0.007817806497112221,0.006393427349349053,0,1
0.005687510223444958,0.0077318605660788775,0,1
0.006280348986392974,0.006046173430471581,0,1
0.008656536750086714,0.00484336651121357,0,1
0.007165662012672952,0.005854113730040793,0,1
0.006340700829451177,0.006712864621068629,0,1
0.006263645440482618,0.004410410752826585,0,1
0.0056845170496576765,0.005946029739275737,0,1
0.005545059583902906,0.0052846670068560095,0,1
0.006917255116306578,0.005465100800588542,0,1
0.001957818391965395,0.007598192452794404,0,1
0.0017392051242787407,0.008508103762128849,0,1
0.0017917579398953219,0.009443623894502724,0,1
0.0023226993063843577,0.009027379493348824,0,1
0.0028923618486826315,0.00896742893167129,0,1
0.004362838190460098,0.009867009364329994,0,1
0.003398773465143986,0.010134265467454825,0,1
0.0017543517845536095,0.009163482125335855,0,1
0.0031839545376294515,0.008977869859900027,0,1
0.0022149712582597435,0.009468866970092828,0,1
0.002434424457839791,0.009184221858359263,0,1
0.004770046795740265,0.008418237575658032,0,1
0.002821084708287139,0.00997243511873168,0,1
0.003565968904047849,0.0059795475579058534,0,1
0.0016018024120807344,0.008131510574529948,0,1
0.0034589903201105968,0.009296320310850103,0,1
0.002750035144259713,0.007002481384615987,0,1
0.0034091882629038203,0.010348959613424346,0,1
0.0031698158672563564,0.00967107405447786,0,1
0.0027152201721372224,0.009135678024471747,0,1
0.002063852579762132,0.01147044909087462,0,1
3.5390302112620856E-4,0.008406748807165637,0,1
0.002736368485421885,0.009109243960902772,0,1
0.0034191574610013577,0.009702619536378618,0,1
0.003984402258606963,0.010327372396527196,0,1
0.0035885556450253363,0.007979973770386563,0,1
0.0019472919044198928,0.008760177375455992,0,1
0.0027332700309148916,0.009811607025789142,0,1
0.0035550442440873123,0.00893065417042959,0,1
0.0034518475691099034,0.009052922670079728,0,1
0.002952775677287448,0.009324597213075655,0,1
0.002570848992237728,0.008271633961077055,0,1
0.0034620603393353284,0.008168004043609482,0,1
0.0041340094439656595,0.00822698725204818,0,1
0.0034625258294452023,0.009435929638302214,0,1
0.0025777397045596536,0.00843483407639451,0,1
0.0031256324359433115,0.008268644387255736,0,1
0.004039990335456132,0.008431844296989115,0,1
0.003196439186711209,0.009104334782329335,0,1
0.0025975403648419546,0.007805997347062331,0,1
0.0026044306516874753,0.007354001617054974,0,1
0.003876933038959425,0.008162552914170996,0,1
0.002145350375078366,0.007531269182269399,0,1
0.0034394422117693343,0.007770035286097565,0,1
0.004550147074786855,0.00774689889713264,0,1
0.004141573119464834,0.012221461847991968,0,1
0.004948090472539211,0.006072560694333821,0,1
0.0033292912538823894,0.00951365848591296,0,1
0.0037152829966261465,0.008731540676316468,0,1
0.0039093099625131696,0.007071928073190874,0,1
0.003637391208192787,0.007515619436444622,0,1
0.003017055036729294,0.006235811291172192,0,1
0.0029012014502751387,0.008273371215212703,0,1
0.0018696392631937797,0.006309476601138466,0,1
0.004576828441825672,0.00759757625848882,0,1
0.00417163009816738,0.007090456549880787,0,1
0.005787745472916014,0.005050988284888854,0,1
0.007158960898808926,0.0039750212011526315,0,1
0.007082362707968574,0.004173954614406304,0,1
0.007496868336732835,0.003703704486416025,0,1
0.005188157494765182,0.0036683512935532635,0,1
0.004963314362694057,0.0035225935374942514,0,1
0.0033696096248174434,0.002975135800575322,0,1
0.006461332567082489,0.004641671128852869,0,1
0.006654742447840099,0.004248413999315917,0,1
0.008006868701397005,0.005364409529371054,0,1
0.004651708861843072,0.0035458185273310977,0,1
0.004781543696484926,0.003827875724144391,0,1
0.0057912451068156115,0.003731164667010506,0,1
0.0059239198029920085,0.004879474626415955,0,1
0.004560353065528244,0.004712959666723377,0,1
0.003033856428290025,0.006166983656488661,0,1
0.0036440619128621696,0.0040306102767371215,0,1
0.0036846856869061904,0.002869223022663377,0,1
0.008238685134109764,0.005819871635960754,0,1
0.004690630282703103,0.005043555826421885,0,1
0.004494167315996329,0.002839202678916225,0,1
0.004058840404234219,0.003478408687052242,0,1
0.0037491500736962407,0.0070101012877144325,0,1
0.005877380796296059,0.005113813245409115,0,1
0.005587008980583876,0.004745238958938523,0,1
0.006990285054947659,0.005500867799904322,0,1
0.004478299100349025,0.004733560089685427,0,1
0.00336815790058578,0.003150219414183717,0,1
0.004707958455147695,0.005662676109375236,0,1
0.004506143206927988,0.005395286786634495,0,1
0.0057064754842442835,0.006046894659295385,0,1
0.0027984575720036587,0.007790608881118502,0,1
0.003725780442107012,0.004537244597770939,0,1
0.0031426095704233294,0.004496615953645948,0,1
0.005022577299566216,0.00795273642937908,0,1
0.005784762346047061,0.0062066811593429975,0,1
0.005778518169688446,0.005553684236321884,0,1
0.00580468710154954,0.006553593687821701,0,1
0.004999161300563602,0.00517741634010289,0,1
0.00787233404862341,0.00872683163323371,0,1
0.004719062333445856,0.004711497788369655,0,1
0.006086430244048282,0.006813327659407906,0,1
0.004055736792747337,0.004996188476081287,0,1
0.0048854708592054995,0.00591960514333778,0,1
0.001961612953220011,0.00861732807603416,0,1
0.0015471827757604574,0.007476651000233933,0,1
4.475848973515967E-4,0.00833119089941721,0,1
0.0019983320190954112,0.007579423387258766,0,1
0.0037642737442786824,0.008024571281903644,0,1
0.002798467618310088,0.006248562698441568,0,1
0.003971062756595391,0.006468556790797205,0,1
0.002242775023946727,0.007680046110201135,0,1
0.0028281936629308353,0.006986587176853165,0,1
0.003083039207240648,0.007168182842142947,0,1
0.0022674305969973604,0.006305407475633312,0,1
0.0038513776360391606,0.006498006851175881,0,1
0.0037223673718337915,0.007212709425706311,0,1
8.081332511250093E-4,0.007531113444989156,0,1
6.520828056660783E-4,0.007925558587550287,0,1
0.005399504679327328,0.006140203264607922,0,1
0.002560703450711198,0.006893323578377029,0,1
5.362611075135886E-4,0.005717780253032599,0,1
0.004231638494075949,0.006480080857187275,0,1
0.0014913603474721046,0.007039912009054861,0,1
0.003505239410247845,0.009386151944242223,0,1
0.003862968236246896,0.0070066596253682365,0,1
0.003147507528794786,0.006678058651418684,0,1
0.004281552932769096,0.0034872504695490185,0,1
0.0010971799748661808,0.005764026874972654,0,1
0.002562727130682082,0.007161559986281702,0,1
0.0024558360875630574,0.005902253365327551,0,1
0.002385127520772635,0.007633606980329775,0,1
0.004463934023365591,0.004468821731780403,0,1
0.0036038864663952247,0.007003380430841809,0,1
1.507319209281778E-4,0.008380397570493046,0,1
0.002448737169442553,0.0069070139313126755,0,1
0.003641746926931004,0.009766118872082816,0,1
7.257545796837005E-4,0.007374632837480692,0,1
0.0021373588489333687,0.0061479647438781515,0,1
0.00289934973618863,0.005377025005283238,0,1
0.003248948756921655,0.005663634789845615,0,1
0.0011673830236900347,0.005934213553836988,0,1
0.0017284424568775993,0.00596293464059984,0,1
0.0028949687417836947,0.005299078317945715,0,1
5.099703701826101E-4,0.007019201969475529,0,1
0.0032653007898589166,0.005825012688919008,0,1
0.0021780488934307106,0.007484235469549554,0,1
0.0017317886671067751,0.006272063599079028,0,1
0.004088366460227749,0.004326057983259153,0,1
0.0025380088323474874,0.006961287619907905,0,1
0.0010427150199994852,0.004664734505708013,0,1
0.0035667664272077096,0.005135875950954952,0,1
0.0013066591082943114,0.005896431790535337,0,1
8.567258292069856E-4,0.005051630593882788,0,1
0.0011194245177154455,0.0056723874514112045,0,1
0.0018749459248865311,0.00461904042529821,0,1
0.001228510411601233,0.006547376434689139,0,1
0.005954312330506679,0.00319460295282327,0,1
0.0034873779812430806,0.0036175634359080786,0,1
0.0034912064175255768,0.004200365615506252,0,1
0.002454377520805417,0.005246140227589908,0,1
0.0027711034396467123,0.005161265642683396,0,1
0.001911459767238089,0.003765867441769315,0,1
0.002452768350745931,0.004758661194624658,0,1
-4.2368637007530525E-4,0.005002105075689578,0,1
0.0039501418319130175,0.0036367656814966618,0,1
0.0044238192718905195,0.00453077427207123,0,1
0.0032382861454127777,0.0031228406898214348,0,1
0.0037464490593916667,0.004616327694990758,0,1
0.002315452959678981,0.005210233623814093,0,1
0.0024536762514909727,0.004396928592012441,0,1
0.0013657393705407196,0.0045848313176826425,0,1
0.004757719243694754,0.0033768753542836893,0,1
0.004742481465255582,0.004864210945910013,0,1
0.0014771451816938802,0.005184308906194461,0,1
0.004142599253768944,0.004727474743039113,0,1
0.0022764632112703873,0.0015713918408555166,0,1
0.0021657888018086625,0.004858342174806295,0,1
0.0013158573889195692,0.0036728580274058135,0,1
0.0038222346498280545,0.004044953295200639,0,1
0.0033096089865736556,0.003919970464754609,0,1
0.0055921810850483806,0.005605586162292153,0,1
0.003672686503951153,0.005299280688552798,0,1
0.0019147666843486448,0.005382707000357722,0,1
0.0017440263792622157,0.004353321967006915,0,1
0.004061988408557024,0.004195592507865284,0,1
0.003246722173112155,0.005341187033405422,0,1
0.003331738753003991,0.0046101633100412735,0,1
0.0019425848774079649,0.003562151165220032,0,1
0.0021093061914872336,0.004705441659824697,0,1
0.003078759280903295,0.0022477215460117296,0,1
0.0036058048016448683,0.005213167867273365,0,1
0.003693769414319896,0.005018620444870503,0,1
0.003557599685286068,0.00363499610080605,0,1
0.0016597004586410397,0.005012028049711902,0,1
0.0036231037994651594,0.004340615292007455,0,1
0.0065172936043975185,0.00295123824673581,0,1
0.0037014644894473414,0.004902512926243287,0,1
0.002876513179426222,0.006248919375483017,0,1
0.001812135392940071,0.005026227266873795,0,1
0.004206987639835553,0.006033518523281703,0,1
0.004459628698821918,0.0052991808612151085,0,1
0.0024783607768038987,0.005462490802340055,0,1
0.0021498733406004394,0.005776094550303517,0,1
0.0038107511250929757,0.006167919138516925,0,1
0.0033937975508196686,0.005625485376293818,0,1
0.002972270765042603,0.005464132442575629,0,1
0.0030037748739171234,0.005159362595066701,0,1
0.0031881998106132376,0.005349923606095739,0,1
0.004067419475616142,0.004988247463005069,0,1
0.0038410385974554486,0.006057473820449413,0,1
0.00563412563050916,0.005140265873660601,0,1
0.0038990180705070093,0.006350519246293946,0,1
0.0037717212426013353,0.005782577705847285,0,1
0.003805691433488075,0.006645441381274697,0,1
0.0030082844012633025,0.004569678609253726,0,1
0.0054079792065822785,0.006837084481737721,0,1
0.00339945601073094,0.006041977207778876,0,1
0.004583251574649139,0.004629322552112748,0,1
0.00202490003093169,-0.008291170379519397,0,1
0.0022596260023278166,-0.006629326342863077,0,1
0.0023018243360003313,-0.005865667254838479,0,1
0.0018665589563430925,-0.005796148166906576,0,1
7.098114736726856E-4,-0.006429948131521595,0,1
0.0029690335817199346,-0.0026875406917957795,0,1
0.0027457252170243534,-0.004580233700269146,0,1
0.0030673795650218486,-0.007719693289199976,0,1
0.002700454261089226,-0.005737319360004756,0,1
0.0018355695852042533,-0.005365590293932548,0,1
0.001444946060869053,-0.004272845413386759,0,1
0.0013792965710725884,-0.00401047256559993,0,1
0.0032711370975759394,-0.004514908452427344,0,1
0.0016608970707241767,-0.005787187105900891,0,1
0.0029801988435658173,-0.004779731260584866,0,1
0.0013863543362507467,-0.004806585022019584,0,1
8.388109495948866E-4,-0.005263801780181812,0,1
0.0036767451461864626,-0.006703466092909118,0,1
0.0036479373294501,-0.005425209729087646,0,1
0.003820893121775244,-0.004955176756735663,0,1
0.0022764058256461556,-0.0060086493776852845,0,1
6.365073596351719E-4,-0.0072536039744001005,0,1
0.0019802895821558427,-0.0044880685873188875,0,1
0.0018271294401088968,-0.0031732421026031635,0,1
0.00276920832574765,-0.006359224993967372,0,1
0.002401015954442086,-0.003845020141251579,0,1
0.0038858722241015523,-0.004506501210627817,0,1
0.0020723675619662885,-0.004383639109280339,0,1
0.0026211266747334003,-0.003966653211121308,0,1
0.004930175143307448,-0.008091268527996461,0,1
0.0030893617868114035,-0.005633717216286529,0,1
0.0039702573137853055,-0.0041156235105251375,0,1
0.001473502349718251,-0.004012159851790065,0,1
0.003529427106838281,-0.006222213185960202,0,1
0.0025494586004150516,-0.005195714585784277,0,1
0.002486399774294968,-0.004591368619398138,0,1
0.004074082981886685,-0.0043644111304171375,0,1
0.003230278540217215,-0.004393086767759188,0,1
0.00337248800451437,-0.004632093335097257,0,1
0.0036370532756803756,-0.004755908320337131,0,1
0.0035298447206899963,-0.005456843189904914,0,1
0.0033118639755524005,-0.006707294163417099,0,1
0.002626345942673228,-0.006112235309927931,0,1
0.0035552868948496904,-0.006588126632681017,0,1
0.0023823883249995017,-0.003280353518369012,0,1
0.003261922019933483,-0.004486539501032003,0,1
0.003629668341005833,-0.004938888598290494,0,1
0.0038255159292313696,-0.004730709387474147,0,1
0.0038955684735685506,-0.005362222791874907,0,1
0.0048522365848722255,-0.004724602924016281,0,1
0.004880162082035431,-0.003826368044817551,0,1
0.0053923638208819,-0.005090719476146161,0,1
0.004971054150312308,-0.003790195010545733,0,1
0.004370896720062912,-0.0058167972545788114,0,1
-8.235168235324734E-4,-0.004432380502140159,0,1
-1.0658209025768207E-4,-0.003940913281523346,0,1
-0.001479486638370401,-0.005241119365435082,0,1
5.326520619686378E-4,-0.0038892073632849945,0,1
1.345610304042021E-4,-0.0026970702275573165,0,1
0.00293797007224928,-0.0014130580568257707,0,1
0.001300626664612905,-0.004105892445766189,0,1
4.452043811421975E-4,-0.004890222096662724,0,1
0.0010659907836758744,-0.005308711699572134,0,1
0.0016288679236755605,-0.003112723764478119,0,1
0.0025251879375601926,-0.0022475175431167635,0,1
-7.531328078725034E-4,-0.004128695949722019,0,1
-0.001420778509513733,-0.00563624388985049,0,1
0.0032345329894327996,-0.004473122552886688,0,1
0.0014075448799168498,-0.004545506882918642,0,1
9.007720010449191E-4,-0.0030173656212714455,0,1
0.00226264199135537,-0.005918029721222079,0,1
-3.2325605714233265E-4,-0.005654960037329125,0,1
0.0014369434306816923,-0.004298339326034539,0,1
0.002633427435428794,-0.004294759390824799,0,1
-2.805943622427232E-4,-0.004130763386868628,0,1
4.2972995674896174E-4,-0.005602692129100095,0,1
0.001967683141018569,-0.004264276406274237,0,1
0.003007486865515461,-0.0053457724272258575,0,1
7.876319813460168E-4,-0.004894382743099173,0,1
0.0016057106426095324,-0.004279534737077502,0,1
0.0016393332288728568,-0.005140569749728883,0,1
0.0034570235240566185,-0.006997350135614554,0,1
0.0010771524439008257,-0.005741541836101837,0,1
0.0017432884070098292,-0.005511563672602324,0,1
0.0012077361485714369,-0.005642485871080895,0,1
0.0012397765122154295,-0.004940065695717766,0,1
0.00206405280561691,-0.005127525270972703,0,1
0.001147019358153944,-0.0049002689432323145,0,1
0.0022886462344652186,-0.00556239247266674,0,1
0.0017943199219245325,-0.005932331275056254,0,1
0.0024005662061461906,-0.005381255811044237,0,1
0.0034118504771283526,-0.006171873742683611,0,1
8.056954063663657E-4,-0.006790236417525158,0,1
0.0016467177331591857,-0.00608063767147024,0,1
0.002893060203101834,-0.003357462008886169,0,1
0.003042320197681962,-0.003493304305025504,0,1
0.0030617504537090077,-0.003562757148290805,0,1
0.004702350144320267,-0.0024175396343184283,0,1
0.0034223003605943266,-0.00323044707609351,0,1
0.003941418224240193,-0.003088513307323211,0,1
0.0025568830017013242,-0.0011066196100345093,0,1
0.0022187106185109096,-0.0031486580708216276,0,1
1.5206806256614326E-4,-0.0015183058582281166,0,1
0.0016132252935322801,-0.002084845767609276,0,1
0.0032470922974601308,-0.0028462955028691257,0,1
0.002656797491577676,-8.523712097459491E-4,0,1
0.004631716755573352,-0.0021021568974101267,0,1
0.0038982016526532045,-0.00279462171619774,0,1
0.005672000110520992,-0.004208519165379396,0,1
0.004388753453004514,-0.0033340933476827222,0,1
0.0029044693366289016,-0.0031362742713281436,0,1
0.0024783854826148635,-0.0024673809618876875,0,1
0.0035239645555449153,-0.0035261259180626578,0,1
0.004996758897105501,-9.697665582885592E-4,0,1
0.00463137918284995,-0.002589662811043332,0,1
0.0017734811234256407,-0.0013292674180277243,0,1
0.00559097824140415,-0.001482397304841923,0,1
0.003345118112092696,-0.0036276722724072185,0,1
0.003339079492590432,-0.0029859491846164453,0,1
0.005814460946922345,-0.0038697248576897315,0,1
0.005548226960410906,-0.0016807591913877537,0,1
0.006509701824987564,-0.003138229075675655,0,1
0.005186904229785912,-0.0017365066166763104,0,1
0.00189436169213206,-0.004270381137681832,0,1
0.004447978629525074,-0.0013986905090971702,0,1
6.957346252655308E-4,-0.002973559210507358,0,1
0.005378440503147293,-0.0021355246050952506,0,1
0.005071382809645652,-0.0033910103028542498,0,1
0.004924815503504976,-0.0030960025689004303,0,1
0.0029034152580000847,-0.0036188000647307643,0,1
0.002639167482897688,-0.0034442558276395817,0,1
0.00376867730126793,-0.00298732801189237,0,1
0.004738764084125554,-0.0035226138099185623,0,1
0.00387433003682594,-0.001185635589436252,0,1
0.003405080673957984,-0.004904773188153255,0,1
0.003583036862668063,-0.004017646245087135,0,1
0.004100803161901797,-0.0035246271942441943,0,1
0.004314944763695532,-0.0034108961121639162,0,1
0.0050088030368060045,-0.002855202989826491,0,1
0.005222749645610779,-0.003243034010598672,0,1
0.0038455025798276527,-0.00450577972100337,0,1
0.0037554291079357274,-0.003793032748885843,0,1
0.007238220792261399,-0.0042602338404549535,0,1
0.005537969297974924,-0.005434916442003143,0,1
0.0029838614924429293,-0.004570633226781346,0,1
0.002016173709614507,-0.0013775918542687467,0,1
0.003879861098783334,-0.005214671343107484,0,1
0.007363386072398204,-0.002470498733096523,0,1
0.0061078214682496485,-0.0036893191765694946,0,1
6.101817073116883E-4,-0.005533655581951066,0,1
0.0038648977166598378,-0.007081943158218277,0,1
0.005560400948142839,-0.004799738196752043,0,1
0.0036700952581659053,-0.00515522262459403,0,1
0.00662484273680251,-0.001662556837261732,0,1
0.005555326919340324,-0.0039203669646894375,0,1
0.004262779546952545,-0.003263170428929515,0,1
0.004394852558081876,-0.0048556550658515555,0,1
0.004845337608421714,-0.005568003359645217,0,1
0.00531770914861266,-0.005349559405894626,0,1
0.004562620200379326,-0.003744072998060797,0,1
0.00499567116779567,-0.004593812883292756,0,1
0.0071456535312477195,-0.006173229774062978,0,1
0.0037406576723522504,-0.004846804069074995,0,1
0.00476293796993428,-0.00540827482810034,0,1
0.0018477322080250815,-0.005447279573598394,0,1
0.005750271123783732,-0.006572929398440747,0,1
1.2259468863893433E-4,-0.0047101468281658945,0,1
3.7460180928156864E-4,-0.0039408009620423715,0,1
-1.1580946234645548E-4,-0.003203647991965605,0,1
-6.794455536108604E-4,-4.48967206898E-4,0,1
-8.010298599656185E-4,-7.140056358774372E-4,0,1
1.8441275836916676E-4,-0.0026127894780915988,0,1
9.192923681883372E-4,-0.0016487186045733473,0,1
-1.561092978871642E-4,-0.004171408152320348,0,1
-7.078860534000543E-4,-0.003028961199143067,0,1
-0.0016272474124339787,-0.0011793097397654756,0,1
-0.0011432514014091926,-0.0017922152036718895,0,1
0.0016962295965318262,-0.004401848978321977,0,1
-4.992570359707221E-5,-0.0044459637012268785,0,1
-2.4317606006595365E-4,-0.0034312524223723746,0,1
-4.415226472954469E-4,-0.0030318344582411887,0,1
-8.930642668827513E-4,-0.0018086774171966345,0,1
9.665971002542827E-4,-0.004139669521542363,0,1
-7.083410485553448E-4,-0.0041889694898135195,0,1
4.4672489237195895E-4,2.218637603918675E-4,0,1
-4.986417347076978E-4,-0.0022052336245405413,0,1
-0.002459443847854939,-0.005621777293045774,0,1
0.0013676054739908319,-0.002404335888585142,0,1
-0.0033908989993988673,-0.003329778399780485,0,1
1.2892293508830367E-4,-0.0015754347763056464,0,1
7.859355644901621E-4,-0.00354379387034114,0,1
0.0019799836918436586,-0.0014987078793979596,0,1
4.8756541140245624E-4,-0.003315574031938764,0,1
0.0012037027427145104,-0.005145202336160561,0,1
5.026695114826615E-4,-0.004030258950063123,0,1
0.0017660377803796349,-0.0029507839085696277,0,1
2.655820361550367E-4,-0.0025633339478605232,0,1
0.002722415413333056,-0.003790021523389018,0,1
8.762151535708339E-5,-0.003549928685736978,0,1
-4.738845694394006E-5,-0.0036409856773723798,0,1
8.19651936285713E-5,-0.0032974356619319533,0,1
0.0010496822349937247,-0.003533111782645711,0,1
0.0011333674166203746,-0.004488069966838736,0,1
7.026341659088544E-4,-0.0038725711769287464,0,1
0.0013569139208846586,-0.003035497770961766,0,1
0.0021966433384160637,-3.980752621589015E-4,0,1
0.0019383486099875267,-0.0032209704213754043,0,1
0.0021153676005786102,-0.0028447626258542072,0,1
0.002120161342696426,-0.0026137804265712783,0,1
0.0016522844536135848,-0.0016191824468831672,0,1
0.0018687815105437634,-0.001573314045353028,0,1
0.0017120917210382393,-6.151340451573878E-4,0,1
0.0020847333728128917,-2.5634245368089208E-5,0,1
0.003752299384389509,4.2683157673502396E-4,0,1
0.001588228482584712,9.950212405414236E-4,0,1
7.461071653059501E-4,-0.0024516873197875746,0,1
0.0012050145573121215,-9.564211314733218E-4,0,1
0.0028181412039466544,-0.0023147701189005915,0,1
0.001861517963308763,-0.001376591909717427,0,1
9.479556716313139E-4,-0.001273781612498768,0,1
0.0024174492429864815,-6.783154470987382E-4,0,1
0.0018894185498098761,5.379556475096159E-4,0,1
0.0021553127816282143,-0.002184700219555243,0,1
-1.169536189949202E-4,-3.5027362904939803E-4,0,1
0.002226652711224012,-0.0019659877402889835,0,1
0.0024512518460031362,-7.876369827570022E-4,0,1
0.0016761732018242758,-5.721871704223423E-4,0,1
0.001733074975626373,-1.0731632954918575E-4,0,1
0.0026868568652508758,-0.001304661413054068,0,1
1.551439787062645E-4,-3.934639816900624E-4,0,1
0.0026606950103116858,-0.002137603509229349,0,1
0.002473152827258283,-9.048405483774447E-4,0,1
0.0015807422710079283,-0.0015934186766416206,0,1
0.0016787461039241512,-0.0022609741179778933,0,1
0.0025472419262538505,-7.856304626703291E-4,0,1
0.0022561539653971167,-3.3534780279052877E-4,0,1
0.0022038748355777582,-4.6223552026839057E-4,0,1
0.002768024047452028,-0.002889474561002081,0,1
0.0029054033572288094,-0.0017062867391230729,0,1
0.0012983930780540718,-3.475261704328877E-4,0,1
0.0034494470633046207,-0.0011526364305670899,0,1
0.003218263748000913,-0.0013579365970673037,0,1
0.001722086482233354,5.997937114933956E-4,0,1
0.00256508829326494,-0.003340141070943588,0,1
0.0016294686898999594,-0.002179117075999082,0,1
0.0027456988785475836,-0.0015069896596475033,0,1
-0.0011073536312039103,-0.0016844783324292064,0,1
0.001628954375273651,-8.221141384326376E-4,0,1
0.003166259569962345,-5.782035752750977E-4,0,1
0.004204354974511934,-0.002589236472127433,0,1
0.0032303582086602514,-0.0030191114775076212,0,1
0.003168297315781545,-0.001522390338766753,0,1
0.0021914835799637274,-0.0017326875907371973,0,1
0.0030664022265285452,-6.124230913195264E-4,0,1
0.003949486828355427,-0.00391249728564269,0,1
0.0032401473966290053,-0.001616350995306618,0,1
0.001139423377123893,-0.0024081638142664985,0,1
0.004253113110789852,-0.0018116185523910791,0,1
0.004100713893421671,6.89559511905488E-4,0,1
0.001971732254997744,-0.002555261603053595,0,1
0.0038396917356405195,-0.0014760374771011367,0,1
0.0031299135635882063,-0.0012125338671172188,0,1
0.00446920856621727,-0.0020465153329624424,0,1
0.0010331320420067618,-6.034967163818431E-4,0,1
0.002747529353684587,-0.0015796259465708192,0,1
0.004748694512252385,-0.0011985189829437797,0,1
4.256175450676073E-4,-7.484783109942115E-4,0,1
0.003231960295554528,-0.0029022111618652114,0,1
0.003694240156665325,-0.0014926218628222028,0,1
0.004201416219178716,-8.559278036931703E-4,0,1
0.0021665464368750055,-8.522164176803506E-4,0,1
0.004823653574503449,-6.730266257914234E-4,0,1
0.003083711564500046,-0.0024564562702333917,0,1
0.0036307416554877112,-0.0012581649042319554,0,1
0.004644526014159592,-0.003219551432473072,0,1
0.00460159439816335,-0.0012454996940328075,0,1
0.0045494360800662605,-0.004873933236839014,0,1
0.005080608674097313,-0.0016427567158728013,0,1
0.005020180986928015,-0.0016631616879970543,0,1
0.005377135875682095,-0.001625349903905337,0,1
0.005280169560765999,-0.0027642340452301043,0,1
0.004112833571928991,-0.0024888627243433506,0,1
4.7367348028375713E-4,-0.0013875244601571721,0,1
-0.0011810939105563402,-9.614887344286602E-4,0,1
4.882462363857928E-4,-8.567949183869289E-4,0,1
3.595942547820222E-4,-8.47805996322244E-4,0,1
0.0010167422371655163,0.0016852649990284664,0,1
0.0016275289897865989,-8.323296251113147E-4,0,1
0.0019542343538653554,7.193715103008622E-4,0,1
0.001445925762870627,8.326359796515937E-4,0,1
-7.085087207674645E-4,-0.0015623355412292433,0,1
-6.768855799918278E-4,-7.743656760809364E-4,0,1
-4.011903909365516E-6,-5.971509107499899E-4,0,1
-0.0015357347036363297,-0.0032154401069477393,0,1
6.258659977392413E-4,-2.707484586586966E-4,0,1
2.6739901422442294E-4,5.630117165735458E-4,0,1
0.002066728973985222,1.0660156198044976E-5,0,1
-0.001683737171049601,-0.0022266832666275695,0,1
-0.0011031139745300202,-0.0014627179020314342,0,1
9.806687384227401E-4,-2.673085552713375E-4,0,1
0.0027748169617899743,-0.002120387745463034,0,1
8.071361929883786E-4,-3.2333613373944315E-4,0,1
5.497924390280196E-4,-5.481800227057158E-4,0,1
-8.707976449802102E-4,-0.0015169294485158004,0,1
1.0027400875017828E-4,-0.002384746546146014,0,1
0.0019691641924406596,-1.6969477919206753E-6,0,1
7.6469755537728E-4,-0.004633190004730547,0,1
-2.1588068405907292E-5,-7.850952251284549E-4,0,1
0.0015951265424415698,-0.0010124018437132213,0,1
-0.002847158610492598,-4.500972957647392E-4,0,1
-2.243641106888478E-4,-0.002036418860392492,0,1
0.0014478440992700698,-8.933006789822671E-4,0,1
0.001112190932282047,-7.115633828086753E-4,0,1
7.457856152666236E-4,8.709335201864718E-4,0,1
0.0015893151492645697,-0.001348159952673518,0,1
-0.0018753066854554148,-0.005081929051484961,0,1
-5.289779149871376E-4,-4.8180856840817883E-4,0,1
-1.2543647346475176E-4,-0.0010875987304992541,0,1
0.0010761298743942012,-8.368021751778366E-4,0,1
0.0017370804527864808,-3.2321544851714667E-4,0,1
6.52625150420972E-4,-0.0024302313201591103,0,1
2.28935205550704E-4,-0.002098759072387474,0,1
-2.144461157678618E-4,-2.2950106782128183E-4,0,1
0.002386213445495347,7.87025903295175E-4,0,1
5.817487425219297E-4,-0.0025924516535183665,0,1
7.869050314746857E-4,-0.0017776177501355956,0,1
0.002073054307270247,-0.001574422948089572,0,1
0.001499871343418448,-0.0010401385479999917,0,1
-2.1964806466020936E-4,-0.0022806668005737893,0,1
-6.56243923418426E-5,-4.544088309538825E-4,0,1
0.0012403615995056653,-0.0017883946930821472,0,1
0.0025823694007114503,-0.0014176796421534448,0,1
0.0013515817868991558,-0.0019017462979174888,0,1
3.770264774698618E-4,1.6021237092724277E-4,0,1
9.119598599752649E-4,3.684516948866952E-4,0,1
-2.9410595751854483E-4,-6.670861127242242E-4,0,1
0.0011207324874949157,-0.0036258707233805076,0,1
0.0011551073677411579,-0.0015575863821755945,0,1
0.001466409763394536,-0.002869239451748729,0,1
0.002057125859908133,-0.0014453584469722126,0,1
-6.093207911099435E-4,-0.005590442291662795,0,1
0.0022632169984455786,-0.002801022127006577,0,1
0.0020887862500364235,-0.0024474404996364524,0,1
-0.014105167023260428,-0.0068615959651253024,0,1
-0.014184374412227089,-0.0072828466844575895,0,1
-0.014482418047951839,-0.006501586225425113,0,1
-0.01535297507047667,-0.006710816374759213,0,1
-0.01524368784931921,-0.007133605838605839,0,1
-0.015573886117322485,-0.00671625732130643,0,1
-0.014411010255523276,-0.006843999162178638,0,1
-0.014722421567091946,-0.006693766739317984,0,1
-0.015058083718492836,-0.006934413174536362,0,1
-0.015759335683849057,-0.004708089869933178,0,1
-0.011973869623092345,-0.006078498437767382,0,1
-0.015974703431855218,-0.007074195131562254,0,1
-0.01495574133640575,-0.006628780042640453,0,1
-0.014772959628472675,-0.006889599692546902,0,1
-0.015280022241140157,-0.008657770287938894,0,1
-0.015500199117465583,-0.005763525612051944,0,1
-0.016576508545251563,-0.007386138950279729,0,1
-0.014910331707666247,-0.006276246222622034,0,1
-0.014085992934580505,-0.009838144972029766,0,1
-0.014886437113869198,-0.006853294172695911,0,1
-0.015674431165237025,-0.006493754590781121,0,1
-0.014478461372768705,-0.005605266019126156,0,1
-0.013551096328914288,-0.009546403465599129,0,1
-0.01418201783360857,-0.005658638628120066,0,1
-0.01529981501710846,-0.00298137580039553,0,1
-0.013655077069159572,-0.00672665277410298,0,1
-0.014803891587474409,-0.004350014714888394,0,1
-0.014221086580421234,-0.005655404307321165,0,1
-0.01590586175556996,-0.00618663469768231,0,1
-0.01259986981380385,-0.006379391855270361,0,1
-0.015621924458341785,-0.006009172786433586,0,1
-0.01559824466299487,-0.004508025598429064,0,1
-0.013751070165574858,-0.004588178741432339,0,1
-0.014990650173375943,-0.005626380975345934,0,1
-0.015486125682122773,-0.0064407769166506135,0,1
-0.01383288251907561,-0.004891026725838365,0,1
-0.014686092536748149,-0.005332163666869491,0,1
-0.014325829688282016,-0.0051087461113626135,0,1
-0.01626991944062548,-0.005395599731083243,0,1
-0.01403534180086383,-0.004366247659485289,0,1
-0.013827307390909828,-0.00761559257635145,0,1
-0.014400311499881285,-0.005080165722653346,0,1
