% Model,※磁场聚焦光电阴极模型（30纳米-毫米尺度）.mph
% Version,COMSOL 6.4.0.293
% Date,"May 9 2026, 18:30"
% Dimension,2
% Nodes,5000
% Expressions,2
% Description,庞加莱图
% cpl1x,cpl1y,Color,Radius
0.011925231152329184,0.013021257607691,0,1
0.00972422908782745,0.012792054117059776,0,1
0.010601757768140437,0.014674344174665099,0,1
0.010628652763128755,0.013979288804862502,0,1
0.010005182819030553,0.015616516077696511,0,1
0.01011691067831034,0.013677198303040731,0,1
0.014324650834009325,0.012169102013536767,0,1
0.011008397820178633,0.013950815300275346,0,1
0.010546654895432777,0.01257615546146459,0,1
0.011503725407938405,0.012143625432561396,0,1
0.010837959448497839,0.013652147978297438,0,1
0.01001360923855028,0.014802961025486616,0,1
0.011025715691546716,0.013271999031068696,0,1
0.009545768047629109,0.011306349245998616,0,1
0.010599464335000277,0.014542117607919803,0,1
0.01010502526397192,0.013083751764459693,0,1
0.012386213793526727,0.010820240996330747,0,1
0.01110617514536469,0.01226601165833841,0,1
0.013222296167410824,0.011830573872747325,0,1
0.01164332521989833,0.014290652572770884,0,1
0.011929422284222816,0.013383414993979551,0,1
0.014511024338814882,0.010935913637829814,0,1
0.01408033310632681,0.007030159418694417,0,1
0.014028441843008048,0.0077717781060331614,0,1
0.014373574138034811,0.008402759536362625,0,1
0.014521934720536665,0.011003491993726059,0,1
0.014470683366784079,0.009738639142504932,0,1
0.013768415852174573,0.005826554851993025,0,1
0.01475392382295353,0.007756384009669537,0,1
0.014694522298399104,0.008700884567258841,0,1
0.015282287940183317,0.01022495401540774,0,1
0.0146045817401336,0.007713695784912486,0,1
0.012540296971138103,0.00973607372986548,0,1
0.016471743796532417,0.00956318439975277,0,1
0.015174744228284173,0.009048622169510814,0,1
0.012703183581835762,0.008837339213980527,0,1
0.01520200704440406,0.007895718300171061,0,1
0.015828389355334167,0.009010770808511655,0,1
0.01666710358794868,0.008214992503816704,0,1
0.015640071718500112,0.008463619674232358,0,1
0.014043867509807911,0.0066273343464982384,0,1
0.015526220880708685,0.0067999765921050665,0,1
0.015319707075889638,0.009179981359275367,0,1
0.01555573256529638,0.007061721260301122,0,1
0.015422147071392067,0.007679722937326832,0,1
0.017965437502999306,0.007408662884593835,0,1
0.014582492756270478,0.01015465127898968,0,1
0.01157567462156447,0.013200273170524475,0,1
0.013882456895280159,0.009303113696126004,0,1
0.013375795218191834,0.013761495192598986,0,1
0.011568942454584246,0.010132884144049418,0,1
0.013456171309278408,0.010390679271397552,0,1
0.012587208748913432,0.009839865116548704,0,1
0.012991080768207153,0.009901655918899816,0,1
0.009394002881022155,0.009433893122720393,0,1
0.012157760106139176,0.007632515182294395,0,1
0.014318393953904109,0.010708984419753879,0,1
0.012454443131160179,0.011756364059180055,0,1
0.014401787505932379,0.010000890192207925,0,1
0.013163653832283049,0.009190716068551387,0,1
0.013235765283687565,0.010246562463006637,0,1
0.014405845743609563,0.010465607080050216,0,1
0.013457923530824303,0.01097433651706052,0,1
0.014178419545793526,0.011790549321745452,0,1
0.014541092934504946,0.012013994406971068,0,1
0.012106933657515046,0.011423378111262539,0,1
0.01160257897843897,0.011291999636736404,0,1
0.012124975533280026,0.011197183006554647,0,1
0.010921857182250519,0.010536881851009282,0,1
0.012588475749641316,0.012762383422341341,0,1
0.013079808650607726,0.012178571885358173,0,1
0.01254978270881942,0.011638622156260905,0,1
0.009047387735726197,0.013742337624358088,0,1
0.018035653796651594,0.004146895245766752,0,1
0.016728217016833306,0.0032749045777393402,0,1
0.01656068903969133,0.0015427857044975784,0,1
0.015726556545142028,0.0022401327408147586,0,1
0.01338010459940643,0.0049333428298269115,0,1
0.017113648848026783,0.003555728194525869,0,1
0.015931102597386986,0.0046451477843371365,0,1
0.015422925520909571,0.004439912483045993,0,1
0.01632156456441818,0.005725921021543007,0,1
0.016261890150967125,0.004010046529860636,0,1
0.016314678846625418,0.004015040360918775,0,1
0.014399105018935704,0.0047475609377729275,0,1
0.01517203718094469,0.005030725899354586,0,1
0.017241380539360363,0.0036706596029865723,0,1
0.015322660351973499,0.005944504043217014,0,1
0.01686500518867854,0.004176082020402644,0,1
0.016917147931065534,0.005981226461080577,0,1
0.01691311544444753,0.004069371351686207,0,1
0.015325017863119413,0.005171399461061711,0,1
0.017852987326041143,0.005025841839266709,0,1
0.01984080258068137,0.004664794408444267,0,1
0.016565676526142152,0.005955351745786749,0,1
0.01654207990849486,0.005816247745108289,0,1
0.01568084489662451,0.005956311217046999,0,1
0.013844177255696994,0.00624604436518129,0,1
0.01609974865456161,0.00557929128445657,0,1
0.015512963927043487,0.0073141094657826556,0,1
0.016409707409821013,0.006281016635752028,0,1
0.0159309472968492,8.574636510926255E-4,0,1
0.015425740998956309,0.0020149759489366155,0,1
0.016405074023785365,0.002479541281273518,0,1
0.016497599947208744,0.002211605251251123,0,1
0.0170773745394003,0.0030327141449741453,0,1
0.016363546320461025,0.00225667477283966,0,1
0.015581917428009346,7.332367845243148E-4,0,1
0.01675836839487319,0.0021595551793229606,0,1
0.01793151250851029,0.0020779977730831407,0,1
0.015135026879923146,0.002508398450542309,0,1
0.01585040950294997,0.00278956275424698,0,1
0.01715119980434543,0.0019396538776029757,0,1
0.01630586745379777,0.0013273133424015946,0,1
0.017145701994471754,0.0017238399422017504,0,1
0.015656932480954275,0.001517485079937724,0,1
0.01633251842196186,8.99453196173485E-4,0,1
0.01501316203103263,0.0019457230331252412,0,1
0.017822645865592325,0.0017160917210593551,0,1
0.01720567708202483,8.803544654543192E-4,0,1
0.017010678043685796,0.003031433496391193,0,1
0.016886678864546083,-4.225680172744987E-4,0,1
0.0163965594402187,0.0017122553466306745,0,1
0.01893721330102173,0.0038930438324776533,0,1
-0.010682495135980404,0.00885467821666517,0,1
-0.010429839345621124,0.008946173779406073,0,1
-0.0132561560954308,0.009932807010848947,0,1
-0.014032408468123678,0.009046083884098756,0,1
-0.013049733683518671,0.010461292971088262,0,1
-0.015072508667523217,0.0072577713908281195,0,1
-0.012439768985538445,0.011157334057683618,0,1
-0.014993555093616641,0.01177976424330522,0,1
-0.011956793538656207,0.009681767085048589,0,1
-0.012490493151915864,0.010424407200728701,0,1
-0.012890807127997988,0.011016248630752748,0,1
-0.011081859246068625,0.008597869481439393,0,1
-0.012322497668070313,0.009802059740350411,0,1
-0.01249122036527523,0.010686430809971096,0,1
-0.013720596306065983,0.010346578496299184,0,1
-0.012550633509866255,0.011437552397311116,0,1
-0.012371399496470184,0.010660566088191024,0,1
-0.010325602864896134,0.008966326678042444,0,1
-0.013806260266035679,0.011272698836831895,0,1
-0.011937205672256843,0.012371798961124164,0,1
-0.013744920728121793,0.012670251311193363,0,1
-0.010250618422852735,0.011469773650864882,0,1
-0.002957111369699957,0.014691900242599677,0,1
-0.004626447136217213,0.015479707979231618,0,1
-0.002282656192687906,0.016379796045681266,0,1
-0.004945500941048791,0.014433055954210816,0,1
-0.00437617219842542,0.013819492581196899,0,1
-0.0022065113909734597,0.017812499085997885,0,1
-0.0042127585558941645,0.016644880660492342,0,1
-0.004257459492097185,0.015266451132837798,0,1
-0.004419404389344826,0.015392853313357232,0,1
-0.006845758493978689,0.017680810350389268,0,1
-0.004564242334397274,0.01629865871100843,0,1
-0.005787677367746038,0.017991804955554733,0,1
-0.0044258557787924925,0.015378159044140305,0,1
-0.0038416907577351377,0.014785862152623274,0,1
-0.004647781722463146,0.015192502124071439,0,1
-0.004674164874960205,0.015922679541859882,0,1
-0.004592711628678525,0.017044348514976906,0,1
-0.004951487235449109,0.016045789348797027,0,1
-0.004892046568713117,0.01574383012305915,0,1
-0.004077863891146339,0.018310862195020365,0,1
-0.0014652954776119083,0.016637225146138267,0,1
-0.0035276748311917168,0.015439406577082366,0,1
-0.0048658680410089035,0.01630329148092318,0,1
-0.005413779501606166,0.013333974551170852,0,1
-0.004835046353578673,0.016726657892191077,0,1
-0.005153959899868597,0.015389183345621744,0,1
-0.005204063649663688,0.01721272309499664,0,1
-0.00598878744855098,0.016234160433042592,0,1
-0.0014353198577983766,0.015570116241646066,0,1
-0.0019295472758193689,0.015076053305648275,0,1
-0.00492913438757282,0.015248615177515556,0,1
-0.00186163062121637,0.01652934894036156,0,1
-0.0023452263153381702,0.017362471235573593,0,1
-0.001752212402466318,0.016129318380949404,0,1
-0.002045828657555735,0.016920887506934525,0,1
-0.0028699927761890094,0.014603306340217613,0,1
-0.001656923770356977,0.016759985943962472,0,1
-6.460908531824896E-4,0.017340134581506645,0,1
-0.0021695060767452853,0.01676538127245571,0,1
-0.003437550206488984,0.017386458420195847,0,1
0.0014252119358032513,0.014275450471137426,0,1
-0.0011021501074400474,0.01608727048916225,0,1
-0.0020896958456533723,0.017668479601410856,0,1
-0.001957147413735851,0.017288143959204468,0,1
-0.0017517448731620225,0.01761443501231739,0,1
-0.004027160477741362,0.015124034008022544,0,1
2.4827877982152744E-4,0.016863622639183225,0,1
-7.280878693856833E-4,0.016958563398509596,0,1
-0.0025202735058593427,0.015275915125787628,0,1
-9.43476244976911E-4,0.017755410110607262,0,1
-0.011986464865600448,0.01273947907894422,0,1
-0.011566327108072339,0.01382767057612315,0,1
-0.01039960327186355,0.009863312891115108,0,1
-0.011782231527033657,0.014717146551539466,0,1
-0.010574742183676867,0.014992011186163959,0,1
-0.011812917080760474,0.01263128183513299,0,1
-0.011639479517444037,0.013338889813735846,0,1
-0.010187643933405599,0.014746112594387396,0,1
-0.010153503605905787,0.01456907448929558,0,1
-0.010886137113537621,0.012541952568045753,0,1
-0.01084176540858368,0.012800706034282424,0,1
-0.009661810409362927,0.01324629230667507,0,1
-0.00992785444274196,0.014191529101703635,0,1
-0.008324899480527632,0.01108523605922531,0,1
-0.010423739686305479,0.013990879770027494,0,1
-0.009890389581576219,0.012207273580140867,0,1
-0.01179170112081933,0.011933185045757366,0,1
-0.011997541930246798,0.012395101768561137,0,1
-0.010250009028326937,0.01470267485983302,0,1
-0.011361792109929051,0.012045295318044925,0,1
-0.009409199013195707,0.012865883420704277,0,1
-0.0115470321043113,0.012984813157965075,0,1
-0.010148559049199452,0.012870234092910519,0,1
-0.008537383331831239,0.01414317176215278,0,1
-0.010941247742447379,0.01315938532645598,0,1
-0.010162904051728447,0.01175916345934621,0,1
-0.009610343129695421,0.012151013871233612,0,1
-0.009711556194571608,0.012290746187445648,0,1
-0.006513899394957782,0.013671679990271225,0,1
-0.008501869763772936,0.014054216161480584,0,1
-0.006243714110315032,0.011426748812584509,0,1
-0.008980500619064037,0.014728691634000696,0,1
-0.010657449102766803,0.01577775614648501,0,1
-0.0062321059864845155,0.01457647855434552,0,1
-0.00790813037230869,0.014007880014056256,0,1
-0.007807147757924041,0.017378670609517737,0,1
-0.008121798474643978,0.015257553449844623,0,1
-0.007125731315177299,0.014625778394740958,0,1
-0.008144204340578632,0.014790393734774518,0,1
-0.008365261173583301,0.01504713087564644,0,1
-0.008950866589273592,0.015216444012212992,0,1
-0.005444117781932518,0.015588204336623493,0,1
-0.007859381493728035,0.015217663082924203,0,1
-0.008663155167805895,0.01531541491554326,0,1
-0.00718766215375404,0.014739130399839715,0,1
-0.009153804664273898,0.01511993161464794,0,1
-0.008134666475156494,0.016104248903934238,0,1
-0.007295421249721326,0.015685122792601498,0,1
-0.008598281398441581,0.016170941389009964,0,1
-0.007245343449785483,0.016546748354798392,0,1
-0.007619516428845093,0.014871970857545089,0,1
-0.006578228425707598,0.015522721863994986,0,1
0.010774715621702874,0.014170283001641016,0,1
0.007973708371328665,0.012817528032606723,0,1
0.009016673421756159,0.01404587705259204,0,1
0.0071975338227202425,0.012851706144001674,0,1
0.007599936472536872,0.013209686880853957,0,1
0.0060312997775340054,0.01598047937241162,0,1
0.008325161568296002,0.013977455337874914,0,1
0.010245058561793426,0.013569548521547754,0,1
0.006811993452413988,0.01325099863784593,0,1
0.008831897208246802,0.016017515046016294,0,1
0.006420284090763445,0.014725118880184589,0,1
0.005519044111432625,0.015609156458835585,0,1
0.0085805735612223,0.014682819882489387,0,1
0.0090684360426266,0.014844050876591972,0,1
0.007844868313016957,0.01607928497376654,0,1
0.007154104322273586,0.014152028980687457,0,1
0.007305510615955003,0.015490093438898117,0,1
0.007631535694950545,0.015403815947438684,0,1
0.007970630025670203,0.01628971919684005,0,1
0.006187295205699982,0.013051923199570454,0,1
0.008588832374698976,0.01520544933634886,0,1
0.008079763139859178,0.015751540688300727,0,1
0.007446877396843056,0.013687225370577968,0,1
0.007474715134455702,0.015491329094264985,0,1
0.009385783440359317,0.015421859408797678,0,1
0.006361866040385479,0.01896900073246129,0,1
0.008061085325670328,0.012184487750458009,0,1
0.007541507858656649,0.015136443049984728,0,1
0.0025256991863990596,0.01745777493028878,0,1
0.003286480863626195,0.0170911086601344,0,1
0.0026453792076108528,0.0164594443703541,0,1
0.0027849867001169927,0.015920068238470666,0,1
0.00252413455241438,0.015791247213118507,0,1
0.00348893046314207,0.018454296342657127,0,1
0.005519774399496882,0.018304794908680474,0,1
0.0011103195744021712,0.015987416353111662,0,1
0.0023038626217229178,0.01321135233213106,0,1
0.0028764432930687405,0.01801731603570981,0,1
0.0027534153453303407,0.01876351169832604,0,1
0.005100853922988825,0.015014104571085572,0,1
-8.758641316905923E-4,0.016884996720810452,0,1
0.0022721651339084477,0.017754897585108544,0,1
0.0014215836295742939,0.016828210865842682,0,1
0.0019550907853676243,0.01627004854693304,0,1
0.0012164696886710752,0.016134409531898094,0,1
0.0025483133150992305,0.01737711477810665,0,1
0.0014776876081554105,0.01617715801506081,0,1
2.403653571045004E-4,0.01550790771398786,0,1
0.0042196947747761854,0.017972655048232516,0,1
2.9633905594056567E-4,0.015508026710106251,0,1
0.0014310023671604373,0.017677227017880267,0,1
0.0010975788145522578,0.017220012305399955,0,1
0.001411352787146403,0.015576306405155586,0,1
0.003744820480603597,0.01641403288238545,0,1
0.001193977112298568,0.018414867496010838,0,1
-5.421689076674193E-4,0.017138146687499613,0,1
-6.900645809079557E-4,0.01791928091476043,0,1
0.00456797556789003,0.014708243206664128,0,1
0.004081704286124022,0.016066876301886024,0,1
0.005745830494606937,0.016432632407308925,0,1
0.005327657919023204,0.016874651104345398,0,1
0.004217859053588623,0.01711467642387228,0,1
0.005354861984989052,0.015951667375685045,0,1
0.003943047457989906,0.015784793383593156,0,1
0.003283966829527829,0.01658748952050875,0,1
0.005691202856489423,0.014015894122626748,0,1
0.004847766627541642,0.01897889016715301,0,1
0.0031350276345005336,0.016628562999130406,0,1
0.00451785503230126,0.015498862201313133,0,1
0.003951438519171081,0.016663770334002813,0,1
0.005504409935610252,0.017529126945445363,0,1
0.005968840982722549,0.014932345600210338,0,1
0.005476787751194636,0.016020400113760453,0,1
0.006115298638830562,0.015681300057094213,0,1
0.006355718320165876,0.016635822303281794,0,1
0.006200125923224404,0.015717397436999785,0,1
0.00620761005528365,0.017640890519198114,0,1
0.0062946806107155185,0.01571506654947621,0,1
-0.016845148343155265,-0.002186081865884459,0,1
-0.014758810177959183,-0.0010264607827377458,0,1
-0.01736878236406327,-9.677541016600193E-4,0,1
-0.016463511318715728,-0.002388243802673628,0,1
-0.01630589972064753,-0.002533845969801391,0,1
-0.017416135856443013,-2.4068799823147045E-4,0,1
-0.017042224841599417,-0.002222620276479404,0,1
-0.016158509602298143,-0.0019687180802863903,0,1
-0.01521587641273586,-0.0020237618314258897,0,1
-0.01618357267110707,-0.002943292211026893,0,1
-0.019907846882065407,-0.0029428907263916305,0,1
-0.016045514021194248,-0.003664689459387386,0,1
-0.017296309712518027,-0.0024631495797879047,0,1
-0.016031012108799408,1.3571057619097277E-4,0,1
-0.01734747563166683,-0.0019042931235176519,0,1
-0.018798605572131335,-0.0010564654070974668,0,1
-0.017405421342166952,-0.0012738605966563128,0,1
-0.01878075699120331,-0.0013986858290387857,0,1
-0.018154136829023906,-4.889084421210337E-5,0,1
-0.017571306909111163,-6.688562226738001E-4,0,1
-0.015294594994239474,0.007354470727613791,0,1
-0.014908525317243553,0.006766688597816039,0,1
-0.01503282030871352,0.006707220416422175,0,1
-0.01588422074639168,0.009365821948084451,0,1
-0.014796003447218877,0.009695087087251648,0,1
-0.014949900352145934,0.006408766478975953,0,1
-0.016442247371426615,0.008348189958295109,0,1
-0.014273411662549836,0.009020887647533416,0,1
-0.015460899194454604,0.009423269093263577,0,1
-0.012856238169568934,0.005045641969817979,0,1
-0.01550010893667113,0.007277908370504948,0,1
-0.014682192918789519,0.008352889293456154,0,1
-0.013743965588166339,0.009483587911983749,0,1
-0.015407364446573228,0.007243470056356623,0,1
-0.014574334835414681,0.01080734828540078,0,1
-0.014454601119404059,0.008436794452522621,0,1
-0.015472363102021384,0.008364015191829388,0,1
-0.016002008041194043,0.007413249266414371,0,1
-0.015608332025016323,0.009212163260083122,0,1
-0.013615122424203705,0.0034778597298767964,0,1
-0.013455948691801358,0.007200471915400805,0,1
-0.0132150488108567,0.006887139928189227,0,1
-0.01476103170192902,0.00791812836674684,0,1
-0.014021510079132056,0.009276685483638102,0,1
-0.014229484919357573,0.007712062448988308,0,1
-0.012495727989662824,0.007338749066231865,0,1
-0.01487954065808572,0.007239173258116151,0,1
-0.013817564872634885,0.006562905305771774,0,1
-0.01519395436167268,0.004612341328515372,0,1
-0.015538333209365178,0.005007018878431742,0,1
-0.016621234178277648,0.004086290965546938,0,1
-0.017039018333313144,0.005433628513358335,0,1
-0.01784745782074906,0.007542896553825352,0,1
-0.017645059747680044,0.005856059928385421,0,1
-0.01788140198257566,0.004292471873787426,0,1
-0.01701174624264235,0.002747867618139251,0,1
-0.013554707338089245,0.0028300607646781256,0,1
-0.016971030122830043,0.004651579903015711,0,1
-0.01744009682830043,0.004034026118086389,0,1
-0.016187819892106253,0.007058655031558209,0,1
-0.017378963090642508,0.005547624152352556,0,1
-0.01670546485580983,0.006149877673301984,0,1
-0.017599678317558,0.006484041619524087,0,1
-0.01712554464348809,0.005167252686292349,0,1
-0.01452626729368213,0.0028995402033197837,0,1
-0.015582714496843808,0.006242900751459291,0,1
-0.016519043186914988,0.006333308401858827,0,1
-0.016747483677789245,0.006590174815400637,0,1
-0.016822621279193553,3.4108478046831667E-4,0,1
-0.018299188559293723,3.504595176017028E-4,0,1
-0.018842028407929097,0.0015607936992072416,0,1
-0.017586717116325503,0.001998689091267862,0,1
-0.017329723361592195,0.0032083599624500537,0,1
-0.01716563626611706,-2.412889641446524E-4,0,1
-0.01741080083030938,8.865424608663812E-4,0,1
-0.01798157357624579,0.0032684278060116324,0,1
-0.01740597569221405,0.0033699748054741075,0,1
-0.01826006110374676,0.0016004526037740566,0,1
-0.017328204218706386,0.0012961341507415451,0,1
-0.017296921552691535,0.0031747980495468427,0,1
-0.0161992494345944,0.0033914762105704196,0,1
-0.017472285858464796,-2.8568133293333176E-4,0,1
-0.0165715661199563,0.0018268064981195342,0,1
-0.01697770179234545,0.002523730367898586,0,1
-0.016755352949406808,2.6245276500469754E-4,0,1
-0.015331002095448465,0.0015293547927991244,0,1
-0.017656887987899227,0.0025072613847024992,0,1
-0.016404670216791113,0.0015731834185304058,0,1
-0.016533199926202044,0.0030772175644918,0,1
-0.016177263507577908,9.779897449764647E-4,0,1
-0.01644978990688531,0.001593459300357685,0,1
-0.015828596132146443,0.002058730801816851,0,1
-0.015265132545882857,0.00429279256181825,0,1
-0.014680746817527377,0.003354948223988768,0,1
-0.013936556134209684,9.795934942052693E-4,0,1
-0.01595935908015732,0.0017909501450483467,0,1
-0.009976032864000913,-0.015228837136081638,0,1
-0.009265479025556462,-0.014624652927999275,0,1
-0.008729583278570464,-0.01442750999306367,0,1
-0.007797983484032027,-0.013869843691294678,0,1
-0.0069378207020385045,-0.012617875979944326,0,1
-0.011952084807381217,-0.015657358410565394,0,1
-0.008385095621206535,-0.01445904214305179,0,1
-0.006549999054424531,-0.011114745811384883,0,1
-0.006842700651305791,-0.012707109684792911,0,1
-0.007675244783329536,-0.01273857622485247,0,1
-0.008050922321353127,-0.012677761115293515,0,1
-0.008113206702444448,-0.013304842369271073,0,1
-0.009306351854295373,-0.01639596785894199,0,1
-0.00930459143499507,-0.014556506324580562,0,1
-0.007223287689137312,-0.014110539817901164,0,1
-0.00786655308276504,-0.015370819539787625,0,1
-0.008187647301836744,-0.0141383281823948,0,1
-0.008016749848428272,-0.0148021511489339,0,1
-0.005008752017427754,-0.017052939746239778,0,1
-0.007997877090321627,-0.016642119251067743,0,1
-0.006960160173977786,-0.01374625955036319,0,1
-0.007718932185544922,-0.015592156256542948,0,1
-0.007743670151730162,-0.01635111732450232,0,1
-0.007732021403384667,-0.015768637148241973,0,1
-0.007820683359138674,-0.016089292905647513,0,1
-0.006830056230947146,-0.015897704146498246,0,1
-0.007188128408138764,-0.0151476057765317,0,1
-0.004636191529752167,-0.0147811874309446,0,1
-0.00439721758422755,-0.015367855426939558,0,1
-0.0036307586578222073,-0.016501597728069334,0,1
-0.004787078669060782,-0.014293519415895977,0,1
-0.003618053785219856,-0.017520720853844575,0,1
-0.00518944656132197,-0.015012965178924807,0,1
-0.002971814932469757,-0.012792074392777962,0,1
-0.004365591720013488,-0.01658078867763143,0,1
-0.00456746413086323,-0.017188563528362365,0,1
-0.007463501432429584,-0.01721193676840418,0,1
-0.0053952717343694065,-0.013446649188887844,0,1
-0.004378614844021019,-0.016445558312088906,0,1
-0.004827663270967017,-0.017170214875609408,0,1
-0.005220172789304182,-0.015373534381433766,0,1
-0.0048401052671629,-0.017021209003721605,0,1
-0.006795121811761746,-0.015855875382790256,0,1
-0.0051073566775310195,-0.016235303295245695,0,1
-0.005128562135007331,-0.017031280291650065,0,1
-0.005041063518962374,-0.015818351423473386,0,1
-0.00651490072017152,-0.017066806130449617,0,1
-0.006412655798314186,-0.015226124756460561,0,1
-0.009057205749753694,-0.016229888605262005,0,1
-0.006032707128284957,-0.016399431323474285,0,1
-0.003142680947526382,-0.016392535967146543,0,1
-0.0017986774227737343,-0.0162612142547546,0,1
-0.00464323566197104,-0.01770312956223072,0,1
-0.006143156208892884,-0.01596773242346994,0,1
-5.803785188154935E-4,-0.014703108542026352,0,1
-0.0036176596898110573,-0.017569065663086674,0,1
-0.002252758655328023,-0.014130302387212891,0,1
-0.0011800813750323092,-0.015843375334761708,0,1
-0.002437259378141115,-0.014892340720502783,0,1
-0.0029978564023826646,-0.017785341573275548,0,1
-0.0022496756163096817,-0.01663728909114382,0,1
-0.0017776903508040153,-0.01606719574330817,0,1
-5.11707188397344E-4,-0.014744018278182629,0,1
-0.0014142564745723968,-0.018922423274297023,0,1
-0.0034578921246210645,-0.015905656988291498,0,1
-0.0012942010185862615,-0.017649866216807565,0,1
-0.002215658291705083,-0.018418189553544368,0,1
-0.0021519608760777135,-0.01601676162217035,0,1
-7.548579961632139E-4,-0.01611584803269325,0,1
-0.0015332622929699444,-0.01634102943491789,0,1
-0.0016763621409100003,-0.01846351014984775,0,1
-0.002214068697950667,-0.016807013212567768,0,1
-0.0016999587829652195,-0.01754107049256255,0,1
-9.576633851331396E-5,-0.018123497463004717,0,1
-0.0014898513844541729,-0.018532562271948667,0,1
-0.0010215453547030885,-0.01765031179908504,0,1
-4.8633933670780467E-4,-0.015125415152656802,0,1
-9.966134412526461E-4,-0.016521766980475167,0,1
-0.014581924151843716,-0.009967817869690851,0,1
-0.014999282561618811,-0.010806228311681121,0,1
-0.013484626658608759,-0.009918425991216204,0,1
-0.009587242740306623,-0.011941610414331547,0,1
-0.012586348336163513,-0.00859678559805203,0,1
-0.013988140755912282,-0.010093134229686229,0,1
-0.013177746645923862,-0.01071363911786023,0,1
-0.012476698314786837,-0.009772486086743023,0,1
-0.012475855201089275,-0.00950103743744813,0,1
-0.013733332486379117,-0.01383322606694005,0,1
-0.01284606456613262,-0.010856325024458869,0,1
-0.010036559364414813,-0.009009126151983167,0,1
-0.014140930246845455,-0.009934968986974314,0,1
-0.012552955404414687,-0.010587696713259799,0,1
-0.011361080523297921,-0.010211425821157008,0,1
-0.016091759142828378,-0.008956850278210093,0,1
-0.014297500182423784,-0.010567029384084815,0,1
-0.014808019091785744,-0.009836122540596348,0,1
-0.013691534459983385,-0.011324184766838729,0,1
-0.013545018265815136,-0.010585470098382769,0,1
-0.012130501692645627,-0.01108819135433403,0,1
-0.01227987685218781,-0.011142541483183924,0,1
-0.01242646926217224,-0.013561700328876844,0,1
-0.013149136621468828,-0.0121479382430889,0,1
-0.01344628124590421,-0.013200559840360069,0,1
-0.01253094030706768,-0.011741515558961328,0,1
-0.010760734222591358,-0.010297684205625919,0,1
-0.008349894563083693,-0.012507193343260559,0,1
-0.0091584065348414,-0.011251741316360303,0,1
-0.009693125891772634,-0.01390445202915207,0,1
-0.007118811107851829,-0.016610502707558213,0,1
-0.01025942972894346,-0.012410824327562317,0,1
-0.01001638965802039,-0.013188906633358947,0,1
-0.01155351652139425,-0.01620171188857216,0,1
-0.010682139713555437,-0.014290591482967343,0,1
-0.01087333635476132,-0.014045044729518822,0,1
-0.009468810305367337,-0.012807253497484176,0,1
-0.010702067159751302,-0.014156427483479934,0,1
-0.00959277453134576,-0.013212668648928075,0,1
-0.010781078278168712,-0.014107236052875626,0,1
-0.01111938757505199,-0.01253896012450672,0,1
-0.01222038863535458,-0.01258267718167692,0,1
-0.009206902110234444,-0.017034941423358367,0,1
-0.011034208654333503,-0.01332051427287875,0,1
-0.010771773648211441,-0.015535019831414082,0,1
-0.010929736776692912,-0.014773691556677888,0,1
-0.009540938756586728,-0.013701081004545677,0,1
0.005371153707448063,-0.012465441824914665,0,1
0.008746364337372189,-0.013183004396598948,0,1
0.008591775829934799,-0.013193696561400878,0,1
0.00800683955707661,-0.013348095345725626,0,1
0.008848785650604814,-0.015907495472537732,0,1
0.00893394844335255,-0.014604512941911837,0,1
0.00759308777958579,-0.013959486186586822,0,1
0.0075939500934049066,-0.01407343331872716,0,1
0.008254595984217407,-0.013929966465155048,0,1
0.0076609237183262995,-0.014808419676455018,0,1
0.007642001924919139,-0.015587853187864625,0,1
0.009270751777997825,-0.01432117859217151,0,1
0.008925431785008289,-0.015050276138280147,0,1
0.007562931173230396,-0.014641676512976444,0,1
0.007896962148414271,-0.015047209123478665,0,1
0.008278982431123233,-0.016463634506111005,0,1
0.00776286741977752,-0.015064599158189905,0,1
0.0070745694163085815,-0.01510492108142097,0,1
0.009729117690147936,-0.015434356336669229,0,1
0.0075880035988858665,-0.016117035527391868,0,1
0.007994654174720816,-0.01685644184185559,0,1
0.006213176270958242,-0.015594626993098853,0,1
0.007754731339576689,-0.01592856281666679,0,1
0.006040086399989711,-0.017780894165465997,0,1
0.0012235353112909318,-0.015309228997543766,0,1
0.001733907168318307,-0.018063768359487708,0,1
0.003082686345450045,-0.01713878871590708,0,1
0.0013290492334502475,-0.016577097215447062,0,1
0.0038116654602256984,-0.017451940494022475,0,1
0.0011146240092127747,-0.015567200481174742,0,1
0.0022385206199432707,-0.01802424736556656,0,1
0.00410232973788786,-0.018112826901848185,0,1
0.0020700088120457795,-0.016305172057257757,0,1
0.0012430212014901791,-0.015951634868856576,0,1
0.0014783137277859539,-0.016383304608002695,0,1
0.002620184812070915,-0.018872921962081426,0,1
0.0010069008379627127,-0.016364067671473144,0,1
0.002453208740635618,-0.016013900037046596,0,1
0.0010050614852234164,-0.01756321956356896,0,1
8.508215764596119E-4,-0.016930632725420443,0,1
0.001915587014186774,-0.017274357959482557,0,1
0.00218378857597988,-0.01653050355170656,0,1
0.001567848181846556,-0.017478711435868113,0,1
0.002649554011998794,-0.017378223842406854,0,1
5.227663100487559E-4,-0.017283062898942696,0,1
8.504157739538973E-4,-0.01738332476231203,0,1
3.9647875133300966E-4,-0.017951845914536142,0,1
0.0028283914479767967,-0.017071313852252207,0,1
0.0035081168239724037,-0.016044864016424982,0,1
0.004046426916547951,-0.016595287886274946,0,1
0.004112466233185709,-0.01575203726966276,0,1
0.003680838055662826,-0.013444415898922561,0,1
0.004017947399889878,-0.017235533986410687,0,1
0.0064788335957399745,-0.017543921143563977,0,1
0.005541257008862941,-0.014373202728892651,0,1
0.0044921040221574835,-0.014623426869300717,0,1
0.0017976395939305878,-0.017531393030185888,0,1
0.0046916498171038976,-0.01714862808878988,0,1
0.004705686913094283,-0.015283571369547649,0,1
0.0035129384954898125,-0.013374323960996646,0,1
0.0024154027415080586,-0.018470581715328643,0,1
0.005043004321858556,-0.014536433380576934,0,1
0.0050513548276912,-0.016005760916938123,0,1
0.0050872055597811355,-0.01708989031822996,0,1
0.005031821766746057,-0.016806610737706937,0,1
0.0046678016154625655,-0.015831864260476183,0,1
0.0047742078840825215,-0.016886127519228265,0,1
0.005035101723720026,-0.016151407788404046,0,1
0.00496216931015541,-0.016877169007348883,0,1
0.007056625459846555,-0.015946889949332806,0,1
0.005419853795444371,-0.01610724780507978,0,1
0.008410971856971346,-0.017792001455249406,0,1
0.005038450857281989,-0.016514904939339676,0,1
0.006564112597077109,-0.016405342150537825,0,1
0.007087496085777816,-0.016157927295272323,0,1
0.018367465028037076,-0.006065354059851541,0,1
0.015825651566562224,-0.0033814059284889226,0,1
0.016149969889293014,-0.00351752262903307,0,1
0.016360732204372626,-0.007947207482584215,0,1
0.014485639871838395,-0.0018117633256900247,0,1
0.01620069956522033,-0.003892845832913137,0,1
0.01492606258130738,-0.00538440623106407,0,1
0.018451640707181804,-0.0014439968679204468,0,1
0.014996824583097689,-0.00484032615879471,0,1
0.01834926801373007,-0.0030095699070245042,0,1
0.01653214856473122,-0.004759216912797726,0,1
0.018703666883164615,-0.0050508171392085145,0,1
0.01682947415115719,-0.005084829029372326,0,1
0.014022652746053497,-0.006013515117710132,0,1
0.015292042886963515,-0.0050116364523215265,0,1
0.0181324448489918,-0.004723982523177296,0,1
0.01618997120591832,-0.004798747553132346,0,1
0.017005301968131253,-0.005458997815425877,0,1
0.01743575882167852,-0.006976118525204042,0,1
0.016570460004214454,-0.006038377967015305,0,1
0.016117547872738,-0.005516141176602273,0,1
0.017451696893960252,-0.00373341477252592,0,1
0.014093522505968393,-0.0029145150206976375,0,1
0.016393920620657924,-0.003124250244135161,0,1
0.015225981280464934,-0.002164541663327276,0,1
0.01383114704136937,-0.0016266686711861023,0,1
0.017265297306922084,-0.0033778481424224056,0,1
0.017143320193829695,-0.001754176556067679,0,1
0.015954194197166937,-0.001895377375317661,0,1
0.01635344080297424,-0.0035796994853757305,0,1
0.01737851460322812,-0.0016257556175828332,0,1
0.017490133378209708,-0.001976672162071186,0,1
0.016313819596885788,-0.0018347357601099768,0,1
0.0177803063894246,-0.0015339755489293787,0,1
0.016772387274092384,-0.002220618890195528,0,1
0.016159947722429537,-0.003096689725592934,0,1
0.016680869878555507,-0.0012625216427292973,0,1
0.016941662225220262,-0.0017408571601887168,0,1
0.01661023239838364,-0.0012373389259542154,0,1
0.01914820912973185,-0.001635613763376,0,1
0.01634457684700003,-0.0021734200720726713,0,1
0.018057619643457368,-4.067831099317584E-4,0,1
0.01682635002868192,-0.0013403015538567976,0,1
0.01678608157850674,-0.0011126711832458865,0,1
0.017623032279206214,-0.0014027539755589293,0,1
0.01776929916768531,-8.80753713603749E-4,0,1
0.01719839964936067,-0.001692422728354462,0,1
0.01581836804613459,9.005065833981433E-4,0,1
0.01667370514347219,-0.007201345371265769,0,1
0.015872226796854145,-0.007385200221754768,0,1
0.015210068718152447,-0.007533176674695354,0,1
0.01495663129659147,-0.009439884984998984,0,1
0.014530126296601217,-0.009752394786184736,0,1
0.01691627960502881,-0.00734595607519515,0,1
0.015627764948153777,-0.008109757321223272,0,1
0.015291772943395053,-0.011025482276241606,0,1
0.015895094870848718,-0.010107549879862794,0,1
0.018655234142539643,-0.006755963745777898,0,1
0.016047276026875383,-0.008892472631114737,0,1
0.014919764751569291,-0.00822743508983548,0,1
0.015690196816158963,-0.007833615048013139,0,1
0.015920845298941277,-0.007867177775432001,0,1
0.014439374256912873,-0.009483450303492359,0,1
0.015761107101391225,-0.00823450987756429,0,1
0.014790403216594793,-0.00811992859657631,0,1
0.012386475541826822,-0.006938684300165867,0,1
0.014732812199546192,-0.0072132746456893505,0,1
0.013745261503823438,-0.008397972048631764,0,1
0.012673547784308386,-0.007993144786373719,0,1
0.013874313130183658,-0.006854284694595054,0,1
0.016354051721842004,-0.00920274090788614,0,1
0.015337707964292714,-0.00637067484992753,0,1
0.01440256841611624,-0.00684865777742403,0,1
0.013403284223509795,-0.007687326497782499,0,1
0.013531290329291764,-0.009276218422521356,0,1
0.01044755721797265,-0.014603319717243504,0,1
0.010333503241064287,-0.014246835961356572,0,1
0.009639719334192857,-0.013533766737046019,0,1
0.010717475992867325,-0.012705964489707906,0,1
0.009091212785177423,-0.010986594790243604,0,1
0.0056388156145543615,-0.0132289710455889,0,1
0.008302491132984193,-0.0157423356674055,0,1
0.010583088829994425,-0.012282010159836133,0,1
0.009754781492891043,-0.012093213489091858,0,1
0.009390851441404469,-0.011600461395759726,0,1
0.009800617150208829,-0.01147039143230903,0,1
0.010635685436235455,-0.013651383960832502,0,1
0.012796899671551515,-0.01472296652778053,0,1
0.009792638129359597,-0.011899697133576649,0,1
0.01028852205730839,-0.012986657589943733,0,1
0.01030744828529887,-0.013815142254372128,0,1
0.011510934355105317,-0.012531639080911108,0,1
0.009442744963740916,-0.013188055789145127,0,1
0.008934858397646567,-0.01588836643019036,0,1
0.011136190393452256,-0.01002596401212565,0,1
0.010472149374201989,-0.012179622455216003,0,1
0.01120800382849689,-0.013488129518171727,0,1
0.010274540172683554,-0.013311130054279086,0,1
0.012228168815161278,-0.009171356070117485,0,1
0.010539655731949704,-0.011804588929146535,0,1
0.01030029051022555,-0.012279711044291198,0,1
0.010637659038822446,-0.01224788918875141,0,1
0.012809063643309847,-0.013317279187479717,0,1
0.01193808149925063,-0.01347098327205914,0,1
0.01165699547213301,-0.013356770914513278,0,1
0.01303478642729177,-0.011585114168422478,0,1
0.012006977876784349,-0.012122298027922465,0,1
0.012754979895814127,-0.012051623756491771,0,1
0.011217948252881199,-0.0112768295097234,0,1
0.011740521716759931,-0.010248109568412088,0,1
0.011377292707972437,-0.00975467315413133,0,1
0.011837936155035046,-0.01108278219715925,0,1
0.011507710148343342,-0.009242573749579317,0,1
0.012477546578460732,-0.010325561803379369,0,1
0.012296107073060863,-0.01018745405133372,0,1
0.010722975503871749,-0.009959769427475377,0,1
0.013112211756705468,-0.011195250744182327,0,1
0.012512768494127729,-0.00952417234714012,0,1
0.011723116127751239,-0.011416292998226394,0,1
0.00989705679587404,-0.011579225076528291,0,1
0.013146731560653463,-0.012947653820453613,0,1
0.013113799984387681,-0.011782871090041658,0,1
0.012007597613550337,-0.010772691865986365,0,1
0.01415812085519992,-0.00885523524212733,0,1
0.012428254114753874,-0.012094117484184298,0,1
0.014131005148783826,-0.010134517987033537,0,1
0.013905647778409155,-0.012452328141693272,0,1
0.010138152336720399,-0.008881467681058361,0,1
0.012814962199243784,-0.013380217212551395,0,1
0.015607626624926724,-0.008877105399924815,0,1
0.013766531066951571,-0.010103739852589777,0,1
0.01427741169583405,-0.011391148040925326,0,1
0.016368651632651277,-0.008605438261342375,0,1
0.013129636389696756,-0.009154493498598485,0,1
0.01412465043831169,-0.010627804133010416,0,1
0.014651422485024332,-0.009631361898721444,0,1
-0.017342208552474012,-0.003984750127471495,0,1
-0.01621336282436658,-0.003852972024613104,0,1
-0.017724579099554466,-0.003982298628537749,0,1
-0.015973706210203654,-0.004763416332180145,0,1
-0.014970503128951401,-0.003439784644487257,0,1
-0.019619371294836922,-0.002447662609443694,0,1
-0.016139054990388087,-0.003800738491650011,0,1
-0.015613702611639158,-0.0045988977934748095,0,1
-0.015492897848966269,-0.004445938970308419,0,1
-0.01928291151443969,-0.00417677844202323,0,1
-0.01646328741588931,-0.0034270348988492193,0,1
-0.016028442026497305,-0.005058411985149684,0,1
-0.016917959584043952,-0.004285736855659629,0,1
-0.016569748485635097,-0.0045922924484820575,0,1
-0.015521274780224015,-0.005183485447594678,0,1
-0.021071213681108862,-0.004050156041792658,0,1
-0.01492492726670163,-0.004598481044845056,0,1
-0.01598750834282241,-0.005003960831861107,0,1
-0.0174632919762748,-0.0041655110729200235,0,1
-0.016147355503403852,-0.006555564206868099,0,1
-0.015388498578986349,-0.004638729113136568,0,1
-0.017306487067610638,-0.004666535485013787,0,1
-0.015781943825252137,-0.00615016281376839,0,1
-0.016292247644526404,-0.005954728521546066,0,1
-0.017615697570536753,-0.005060392355913121,0,1
-0.015906722210899567,-0.006483915543148155,0,1
-0.01762090082625825,-0.006426653807916469,0,1
-0.013892631068108067,-0.007254463142629124,0,1
-0.011977787436683839,-0.009082042160459094,0,1
-0.015150290053099725,-0.008852540403674683,0,1
-0.015512361351120439,-0.008113556596894063,0,1
-0.01443968874737194,-0.008342343181604291,0,1
-0.013303150144645297,-0.009037297458620964,0,1
-0.01741653992730916,-0.008204323275202367,0,1
-0.01499604544528286,-0.009208432524172722,0,1
-0.01439199219237937,-0.008433770448031421,0,1
-0.014945093388900873,-0.008145134235962205,0,1
-0.016108262976765337,-0.00950624824781844,0,1
-0.014522543127264378,-0.007756105468167124,0,1
-0.017266722105926384,-0.01121640586643181,0,1
-0.013408532255128157,-0.008549537142872318,0,1
-0.015207560612114706,-0.007371205309280494,0,1
-0.014833902266753306,-0.008704864508527954,0,1
-0.013108205486737084,-0.006352864306381798,0,1
-0.01710574906711731,-0.0077220319114836575,0,1
-0.014681010596478427,-0.0064461188601214895,0,1
-0.016107352189488503,-0.0070114868678182824,0,1
0.008410899794292338,0.012922229011078932,0,1
0.011039593481612152,0.010764293520362093,0,1
0.012012092148467794,0.012558837258457384,0,1
0.012868495112624483,0.013627591254211625,0,1
0.011921066835685296,0.012952434393060588,0,1
0.01081252137689431,0.011467917226749454,0,1
0.008225779128427455,0.011576303796382187,0,1
0.010668937535214217,0.014013879769416402,0,1
0.010380521154003253,0.01046834961502921,0,1
0.01040182637674285,0.010136000864050657,0,1
0.011520230349757339,0.01129722772632459,0,1
0.011539305654462552,0.011266952844286483,0,1
0.01168287277754917,0.010959694978809888,0,1
0.011974241110532843,0.01039582805635071,0,1
0.01105498379028597,0.010939200244274123,0,1
0.012271387699671834,0.010644510135864314,0,1
0.01104673039480981,0.01051620900102545,0,1
0.012607939471828275,0.012889294952342423,0,1
0.0112126404523169,0.010223277264477781,0,1
0.013959373370178807,0.010101616626956859,0,1
0.010927508112585057,0.00939097040630379,0,1
0.013710255944970282,0.008184694422261761,0,1
0.014545908546709622,0.006148902080283152,0,1
0.01284740474440066,0.00809565854191217,0,1
0.012263702457061031,0.008771655297761805,0,1
0.012861682193551065,0.011443737107187456,0,1
0.013415945166559518,0.008039031057810916,0,1
0.012601766614200467,0.009259081004012784,0,1
0.012561433761981823,0.009295812616266119,0,1
0.011909244965221579,0.009505213381749877,0,1
0.013951676662022265,0.007703718288226069,0,1
0.012148539815004245,0.008450921157683252,0,1
0.013015605801385251,0.008789772600148491,0,1
0.009834032960435456,0.01065618255313741,0,1
0.014589832860546338,0.008160491157534358,0,1
0.013245154935319976,0.008709604789609233,0,1
0.013089402566774032,0.00905571966091955,0,1
0.014005232654617977,0.008067603053521133,0,1
0.013762408175429123,0.0087213897903919,0,1
0.014487512981648224,0.01013837663708975,0,1
0.01613695197448299,0.007461991277623934,0,1
0.013838896632949372,0.009047992453508267,0,1
0.014631048910070313,0.009314189215029146,0,1
0.01436629534290307,0.009611590011607054,0,1
0.013951532821881073,0.009232566501632658,0,1
0.014105165494017696,0.007206284365966738,0,1
0.014290452891734721,0.006851243447400047,0,1
0.015164669888027308,0.006816163879883748,0,1
0.015621810100078707,0.005470290674948619,0,1
0.016327053346245367,0.005050671831195562,0,1
0.014278835008846523,0.007611452554312877,0,1
0.014823460915935878,0.006370300218955014,0,1
0.015033422399080074,0.00547354413920349,0,1
0.01279976601438356,0.00682399435875906,0,1
0.01476686836432888,0.006558663538873055,0,1
0.01450421075421338,0.007394925628973024,0,1
0.015566972061689775,0.005892695464008831,0,1
0.015192703755139727,0.004608011459317172,0,1
0.016030773439531555,0.004858023200804764,0,1
0.01358644457302072,0.006283675022855002,0,1
0.01545732416527526,0.008140300309304486,0,1
0.014876092106697008,0.006347914579149523,0,1
0.015226987242505152,0.004750178713761328,0,1
0.014507329355091997,0.005036428763501796,0,1
0.013216023298646809,0.004786359588613392,0,1
0.012563831605677518,0.0017888122085289965,0,1
0.015186390048386999,0.00317318991794352,0,1
0.015320512579824568,0.002381716924729855,0,1
0.014170915607297625,0.0037948416482523175,0,1
0.013933199143581107,0.004230497874099373,0,1
0.01579571126608917,0.005718605470732966,0,1
0.01800993978787278,0.003537136697689311,0,1
0.015740486131295372,-2.7502722815027906E-5,0,1
0.015357869883232782,0.0038434646855788563,0,1
0.014617237606311567,0.0033252946583999265,0,1
0.015372654736268768,0.002953934112923336,0,1
0.014439607909253381,0.0036549845030168187,0,1
0.01570140588829404,0.002591072573322391,0,1
0.018224482303299986,0.0059147178287173,0,1
0.01597211836224722,0.002247371029368611,0,1
0.014149039975594966,0.003491441137300899,0,1
0.015622740669316544,0.0025059818832833375,0,1
0.016173052686729576,0.00216275534783166,0,1
0.014951866861749964,0.002910277068600821,0,1
0.015829118135016425,0.004666637445276387,0,1
0.01626424602461341,0.0024928927352626056,0,1
0.017206191877867635,0.002466519587463279,0,1
0.0167719903050714,0.003189077937131751,0,1
0.01631285604312597,0.0033472135753357195,0,1
0.015838376960640818,0.0023765188562004124,0,1
0.016386963719427047,0.004223892753487,0,1
0.014600886557741064,-0.004264712396480855,0,1
0.014507540121033358,-0.0011555628097364207,0,1
0.013588755336865824,-0.002657935238213499,0,1
0.011153933485120207,-0.004210850514297715,0,1
0.013423038258590824,-0.0026962272507001857,0,1
0.013805529792914347,-0.0033517090353683654,0,1
0.0141918593410093,-0.006148711462815729,0,1
0.01330092148505276,-0.0023448509182280547,0,1
0.016343414898122972,-0.005135482148472728,0,1
0.011637176365834405,-0.005465673827988396,0,1
0.013014138064903698,-0.0017381125359721339,0,1
0.013682615907746288,-0.0029020900940619327,0,1
0.013847853130569085,-0.004194613884342634,0,1
0.012996065195321484,-0.001763811474224732,0,1
0.014548574148985612,-0.004110377386208599,0,1
0.013662723990380005,-0.0035524362332469864,0,1
0.014010405942910316,-0.0028305984411177106,0,1
0.014076706324758173,-0.0029398478429393496,0,1
0.014459914710391783,-0.0027548895758538815,0,1
0.015064275988829395,-4.7698479366597193E-4,0,1
0.017076431262461306,-3.0089874851162694E-4,0,1
0.014909732343661582,0.0012768175750277715,0,1
0.014815912280517181,6.660682033508545E-4,0,1
0.017684185724710224,9.991863791580027E-4,0,1
0.016569201387205364,1.891656913094741E-4,0,1
0.017171361775766274,-9.151239925423273E-4,0,1
0.014071416903154063,-0.0027028758214565547,0,1
0.016447968682283192,7.636323287581918E-4,0,1
0.015535531547953589,-0.002484991090072855,0,1
0.015313377808217865,6.122418384302188E-4,0,1
0.01572406913227329,7.294188673913218E-4,0,1
0.015696872520516932,6.292916106703113E-4,0,1
0.014641390937688889,9.911965407725255E-4,0,1
0.015214359203355943,0.001981237425163225,0,1
0.01697045602501163,-0.0023509628859643933,0,1
0.015901924501391707,-3.17496256884884E-4,0,1
0.017744634812022438,-8.26417977566622E-4,0,1
0.016830134217182116,-4.060125136466649E-4,0,1
0.014920899321266024,-7.959337748728098E-4,0,1
0.015600041083191228,-0.0014157004801280243,0,1
0.016573092737954716,-0.0015030425109981511,0,1
0.015232246737217004,-9.86737449950873E-4,0,1
0.01592525532134057,-0.003737234536821864,0,1
0.017811564991571063,-0.0038665387534745593,0,1
0.01609508083892317,-0.0059922893355978234,0,1
0.01228986333437866,-0.0029805065866198833,0,1
0.01366179648055629,-0.006544633631088664,0,1
0.013474690959543477,-0.004939112549701862,0,1
0.012703174622120783,-0.0037883448595886914,0,1
0.013879204987403778,-0.005483501601464899,0,1
0.014407133885498153,-0.004306080415960038,0,1
0.013306490097738911,-0.004508004296798608,0,1
0.013425479688725801,-0.004196277217486249,0,1
0.011781667676486024,-0.006062431931099735,0,1
0.012480343933658232,-0.004271666947280449,0,1
0.012057577556826534,-0.005680949953002992,0,1
0.014464552176593972,-0.005048257579314757,0,1
0.012552977331561995,-0.004156076548965978,0,1
0.01494136327049849,-0.0055303549902942385,0,1
0.012925096669622434,-0.0036021925441841805,0,1
0.012986887262739827,-0.0028800377044168463,0,1
0.01269455824251539,-0.004061861081128065,0,1
0.013767216596420408,-0.004715858606744066,0,1
0.01557294768502837,-0.0017977867222568364,0,1
0.010441134316335731,-0.0064343491629012765,0,1
0.011436201518206474,-0.005571311205788355,0,1
0.011082406134318058,-0.003739252783693029,0,1
0.012241088021269175,-0.006198051926046366,0,1
0.012820477912689811,-0.004624520845231383,0,1
0.013068038695262529,-0.006177376510108675,0,1
0.01151246432172839,-0.006853651038214409,0,1
0.012234895871514974,-0.0056610336514136125,0,1
0.011990077896439084,-0.005554840742379673,0,1
0.011341526438209635,-0.005969179955889298,0,1
0.013570951259791311,-0.004581741964274592,0,1
0.011634905468361021,-0.0046779503805868304,0,1
0.010151998096469652,-0.006036918893337097,0,1
0.010602222562110037,-0.007077498055818239,0,1
0.01174146148770515,-0.005305087143957488,0,1
0.011672433444405658,-0.006014527378473498,0,1
0.013420060996782949,-0.005164558844328401,0,1
0.01211285768678412,-0.0060204966790149105,0,1
0.012512679218648516,-0.005429290351704289,0,1
0.013161882155256323,-0.007249352506906559,0,1
0.01299346185066688,-0.00487298902440835,0,1
0.012655948894449128,-0.006415200438810252,0,1
0.011512524446653754,-0.008361786873914614,0,1
0.010380883571824743,-0.009650518289035438,0,1
0.00876614791842553,-0.011669325932935829,0,1
0.008126542304181701,-0.01291502093955786,0,1
0.007712405928952384,-0.013881494490804832,0,1
0.010862876836040963,-0.009438031692013637,0,1
0.00940750542520473,-0.010134337743103518,0,1
0.009456817493619924,-0.010290071403640232,0,1
0.009302727731399184,-0.008352749095961162,0,1
0.009830940621289476,-0.010217396949380935,0,1
0.0073536854075973565,-0.008871104771339624,0,1
0.009778436383226013,-0.011003542424880951,0,1
0.007080995305652928,-0.012036946415320427,0,1
0.009186118896637289,-0.010273306245089292,0,1
0.009947759345449824,-0.01194429247954905,0,1
0.009099422953223735,-0.009237645006917488,0,1
0.0094918922792812,-0.008497841899279228,0,1
0.00877860323204235,-0.008319219565062402,0,1
0.00871869144171073,-0.009328054518396694,0,1
0.008677852339456702,-0.008889937185629103,0,1
0.00822541168177525,-0.008863620570584157,0,1
0.009158029202481741,-0.009069646648417215,0,1
0.010543653091355706,-0.006163819262973439,0,1
0.01241909627443348,-0.006673928171563169,0,1
0.010936328933834498,-0.008005430420231935,0,1
0.012826480508590506,-0.007136689575499287,0,1
0.010884657567874653,-0.0074610180116103575,0,1
0.012152731588612369,-0.007665459702575596,0,1
0.013600653436461288,-0.007948248272044264,0,1
0.012203459465959953,-0.007732823985647519,0,1
0.010826979509578852,-0.00769024310037705,0,1
0.010466670614902189,-0.008869170283357358,0,1
0.01138324777794243,-0.006250366842928995,0,1
0.012235347950715469,-0.008352969886869623,0,1
0.010872736276434352,-0.00726673472674858,0,1
0.01096415043523227,-0.007430081563564663,0,1
0.012256710569923484,-0.009887745723983165,0,1
0.012802314162848116,-0.008850830985261697,0,1
0.011860035506262738,-0.00867453995538202,0,1
0.010374763814053093,-0.00690190896377832,0,1
0.010605556911867835,-0.009166181829517561,0,1
0.010297660027080708,-0.009559539008475748,0,1
0.010493835906363384,-0.007971063668138878,0,1
0.011697816341208575,-0.00793279456465288,0,1
0.010487693228069457,-0.007013464172245133,0,1
0.011716586681351423,-0.008472394066272808,0,1
0.01206753253232438,-0.007318776472239108,0,1
0.010383736136890236,-0.008031191957650102,0,1
0.008982913223411925,-0.008430291852953341,0,1
0.010622585788232927,-0.009130028703029897,0,1
0.009685925025799713,-0.008215735458021307,0,1
0.010117098328384987,-0.008264808233767096,0,1
0.009173110202186991,-0.009492316266304587,0,1
0.00967262186552257,-0.008333917188082544,0,1
0.00854474031290836,-0.0068610493044800784,0,1
0.01002800150565354,-0.006898575073337062,0,1
0.008555259628516752,-0.008264803063407442,0,1
0.008640906183306457,-0.005740835719932422,0,1
-0.012404379526193563,0.009982803427363957,0,1
-0.014152482191148345,0.009136060913957912,0,1
-0.01673849951897771,0.008985829674951977,0,1
-0.012891487419840551,0.0076381270293318475,0,1
-0.013286441433437117,0.007442359684810406,0,1
-0.012745920101208612,0.008959808642812468,0,1
-0.011646931590793535,0.009409239639901267,0,1
-0.013606646435784856,0.00823295109470398,0,1
-0.014134949910222135,0.007500731066286263,0,1
-0.012654884812957354,0.009489411040956715,0,1
-0.013037475339070983,0.008571643761334178,0,1
-0.011115024075023554,0.010363183682867275,0,1
-0.013258086988686758,0.010142556456382986,0,1
-0.014930076717995995,0.009285259027850608,0,1
-0.015335100934956318,0.007394458342767744,0,1
-0.014774253476296358,0.010347981419159172,0,1
-0.014026502963366303,0.008756200246892873,0,1
-0.0141161277330636,0.007293801291975172,0,1
-0.014026618522051802,0.008590964966936072,0,1
-0.01375210224010686,0.009079450022327634,0,1
-0.014735096098850934,0.009519830011577397,0,1
-0.015034069553903252,0.009227202948523468,0,1
-0.015106942753002933,0.01056871282660572,0,1
-0.013004812603756584,0.005403600893599967,0,1
-0.01193066473882829,0.00448083615258782,0,1
-0.0105460423485317,0.005735999317894515,0,1
-0.012486600348822726,0.00459482233876137,0,1
-0.0118093425761428,0.003856946614235137,0,1
-0.012892823336624866,0.007087809935556715,0,1
-0.011760699293308011,0.005680223983036778,0,1
-0.012037771244483042,0.004962540315643308,0,1
-0.012393276057147492,0.0042700874154388046,0,1
-0.013963677488371636,0.00701187996590043,0,1
-0.013983979676938095,0.0054343722476382,0,1
-0.012591153953069905,0.004134911150235865,0,1
-0.011995757798173122,0.00441516098957442,0,1
-0.013641588640788316,0.005622490501038855,0,1
-0.012736981294546217,0.004589139002939465,0,1
-0.013414767265746053,0.0050654398678592555,0,1
-0.013818705533708828,0.0060634954466605205,0,1
-0.014403549065111793,0.005207965238172942,0,1
-0.012693087732275989,0.004031478463541834,0,1
-0.013257706549837116,0.006934149434966712,0,1
-0.01376658096581057,0.004064313950671959,0,1
-0.014325091704144735,0.004760499353312893,0,1
-0.013209306277839738,0.0049730496841634735,0,1
-0.012607265448355567,0.0035972090227932444,0,1
-0.01504070345629197,0.0062059636605026145,0,1
-0.015411140518493894,0.0048357028352657375,0,1
-0.014364873761280072,0.0047160256447001695,0,1
-0.014545117553874875,0.004383727093379403,0,1
-0.015265332457788156,0.005584403127842679,0,1
-0.013876211349564804,0.004425537684899199,0,1
-0.012669912932728183,0.0031496893859248435,0,1
-0.009336150875325584,0.005467948691889946,0,1
-0.01208294012806008,0.003339650456910409,0,1
-0.013025742120317802,0.006034403449801338,0,1
-0.01452726498421275,0.004507456176326425,0,1
-0.013526890253992455,0.0032389316808388636,0,1
-0.01188378640801977,0.0033751584543328895,0,1
-0.011601919440362884,0.003138567904185664,0,1
-0.013435216103829533,0.0019992594175156533,0,1
-0.014213191709816424,0.002636730799379779,0,1
-0.013953794665397846,0.004040420224659799,0,1
-0.011822889909352116,0.0029563550066682475,0,1
-0.014442676480309046,0.0036440681429961877,0,1
-0.013368573844281912,0.0033505524837690328,0,1
-0.01215847372479019,0.0014542140019036358,0,1
-0.01341326240256751,8.002425759820375E-4,0,1
-0.014386053743808818,0.003974742613160374,0,1
-0.016122418579768975,0.0015345344658678956,0,1
-0.012835941150828553,0.004923385836637258,0,1
-0.013742814495650606,0.0030585053926725503,0,1
-0.012824511320139065,0.0019244888436649793,0,1
-0.015332003645270261,0.0025698185077493102,0,1
-0.014460511365415188,-3.769313448873582E-4,0,1
-0.013760277436559594,0.001835388392538328,0,1
-0.013364279509208273,0.003341913905063476,0,1
-0.017053715355713896,-8.555856476937571E-4,0,1
-0.013848997602477223,5.039308468990531E-4,0,1
-0.013916439682016278,0.0023096030038291704,0,1
-0.01617414735866913,-0.0010300679063564725,0,1
-0.01504912798930908,-0.001218900019360342,0,1
-0.015099817130640271,0.0010690952090693475,0,1
-0.014492003929493557,-2.4312062785944712E-4,0,1
-0.014998773594140506,0.0014629784129239958,0,1
-0.01484837413890576,-0.0011528497782319898,0,1
-0.014434149001665597,-2.0547625873076897E-4,0,1
-0.015053854083446453,-0.001020837511712153,0,1
-0.013778661723968008,0.004433895011709698,0,1
-0.01559058738015315,-7.766497327277378E-4,0,1
-0.012876553226656888,-8.403586682674169E-4,0,1
-0.014144691274376639,0.0035454260636512734,0,1
-0.01424812203001438,7.4986725752884E-4,0,1
-0.014968248963356275,-0.001979584393426068,0,1
-0.014007206553367475,-2.687252902851739E-4,0,1
-0.013759248321825592,-3.348713738998816E-4,0,1
-0.013329170295462888,-4.5207742009016914E-4,0,1
-0.01346510221599875,-3.291340051391922E-4,0,1
-0.014082943754865629,-6.80655366042099E-4,0,1
-0.01329124717235144,-7.998396681350927E-4,0,1
-0.013413168319001524,-0.0019541795923796058,0,1
-0.012920447610980825,-0.0016459591732426485,0,1
-0.013989402409696034,-5.520636533421333E-4,0,1
-0.012923451292922947,-6.020693195320952E-4,0,1
-0.012774450087021286,-0.0011700785710332458,0,1
-0.014387080014665606,9.534635636645214E-4,0,1
-0.013093781025381272,3.4726183514091516E-4,0,1
-0.013493475095893265,0.0017191020181049406,0,1
-0.013243808212004672,0.004775417920631323,0,1
-0.011785881508999894,0.0029504143365557374,0,1
-0.01130427604109586,0.003942545417633549,0,1
-0.01409934859327367,0.0012409187333142077,0,1
-0.0130493503589075,6.02878742977782E-4,0,1
-0.013074848364991063,0.001712311056244999,0,1
-0.012661768999958122,0.0032686313754542186,0,1
-0.013563048825634843,1.5461780774449075E-4,0,1
-0.013386982358466358,0.001444919761610562,0,1
-0.016491992002352445,1.733301947941167E-4,0,1
-0.01221709440166832,-1.0344951718871768E-4,0,1
-0.011857040338007049,0.002687335396413777,0,1
-0.012066200223131962,0.0014477630318041352,0,1
-0.013833999534957434,0.0013200999632960342,0,1
-0.012497296777468761,0.0016912349285747865,0,1
-0.01119401000071171,9.386907133480315E-4,0,1
-0.010751117010473004,2.8007910235311706E-4,0,1
-0.014559040778180002,6.937924990938868E-4,0,1
-0.012547833193237363,0.0016487569577538323,0,1
-0.011837014294643584,0.0038289567318477748,0,1
-0.011636255438463463,0.002099171152924773,0,1
-0.01065158004736025,0.0016371761980032934,0,1
-0.012416969334936473,0.001087657214632064,0,1
-0.012186075252166783,0.00166472443972073,0,1
-0.014708786340251311,-7.889076708939303E-4,0,1
-0.01176468794380962,9.984167061919153E-4,0,1
-0.010965908033454447,4.5917452734439504E-5,0,1
-0.013433792505534737,0.0010946620029578383,0,1
-0.012011136584721721,1.7081223612047783E-4,0,1
-0.012665203436121032,-5.717243970766487E-4,0,1
-0.011266611448302474,-1.6499226535992501E-4,0,1
-0.012228152161734687,1.9604370172146072E-4,0,1
-0.012733385256173917,-3.775114477767872E-4,0,1
-0.010247841978288954,-0.001468677003238111,0,1
-0.009507335747801784,7.955523619583056E-4,0,1
-0.012041616118889566,-0.0026174278751699216,0,1
-0.010026129966362672,5.82415613754098E-4,0,1
-0.009965178625294432,-3.1505225602654666E-4,0,1
-0.012117653903279691,-2.565455394155996E-4,0,1
-0.009199044421017029,9.562651189266296E-4,0,1
-0.009443806271986857,5.226121242810633E-4,0,1
-0.010860425454951755,1.755827941573801E-4,0,1
-0.011006102447336063,-2.2161653720602234E-4,0,1
-0.011432388651373289,-4.310052044896945E-4,0,1
-0.009090041152868468,0.0013990414397984773,0,1
-0.009646578547177036,0.0010649448808751146,0,1
-0.010830355994619897,-4.902993207817651E-4,0,1
-0.010808110452164859,0.0015212252188784741,0,1
-0.010779904384302931,-2.001962865471167E-4,0,1
-0.0094410641783068,0.0026383882880592793,0,1
-0.009261909013605742,0.0033867827707016996,0,1
-0.010022642759696502,0.0018237509312001496,0,1
-0.012240578178667192,-4.144955978622629E-4,0,1
-0.007573382792133657,9.586220291230761E-5,0,1
-0.009930364162251088,0.0018194303796776113,0,1
-0.01074093456733646,-4.341080763666206E-4,0,1
-0.011245585866878132,9.498506051384724E-4,0,1
-0.011790221536527595,0.003248479158264021,0,1
-0.011220476353303125,0.0019910311998108813,0,1
-0.011671195076347438,6.569367202344985E-4,0,1
-0.009842848972564083,0.002112604320730956,0,1
-0.01157450932843438,0.0019431228560993848,0,1
-0.011157116712542813,0.0025949055747846845,0,1
-0.010474269816949756,0.00196215517308423,0,1
-0.0111034479022396,0.0035006816597876267,0,1
-0.00930374682161569,0.0032367849158355198,0,1
-0.012290373604059596,0.0031718271871724276,0,1
-0.011738303008777444,0.00345426791936817,0,1
-0.01098789840214288,0.00307787401904319,0,1
-0.008863366459410795,3.016125432671117E-4,0,1
-0.008733534849364151,8.04236009463291E-5,0,1
-0.007608631923553841,1.178376004275409E-4,0,1
-0.008452635567761671,-0.0015156626593742666,0,1
-0.008546090245473762,-0.0018038704130370258,0,1
-0.007989227641159507,1.4686802921517879E-5,0,1
-0.007878215055833516,-8.998744443702218E-4,0,1
-0.009766720727867901,-0.0010652043722390676,0,1
-0.008554648164814545,-0.0020471656012809036,0,1
-0.009255622865530421,-0.0011874179502351146,0,1
-0.008888474211650333,-3.9355211483343966E-4,0,1
-0.00814996509230999,-8.916729774669472E-4,0,1
-0.009199379992477965,1.1567416086978865E-4,0,1
-0.008735326739924476,-9.047560543867207E-5,0,1
-0.009972567316285028,5.866732073450012E-4,0,1
-0.009842862816049585,-4.596272059369992E-4,0,1
-0.01096440855699271,1.6022852178135922E-5,0,1
-0.009573549502463486,-0.0011017445691269372,0,1
-0.010141173913789995,-7.339600152935069E-4,0,1
-0.009978122829462933,-6.090521717609309E-4,0,1
-0.010774091412211051,-8.092451469781962E-4,0,1
-0.009906704378764297,-0.0016540984096298427,0,1
-0.010345486857251595,-0.0011340055470167312,0,1
-0.011116200354368062,-6.844474137213148E-4,0,1
-0.011615536565831402,-3.740471711387384E-4,0,1
-0.011265525886756894,-0.0015800831609888626,0,1
-0.01156082765049105,-0.0017766686049829224,0,1
0.012096564777700918,0.009434148524383037,0,1
0.009882169352345326,0.012865429098128904,0,1
0.00936865870897868,0.014588298476855253,0,1
0.008922340680487187,0.01318846928868483,0,1
0.007115306600575397,0.01301500771901652,0,1
0.009495308059747012,0.012531347969420892,0,1
0.00920549942298531,0.01266922812732259,0,1
0.008976868661551807,0.01231604734673445,0,1
0.007583093833878903,0.012632066360878257,0,1
0.00915420558165957,0.011923269148985038,0,1
0.008588751512109648,0.012983798971299103,0,1
0.008489220457424585,0.012576868466080015,0,1
0.005958845252727561,0.014718724674347726,0,1
0.00848368108113149,0.01226938568469961,0,1
0.007868951877943602,0.012891914237454298,0,1
0.008621460839328772,0.013456142678677013,0,1
0.011915405585327872,0.013760341261417341,0,1
0.009151513029734324,0.014112725731889679,0,1
0.008585911785107526,0.014141011125126156,0,1
0.009418177676304316,0.01326231854514161,0,1
0.00985870237311029,0.012951899414333333,0,1
0.009064530682552793,0.015054959018366561,0,1
0.009161209163605575,0.014259580460359014,0,1
0.009907960434082718,0.015160347994359995,0,1
-0.0010420741484479612,0.014948145184548326,0,1
-9.017995374883589E-4,0.016131652927097628,0,1
-0.0018898894649164249,0.015748118820103966,0,1
9.95563043223848E-5,0.0169407946614915,0,1
-0.0010232725668944693,0.017965922935764794,0,1
-9.82897566269617E-4,0.014767350719437718,0,1
-3.713366408676122E-4,0.014940025965148927,0,1
-3.541910112343879E-4,0.016747441356375483,0,1
-5.176692569905896E-5,0.015999372835486157,0,1
1.247903790689624E-5,0.015174017919064876,0,1
-0.002354361263444714,0.018735602797652105,0,1
3.7984946948906224E-4,0.016383291786503183,0,1
-2.3777064524102644E-5,0.015363071928617186,0,1
8.977745678554822E-4,0.01681412157861448,0,1
9.895247107490587E-4,0.016925700521203096,0,1
0.0015833288827055486,0.015289746818183438,0,1
7.965192926885873E-4,0.016477404500951028,0,1
-0.001137732887552236,0.014476635045837202,0,1
6.237883523206662E-5,0.01512017970702913,0,1
9.62852523236835E-4,0.015279325279659245,0,1
8.623417432916908E-4,0.015780365651262195,0,1
0.0011889574087834316,0.015592843670184467,0,1
-0.0019256628053783806,0.01591013422561641,0,1
-0.002357718305756196,0.01508277653884917,0,1
-0.0015838582337396028,0.01421223514412853,0,1
-0.003423053559577312,0.014735990558173047,0,1
-0.0024747836849794004,0.015031612320365841,0,1
-0.001980287742721164,0.01821907944954405,0,1
-0.001078173856649624,0.01549253270080769,0,1
-0.002847593057489913,0.014718874477101115,0,1
-0.0018970839562990629,0.016257377933361024,0,1
-0.0015980558928126339,0.015742930462396425,0,1
-5.414682987923104E-4,0.017650759445177584,0,1
-0.006564871089171867,0.014443267197798867,0,1
-7.01164551077554E-4,0.01661938604671182,0,1
-0.0029526799120114093,0.015611235617488426,0,1
-0.0025010571453950286,0.012644392130292484,0,1
-0.004450277109156257,0.015377430336603642,0,1
-0.0036572380113141833,0.015079569861570753,0,1
-0.0022199906513566095,0.018768386678603435,0,1
-0.0038458533652273425,0.016607808398560808,0,1
-0.0036276252189665842,0.015757669354833848,0,1
-0.0042522712214223945,0.0174183183259752,0,1
-0.0037819569995048465,0.01800137146143806,0,1
0.015179023817568658,0.00240842911334213,0,1
0.014699875580091563,0.001058086385069578,0,1
0.014954926242950476,-0.0022040510688218886,0,1
0.014292013138970862,-6.78127555851915E-4,0,1
0.014502120750596818,-0.0010881658332462028,0,1
0.013998301518706669,5.692950567128798E-4,0,1
0.015026339363122771,0.001138862440385976,0,1
0.014226713092866475,-0.0014844098690007803,0,1
0.01426603942894532,-8.581678154046216E-4,0,1
0.01490126930715856,0.0036415638448342967,0,1
0.014040003431110842,2.7029555826102805E-4,0,1
0.01243277257800574,-4.828565879706884E-4,0,1
0.01396491344133454,-8.127048083800808E-4,0,1
0.01397037574942946,7.332786335951584E-4,0,1
0.013970549769986537,3.781888790028392E-5,0,1
0.01384999850909466,-5.98972160567604E-4,0,1
0.013938980143110001,-0.0014139165221578743,0,1
0.013382342736685511,-2.750622847601761E-4,0,1
0.009208930924561006,9.564608176869182E-5,0,1
0.013236989927300075,-9.86989277165991E-4,0,1
0.011219355001693531,-8.757429813363418E-4,0,1
0.012601841059058223,3.0135251116201935E-4,0,1
0.01270034653336253,0.0012475990515195977,0,1
0.012647059475979158,5.106984235254641E-4,0,1
0.01419354838830669,0.0015673592962204429,0,1
0.015322575994981175,0.0018299517049494317,0,1
0.014110371668825995,0.002832861303195232,0,1
0.012295678847511676,3.553974817194155E-4,0,1
0.01153712779140165,0.001391512432086698,0,1
0.015388531175028098,0.0016244592546964852,0,1
0.013028968146391477,0.0025365923627057975,0,1
0.013055154338168649,0.0016194140515533924,0,1
0.010634915854301845,0.0019109953424356015,0,1
0.013687168092805752,0.0014359895814023316,0,1
0.013581705690879927,0.0010548507029959722,0,1
0.013011993695648821,0.0015892405817717781,0,1
0.013917310358309672,0.002187168039529163,0,1
0.01236334864969583,-0.001381317963020075,0,1
0.013066948644505276,8.056478772536191E-4,0,1
0.014832463808719446,0.002070900124309691,0,1
0.013511253457695944,7.656943878423895E-4,0,1
0.013756756156080477,0.0035877861389611277,0,1
0.015222690870169071,0.0019193953165650354,0,1
0.014583516166632423,0.0032472775369891,0,1
0.014899358169486001,0.0011949868339851482,0,1
0.013112732003245493,0.0020902533875325905,0,1
0.014323195701882813,9.2391666946713E-4,0,1
0.014122533208116997,0.002890817846327257,0,1
0.014405222831847721,0.0025402477157954327,0,1
0.013872527212877805,0.0031466985538799795,0,1
0.013868718296261741,0.003535967440500775,0,1
0.014500887875463256,-0.001464959785156564,0,1
0.014009685307458752,-0.0017152462615711076,0,1
0.013029103134893359,-0.0015616212844225682,0,1
0.012739606148314339,-0.0018250367987003833,0,1
0.01189727913822142,-0.0016674060802525916,0,1
0.012798966412589423,-0.0033928763761380087,0,1
0.01388256310483663,-0.0016672395306512682,0,1
0.01353787712177262,-0.0018580485666168025,0,1
0.013339524053946774,-0.0022553874238653284,0,1
0.012838643715213921,-0.003701889552018977,0,1
0.009441974296904618,-0.0029856448323740442,0,1
0.012806971685584098,-9.785877443106404E-4,0,1
0.01261110681430621,-0.0023647699793000253,0,1
0.012460057460256635,-0.00203619230023835,0,1
0.012650355907746129,-0.0027156564095940426,0,1
0.013913290205079918,-0.0015787748789955352,0,1
0.01317628119409057,-4.994105784535495E-4,0,1
0.012723431264126306,-0.0022273181338014142,0,1
0.011737306505758157,-0.0026048912293666687,0,1
0.01333813819772429,-7.514560764986436E-4,0,1
0.011172216434431446,-0.002889057448897773,0,1
0.014722974165076142,-0.003769371012764048,0,1
0.013041178787752796,-6.464506609170082E-4,0,1
0.012984954758061482,-0.0014788491244784737,0,1
0.01198244278582976,0.0011117858675829145,0,1
0.01173616534919946,0.0011057128816162889,0,1
0.011411908083617079,-1.7317123899510142E-4,0,1
0.013404123673875055,-6.045784379767494E-4,0,1
0.011320680181433809,2.9260918970669826E-4,0,1
0.013628191942977135,-5.360419887222943E-4,0,1
0.012886174153231681,-1.9230536843013363E-4,0,1
0.012594289823166365,-8.809411394051701E-4,0,1
0.013186670697676817,-7.018714102524441E-4,0,1
-0.010808947482862897,0.010615889963300724,0,1
-0.009650689807894769,0.008870720751489992,0,1
-0.011713551860983924,0.010867424175527171,0,1
-0.011583739720840478,0.013332192565732497,0,1
-0.013948366627845654,0.012454048096131492,0,1
-0.009616355002590228,0.00990781203761773,0,1
-0.010711059794096821,0.014003241539907431,0,1
-0.01063960210795756,0.011664062750304335,0,1
-0.010979892536247302,0.009101488641493523,0,1
-0.011233265979617815,0.011374937718760966,0,1
-0.010499392392126264,0.011352940935632898,0,1
-0.011066062466113026,0.010781456779090044,0,1
-0.010690539974408345,0.011005309736994045,0,1
-0.011511515217206681,0.010357340755578306,0,1
-0.011437195841121288,0.00902198223344194,0,1
-0.011173837604585983,0.00967804921291031,0,1
-0.010259777815146821,0.01130868079851695,0,1
-0.00919127198858159,0.010710617008656501,0,1
-0.008499935170685488,0.011245412211175613,0,1
-0.010271550699613725,0.012191354124730932,0,1
-0.010198105183569818,0.013401929348722528,0,1
-0.005616917787822608,0.013816393920812516,0,1
-0.006218848600264341,0.014300454794015533,0,1
-0.007133156595505664,0.016273137777088737,0,1
-0.008903250784816795,0.01620392516961366,0,1
-0.0054340118799350275,0.015535719101839056,0,1
-0.006252407040555495,0.013214246736301661,0,1
-0.007017845896766194,0.013195730497521842,0,1
-0.006511117903310255,0.01594057170169788,0,1
-0.007338237427388834,0.014796100242070252,0,1
-0.005539948517686359,0.015934382382745898,0,1
-0.006740053615969686,0.016019866592075063,0,1
-0.0044771468296183215,0.013474679779733134,0,1
-0.005569820368828894,0.014188723992108071,0,1
-0.005877820340145079,0.015381341406152401,0,1
-0.0052313992326475985,0.013317187656713705,0,1
-0.006332911916259618,0.012997887077293347,0,1
-0.006652456767427217,0.014919900970783205,0,1
-0.00731244482812238,0.015076848770524396,0,1
-0.005760468249346915,0.014443562249040134,0,1
-0.004293416410540945,0.015592806459565886,0,1
-0.0047092802201285444,0.014533321899812211,0,1
-0.0069313155905316726,0.013269257182242717,0,1
-0.006748134202671557,0.01435732522598119,0,1
-0.007920746715047295,0.012095059426410735,0,1
-0.01160853149228623,0.010286581606117737,0,1
-0.01017644882170041,0.011392815613713919,0,1
-0.007162924692998633,0.0118337640306323,0,1
-0.008137809821712394,0.012481827626985612,0,1
-0.008911300289938782,0.01243886343974732,0,1
-0.007959892105750424,0.014975557641802015,0,1
-0.0073216419714736665,0.013391917139683338,0,1
-0.00884257102470445,0.012107385821193726,0,1
-0.010727951574302955,0.011618723980976563,0,1
-0.006766960987550928,0.013972397719723122,0,1
-0.009214698741603442,0.014349339943890193,0,1
-0.009257882912978263,0.012692137485954528,0,1
-0.008633284508705357,0.014335802042044772,0,1
-0.00758378082694181,0.01291439539680515,0,1
-0.010323122885413118,0.013336776757720596,0,1
-0.008724073056330009,0.014567716258750278,0,1
-0.00938271712415793,0.014885867565359256,0,1
-0.008872704863580537,0.014194980922478248,0,1
-0.01068891890424125,0.013009843014282702,0,1
-0.009180385289720755,0.014157703255649821,0,1
-0.008783999454861604,0.013331528380317736,0,1
-0.009545324529279984,0.013104106736044178,0,1
-0.011678567372691413,0.016602735239776102,0,1
-0.011563679691038305,0.009761321737083273,0,1
-0.011491088293009252,0.010718653236748754,0,1
-0.010171336852288312,0.010751415105178743,0,1
-0.00974759901079929,0.010546377575873662,0,1
-0.009571407693482087,0.010855083539466522,0,1
-0.011129024481317619,0.009662583263279961,0,1
-0.010500195754146811,0.009495442213930035,0,1
-0.0096785270823382,0.010927165616309483,0,1
-0.009945809013242875,0.008534046992290899,0,1
-0.010337725606840863,0.011656326402940741,0,1
-0.009596610984342705,0.010539471609086417,0,1
-0.010509423365138477,0.01209555269846689,0,1
-0.010741987288988763,0.008778724195745196,0,1
-0.010065966888544197,0.010177160658935086,0,1
-0.008609264063183514,0.010823119221706555,0,1
-0.010539492407648388,0.008987588764021176,0,1
-0.008968193008895578,0.005594798245537705,0,1
-0.0067787957285955795,0.009428727727834306,0,1
-0.010241758522987863,0.008965419060219592,0,1
-0.00945188893923728,0.008403385482049025,0,1
-0.009655496449763075,0.00884567624866031,0,1
-0.009535875206725414,0.010100031186558285,0,1
-0.012219447853126234,0.01007748066327467,0,1
-0.009760989658998782,0.008965646205567359,0,1
-0.008807971398105598,0.00851340313759379,0,1
-0.010025573226541198,0.008156176082513341,0,1
-0.012214792163056033,0.00985099265362318,0,1
-0.0113008619034548,0.009033221430978183,0,1
-0.010203754281011971,0.008254143251100413,0,1
-0.010546485976061634,0.008370885976103193,0,1
-0.009091953954137026,0.008148172987855537,0,1
-0.010810576319031942,0.00996387150948186,0,1
-0.010944853199424086,0.009092109805517582,0,1
-0.01119142158200285,0.006882335466946253,0,1
-0.008054961548277473,0.010803156062476494,0,1
-0.012169048337810226,0.008965951248644636,0,1
-0.01079060028347985,0.008923316839208538,0,1
-0.010661796911510096,0.00786625247756847,0,1
-0.01009910449692306,0.006698056020021255,0,1
-0.01103253484976783,0.006794247967918792,0,1
-0.010735083308280755,0.008388939085500953,0,1
-0.010978109537961096,0.007195399205714492,0,1
-0.00917746346475165,0.007942473391947551,0,1
-0.013021395863090883,0.007524599284981412,0,1
-0.012253383707592021,0.0079884272729708,0,1
-0.012345337841787441,0.009509742846806219,0,1
-0.01181955913358643,0.008236724969985055,0,1
-0.010969165732502369,0.007546233673912875,0,1
-0.011603492462963824,0.008374776559681016,0,1
-0.011769563721996858,0.007586094515055612,0,1
-0.011282927949639551,0.007560059772701715,0,1
-0.012073057762897852,0.007570134181136261,0,1
-0.012746301881176826,0.007488904603838129,0,1
-0.011275995550703561,0.00672860832128087,0,1
-0.012323625019895475,0.00704992254341803,0,1
-0.010954018556163358,0.007020800339939779,0,1
-0.014165495095399617,0.006992137740972174,0,1
-0.01189582230642112,0.006750662606393129,0,1
-0.011139546880335674,0.007015864223185856,0,1
-0.009999587349944054,0.006589736131869014,0,1
-0.008502111332735453,0.008015620878426876,0,1
-0.013685773719556588,0.004726770027461684,0,1
-0.010404793380536306,0.007792680939761723,0,1
-0.010536755028543583,0.005995625187314943,0,1
-0.011310245092639242,0.006620681520613062,0,1
-0.012442676634534373,0.0056884116418165365,0,1
-0.011787883647434797,0.006366722251230903,0,1
-0.010673855814967683,0.006431566997434785,0,1
-0.010108039427419746,0.0065864220006433,0,1
-0.009494323137107278,0.006137306977658172,0,1
-0.009853262267140117,0.006864723873720847,0,1
-0.0110674915934949,0.006254668953009453,0,1
-0.01047158747276863,0.005952633142462907,0,1
-0.010199335978610832,0.006066698144106428,0,1
-0.011405884829707998,0.005082420594986039,0,1
-0.009155306838028109,0.008595087626847563,0,1
-0.010144300418565804,0.006193105621218446,0,1
-0.012434264423438795,0.007052024558392603,0,1
-0.010888602320115952,0.0050862006575504,0,1
-0.010848345156903815,0.006429950949034439,0,1
-0.013499114128160789,0.005763969549506787,0,1
-0.011279714730496493,0.005463175534791446,0,1
-0.011004124175586907,0.006055774803557784,0,1
-0.011508788938480112,0.005109348472275091,0,1
-0.011653371296279785,0.006309707096775603,0,1
-0.010153713488239633,0.004865674473453275,0,1
-0.009696274905919204,0.004007945958047607,0,1
-0.010944129354969103,0.004486739663229565,0,1
-0.012595267762694786,0.00430963052288114,0,1
-0.010762814017505054,0.004051754362383436,0,1
-0.012331394337629566,0.004521544165645285,0,1
-0.011890135792447482,0.00498014520662242,0,1
-0.008234671232406255,0.013571567975869737,0,1
-0.005848250799665078,0.013874451780868768,0,1
-0.005517485520939392,0.013780934814123458,0,1
-0.004367277291322576,0.015276424386092924,0,1
-0.004955445827646022,0.014326322392259278,0,1
-0.009853260499366712,0.015010144327015144,0,1
-0.005764760655407945,0.011469005548434313,0,1
-0.006163760579731484,0.013436439098327492,0,1
-0.00728592241212341,0.015550815972985339,0,1
-0.005591447002455966,0.013797701839130922,0,1
-0.004548277704944724,0.012763637129469303,0,1
-0.005925889371877527,0.015965632564242802,0,1
-0.0041375134328731095,0.01266361172526133,0,1
-0.005610126723331288,0.012610546962713423,0,1
-0.005014401634780392,0.013045668748121297,0,1
-0.006684314208893166,0.013569505066681229,0,1
-0.006134804435281573,0.01180754575619796,0,1
-0.005564534695760567,0.01237012390435657,0,1
-0.00545771153332049,0.011199180421910144,0,1
-0.0048296933831947775,0.010341413754109472,0,1
-0.006099108258443388,0.01274522674088075,0,1
-0.006137928616425382,0.01060546481035303,0,1
-0.005696960395512314,0.009175136515121276,0,1
-0.005389289912967844,0.011343407206136353,0,1
-0.0037558325607738186,0.009938768975307584,0,1
-0.008191596817447591,0.011043067520749237,0,1
-0.010090072527410664,0.011200194759184018,0,1
-0.00629453724331979,0.012078419021177072,0,1
-0.006006160983583407,0.011524736337187548,0,1
-0.0051834596163513125,0.010498844042885699,0,1
-0.0072594025349852495,0.011682520294130007,0,1
-0.006499834331489469,0.012186716254757647,0,1
-0.007608482148601254,0.011794804993757091,0,1
-0.006132798747898337,0.01048424560384179,0,1
-0.005493437484359865,0.011040024331287358,0,1
-0.005822557179700923,0.01100819715288959,0,1
-0.00659008088906489,0.012193857197670762,0,1
-0.005668637944402315,0.011487997760665189,0,1
-0.00546045634955812,0.012191780493337703,0,1
-0.0072704139174194354,0.01302432904659368,0,1
-0.006738489673581194,0.011514869531805194,0,1
-0.005557755728012398,0.01086722406877916,0,1
-0.008471455700926946,0.012234683118681216,0,1
-0.007287472091935518,0.011512850073555498,0,1
-0.007707608038527699,0.010338666418267342,0,1
-0.008138127045167297,0.013071774646403867,0,1
-0.00703147465837828,0.011162056107809761,0,1
-0.008409552251638544,0.009676769858588076,0,1
-0.008119711249261913,0.012231446578374076,0,1
-0.01007874800618516,0.014491293345921454,0,1
-0.008359875302959336,0.011655778489857499,0,1
-0.009506343450151744,0.011409072070519971,0,1
-0.00712860188897729,0.012467271468269557,0,1
-0.007458863348131822,0.010450834255006182,0,1
-0.008648279685682669,0.011133634938678687,0,1
-0.007878876654755056,0.010826553804608044,0,1
-0.009027386684778736,0.00955874731198675,0,1
-0.008807637956618024,0.012035775108514671,0,1
-0.004401867858686582,0.009028341972081454,0,1
-0.006619593989529763,0.01047050474971436,0,1
-0.005499642795599467,0.01041844896192819,0,1
-0.008672824976458457,0.011030784181483658,0,1
-0.008709031267571287,0.010771393486473184,0,1
-0.007244720468772354,0.008647693906349304,0,1
-0.007500785431282645,0.009840089804548527,0,1
-0.007027977947342875,0.008481052265973562,0,1
-0.009490838909078186,0.009904122176500968,0,1
-0.008485437148071834,0.010463713665991107,0,1
-0.00866191904444721,0.010071117099216008,0,1
-0.007342030597954072,0.010779238294598165,0,1
-0.006857275011679944,0.00985152124960612,0,1
-0.008269848002112069,0.009748768615690703,0,1
-0.007881480824928754,0.011871648731400924,0,1
-0.008710219735740415,0.01022118149697391,0,1
-0.005669317205732598,0.010266805907464625,0,1
-0.006386074174952829,0.00958322668346398,0,1
-0.007815159802593279,0.009735793363856151,0,1
-0.005648816900027536,0.012459396701534944,0,1
-0.009519604333163713,0.00875453171397891,0,1
-0.006966277013236414,0.009410381294296109,0,1
-0.007403532596154058,0.01102210884689712,0,1
-0.004888246403969279,0.008997891696237994,0,1
-0.008087649484551415,0.012338525173150271,0,1
-0.00954088144660871,0.00983611316240012,0,1
-0.010617943609315282,0.007385775074542481,0,1
-0.0076661297593121425,0.010527555134836306,0,1
-0.0087556578497109,0.008411296349927032,0,1
-0.00912756479298041,0.009042501447283975,0,1
-0.009324025408812867,0.010618171521512043,0,1
-0.010042059851503053,0.008941092737851347,0,1
-0.009229429379065054,0.010243144327945531,0,1
-0.009465950290414171,0.007710929073946819,0,1
-0.008017274878924936,0.009121041526759157,0,1
-0.01029756439321431,0.008818747662600756,0,1
-0.00938225848064881,0.007499287591696845,0,1
-0.00587198595892786,0.010680453836628735,0,1
-0.00599896035713339,0.006600117052557742,0,1
-0.00517734702042012,0.007187673475727174,0,1
-0.006197958907762429,0.006822311719493534,0,1
-0.006213651660143526,0.007157676481671238,0,1
-0.008081039322354551,0.007130692910852098,0,1
-0.008292090242333905,0.00733352772792847,0,1
-0.005830337782163994,0.006398007481487526,0,1
-0.006491698255351976,0.005670308126080706,0,1
-0.006121386983084936,0.008459925815377332,0,1
-0.006832230868025847,0.009192656566329395,0,1
-0.007988845647056163,0.006349997388375042,0,1
-0.005272849111642107,0.007045981828603693,0,1
-0.007327263282227416,0.006892588901760248,0,1
-0.006267607788027292,0.00659436437381732,0,1
-0.0074814795822753825,0.007647692614223741,0,1
-0.005426096791084369,0.007862853328861264,0,1
-0.005447115991988179,0.006829345706908319,0,1
-0.008617518562852033,0.007051141152426065,0,1
-0.006597898117000979,0.008809603074328758,0,1
-0.005571057518937008,0.007856946409701249,0,1
-0.0035220146615698275,0.006945599728320895,0,1
-0.006676474037003122,0.005476689874731448,0,1
-0.007946550017690597,0.007134375893748693,0,1
-0.0034084531668666777,0.009190185610962645,0,1
-0.0034209120476525008,0.008795116158246024,0,1
-0.006351538361160837,0.009043215163412137,0,1
-0.006023967273514715,0.008042874344937698,0,1
-0.006146822857824528,0.008421330872275918,0,1
-0.008189263538788896,0.007748672815371228,0,1
-0.006329825899916798,0.007647409406485162,0,1
-0.0073713374775238585,0.00921994402462165,0,1
-0.007420010651767499,0.008577693673480985,0,1
-0.007149129508080631,0.011853804156863783,0,1
-0.00607116832015627,0.009103608656137407,0,1
-0.007372956367052113,0.011202983383939397,0,1
-0.004703695260079753,0.010305665340253003,0,1
-0.00798840166552417,0.010942432368989938,0,1
-0.005420199960513931,0.00898798795382826,0,1
-0.0065889911638835055,9.611889249725651E-4,0,1
-0.009431297615818044,-9.65229786281615E-4,0,1
-0.006691858027503424,1.0960889115850165E-4,0,1
-0.005548010701357558,3.086348863577428E-4,0,1
-0.006123126222005488,1.394857338899952E-4,0,1
-0.007867037347267734,1.6221570688938202E-4,0,1
-0.00523769975425984,-0.0010737389794008992,0,1
-0.007313192759423722,-2.583828291503379E-4,0,1
-0.0060728409066774635,-1.0580135724228294E-4,0,1
-0.007982301278728923,-0.0012104741097032803,0,1
-0.006980285106878836,-0.0018125013693153084,0,1
-0.0072001005830165206,5.10620173691905E-4,0,1
-0.005005347181713455,-0.0011009946741966784,0,1
-0.007094576071597683,-5.970666254862036E-4,0,1
-0.007155272615816167,-1.8244366743019123E-4,0,1
-0.006424522200436344,-5.143396627052055E-4,0,1
-0.0082576629094684,-0.0011898268965865413,0,1
-0.00350389550670834,-8.940759679313018E-4,0,1
-0.006041143164053116,-6.354179519117685E-4,0,1
-0.008781698528344227,0.0019114388094365821,0,1
-0.006170255262656766,-0.00264510839341793,0,1
-0.00814182158324733,-0.001162452956948698,0,1
-0.007303029963496333,-0.0014044122768716776,0,1
-0.008000538785728087,-9.461593652900041E-4,0,1
0.00905385775533537,0.012744432139172602,0,1
0.01056145658125318,0.010746025958559337,0,1
0.010321935510055053,0.010483551203544815,0,1
0.010968434482252367,0.008063221682805651,0,1
0.013181897263043415,0.011538866804656465,0,1
0.008340998043314328,0.010377108792838258,0,1
0.010032302645117253,0.010817093205969495,0,1
0.010230984431988504,0.010356833006262315,0,1
0.010705761126530692,0.010632398223626357,0,1
0.009408002599068247,0.010522942252529153,0,1
0.009831635564352216,0.010329898463960393,0,1
0.00846939637260192,0.00985243228316422,0,1
0.008455293153668947,0.011101291961515262,0,1
0.009225425048313318,0.010595661004970154,0,1
0.009733036372840028,0.00940969171932358,0,1
0.010264189330498505,0.005886387555254183,0,1
0.0061766412908981355,0.00947636858570782,0,1
0.009699857530381141,0.008874873895544708,0,1
0.009033060979009955,0.010381365879604332,0,1
0.009481424581659355,0.00960131436514426,0,1
0.009234601573791598,0.009015275604358679,0,1
0.009108330402526323,0.010101045785296603,0,1
0.010391713857332655,0.009692883752394384,0,1
0.008900800406750576,0.009745256265277676,0,1
0.00920052812729879,0.009248253185034163,0,1
0.009186860367053764,0.010939513908758278,0,1
0.009033793266550644,0.01062480734130466,0,1
0.008347726220362112,0.011542117042749534,0,1
0.008413556747087195,0.010439939790018551,0,1
0.007788316144562488,0.010719771139335137,0,1
0.009416688081005629,0.01165743463314567,0,1
0.00954983582988949,0.010074442177937303,0,1
0.008877425004334553,0.009418302483846135,0,1
0.007378981285766983,0.008454088782270547,0,1
0.008632577050699416,0.008947292168034165,0,1
0.007221468814042863,0.011668194407593266,0,1
0.00805704454597412,0.010488967818637437,0,1
0.007904645502634797,0.010250706588897133,0,1
0.007939005010783807,0.010886187756719352,0,1
0.01057272000801168,0.010819774807156842,0,1
0.008031328102774763,0.010693204590174496,0,1
0.008215249433827058,0.011661550873020909,0,1
0.008019958329734985,0.010304761464268649,0,1
0.006861473271380732,0.010428642628075049,0,1
0.00805946904154385,0.010874696119135689,0,1
0.006390829483578828,0.010680059876052899,0,1
0.008638902794268164,0.01188914860758946,0,1
0.007894514605519888,0.010518583844661035,0,1
0.009517173591889225,0.010551975331050546,0,1
0.006770739572382162,0.01118905646080254,0,1
0.007736599383958471,0.011666616136895616,0,1
0.008367480892976425,0.010577103822217191,0,1
0.007840157777423628,0.012429625101386501,0,1
0.005088971072169652,0.01250002441010667,0,1
0.006748781998477991,0.012436221900740674,0,1
0.014144683591889792,0.006540063136815314,0,1
0.014777698990927736,0.00586103400348429,0,1
0.013724448180927355,0.00514343200934334,0,1
0.013120631556868831,0.004358252747092026,0,1
0.012900341007166976,0.004380014490038351,0,1
0.014102966338324606,0.005791771816145403,0,1
0.012556616806059332,0.006459135095742376,0,1
0.011789710782000478,0.005365257630572055,0,1
0.01365501133627331,0.0041205713157522455,0,1
0.012957450858467279,0.006253375347076591,0,1
0.012145661317053833,0.005293503804942918,0,1
0.011971882428797511,0.0032709126461044576,0,1
0.011515662005346594,0.008844730030678045,0,1
0.012840166305239127,0.005298844124523389,0,1
0.013764414111721591,0.004741798782453727,0,1
0.011748221035904996,0.00789882787493405,0,1
0.01310090970333722,0.007569314963149538,0,1
0.013312875636548597,0.005511854024790669,0,1
0.011943596218388535,0.005583160546706877,0,1
0.012037995219577375,0.004710320931518167,0,1
0.01259887388404772,0.006405201418085769,0,1
0.010032912119015783,0.0033798382617054733,0,1
0.01230932753680209,0.005261188310443417,0,1
0.014693221543311246,0.0064417758399227,0,1
0.012211475037981508,0.008171689152163293,0,1
0.01163542598161827,0.006106367073672428,0,1
0.011880337678717408,0.0063888768038339976,0,1
0.011762336374670055,0.0054513764045667455,0,1
0.013436622163680037,0.007481409268979893,0,1
0.012318671061748243,0.007912490650845438,0,1
0.011825119637987701,0.005909097523315768,0,1
0.01070905738709041,0.005912293191567181,0,1
0.012984670410129462,0.007367219747560408,0,1
0.012463687231136332,0.00710783465022595,0,1
0.010836029898079835,0.006837692376162627,0,1
0.011365175019968761,0.00722981968609876,0,1
0.01256939722630483,0.00714725613200216,0,1
0.009978803384101993,0.006675558499531812,0,1
0.010663399367064971,0.007054132447936305,0,1
0.012940896829865543,0.007792805853367234,0,1
0.011306476365493317,0.007837954636385487,0,1
0.010699483010654653,0.007008471307365847,0,1
0.012141446056350943,0.009477317783111835,0,1
0.012885919107612045,0.009270887697062274,0,1
0.011799309633818518,0.00745237971756087,0,1
0.015398268340237924,0.009016050597358443,0,1
0.01214207324042558,0.007038571596467747,0,1
0.011817417765810892,0.008244618861717392,0,1
0.012364936213164403,0.009325740987489943,0,1
0.011147056307632991,0.009444211389544432,0,1
0.011521464892312615,0.008614263295684694,0,1
0.013873498025044426,0.004996404031119215,0,1
0.013245474577568028,0.0030113574293378033,0,1
0.015073594683901398,0.0022674569053365615,0,1
0.012164232482996275,0.002916603004439382,0,1
0.011695708736583925,0.001171575430638391,0,1
0.013027484087221252,3.52402992531851E-4,0,1
0.013540871162426797,0.0037572649533544103,0,1
0.01286442474566817,0.002731585604114909,0,1
0.012545819294445223,0.0015986548563560227,0,1
0.011575070330894692,0.0026100387248925625,0,1
0.01168683710251367,0.0013700971800437369,0,1
0.012858470844668702,0.003629251288842482,0,1
0.012078541829507832,0.0026328408870222287,0,1
0.01254661341251017,0.0038077291679701223,0,1
0.011409597203247458,0.0018253990796134026,0,1
0.01656550124460772,0.006048834670515842,0,1
0.01206381014314337,0.0047825922692818,0,1
0.009851012120727856,0.0044389959530427995,0,1
0.01033940554348129,0.002121179383361657,0,1
0.01281396971519656,0.004359156774296701,0,1
0.013257480648992504,0.00307775450159707,0,1
0.011621375175726461,0.003807950259357789,0,1
0.01045246432210348,0.0033520923257494063,0,1
0.011641568047372364,0.003392378132024688,0,1
0.011955348927348796,0.003420796176850556,0,1
0.012521433385703572,0.0016788472448579785,0,1
0.014137182752860888,0.004621884653030842,0,1
0.01131907454948963,0.0036166080738464345,0,1
0.01048910725385534,0.001969263845158796,0,1
0.011182418726474396,0.004451699849802516,0,1
0.011536349627319429,0.003908771171143889,0,1
0.010627490638567895,0.004366817015839957,0,1
0.008976751343020404,0.00503058813439453,0,1
0.01172830496994855,0.004083474114264682,0,1
0.011390777778687355,0.004692251211002638,0,1
0.012363908606097434,0.004785720941447099,0,1
0.009479551612402166,0.005241298566002201,0,1
0.011476636933171493,0.005065209113566419,0,1
0.012080273043907016,0.009504198416604343,0,1
0.010155535373896657,0.008454226771889346,0,1
0.00984551833159441,0.008085666825670019,0,1
0.010788631341678186,0.007400383162384319,0,1
0.010319411863346102,0.006643175594647695,0,1
0.010722278569474891,0.005993194436118754,0,1
0.01087551531247927,0.009697754322656769,0,1
0.009913891666699905,0.00874354797171575,0,1
0.011085939979708982,0.0079487952603033,0,1
0.010114170558240774,0.006264653596878474,0,1
0.010594202174745465,0.00905418054036984,0,1
0.011497940644399861,0.006427187931854592,0,1
0.008667498634935027,0.00870141462736298,0,1
0.009795644234027444,0.006624245424549071,0,1
0.01137681208200767,0.006466659992773276,0,1
0.01072304199437711,0.008445195767929677,0,1
0.009434683664799619,0.007931133619856064,0,1
0.009790688969539493,0.007999465927296069,0,1
0.009439264469045987,0.009218511510326257,0,1
0.009939415061449903,0.008332742361128435,0,1
0.00951492844519923,0.0075837807625921145,0,1
0.011443020255141824,0.004042943384137601,0,1
0.009327389109355419,0.008265887940197393,0,1
0.010163441714558446,0.0073195514053889296,0,1
0.009442476561327873,0.00739443791218761,0,1
0.009652404502565264,0.008695504260024058,0,1
0.009752356486407645,0.009069077130008487,0,1
0.0108439291180227,0.00678986662721217,0,1
0.008816879162136724,0.009389950711936481,0,1
0.008354248503224606,0.01036599438043842,0,1
0.009620326319500591,0.007513738112183149,0,1
0.008450644092473411,0.008024943518597658,0,1
0.008653843912133976,0.00758134853091716,0,1
0.009665862648996257,0.007210011411057835,0,1
0.008597522263937157,0.009234352788009935,0,1
0.007741598504123318,0.005920429987296893,0,1
0.009364247679164878,0.007644470106287777,0,1
-9.507737545176311E-4,0.014130663243113385,0,1
-0.0026174862579280587,0.015605923633704062,0,1
-5.855288195396281E-4,0.013502492715839911,0,1
0.0010921985902389933,0.013761322388524533,0,1
0.0017489349137269211,0.013238332841380063,0,1
-4.1557586410735626E-4,0.014420509222436435,0,1
-3.789385116092479E-4,0.014478379396149061,0,1
0.002521274583598335,0.012986603789877774,0,1
0.002324594154615173,0.014561692509559337,0,1
-5.57936050036806E-4,0.015147919743203038,0,1
4.5481365302086973E-4,0.012071906103127413,0,1
3.4367003535759106E-4,0.013606270238380526,0,1
9.50951810095885E-4,0.014054641689310072,0,1
-0.0012022871900818058,0.014806957303174976,0,1
7.098196136587064E-5,0.014631111217808359,0,1
6.639388247677959E-4,0.013633529843409887,0,1
-0.0016258990323587401,0.012903575209087506,0,1
-7.122050363047582E-4,0.013039404876810542,0,1
3.3862909252552095E-4,0.013026940229951676,0,1
-6.053469016902863E-4,0.013470539125255712,0,1
-7.729246093402581E-4,0.01389594054665771,0,1
-9.246937353266116E-4,0.01290678227009068,0,1
1.667606544124972E-4,0.012769555666229008,0,1
-0.0016601992710602457,0.013199000203993415,0,1
-0.001255643982796841,0.01286140451475579,0,1
-8.159351770674728E-4,0.013013959310449174,0,1
1.3589821180712115E-4,0.013121631215158544,0,1
-9.677078425133705E-4,0.012374488390697925,0,1
-0.00139958963370427,0.013674009021927285,0,1
-0.001716699216180246,0.014383976969219716,0,1
1.8463039964595524E-4,0.014204352796649718,0,1
-0.001429262142467331,0.012522075781031872,0,1
4.0587905476421003E-4,0.012510340588978857,0,1
0.0013851355487911649,0.012835248711127978,0,1
-6.621656564377318E-4,0.013871033899691665,0,1
-0.0018334907938182081,0.012878795592570182,0,1
4.884709231544299E-5,0.010480194780215557,0,1
-0.0012845249493384607,0.013043543598536426,0,1
-0.0026856689555838256,0.013598376324459687,0,1
-0.0024250766401722147,0.013647060409354142,0,1
-0.00236694775589822,0.014526193674182699,0,1
-0.0021267753678897057,0.014045593979717014,0,1
-0.001564150889565679,0.012389060140240807,0,1
-0.0032487543899488306,0.01545027993791157,0,1
-0.0027654867303687956,0.013765530513536423,0,1
-0.0013806992963015417,0.013922873477413346,0,1
-0.002970414727316795,0.014554247772972526,0,1
-0.00235652144337912,0.013006738768343878,0,1
-0.002722593815032334,0.014068533923760245,0,1
-5.7009162799331744E-5,0.011898952026144684,0,1
-0.002254017242960733,0.013407991292275554,0,1
-0.003919101953537159,0.012424901214929444,0,1
-0.0020293974770692787,0.01597386852021754,0,1
-0.004240533876592693,0.012598608270647703,0,1
-0.00589514387611199,0.011356755361960475,0,1
-0.0029343465705962764,0.00979922384995085,0,1
-0.002139461010456097,0.013753508123341252,0,1
-0.0037351814438601138,0.012426560148006496,0,1
-0.002084725485862872,0.013154568747762673,0,1
-0.0025506610388188263,0.011669528995758929,0,1
-0.0024860549246135317,0.012610738278231488,0,1
-0.004675061946370946,0.01386071932747477,0,1
-0.003580006821811866,0.013831571192235513,0,1
-0.0028734034083494567,0.012472875770089542,0,1
-0.0025644027966386053,0.01236069289695606,0,1
-9.409052361593678E-4,0.011992539800707287,0,1
-0.0035186119820432757,0.012268549030537777,0,1
2.1726760648402922E-4,0.013915613612771898,0,1
-0.0038371031786842806,0.011410116892141225,0,1
-0.0024349189855839303,0.011659266795758716,0,1
-0.0021884032280854874,0.011001022420677067,0,1
-0.0034813733140167647,0.013585767654510488,0,1
-0.0047095451662817825,0.012622057326042506,0,1
-0.0026188891873893975,0.012409592678856845,0,1
-0.0030662373559399445,0.013653633111317755,0,1
-0.004866048354145257,0.012203581507705914,0,1
-0.004093072349879336,0.012627127375398187,0,1
-0.004470860372924831,0.012360651514594222,0,1
-0.00287988395999787,0.011805608183685982,0,1
-0.004887565425013796,0.011878144785907154,0,1
-0.003116905310301238,0.01143451843465398,0,1
-0.004155833929472108,0.011949037778921898,0,1
-0.005407921201798969,0.01223454046486213,0,1
-0.0061325491669748065,0.010186756570673059,0,1
-0.0024150265793872073,0.010726179112705937,0,1
-0.0053163112514788904,0.011267694325176058,0,1
-0.0036965607001603583,0.011247179180003345,0,1
-0.004205636623712573,0.011611025541585772,0,1
-0.0028324852406205457,0.009961889441050968,0,1
-0.004853890227262331,0.010701325009106574,0,1
-0.002094027463311021,0.008806389347172745,0,1
0.008148830429243699,0.013406954468313652,0,1
0.007374752312157416,0.011623121871276284,0,1
0.007182496329343577,0.012850353143197858,0,1
0.006007054941491685,0.012205923501480833,0,1
0.007450809808138796,0.01186612337939747,0,1
0.007471821170426061,0.009933664860313534,0,1
0.006648792851759585,0.012065568255062787,0,1
0.007108773969502472,0.011358655367530938,0,1
0.005293945303616865,0.010926325861915213,0,1
0.007114321917085909,0.009842540956251505,0,1
0.005997631935362599,0.00928151430140119,0,1
0.007279407527179524,0.011048122336617547,0,1
0.005833894982479165,0.011412161303770913,0,1
0.0050668838551418925,0.012025959386215639,0,1
0.005182106692087284,0.013141212907030114,0,1
0.006129769628078949,0.011474940719500396,0,1
0.005599931020075966,0.012055458925218114,0,1
0.0064394394681571085,0.011262032928006442,0,1
0.006076129403280134,0.01033756243655628,0,1
0.006493561513358963,0.01018187845573925,0,1
0.005981821281618314,0.007703543893848171,0,1
0.004896826378472343,0.012387738910624998,0,1
0.005855738801504907,0.010844426385654575,0,1
0.006620777166114246,0.01024118278286608,0,1
0.005928937232797976,0.009876540149244507,0,1
0.004676232191846125,0.014568326926370074,0,1
0.005763968022692116,0.009015860711534294,0,1
0.0057733866115015735,0.010335685638955644,0,1
0.004151875738210335,0.011870042064462528,0,1
0.005951054564775454,0.010214949331584221,0,1
0.004871777192951882,0.009503494714375579,0,1
0.005038064726454524,0.011386311301213356,0,1
0.0053668587966764466,0.010346233210134535,0,1
0.005041673783209999,0.010418430040742464,0,1
0.004695622310372699,0.011441577734474321,0,1
0.0050999155373643015,0.01143947717138282,0,1
0.004329777079716512,0.012213961150987801,0,1
0.0014751756230888182,0.009018741905848312,0,1
0.002916551371083652,0.010561513531230875,0,1
0.004728363787059025,0.008776026193542966,0,1
0.005322316910720927,0.010814710442896672,0,1
0.0017192195522032284,0.013514813577241668,0,1
0.0020597477708778904,0.014144215688859626,0,1
0.003075910779593309,0.013288974134950553,0,1
0.0021260122077050936,0.012769372751542279,0,1
0.0043369776395828785,0.011721435514159148,0,1
0.0026776607021432434,0.011483900250942793,0,1
0.002033941389157439,0.01240286965735179,0,1
-0.0011336663255911501,0.014789381872779579,0,1
0.001659359528497148,0.012073756779750774,0,1
-2.6046400833587346E-4,0.01164038147635052,0,1
0.0024100120564957733,0.011542802463012345,0,1
0.0014801403106906278,0.01317679396242357,0,1
0.0017667385695326655,0.012363204618118774,0,1
0.0018976808495136574,0.012108200434727361,0,1
0.0010818178371040559,0.010787087708292564,0,1
0.0013942038808717697,0.013553881947658879,0,1
3.0023639905743787E-4,0.012896089259453477,0,1
0.0013759008552728365,0.012001415686569497,0,1
0.0030281732556807204,0.009363209861616333,0,1
9.079057693455147E-4,0.013402410868483294,0,1
6.108789578389057E-4,0.011642827792218608,0,1
0.0014799664887551918,0.011408241422306915,0,1
0.0018480690185471544,0.010117364099119465,0,1
9.837333982354811E-4,0.012998543784383759,0,1
0.001082767570640342,0.012535585053954605,0,1
0.0021434160610976395,0.011654069937756941,0,1
5.546588015237477E-4,0.014168913874883612,0,1
7.85285757674219E-4,0.01248646535429975,0,1
3.867944651057414E-4,0.011454885641891894,0,1
0.0010728406556244929,0.013222796880896594,0,1
0.001711769936347965,0.012344671101167241,0,1
0.0016402670112296346,0.010770221675704116,0,1
4.115146714349085E-4,0.011948183947809854,0,1
6.691287103907727E-4,0.011397832004163532,0,1
-4.967690904022392E-4,0.010840261049971127,0,1
-8.85827118060146E-5,0.012444154842884787,0,1
-8.603329587890279E-4,0.012156258028558374,0,1
1.7440988812917704E-4,0.011674479343323083,0,1
-2.8250635620228503E-4,0.006137948259382725,0,1
-0.003472883879216869,0.007907124392605883,0,1
-0.0025853025623821203,0.007683962716150366,0,1
-0.0024099551148921887,0.00871601461742198,0,1
-0.0032042270689972307,0.006621590462522983,0,1
-0.005605154695372086,0.010493567252245544,0,1
-0.001570676617494363,0.008689823283231238,0,1
-0.0022496938547573804,0.008290864356109377,0,1
-0.0017667677281801152,0.008857230040747392,0,1
-0.004242831594675666,0.01038691711314278,0,1
-0.004427343049133448,0.010024318057704698,0,1
-0.0019126917939913332,0.00839515733924621,0,1
-0.002980897197298647,0.008622410431016456,0,1
-0.0022831161215232125,0.008346512769586496,0,1
-0.004086052993885686,0.008364084904925658,0,1
-0.006534296101798293,0.009838258019052814,0,1
-6.385914142619794E-5,0.0078002369641411995,0,1
-0.0021123991257869157,0.008920035807620625,0,1
-0.0045196745341371915,0.010297257636943506,0,1
-0.004236321651864701,0.010942521471637809,0,1
-0.001691589270699797,0.008875461818927424,0,1
-0.0021484858487966605,0.009430295263741235,0,1
1.3529213047790146E-5,0.010171631190389416,0,1
-0.004832869344028925,0.011439907989860349,0,1
-0.002399123683338172,0.01078173702725994,0,1
-0.001629843130869107,0.009665757474568373,0,1
-0.0029647376150414594,0.009632385334245387,0,1
-0.0013108786314180694,0.010225279370303106,0,1
-2.585351452967641E-4,0.010245340940958893,0,1
-0.0025616733136542193,0.010519676535326474,0,1
-8.371872918075834E-4,0.010797529213948772,0,1
-0.001647729819312269,0.009874637710420334,0,1
-0.001652726629953321,0.013381246782839445,0,1
-0.0024981415002472466,0.010414809950839751,0,1
7.164021567090574E-6,0.009650147786744548,0,1
-0.0023270011981023427,0.011825812716326968,0,1
-0.0011078047367463581,0.010827230504254843,0,1
-9.86478980092735E-4,0.012125409916100937,0,1
-0.0022637597783547597,0.012047630265869622,0,1
-5.319714853318513E-4,0.010119255621593621,0,1
-0.00513116730195012,0.006529569599394938,0,1
-0.005719481222743397,0.0090669454149718,0,1
-0.0015853800025295306,0.00956178288294886,0,1
-0.0035776446513350714,0.00847952771431531,0,1
-0.0034345883934266495,0.009456823192252842,0,1
-0.004371599936852858,0.009512632420763842,0,1
-0.00405005668044236,0.006322460961193467,0,1
-0.004820270346432728,0.008897754238488093,0,1
-0.006522592958022324,0.007218074109148956,0,1
-0.005050223703987632,0.008794774545958008,0,1
-0.0034434059987641843,0.006150263140734475,0,1
-0.004409300338604205,0.0071680364722733,0,1
-0.004201978025021932,0.008350928501615038,0,1
-0.004440746506429501,0.009272963178137736,0,1
-0.005361774202446504,0.004060437678404415,0,1
-0.004053922554260383,0.007773383308321396,0,1
-0.004350982443907409,0.008532229214473068,0,1
-0.00558747119787857,0.010649723063894508,0,1
-0.005045842640686723,0.00864189780100994,0,1
-0.003689521437731875,0.008226533721103596,0,1
-0.003838464765184995,0.008127786315117666,0,1
-0.003840182544708803,0.006439257771998743,0,1
-0.004284738599779487,0.008560134079303094,0,1
-0.003915543747425801,0.007903254562657454,0,1
-0.0030868981520178157,0.007081810719419893,0,1
-0.0036639486340686402,0.010494358281558846,0,1
-0.002737243008920806,0.006995069224417792,0,1
-0.0027362024161744197,0.009232751732947,0,1
-0.00287225338431767,0.007400565053420871,0,1
-0.003431404335848485,0.007974418770986424,0,1
-0.0030294372548273682,0.008343041137839704,0,1
0.002186681063353594,0.008431899346633114,0,1
0.0011937779495156363,0.009215802333413646,0,1
-7.064397727930632E-4,0.008795031617344956,0,1
-3.2335228833773574E-4,0.010752940250854085,0,1
-9.204196313175719E-4,0.011579350406058573,0,1
-0.0016831992978712915,0.010528086024984598,0,1
0.0014449324470558788,0.008783231079823692,0,1
-5.871765640687572E-7,0.009138966854778757,0,1
0.0014876010765176295,0.008984440452810867,0,1
-0.0036019234600762656,0.009411826865628059,0,1
2.0560066910050974E-4,0.010597521533435938,0,1
0.0017784195995274748,0.008795182842289181,0,1
0.0016475230822338323,0.009999203579181016,0,1
0.0012158521078677465,0.009926916618125049,0,1
0.0013083809239192493,0.010876261961701853,0,1
5.175901228062023E-4,0.01131830076694729,0,1
0.0025897774564314067,0.008925988545583697,0,1
-0.0010536015717146322,0.00825313631920012,0,1
5.188314893242045E-4,0.011049388411321493,0,1
0.002173235295176579,0.00906203534558654,0,1
0.0011400395455569458,0.010202314305805121,0,1
0.0017396857253097096,0.009136030663353263,0,1
2.6728782985336317E-4,0.011089872935592727,0,1
5.622723460766417E-4,0.010466035170193467,0,1
0.002474179166055944,0.010990056848405984,0,1
2.950345651648935E-4,0.01070403716533321,0,1
-4.896876426750902E-4,0.007611754682424992,0,1
0.0027700902271351985,0.010871452223031293,0,1
0.003248594508850543,0.01093544153703001,0,1
-9.4643649464627E-4,0.00798403089136181,0,1
-3.615523257378215E-4,0.00724240478943105,0,1
0.0026677376594030767,0.010335412373217974,0,1
0.0025960277458169576,0.011085875631811862,0,1
0.002837962541257781,0.011293649179282113,0,1
0.0011652789885746042,0.007383878689422122,0,1
6.893727206217622E-4,0.008854275067586818,0,1
1.0356802761506232E-5,0.007627054635715419,0,1
-1.6721734902220477E-4,0.007430260837769592,0,1
0.002327707237232382,0.006316189463825998,0,1
-0.0016838147253335806,0.007701521664593971,0,1
2.824516945998081E-4,0.008385177109824926,0,1
-5.464506841289006E-4,0.007069629884778914,0,1
-0.0012278382879479409,0.008194030255374128,0,1
-0.0019414667442530901,0.007188634930950147,0,1
5.203578344185337E-4,0.008807912461948956,0,1
2.5447971198046135E-4,0.00957447405391713,0,1
-6.618138920427815E-4,0.008222716401585988,0,1
-0.0023790663888526155,0.00938369648595715,0,1
0.0034403629624764963,0.008998617647036486,0,1
-2.4609390694361696E-4,0.009054162099014976,0,1
-4.6197450581747924E-4,0.008677243141491873,0,1
-6.102179338360882E-4,0.009037909967335457,0,1
-2.3429097342279726E-4,0.008307401315626994,0,1
-3.935312560146032E-4,0.010063988683450617,0,1
-0.0011450611244960985,0.00934950870322938,0,1
1.650629810361877E-4,0.009197373734518365,0,1
-9.850032183568416E-4,0.00903181038541739,0,1
-0.0020848483727452126,0.006513982176524326,0,1
-6.79217221808947E-5,0.009706918126988125,0,1
-9.315839757808389E-4,0.010022799502664161,0,1
-3.9707577480355746E-4,0.010174257324989592,0,1
-6.7955417321483E-5,0.009505912874651743,0,1
-0.0013529964927406807,0.010445813672565765,0,1
-0.0014117252509177674,0.011346457114618212,0,1
7.883749445878786E-4,0.008369117195497799,0,1
-0.005975186998952827,-0.004206335122884384,0,1
-0.005888061455953102,-0.003298906622324416,0,1
-0.007452191040767648,-0.003013905791424275,0,1
-0.00856139787335279,-0.004063245516621746,0,1
-0.008322748393585539,-0.0014002303289469865,0,1
-0.007499153891315964,-0.003272609325736724,0,1
-0.006981181604520633,-0.004696430526722644,0,1
-0.0036973180416080653,-0.004280282693543174,0,1
-0.00864446020748169,-0.003405098145429106,0,1
-0.007608627808448235,-0.0035446934074919003,0,1
-0.007836532032226503,-0.001984203200861445,0,1
-0.007066950475843854,-0.00317632110586851,0,1
-0.005627051324470097,-0.003593972479615119,0,1
-0.006274135806721182,-0.003717316725551632,0,1
-0.007975131632188135,8.127576147240558E-4,0,1
-0.0047208167891444955,-0.0059647743272166175,0,1
-0.006761433869990099,-0.003710988871835274,0,1
-0.006262686483811952,-0.002216625621587528,0,1
-0.005465985873624057,-0.003852206866417147,0,1
-0.006180564704315512,-0.0027315140764746057,0,1
-0.006122673115889535,4.5464556232540927E-4,0,1
-0.004576908097222224,-0.0021693573766307546,0,1
-0.004259056779080906,-0.0023261859977313257,0,1
-0.0058762168202913904,-0.0030495175351229805,0,1
-0.005966580021335869,-0.001936961259293798,0,1
-0.007272737916107725,-0.003306678673324601,0,1
-0.0074011466995545176,-0.0011674693873232759,0,1
-0.007714649296410126,-0.00194482118216962,0,1
-0.004750339833097252,-0.002961175822196136,0,1
-0.005865715103095233,-0.001660163013968841,0,1
-0.004931970574117194,-0.0021012247783071644,0,1
-0.0039984014990760396,-0.0015281877950849261,0,1
-0.004831468167223578,-0.002412545441729728,0,1
-0.006100571420686128,-0.0022276078390096815,0,1
-0.005880847921446947,-0.0012945872099972798,0,1
-0.005087283254062967,-0.0017396047135314885,0,1
-0.00605630822807165,-0.0029007756293637737,0,1
-0.0073954445325704575,-0.0026478600573011132,0,1
-0.005683054766874357,-8.283995998060813E-4,0,1
-0.006919907015226734,-0.0021907738333049247,0,1
-0.0064412306805962,-0.0014291679974237294,0,1
-0.00469421715785845,-0.0018392326576347992,0,1
-0.006077872633643498,-0.0017467082958893812,0,1
-0.005024519012245407,-0.0015788713261154581,0,1
-0.007790677860984566,-0.0015592815374300246,0,1
-0.004531785705548503,-0.0019131703482036838,0,1
-0.007781633138043417,-0.0017011731157766797,0,1
-0.0023412181887116053,4.414018655087884E-5,0,1
-0.005557734477694215,-0.0010689000195103875,0,1
0.006994171850335814,-0.012306765223167046,0,1
0.007307131438380276,-0.01302254104425387,0,1
0.003932414776819984,-0.013301901174551871,0,1
0.006032707811231478,-0.011668185101445247,0,1
0.004727478792426109,-0.00954295740891002,0,1
0.007762071666803821,-0.011615883130131918,0,1
0.00790149772509514,-0.012400798326953734,0,1
0.00621889265903528,-0.01159355490698544,0,1
0.006346463235844235,-0.01364951608316124,0,1
0.006536587653631899,-0.01150102018570505,0,1
0.006364614613635497,-0.0116140930954356,0,1
0.006010790485721408,-0.010990374448757693,0,1
0.010959689793928865,-0.012544618071869233,0,1
0.006809285763678059,-0.011306036701638437,0,1
0.00552507384921033,-0.010023609401669267,0,1
0.007289007964369415,-0.01227945426677443,0,1
0.007044979978673166,-0.011277240872514745,0,1
0.005863815261927584,-0.00982998411932213,0,1
0.007284546195593479,-0.013198098549595715,0,1
0.006107418304459242,-0.011083682392248917,0,1
0.009120948437007876,-0.01298909392585449,0,1
0.007319207074995281,-0.011030709676077489,0,1
0.010553230656530747,-0.011330446573276401,0,1
0.007482948960463934,-0.011157391542127387,0,1
0.007681054453789544,-0.010277984939880533,0,1
0.008335225591480696,-0.011420386154951593,0,1
0.004208199412244049,-0.006746479994789701,0,1
0.01102025084836139,-0.010182221608471296,0,1
0.01065453447127956,-0.010851760926638712,0,1
0.007946526394146688,-0.010230241481182413,0,1
0.01080108423368121,-0.013012638627549226,0,1
0.007400117379216034,-0.00886186000057109,0,1
0.00905270568456443,-0.009209100203416774,0,1
0.008382602602558836,-0.011156835424026405,0,1
0.010259590468875536,-0.00999729561053282,0,1
0.005653910116651119,-0.008955097914229541,0,1
0.007183041685389389,-0.009568744611748385,0,1
0.007829172291571727,-0.010101434599022992,0,1
0.007704736806197095,-0.010279199229757053,0,1
0.0069201735993602385,-0.009186722935348581,0,1
0.005910453139471594,-0.010266833967481015,0,1
0.010116834005891721,-0.013232377353717094,0,1
0.006385713109244817,-0.008259242801976463,0,1
0.008370162227010963,-0.009119764858859994,0,1
0.006625366435852293,-0.0099038760620799,0,1
0.005552952021444102,-0.006976673767374566,0,1
0.007471047951256149,-0.009923618534545478,0,1
0.006558963288205617,-0.00981197942373155,0,1
0.006072330541835306,-0.010842213540034428,0,1
0.007126086011426886,-0.01067941645950238,0,1
0.00491283860393919,-0.011655977806396814,0,1
0.009231869994651237,-0.011196486184519882,0,1
0.005345816971483974,-0.00979158377663659,0,1
0.00587538264532466,-0.009040166812413417,0,1
0.0045632561156974585,-0.010686369783844733,0,1
0.0042176240358201165,-0.010091206869700508,0,1
0.004501172909246467,-0.009613854329301055,0,1
0.0025584852536983437,-0.009998875184878296,0,1
0.0016287170009976473,-0.009807317545569506,0,1
0.0011379651002240017,-0.010263209185678777,0,1
0.0014277781834913619,-0.011818679577391905,0,1
0.003097179870246524,-0.010949268012704615,0,1
0.0034641921451482208,-0.010156223061606096,0,1
0.0022507511205160256,-0.011823474929429487,0,1
0.001439321566047335,-0.009521342069612677,0,1
4.5310270234822655E-4,-0.011689805294652482,0,1
0.0042720297402467685,-0.009271999828292656,0,1
0.0025590663003633987,-0.009150057711519525,0,1
0.0039084821998578295,-0.010182449253225041,0,1
0.0034318118179810725,-0.008563615991138878,0,1
-3.870766203571179E-4,-0.010349831528718897,0,1
0.001472695570287236,-0.010491895644889353,0,1
0.001716362928947958,-0.012188510986488245,0,1
0.0029770211512612017,-0.010280251089419818,0,1
0.0010580713032211262,-0.009045110840126831,0,1
0.0016309658365557891,-0.01024186033315841,0,1
0.0022190246031602344,-0.009499353018842664,0,1
0.0016142417955963544,-0.009863357104283479,0,1
0.002110651467109258,-0.00958519131007717,0,1
0.002645719850917217,-0.00961753450826412,0,1
0.0014219818502644705,-0.010005653941813884,0,1
0.003006727739907571,-0.009273803420646286,0,1
0.0023033512943068076,-0.010880489261730715,0,1
0.0019051047394491097,-0.009682349073094131,0,1
0.002703131970255201,-0.008878452045409664,0,1
0.004048750043007678,-0.008958377734494328,0,1
0.002367164805038591,-0.00753167178521444,0,1
0.0021999541833870196,-0.006590709976405109,0,1
0.003515513554651328,-0.0082876743512032,0,1
0.004315156708654057,-0.009259011098509793,0,1
0.0019904357565788885,-0.008544363809906315,0,1
0.003001701509379564,-0.007913725147740228,0,1
0.0017353420994650004,-0.007372173097325012,0,1
0.0029363425336492166,-0.0086067891660839,0,1
0.0020829731046626914,-0.007958311190461297,0,1
0.002644287832200059,-0.007292681411422699,0,1
0.0025686930537768865,-0.00791972751386765,0,1
9.241782776053302E-4,-0.00591612477981367,0,1
0.010782944285103081,-0.006455071537226615,0,1
0.009728581233994628,-0.007072229898348657,0,1
0.008757439986441915,-0.007043465478616153,0,1
0.009086425942602385,-0.008173457139750715,0,1
0.005683824659271288,-0.0072966718641242715,0,1
0.010406780937084996,-0.006712091294383361,0,1
0.009808845814469625,-0.008856659169969685,0,1
0.007268846387075304,-0.008358179497136563,0,1
0.011335251927877769,-0.007288074484055744,0,1
0.008625245228527312,-0.007194080827958732,0,1
0.009849398809514843,-0.00622019027079706,0,1
0.009621152925637776,-0.007833572234714165,0,1
0.010540900533144978,-0.004901781492789675,0,1
0.007918411546375992,-0.007365747654372572,0,1
0.009141148339806345,-0.005533983504854431,0,1
0.008199228264117614,-0.006847477997392614,0,1
0.008135906169955376,-0.009521637143062294,0,1
0.009673789324561205,-0.004532105954899838,0,1
0.007871365281603414,-0.005550338282645184,0,1
0.007650347868831453,-0.005941719974384917,0,1
0.007151111116425423,-0.006784568244639517,0,1
0.01169001044972833,-0.009063882125884094,0,1
0.009215472573119455,-0.005718937674615119,0,1
0.0102402612904742,-0.005473242369972787,0,1
0.009573192528272838,-0.005867526068215235,0,1
0.008189504804110676,-0.004907765899694727,0,1
0.010300705241274863,-0.00573357734219684,0,1
0.007345037875334556,-0.007331053115734436,0,1
0.010490383167501744,-0.005726228654562003,0,1
0.007716335303281571,-0.0044073702275283675,0,1
0.01126421086006105,-0.0063774957064591156,0,1
0.009991198237970941,-0.007318456641177817,0,1
0.009648085924688726,-0.005033770180175114,0,1
0.00918967967403521,-0.004659597079575997,0,1
0.011137466329274188,-0.006142246240565711,0,1
0.00970516928424647,-0.0053392140602440226,0,1
0.010665814585490943,-0.0037259458021605732,0,1
0.01076964422076218,-0.005080083170321785,0,1
0.009847425018696062,-0.00525768379180072,0,1
0.010526472059045751,-0.004428273959008475,0,1
0.010871336047857364,-0.003864436993963598,0,1
0.010660817824707583,-0.0050019801536553615,0,1
0.011801855871435203,-0.004135279726866437,0,1
0.00853002339415196,-0.003526996951737441,0,1
0.011838454431818081,-0.004058418285300976,0,1
0.011723802934673306,-0.0036077772052444533,0,1
0.007736678344207213,-0.008260810561657263,0,1
0.007146405433952543,-0.008569432119348621,0,1
0.004698853627682968,-0.006625490057876982,0,1
0.005440163699571316,-0.009796467062357048,0,1
0.006094959106551227,-0.009132196613186408,0,1
0.005118980368509333,-0.009759750436220273,0,1
0.005769083472166018,-0.010144045804548318,0,1
0.006760444621762571,-0.008281100165203623,0,1
0.007306739582868628,-0.010547007025305352,0,1
0.005030654132202437,-0.009427208673415526,0,1
0.007117306318306005,-0.007737375363040828,0,1
0.006120529920637899,-0.008201446538358173,0,1
0.006953701402245776,-0.008796356106761868,0,1
0.004660563913909208,-0.006583054266157911,0,1
0.004049273141063724,-0.009140588832308524,0,1
0.0056249259539716935,-0.007483668096876965,0,1
0.006253592200189031,-0.00974027859184975,0,1
0.004948910456950374,-0.00973507321992255,0,1
0.006694092791703402,-0.0074246288863221805,0,1
0.005698804591797914,-0.007918479921792567,0,1
0.005570497180240921,-0.0073915890701574186,0,1
0.004469035905119063,-0.008929184401047818,0,1
0.007036036788506873,-0.008575111567796084,0,1
0.00632774762482497,-0.008144928543420428,0,1
0.006541415842914166,-0.0061346795967105,0,1
0.00622487271200152,-0.006593873192674287,0,1
0.005813449897841666,-0.007893072282003342,0,1
0.007349149574116007,-0.006840508756792828,0,1
0.006125695890413414,-0.006041404835680098,0,1
0.006082710730332674,-0.006470986623989892,0,1
0.005113378487169798,-0.006838878722214815,0,1
0.004691552224683413,-0.005737652560297715,0,1
0.008267375375879278,-0.005005978395582414,0,1
0.007655734881706218,-0.005228443433193796,0,1
0.007805507907788863,-0.004353017835865215,0,1
0.007816342009360908,-0.0068065074661489465,0,1
0.0064960543492310965,-0.009551127959863275,0,1
0.007736957647590435,-0.00505837535844917,0,1
0.007746871532486743,-0.006525317234590314,0,1
0.0075750624352096275,-0.008363744818683912,0,1
0.007973302823838149,-0.0056102110395816725,0,1
0.00726608589848007,-0.004841038696780798,0,1
0.006841990774440119,-0.006330393730957763,0,1
0.009387217139606566,-0.00980099032342939,0,1
0.0072944523228852904,-0.005500985642224861,0,1
0.006444590629768947,-0.006681750577164665,0,1
0.008207389399522105,-0.006250428822528917,0,1
0.007703394719018171,-0.004375189060456929,0,1
0.006027095689551664,-0.0057724265823441406,0,1
0.005265698865528003,-0.008302720048252415,0,1
0.0067123456719786765,-0.004744617586217444,0,1
0.006893257474071328,-0.008112646179976481,0,1
0.006165687330555908,-0.005031967621352179,0,1
0.005805364572611324,-0.006825873050870949,0,1
0.005833734046739106,-0.009063598917067955,0,1
0.005748359056952839,-0.002429581713221398,0,1
0.004342917982846936,-0.006053121166643365,0,1
0.005309162647712192,-0.006565058996388363,0,1
0.005601057924908607,-0.005117932354656403,0,1
0.005070395942329552,-0.005931281656941058,0,1
0.005356872190857588,-0.0074957189239037245,0,1
0.004029571102073875,-0.008994205997888721,0,1
0.004387829163489396,-0.009559939064063433,0,1
0.004715952656462229,-0.008656620141469767,0,1
0.004598795712732347,-0.006481746760354377,0,1
0.004628376284470772,-0.007592944767497956,0,1
0.004478226381574679,-0.007953071117235928,0,1
0.002945970523796386,-0.00853427915002638,0,1
0.005552960347794651,-0.007702725644917575,0,1
0.002798933819736529,-0.005874893171649308,0,1
0.003252281184350346,-0.006585578531594413,0,1
0.005428924205185997,-0.00831419582974336,0,1
0.004609209252921543,-0.009491918953322947,0,1
0.004470419035297601,-0.006630491911079989,0,1
0.004260817354199346,-0.00811745423406096,0,1
0.004284689711407329,-0.007945251527636067,0,1
0.00439858531778364,-0.009443581730053947,0,1
0.00501740952678791,-0.006753666482012838,0,1
0.004118374513157353,-0.005692499790224505,0,1
0.004639598236684429,-0.0072306083810612645,0,1
0.0036219763270180657,-0.006799968021230222,0,1
0.0036975295511666533,-0.00727384791285915,0,1
0.0038547901758405026,-0.008227797683530304,0,1
0.0016751857431333572,-0.006310736493984398,0,1
0.0037549873584226817,-0.0073963612831626675,0,1
0.0042875131734258125,-0.008876892534596314,0,1
0.0045188681771891805,-0.006972242838197984,0,1
0.0035752427079382655,-0.007723608195010973,0,1
0.0015797413203789228,-0.0069402242320510885,0,1
0.0024946106545554276,-0.007322152072189457,0,1
0.0033614443837629362,-0.007633429562177138,0,1
0.009495515928985258,-0.0013356779108096761,0,1
0.008140013329678808,-0.003503594700767399,0,1
0.010148850688899164,-0.0026548640656860827,0,1
0.01031185974071145,4.5540917858349905E-4,0,1
0.011158186637682685,4.194255739356594E-4,0,1
0.012358934725970116,-6.84345615881626E-4,0,1
0.010128037154022728,-0.0022663894960305827,0,1
0.010513153989505135,-7.67463744188567E-4,0,1
0.0110452598587155,-2.5071640299739403E-4,0,1
0.01213245609842652,-7.262682527440611E-4,0,1
0.008902073301508082,-0.0014087803783908262,0,1
0.012199286070472262,-6.915524635978766E-4,0,1
0.011277316216609847,-8.923908199289389E-4,0,1
0.010375148322976212,-0.0010587764904132048,0,1
0.010142630873231554,-0.0014979930975763695,0,1
0.01050610880182787,-0.0016817316859744325,0,1
0.012507123496231414,-0.001090586306493537,0,1
0.013743806046875244,0.0021790410835881235,0,1
0.010784280867957508,-0.0027776245667223416,0,1
0.011623007545222623,-0.0019231313113405079,0,1
0.011991800475932636,-3.090965763581861E-4,0,1
0.010536361997313235,-0.0025771082483551128,0,1
0.010828220017204057,-0.002459893352714623,0,1
0.011926798750016192,-8.55130619701822E-4,0,1
0.008182317519404183,-0.0040673336121457605,0,1
0.011764574134020312,-9.20721303783869E-4,0,1
0.011058730267219232,-0.0023940500185268363,0,1
0.012575919606167515,-0.002094733528101088,0,1
0.011155542751348241,-0.0023030276889749695,0,1
0.012282010127846035,-0.0028198155966098703,0,1
0.011397436199012545,-0.002802500090461372,0,1
0.009182718989119994,-0.00206075667189802,0,1
0.00953173003188696,-0.0022078869672580346,0,1
0.011382403592366707,-0.0027453926386510463,0,1
0.013339856920072026,-0.0023116424832472144,0,1
0.012239241702705862,-0.004727642178769285,0,1
0.008001364357802245,3.5077069471583963E-4,0,1
0.010111958225708978,-0.0028374010420925792,0,1
0.013351688272929188,1.0523753660506921E-4,0,1
0.012505920706027893,-6.76933406626551E-4,0,1
0.009795128175776916,-0.0022131389951850697,0,1
0.010276228445487614,-9.86421646727759E-4,0,1
0.010432000297326938,-0.005199838015062749,0,1
0.010179577851110228,-0.005302828883358875,0,1
0.010423746880473622,-0.0023367967890037347,0,1
0.010629605454973864,-0.00394118721071172,0,1
0.009215466266662888,-0.002246475003001997,0,1
0.0123220734090528,-0.0010921903199128057,0,1
0.0119569901581026,-0.005641175123293841,0,1
0.008407109689657648,-0.0043497338931136114,0,1
0.007814579010757793,-0.00440998698083963,0,1
0.011212826360152417,-7.342256728878062E-4,0,1
0.009199451187331363,-0.003986048763099774,0,1
0.009405191696942712,-0.005028848263328299,0,1
0.006888001833058026,-0.00250277057441203,0,1
0.00888456133708628,-0.004066202516799858,0,1
0.009040231498621014,-0.004105548769450905,0,1
-0.007367625646720569,0.0037153089528509952,0,1
-0.00721325183346612,0.0031642932807001674,0,1
-0.008506663544867064,0.003467742523013523,0,1
-0.009415573965120364,0.0029090322591751754,0,1
-0.010704261949542883,0.002120294149013761,0,1
-0.011515919131954355,0.0015658743106631624,0,1
-0.007421479655640459,0.0037893411763199295,0,1
-0.007812432445818572,0.002898613941606884,0,1
-0.011818987828858643,0.0012103309447468312,0,1
-0.009491028534991178,0.0039989891689409,0,1
-0.010409754449610235,0.002822941393901861,0,1
-0.007866667511740163,0.00472404504641244,0,1
-0.007405547615761269,0.005271041836048723,0,1
-0.009272340530179196,0.003183628580995202,0,1
-0.010226857837107271,0.004167206058824367,0,1
-0.007781225131975874,0.004259084295516149,0,1
-0.006880691994445158,0.004339827484024498,0,1
-0.007920918222941113,0.004183159786660988,0,1
-0.012453360083574309,0.0034570869950654643,0,1
-0.007487809299312473,0.0044545622241608206,0,1
-0.00794585994530401,0.004505935514698922,0,1
-0.009885334876239943,0.005391638160137815,0,1
-0.009918516922540836,0.004760447323540648,0,1
-0.007955375068831923,0.005214665990362818,0,1
-0.009119705950730668,0.004809189491057351,0,1
-0.010532812984582002,0.005118156139076881,0,1
-0.00835653110973727,0.004828060880763177,0,1
-0.007787699897055608,0.004823466344943882,0,1
-0.009312991700232405,0.006554347530144902,0,1
-0.008708925720531151,0.004225867088841626,0,1
-0.008958234603994489,0.0055540850413834785,0,1
-0.009206620874916919,0.005901104709370278,0,1
-0.005677528618490751,0.004220877505290492,0,1
-0.00962575816834056,0.005492740757587185,0,1
-0.008492987623558518,0.002885854854479462,0,1
-0.007964653916381355,0.005592101904381387,0,1
-0.009341429751409808,0.005775745740515875,0,1
-0.011558378831842214,0.008092625163337525,0,1
-0.005261916559242473,0.005636968219585453,0,1
-0.0047886244268006235,0.004682562825026783,0,1
-0.0050504522787667115,0.0034448272443967916,0,1
-0.006290620958732595,0.005105136734698029,0,1
-0.0076067372471413,0.00654180677896118,0,1
-0.005455254439250022,0.006241499683925966,0,1
-0.005495649853827968,0.006100969144547847,0,1
-0.0052169946669618035,0.004254402984669123,0,1
-0.006500744675972225,0.004309180976067316,0,1
-0.006461485860893036,0.005087710776942903,0,1
-0.0063265527080542585,0.004110080489808847,0,1
-0.005674191290329491,0.0069752892015351,0,1
-0.005509762928493065,0.004982592409986373,0,1
-0.0072198066768513255,0.003080915509492414,0,1
-0.0072707190884502,0.0045758738592867896,0,1
-0.005621353054928021,0.007801449080955132,0,1
-0.006899077628908061,0.005623516193998032,0,1
-0.008602399956197977,0.0046558026391185945,0,1
-0.0073033787006728254,0.004920639713473704,0,1
-0.006653496126233741,0.006732977799160341,0,1
-0.0072349706189400375,0.006014109364301319,0,1
-0.007276688306068315,0.005523244280693156,0,1
-0.007331938644243922,0.006313958487841402,0,1
-0.008982146953203962,0.007369211762444281,0,1
-0.00941146936236056,0.003874190864507322,0,1
-0.006659062544419973,0.0069296129796139975,0,1
-0.007765425797032378,0.0037410308033000487,0,1
-0.008708859996120758,0.00615206317465224,0,1
-0.007212261231072332,0.007267035127974403,0,1
-0.004725661885040696,0.005417242715985728,0,1
-0.011099548353525213,0.005154697719518101,0,1
-0.0072169725507534865,0.00547573863398246,0,1
-0.009473659508109458,0.007746180360623306,0,1
-0.008679241229835304,0.0010535233591112741,0,1
-0.008734709211886271,7.736411274391401E-4,0,1
-0.008063025762846433,0.0019438275690551695,0,1
-0.007272463187751021,0.0031460039999423547,0,1
-0.011967485679009755,0.00308819048496472,0,1
-0.010607228490532219,0.0020152594727437406,0,1
-0.008373168809557777,0.003580116344628267,0,1
-0.009350218617136927,0.0032110617470804013,0,1
-0.010489467658829549,0.0032245174188880116,0,1
-0.010572119746948895,6.779689297228503E-4,0,1
-0.009080986214006909,0.00245140553045997,0,1
-0.008730410440210671,0.002074121771128351,0,1
-0.00779523862087023,0.0017594748611593166,0,1
-0.007137219388327229,0.00123840003548701,0,1
-0.008824748840673642,0.0017491211136657296,0,1
-0.008434273793161582,0.001231626468318438,0,1
-0.00831609646727804,0.0024542833463519695,0,1
-0.008027743129484018,0.003609118455836314,0,1
-0.008037763577278109,0.0021116696535187903,0,1
-0.007552896737594863,0.0017662207221714652,0,1
-0.008864457743150702,0.002801283533611397,0,1
-0.008276621319943667,0.003363729421599557,0,1
-0.007200424774858626,0.0042911314506057984,0,1
-0.0082985977237792,0.002739143338890647,0,1
-0.0061749531455643466,0.004524511507044248,0,1
-0.008361488283495335,0.003203357074862851,0,1
-0.007565056586886332,0.003241381861941606,0,1
-0.00839761305063443,0.002085454859032648,0,1
-0.007558107223887277,8.504941593321165E-4,0,1
-0.007674165807756855,0.0016842214222000929,0,1
-0.006486827405435829,0.0035150059149116233,0,1
-0.007152253087799749,0.005366315991781937,0,1
-0.008437535906414984,0.0013611941502102713,0,1
-0.006755942198239909,0.0019009733623603325,0,1
-0.0066152767654965835,0.0028897751018115802,0,1
-0.0077919522513439,0.003935302226233135,0,1
-0.008321220968564203,0.0039948226161946165,0,1
-0.008132283699771625,0.0018535651038677193,0,1
-0.007739789159501693,0.002138476675437467,0,1
-0.006733596888212963,7.798935574974697E-4,0,1
-0.007543033229725454,9.766820479400102E-4,0,1
-0.005485626070286144,0.0021697503362826474,0,1
-0.00708297433754523,0.0015913601359930866,0,1
-0.00737491525897863,0.0019998990656095094,0,1
-0.005480900750095632,9.643394234350475E-4,0,1
-0.006528758582435849,0.001969803734277587,0,1
-0.00644425157376636,0.0015541291555346726,0,1
-0.006739474105862247,9.805939996473537E-4,0,1
-0.004778961235328846,8.468960026876311E-4,0,1
-0.006209346775187,7.934378170327848E-4,0,1
-0.005723879178091425,0.001237735053715038,0,1
-0.006180862289009725,0.0013581466696913115,0,1
-0.0068457873328271225,8.13128280689806E-4,0,1
0.007641722559207986,-0.004215167583269073,0,1
0.007356009538023474,-0.004196886701652361,0,1
0.007247082218902182,-0.004407398661417274,0,1
0.008143660434884981,-0.003675480934877667,0,1
0.005361869887432692,-0.0047694588321900225,0,1
0.007781272088643873,-0.004269979917092694,0,1
0.007069710672460699,-0.004506864183950449,0,1
0.009506374699317576,-0.00435466084195411,0,1
0.006321272493925062,-0.004482624563327944,0,1
0.006499600600821394,-0.004187675718283416,0,1
0.006203373377787196,-0.004177939407193009,0,1
0.0076862041408366335,-0.0033638301966262465,0,1
0.006227554852362602,-0.003885494360983526,0,1
0.004916617534731563,-0.007626283618984519,0,1
0.006468273327932989,-0.0036508162830333926,0,1
0.005518604960114636,-0.0044383512385624884,0,1
0.005108904763568281,-0.0028320020910052412,0,1
0.0067508411088076,-0.0034710197102062936,0,1
0.006468685935408747,-0.004186054787324472,0,1
0.0055588856281208535,-0.00463693587505731,0,1
0.007516715913405905,-0.0016461711075409083,0,1
0.004158871108578258,-0.004566098824800816,0,1
0.003151940731602194,-0.0047560996051804715,0,1
0.006969659724491478,-0.0022014303762863028,0,1
0.005119217672146743,-0.0025816468019362136,0,1
0.006323199696677456,-0.003789371257017343,0,1
0.005447117457431199,-0.004244694800968681,0,1
0.0064178879764210835,-0.0017181470771161329,0,1
0.005721239863057334,-0.0029139921446932784,0,1
0.005675409859025255,-0.003284581456338483,0,1
0.008666900132424321,-0.001705932774103385,0,1
0.008498905083120564,-0.0021820388346941865,0,1
0.00878124781748952,-0.002653735953249009,0,1
0.007883166924874613,-0.003507164072000554,0,1
0.007634718904483236,-0.0046694476147757045,0,1
0.008528968305591276,-0.0016278245034571153,0,1
0.00863136755846035,-0.0030814165014341416,0,1
0.007931475906546892,-0.0030527395028876296,0,1
0.005735035769754247,-2.885606886367528E-4,0,1
0.007632405468187864,-0.0024766319625286978,0,1
0.00808432079466358,-0.002666297396132558,0,1
0.007662741808863662,-0.002887360882782859,0,1
0.008170560077529624,-0.0024123411223787765,0,1
0.007534361715373709,-0.0012574332822625912,0,1
0.007092322449106336,-0.0029096503082993775,0,1
0.007955203121138671,-0.0019175787257215207,0,1
0.006448123567558526,-0.0010476984668983033,0,1
0.007437498968952279,-0.003093347459990003,0,1
0.007248980223267772,-8.804469784683235E-4,0,1
0.007090405255267176,-0.0026575131970800097,0,1
0.00725751555742519,-0.0025323312838804904,0,1
0.006889609789988917,-0.002192516314687332,0,1
0.007156990318997267,-0.0031879964084104116,0,1
0.00748050162333238,-0.001837902678304655,0,1
0.006252312252169558,-0.001699101090737251,0,1
0.004579493414923308,-0.002443086972593668,0,1
0.0061338080057777395,-0.001673822528904077,0,1
-0.005530063622369775,0.006080095961891853,0,1
-0.004146164926110774,0.006392807376883038,0,1
-0.004317651503681095,0.005948153257644997,0,1
-0.002830044553889891,0.007287693033751982,0,1
-0.0027550683875218374,0.006622089927422137,0,1
-0.0036984951424896386,0.005229170888581028,0,1
-0.0021241869785845946,0.006159866911777278,0,1
-0.005780135200795945,0.007989914590581395,0,1
-0.004241642286663701,0.004214158369966585,0,1
-0.0028626102721893403,0.008038186298217625,0,1
-0.003490772582556203,0.004898159458656998,0,1
-0.004126821984953921,0.006182171884103613,0,1
-0.001999407514951535,0.005643166620714756,0,1
-0.002126223387769614,0.006370073550633043,0,1
-0.005885288337292863,0.004497500897913874,0,1
-0.0022990096652175263,0.006395228778958584,0,1
-0.0020570937849365553,0.005630052170129573,0,1
-0.0033356109561205045,0.005087898452664316,0,1
-0.00341432295187822,0.004836523356831632,0,1
-0.002752399837142599,0.005605194427362873,0,1
-0.001080470669581278,0.0065461102808445715,0,1
-0.0036390593603660188,0.008857020023642968,0,1
-0.005596469101801786,0.004759709021464558,0,1
-0.002610096442085005,0.005816184516594983,0,1
-0.0028944299256777003,0.003614375757569731,0,1
-5.260637880180825E-4,0.004479873920525357,0,1
-0.0033946766378423867,0.0049295037921363695,0,1
-0.0053889027001201,0.005962928111048884,0,1
-0.002495645571578214,0.003757449827630143,0,1
-0.0027462046023544414,0.003923131649926185,0,1
-0.004376549845819358,0.0032895258023298932,0,1
-0.002245091469905971,0.005884814748206573,0,1
-0.0030451512830572654,0.004001133249182565,0,1
-0.004464252764869335,0.004805129488611405,0,1
-0.0031094930454056108,0.0044812912123720775,0,1
-0.0036218717564982495,0.003024359106640744,0,1
-0.004999147328479958,0.005880548828927062,0,1
-0.003405435708222333,0.00482677111011481,0,1
-0.002080191310642813,0.004253203122011233,0,1
-0.002377353284485324,0.004105978371779713,0,1
-0.0024430192415534936,0.005155305659219116,0,1
-0.004694119952499065,0.004856418818802857,0,1
-0.0038248365322009125,0.0040523768489838415,0,1
-0.003668017438260427,0.0023775965158062714,0,1
-0.0051688449353922755,0.0046928862990055446,0,1
-0.004668215575964379,0.004325413899502192,0,1
-0.005370074424583339,0.005004187023087523,0,1
-0.002985681856953836,0.00415328478653824,0,1
-0.004614895891949067,0.0042514411261822625,0,1
-0.007128347087635324,0.002038877350829944,0,1
-0.004899942880947304,0.0035424498671055476,0,1
-0.006001426223461276,0.0031994341974290303,0,1
-0.005139000031579401,0.004231486903479053,0,1
-0.004148672837051096,0.004814149954391318,0,1
-0.007893084277839286,0.005720072763654759,0,1
-0.005252917418887489,0.003958992431259289,0,1
-0.005962229535401975,0.004278820084578258,0,1
-0.007531492757034778,0.0035544610823551857,0,1
-0.003995828794548542,0.0032581515433967407,0,1
-0.008224490977255677,0.004504701509246064,0,1
-0.007264902873834296,0.004319028727824273,0,1
-0.005414048868704828,-2.790062966683176E-4,0,1
-0.005210912717809523,8.13661055952865E-4,0,1
-0.005981389158676187,0.0021616837402259896,0,1
-0.006761994964360631,0.001169604241603697,0,1
-0.008161244966339711,0.0031800452510405176,0,1
-0.006548833532221301,0.0030567467076891976,0,1
-0.006127183538454654,0.001448814723790452,0,1
-0.006831896057356645,-0.001371840223529377,0,1
-0.004866330368836981,0.0023321956668020598,0,1
-0.00551010189203335,0.00238004447809117,0,1
-0.005543696429326021,0.003688135747419942,0,1
-0.004527419671417622,8.193106990451328E-4,0,1
-0.0047856570635190195,0.0015623954383017587,0,1
-0.004719484488349935,0.0018817667469580262,0,1
-0.005411315788858518,0.001718202872335113,0,1
-0.0058241343621272005,0.0032778367647868832,0,1
-0.004650030330639792,0.0010485996456040688,0,1
-0.004318883404935988,0.00337426687758894,0,1
-0.004998738337670838,0.0025974678743855236,0,1
-0.005197390835992965,0.0023984409055591797,0,1
-0.00414125445905752,0.0013786329608659186,0,1
-0.003777935854858592,0.0017533252209702046,0,1
-0.005175444866901477,0.0012011086968502817,0,1
-0.005740381668203029,0.0020856039703995044,0,1
-0.004284931908068804,0.0019870537431929285,0,1
-0.0035292371354501586,0.0029352039824768928,0,1
-0.0019495789975190548,0.0026992946932751683,0,1
-0.003831768426325405,0.0020699501587704058,0,1
-0.005697051210228801,0.00299887137332968,0,1
-0.0028383463307491722,0.002096052647910672,0,1
-0.0025487093623425485,0.0029742555627203845,0,1
-0.0018884837048306947,0.005417188382555714,0,1
-0.003572056349089903,0.002985706752546824,0,1
-0.0037377198806539877,0.0028311300722742043,0,1
-0.003945601765669703,0.0026314892127186186,0,1
0.0011437787951738322,0.007727395044199226,0,1
9.057209746555803E-4,0.008487300767929647,0,1
3.381729504356421E-4,0.00719997249099542,0,1
8.309968708243935E-4,0.005629163698371843,0,1
7.213595657065715E-4,0.005067968374683012,0,1
-0.002372128417425391,0.0062608960582809445,0,1
0.0017150858624315343,0.0073064788400786455,0,1
6.775024490936777E-4,0.0071840710528286765,0,1
-4.767167072734176E-4,0.005262018253519961,0,1
0.0013941713470592924,0.009223641935305959,0,1
0.0017816145768718894,0.008958289550651507,0,1
6.552379756718319E-4,0.0068234095238369485,0,1
1.98975928342621E-4,0.006906206927157073,0,1
3.9984787981276853E-4,0.0065229111487878685,0,1
6.625248961394719E-5,0.00762499635118034,0,1
-5.200617919521507E-4,0.005042170884104061,0,1
0.0016891992592462162,0.009170758513150771,0,1
-2.113200266433028E-4,0.0073370742083675175,0,1
-0.001095721978959239,0.006199914256045951,0,1
-8.912588997620769E-4,0.005762799269969367,0,1
8.735556067259587E-5,0.006772309611151434,0,1
-0.0010318506008218196,0.0067919944575494644,0,1
-5.98991157463107E-4,0.007358916235715876,0,1
-7.041657854306004E-4,0.007412544505098485,0,1
-0.0012762432387968393,0.005793845262697592,0,1
-4.789992859401005E-4,0.001882288237809089,0,1
-3.823856288034691E-4,0.005196904755828814,0,1
4.8788622926806296E-4,0.0032477236554871347,0,1
-0.0013186506638661363,0.004586771837700736,0,1
-0.001727823554773957,0.003223914215817738,0,1
-0.0014028095562102403,0.004197510285876145,0,1
4.5678086419001816E-4,0.00473443945582284,0,1
2.5149201295127116E-4,0.0038153234770693487,0,1
-0.0010970328830160103,0.004078621002147185,0,1
-0.0011331002220672363,0.0021223007810259415,0,1
-0.0037857219910543403,0.002741102021284553,0,1
7.94951405327549E-4,0.005003371609755066,0,1
-0.0013797330477116326,0.00613154247518164,0,1
-0.0016548620587320644,0.00498997100687237,0,1
-0.0028755158406192916,0.004194484863641601,0,1
-0.001546657564359236,0.00445689190698449,0,1
-0.0011615735748498602,0.004783681559137424,0,1
-8.075078504911744E-4,0.005021539097065908,0,1
-0.0022473024393216776,0.004311885942028344,0,1
-3.4981801703835875E-5,0.004278316341171686,0,1
6.578744869320377E-4,0.004994352892702176,0,1
-0.0010224958099628906,0.003910107224357509,0,1
-0.002493204415307558,0.005132962915339312,0,1
1.8707175893569686E-4,0.006062494389035796,0,1
0.0016355528699881485,0.006773432925119688,0,1
-0.002793888890011159,0.0045109182059658815,0,1
3.37838173196905E-4,0.006291990677389146,0,1
-0.0023260938456060747,0.005402809218020597,0,1
-0.001146701502993523,0.005915056971274612,0,1
-0.0017736229085876837,0.006682825942008694,0,1
-0.0024123124539698546,0.008328754504860113,0,1
-0.0011274368388710097,0.0064465767118325745,0,1
-0.002939022559196615,0.006400540849368701,0,1
-7.941804786690001E-4,0.003595078043454681,0,1
-9.58781655603303E-4,-0.005100278368170801,0,1
-0.0015654367347194182,-0.004199097253653307,0,1
-0.001775622106232564,-0.004632679908249061,0,1
-3.425137776263141E-4,-0.006751022546284157,0,1
-3.677805916113332E-4,-0.004590959328734424,0,1
-9.957003878429962E-4,-0.004073964103251497,0,1
2.3117775970093736E-4,-0.004923834428959727,0,1
-0.0015350955327181146,-0.0040409755798778355,0,1
-0.002299477661825541,-0.003308355254313072,0,1
-8.074590618559232E-4,-0.003397564735478455,0,1
-4.697021533412497E-4,-0.0019876781285013065,0,1
-0.0019276650307867647,-6.605533823699769E-4,0,1
-0.005555024079623181,-0.0028947929270380143,0,1
-1.7763143633764183E-4,-0.004583272275749921,0,1
-0.001609493156870036,-0.002923693639546731,0,1
-0.0014622406092576448,-0.0025068336780313385,0,1
-0.0013640141832622868,-0.003387918320712941,0,1
-0.003832188770359245,-4.2538747108770064E-4,0,1
-0.003853426319095294,8.138510133356611E-4,0,1
-0.0045844990581293665,8.820128802454432E-4,0,1
-0.0034624533841417088,1.6199869570140195E-4,0,1
-0.005221116174265915,4.2700679175845053E-4,0,1
-0.0018553496254813473,0.0038800471430546772,0,1
-0.003798440409089312,1.2098620367623711E-4,0,1
-0.003936707066656262,2.7997746340704466E-4,0,1
-0.00297065237258728,0.0014719721492870328,0,1
-0.0015752146971275292,0.0018849157449326865,0,1
-0.002743597192422385,0.0026858823775531095,0,1
-0.002621411852428873,-0.0013891258559217327,0,1
-0.0030675091704439046,0.002313274451745945,0,1
-0.002860139515207133,4.7289231437597505E-4,0,1
-0.0018005874537877547,0.001182788949316172,0,1
-0.0022728097164844874,0.0019407143331584796,0,1
-0.002205077497457876,-2.3922110837449622E-4,0,1
-0.004599601565811531,5.732470544976804E-4,0,1
-0.0027648323293079334,0.0012724344133040646,0,1
-0.002815017050402478,0.0022395365475495503,0,1
-0.002908606589035322,0.002011555863641523,0,1
-0.0029372747818852277,6.021771495157257E-4,0,1
-0.002056270534176345,0.0013206851640504772,0,1
-0.0016538163635222364,0.0010704231291074296,0,1
-0.0015541419014965664,0.00203674376430035,0,1
-0.0028370522321732503,0.0013310891420371036,0,1
-6.640871217028747E-4,0.0027694211783293307,0,1
-0.0031349128090087048,-5.927599071272105E-4,0,1
-0.003339082389074329,2.3654392144598214E-5,0,1
-0.0028043352214519607,0.0016936743073737235,0,1
-0.003919954067568585,1.3338035947177431E-4,0,1
-0.0022378389361597337,4.191120050868989E-4,0,1
-0.0036030002098125023,5.86837281003146E-4,0,1
-0.002668683937257418,-2.853038917240092E-4,0,1
-9.896526212043743E-4,-0.0011883922713748544,0,1
-0.0014902527422661707,-0.004144122527158585,0,1
-0.001657575228153411,-0.002156537559135048,0,1
-0.001498497098823029,-5.238355977690742E-4,0,1
-0.0023809108379292078,-0.0016133371738188127,0,1
-0.0010723228602942088,-0.0015544783720158571,0,1
-0.005717587181060278,-0.004415731282611005,0,1
-0.003421824739928045,-0.004397242462327865,0,1
-0.004006237403443959,-0.0036158046176044015,0,1
-0.002641805183895734,-0.003351499650395517,0,1
-0.0037507065460468,-0.0019949606010073156,0,1
-0.00431778006233875,-0.003978475925525744,0,1
-0.003136985767107865,-0.0033821228506368374,0,1
-0.0026722551138634917,-0.0018726438493171357,0,1
-0.0035773900141670774,-0.002339880716929036,0,1
-0.0036309579160661407,-0.001764772351002103,0,1
-0.0035235109266330807,-0.0035529878313016183,0,1
-0.0012500859616660894,-0.0019036652969380843,0,1
-0.0023907759364224326,-0.0037812155872556184,0,1
-0.0022476935303420336,-0.003938845241548828,0,1
-0.0038389632818728882,-0.002522573553157686,0,1
-0.0032740596611523986,-0.003161270537164727,0,1
-0.0029270931722255957,-0.002379488772233773,0,1
-0.0023785277285261145,-0.0034856126779764206,0,1
-0.0021887999171439423,-0.0027036283204274376,0,1
-0.002295699176473225,-0.0025590749668811465,0,1
-0.004450107050116386,-0.002421482237143056,0,1
-0.0037123463632595236,-5.050201900501039E-4,0,1
-0.004966774579683567,-9.785281960496117E-4,0,1
-0.005836623766735804,-0.0036870033613984436,0,1
-0.0035186990617615036,-0.0026687274555287077,0,1
-0.0047579769000055325,-0.001552790157547159,0,1
-0.004197683041847032,-8.141740464155223E-4,0,1
-0.006117105747314356,-4.777434871516229E-4,0,1
-0.004077418239164974,-0.0022938526419968223,0,1
-0.004911162858223203,-0.001177133952841663,0,1
-0.0031006352359504463,3.572685451721463E-4,0,1
-0.0033311994502940997,-0.0027175934135871944,0,1
-0.003449640324411541,-0.0012565868249951428,0,1
-0.0036765545050270495,-0.0012362118424363202,0,1
9.955832361692699E-4,-0.002292114803901231,0,1
-0.0028679135059725322,-0.002905982103716341,0,1
-0.0032540340650794876,-0.0011153600244651924,0,1
-0.0036218914039087735,-0.0012838512568029434,0,1
-0.002082181114028372,-5.880692195775908E-4,0,1
-0.0036852505893598584,-0.0010862151666395318,0,1
-0.0029227292752142275,-0.001413177002032972,0,1
-0.0032996187438075744,1.7463570961726214E-4,0,1
-0.002119344424007402,-0.001984965959644783,0,1
-0.0025537557757401557,-0.0015631214997721009,0,1
-0.0027674516390323277,-0.003575211105999244,0,1
-0.0028043510117917673,-8.839063745182932E-4,0,1
0.00353443763944106,0.0019357051200641266,0,1
0.00302283290525239,5.450039543188459E-4,0,1
0.0010915619612168277,-4.1320332868710715E-5,0,1
0.005852446710479678,4.1214294386127896E-4,0,1
0.004300194755522106,-4.509346615798244E-4,0,1
0.005673719495849492,-0.0015937332965364976,0,1
0.003442338208554609,0.0028793170244876816,0,1
0.0038298029010746426,8.360331509785506E-4,0,1
0.004651456785551403,2.2932340831301382E-4,0,1
0.004909811471269451,-1.7044402844634968E-5,0,1
0.006096699882546621,-9.316117523004211E-4,0,1
0.003455622474014185,1.0779818040627339E-4,0,1
0.004189473084650384,0.0018693594937665725,0,1
0.004438782898548658,2.2821283457820146E-4,0,1
0.004933208573762071,-9.024205620421329E-4,0,1
0.0044804587664407395,0.0024031120519175564,0,1
0.004840194399342006,0.001744467827781305,0,1
0.004007929148047394,0.0014768692875873422,0,1
0.0040569600288352355,0.0028541386756231685,0,1
0.0034039739182676345,0.0024529127005016717,0,1
0.004560541516090491,0.0016324450488046573,0,1
0.0033684652624139063,-1.7455882169564493E-4,0,1
0.0038099651366696077,-3.302581526963462E-4,0,1
0.003662610097079839,0.001610311996779848,0,1
0.004175019346234083,7.509206889579405E-4,0,1
0.00551933304879826,0.0016748046206200614,0,1
0.0035718024013903075,0.00216558918705823,0,1
0.004821574252329908,0.001292112980498562,0,1
0.004135219317857252,0.002179480099563969,0,1
0.002885016004543259,0.0013898480945138492,0,1
0.0031366204274977014,9.767688185392627E-4,0,1
0.003272061975792156,2.426834335541633E-4,0,1
0.0019568836821410368,0.0011067064108411298,0,1
0.003917394979148509,4.5856406365982406E-4,0,1
0.004627881049731665,3.869980746763799E-4,0,1
0.0014765203549669064,0.003417349393942813,0,1
0.0016532008852521835,4.239764320246525E-4,0,1
0.0024821698133871434,0.0019785363110147174,0,1
0.004603526719266996,0.007121528042037546,0,1
0.0034843031361734187,0.0029860190839471738,0,1
0.0033570587164035172,0.0026777249583625623,0,1
0.0030096136723051993,0.0027262544651739016,0,1
-2.1564085460029354E-4,0.0045014694263061554,0,1
0.0036034001387380056,0.002994595790861939,0,1
0.002732316077931873,0.0020888364583082895,0,1
0.00283546215554756,0.0017074422184844918,0,1
0.002250401410048457,0.002010468738799039,0,1
0.001965797671294507,0.0022141323776430216,0,1
0.0027917758984605284,0.002768291233572948,0,1
0.0018654648300932685,0.0030389089445725065,0,1
0.002084375784458325,0.002422825424428961,0,1
0.0011244103623932657,0.001583675973474073,0,1
0.003612030060773411,0.0013509089038310435,0,1
0.001955444307409765,0.0023343368530307734,0,1
0.002103401111125187,0.0025816479898476997,0,1
0.003063918116331024,0.0034517984758765064,0,1
0.0024677558186652015,0.0030038315215544435,0,1
0.0013518355383363545,0.003271195622005883,0,1
0.0033762815270877303,0.004091237803527622,0,1
0.0021374797400760736,0.002404284416665581,0,1
0.0019722571874389565,0.0022764842663604385,0,1
0.0027602433288656985,0.005013982941168448,0,1
0.0023031037010054754,0.003117147274870212,0,1
0.002097396174725943,0.003341879507755726,0,1
0.0014118478822999776,0.003626847845212298,0,1
0.0017337523210012116,0.004197564858201726,0,1
0.001505487349507978,0.004094310620134412,0,1
0.001025701583658408,0.004019834555893743,0,1
0.002986963460574977,0.0013703561319555115,0,1
7.9067340047208E-4,0.002609887472698172,0,1
8.126750240330975E-4,0.0037234319434687776,0,1
0.0013326094793007363,0.0036338126036279924,0,1
2.6044861816811537E-4,0.0020993860011954083,0,1
0.0020249953462792773,7.941913187916672E-4,0,1
-3.340747553016632E-4,0.003555853497122955,0,1
6.686304727400742E-4,0.00354582975714421,0,1
1.879232029577119E-4,-0.0012374879159845593,0,1
5.989766468888425E-4,0.0029709828414746383,0,1
9.101193849567972E-4,0.0016387590341852545,0,1
2.1413984816755677E-4,0.0029763484935619016,0,1
9.45002444791082E-4,0.0036016246639376036,0,1
7.947604593747595E-4,0.001968216975418874,0,1
7.520086081911623E-4,0.0030340492233548264,0,1
2.2893160726009465E-4,8.436892192847167E-4,0,1
-2.4773932889848437E-4,0.003201144887450516,0,1
-0.0010415612090498105,0.0019476346457695894,0,1
6.315665402399901E-4,0.0018659490438262137,0,1
3.3754954387406593E-4,0.00187628434960963,0,1
-2.794817942979661E-4,0.004441100141602574,0,1
-3.8248764149728616E-4,0.003747095480544369,0,1
8.232393608053709E-5,0.0026278162835302664,0,1
-5.827191649271801E-4,0.0018151543171543208,0,1
-8.229415435111351E-4,0.0022115942842702977,0,1
-1.1832539169675607E-4,0.0032540024868921197,0,1
9.486608883162532E-4,0.0023759029805693263,0,1
-0.001764221525443251,0.003999823975708266,0,1
-7.411314203203936E-4,0.00213829272707441,0,1
-4.6416977822345677E-4,0.002279022819813219,0,1
-3.6181239700943204E-4,0.002372001590975471,0,1
-0.0023623950914599054,0.00501861942041018,0,1
-0.0010261322557968665,0.0020361843755548597,0,1
-5.99695205867454E-4,0.003970523327688469,0,1
-0.0023121737503903335,0.003626029814489072,0,1
0.0020561831320918145,1.6442946019686185E-4,0,1
9.279506455579875E-4,-4.755640323396875E-4,0,1
9.384263097885257E-5,5.546855073633501E-4,0,1
-2.474538271424109E-4,-5.769254816966978E-4,0,1
-0.0012736688042572467,-7.864751825502492E-4,0,1
-0.0030138498257744543,-7.175146577503605E-4,0,1
0.0020035986206672833,0.0013354968033537121,0,1
4.2682049829541015E-4,0.0014624864168305684,0,1
-6.784020247127919E-4,6.897422780993226E-4,0,1
0.001634933454985978,-9.78291658784631E-4,0,1
-9.090579907351799E-4,-6.523946908709618E-4,0,1
3.3380738306737755E-4,0.0011298166925614095,0,1
-8.11151418560837E-4,0.0015654017420969092,0,1
3.0765070919129935E-4,0.0024955907170928593,0,1
-6.492480532007411E-4,0.0011453453717600048,0,1
-6.405419047809899E-4,1.4829805405914824E-4,0,1
0.001003936813601524,-0.0029308799707168957,0,1
-5.042612598367495E-4,0.0018918716929855976,0,1
-0.001187165969610546,-2.456418834214783E-4,0,1
-0.0013579286872124818,-6.216532734797113E-4,0,1
-4.5945665151274183E-4,1.5595025588912653E-4,0,1
3.1629566164693014E-4,0.0014534830538943792,0,1
0.0011338068077422873,0.002228350537954443,0,1
-0.0015468477579163094,-1.477664209651737E-4,0,1
7.118373188731255E-4,0.0017349776308938063,0,1
-0.001670966548914465,0.0012506042091488872,0,1
-0.0014985991833701645,6.774347655641741E-5,0,1
-3.708535890804337E-4,0.0032603807771690915,0,1
-0.001021446328061114,8.494135221966375E-4,0,1
-0.00208701439432434,1.3877908473394708E-4,0,1
1.5130407073818587E-4,0.002783191638445957,0,1
-0.0029351274948439298,0.0016359343969065616,0,1
-6.957286143442112E-4,0.002484034998748488,0,1
-0.0019967389923110897,0.002123534429354745,0,1
-0.0017550659036636325,0.0013663530107198328,0,1
-0.0019662227746271364,4.1552095442795665E-4,0,1
-0.0020845169616191886,0.002447790580470962,0,1
-0.00282959941648122,0.001641162894289951,0,1
-0.0026069984086315515,0.0032917851556450804,0,1
-0.015104570022184545,-0.0020963222669453086,0,1
-0.015514204392651977,-0.0017652972474320539,0,1
-0.013844563320835572,-2.0676493034871722E-4,0,1
-0.01320993904863129,-0.0015262948687659345,0,1
-0.012204156160360575,-0.001488842842758004,0,1
-0.015425037308118679,-0.0014208259355219235,0,1
-0.013617353581646665,-0.0019340025966273413,0,1
-0.01198271451376735,-0.0013847989933550014,0,1
-0.012271099802133865,-0.0017417254328745831,0,1
-0.01484798501106529,-0.002264843886340011,0,1
-0.011515283835535545,-0.0034565061307925793,0,1
-0.014991074511910823,-0.0033258128271069667,0,1
-0.014000777743580686,-0.0029583538028098147,0,1
-0.014109771676034751,-0.002361487309941121,0,1
-0.014188585487320141,-0.0022397234989125978,0,1
-0.01394850505682537,-0.003317829620839479,0,1
-0.013049420927968793,-0.002245782481974223,0,1
-0.01407438218150753,-0.0026788327908118426,0,1
-0.013397232160995249,-0.0034211711804029003,0,1
-0.01432042268412944,-0.00287439437500312,0,1
-0.012758136009579231,-0.001947350307079104,0,1
-0.014309358799377619,-0.003228118579746801,0,1
-0.01426648202784236,-0.0032369707540067165,0,1
-0.014099709782707819,-0.00235223863594501,0,1
0.0039274334636676626,0.01386293702246509,0,1
0.005482383605163175,0.012676532107891042,0,1
0.005923885726184472,0.015382215696766123,0,1
0.007580033858414853,0.014597420717244305,0,1
0.006010940717540149,0.018975157870344914,0,1
0.005437401634688782,0.016005758162490776,0,1
0.00644305714698778,0.014796628127996831,0,1
0.00709440910734622,0.016508265740434847,0,1
0.005612603591253678,0.013517567392145144,0,1
0.002961943964448318,0.016956977107511855,0,1
0.00631101226921381,0.015231697777954852,0,1
0.005549893266464575,0.01467752680696433,0,1
0.006772786260830594,0.013311690101910396,0,1
0.006450594557304511,0.014610968754014688,0,1
0.003926137415866501,0.015119559485195038,0,1
0.0058002028247276065,0.013811733147237123,0,1
0.0055739275429885285,0.012451113107375494,0,1
0.007130888367407332,0.015345661418658688,0,1
0.006301092328170844,0.014557445575932138,0,1
0.007557372126609647,0.01316393958524478,0,1
0.006750862011929453,0.012514646967401878,0,1
0.004224819858540429,0.01439780930248129,0,1
0.0037391357995335502,0.013761294539266588,0,1
0.0024887272213801356,0.015070782943420048,0,1
0.002848881034165751,0.01788802616482749,0,1
0.001823966939934976,0.015841685375345315,0,1
0.0046445579396390225,0.015827525635037823,0,1
0.0035033553902334836,0.015301723157021368,0,1
0.0028162613843167755,0.01512547259148393,0,1
0.0037208391532960352,0.016126669998656775,0,1
0.003872430391027337,0.011508942418632888,0,1
0.0038585150335665344,0.015381811329388125,0,1
0.002532404181980221,0.016173972486490874,0,1
0.004640172980173418,0.016140364973327073,0,1
0.003255839613105195,0.015070545462808926,0,1
0.0019977683543597495,0.014878661635406982,0,1
0.002533962020716943,0.0157230851818076,0,1
0.0021373709562814342,0.01724682880989917,0,1
0.0026847864294275016,0.015518823012223378,0,1
0.002156278582554363,0.016654354137143387,0,1
0.0030337144015401005,0.017355088027088874,0,1
0.0038799258315258575,0.017496227143928882,0,1
0.0030524211809894097,0.01644908784055217,0,1
0.005065246970051875,0.014136683723266758,0,1
0.005170723244028134,0.011999677223121586,0,1
0.005852295222579299,0.014718836032758,0,1
0.005373905425219393,0.014089427665015135,0,1
0.0038700753409142523,0.011440444229016793,0,1
0.006950420941376105,0.012793815944290453,0,1
0.005802217854638402,0.01255877038787681,0,1
0.005012394420844546,0.012759503688689666,0,1
0.004533930166678323,0.012450506872769208,0,1
0.005858967848934865,0.013284011943903828,0,1
0.006054749732736146,0.012671074388678347,0,1
0.004301425605965796,0.01391825224715946,0,1
0.004251275630732929,0.012093255991525354,0,1
0.007554916431738368,0.013243710502770213,0,1
0.004930982417880759,0.012526533099137862,0,1
0.00423304675463278,0.013295077413476623,0,1
0.006170005892235204,0.014041228361974944,0,1
0.007192803811239178,0.012559135345359676,0,1
0.00466787624936163,0.01297993042484023,0,1
0.00635001376654249,0.012930272988572042,0,1
0.002706113642810713,0.012155204843147912,0,1
0.005519443027649914,0.013329404007310025,0,1
0.0044688638711386135,0.014246793992834591,0,1
0.004506493496571988,0.012002043118730533,0,1
0.001015963388453895,0.01491080356958004,0,1
0.006296798108338709,0.014257035068330882,0,1
0.0030202015294612822,0.017689571965454724,0,1
0.00398408908431653,0.0139813024226021,0,1
0.0026201813356196853,0.014368072264117826,0,1
0.0026863939834784164,0.0135404460927861,0,1
0.002849002524025874,0.016157597941001,0,1
0.002911333717105656,0.015412829891189098,0,1
0.00387779020946302,0.014714913160174195,0,1
0.002085297682574579,0.013925562912460741,0,1
-8.401969698435539E-5,0.015109691914435076,0,1
0.003956882251438494,0.014847937287101083,0,1
0.004886826938966782,0.013842542909229571,0,1
0.0021960033215356533,0.013471774443690271,0,1
0.0020166796003620426,0.012341396690727017,0,1
0.002168642743359958,0.013395024715403794,0,1
0.003608386627107814,0.012903488153380232,0,1
0.0017345348713987824,0.013515233372572441,0,1
0.004146998923340664,0.013364010138285563,0,1
4.822966779279132E-5,0.014018723560956162,0,1
0.00347104429157585,0.013933211947098352,0,1
0.0035710847291840304,0.013875155479936074,0,1
0.004036877624330345,0.012967722707067381,0,1
0.003485080582320093,0.014230638948266804,0,1
0.003068215284661947,0.009587292710272786,0,1
0.0037343311450156276,0.012134440258599962,0,1
0.0023838564024997095,0.012052604490212296,0,1
0.003319210549773098,0.012425774950410253,0,1
0.0034669595854876158,0.013021773782949712,0,1
0.004112619229782983,0.013083958649163572,0,1
0.0030498738832694986,0.01207710092020212,0,1
0.003663748610471018,0.011696142966408741,0,1
0.004299776061088521,0.013056534357223806,0,1
-0.015915999866074802,-0.0013623914717052145,0,1
-0.016003959011625307,-0.00124619494013607,0,1
-0.015077070307700759,-0.004388537498323263,0,1
-0.017023947122563974,-4.3805630641718344E-4,0,1
-0.016630825978607194,-2.377083162673363E-4,0,1
-0.016847831109486237,-0.0018301438823727005,0,1
-0.017270326578040583,-0.002232856617619387,0,1
-0.01606337257122562,7.799507616697043E-4,0,1
-0.014518446069434143,-0.001159440942824902,0,1
-0.015000164705718171,-0.0010548722888930084,0,1
-0.017316258332758773,6.049392109056591E-4,0,1
-0.014738296573257231,-0.0011257022978587879,0,1
-0.0157870080020532,2.836025634517673E-4,0,1
-0.017059135548508006,-2.3938223273005244E-4,0,1
-0.016479017085515434,0.0026159493051864783,0,1
-0.016348989060197758,-8.732117894972532E-4,0,1
-0.016288048541577928,9.392170747931855E-4,0,1
-0.014475339191173022,4.7660430373619515E-4,0,1
-0.013558310462877,8.354538725980531E-4,0,1
-0.015733248529828867,7.825436564360882E-4,0,1
-0.014830575472473915,-2.841759569850599E-4,0,1
-0.01525737933164249,-0.0019883497871644117,0,1
-0.015426577258890288,-0.0024282042545888216,0,1
-0.015064547189748017,-0.003280631539256114,0,1
-0.014500019619935661,-0.003978116594374907,0,1
-0.01586995718124497,-0.001685295298558366,0,1
-0.015313765596335039,-0.0029767434161493828,0,1
-0.016725166940188812,-0.003643892009762379,0,1
-0.014251255720485806,-0.0036883344865107303,0,1
-0.0159113400631461,-0.0027178315213110494,0,1
-0.015670250468541775,-0.00329365748879496,0,1
-0.014170209340842909,-0.002865099232724682,0,1
-0.015522904981745049,-0.0024436084963443436,0,1
-0.01520330938322975,-0.003211658980619792,0,1
-0.016704404336277148,-0.002602479205441251,0,1
-0.016437350738362548,-0.0037801669406031893,0,1
-0.01714293221828885,-0.0039098069526081365,0,1
-0.0161002595992222,-0.003983551299069809,0,1
-0.018866087169636947,-0.0018869826599107115,0,1
-0.01722472624159829,-0.0031229023744262017,0,1
-0.017117524802348044,-0.005571896162011287,0,1
-0.013696553954631254,0.005898032184152109,0,1
-0.015648711241239115,0.004760269097279442,0,1
-0.014969797502541066,0.004713935469159797,0,1
-0.015833282519579783,0.0062421770859863845,0,1
-0.01607295189016928,0.00886555293259641,0,1
-0.013468918411699393,0.004718027053505233,0,1
-0.015457716640460273,0.005493639262940807,0,1
-0.015203172147852594,0.004790179906536925,0,1
-0.015323441763351408,0.0033525180539380646,0,1
-0.016428607041840612,0.00588534770359611,0,1
-0.01366015037503952,0.004260767386487266,0,1
-0.015568057913138277,0.007060861112623311,0,1
-0.014617873706452018,0.006096695122748829,0,1
-0.014740068187652122,0.005955653455077958,0,1
-0.015178215489916708,0.006610849763016542,0,1
-0.014777563062014417,0.006537919494963877,0,1
-0.014828940359573918,0.006764638849515093,0,1
-0.014864920542537088,0.006969404556023196,0,1
-0.010443850632225193,0.006900064519016031,0,1
-0.014263354277445652,0.006645712460606167,0,1
-0.013407879885524407,0.005966704277715155,0,1
-0.01391027150809414,0.00638554476610743,0,1
-0.015347087229702275,0.0043828101482537175,0,1
-0.015764039505112556,0.0025885027362828124,0,1
-0.01466980841702372,0.0031016518372594146,0,1
-0.015432826320939121,0.0023826330636850107,0,1
-0.014363970206320152,0.002334664925341545,0,1
-0.01513934322376819,0.003998957552093328,0,1
-0.014875940309236039,0.002566808514063994,0,1
-0.015460595408714717,0.002916533800040489,0,1
-0.01574453157383794,0.003927435261408449,0,1
-0.01786357755278174,0.005809642959169649,0,1
-0.01550058846869463,0.00243324620530767,0,1
-0.015732357810115328,0.0042503645394648334,0,1
-0.016983364152917197,0.0038628888316886156,0,1
-0.01665296231195504,0.002829034718649674,0,1
-0.016365019446255236,0.0037939552705089463,0,1
-0.01705832759247006,0.0031067956212818496,0,1
-0.01659890230283522,0.0024240296749953897,0,1
-0.014884102574311416,0.0033700055937703494,0,1
-0.020264377264959613,0.003934549934946698,0,1
-0.016767726661433235,0.0031090054403416444,0,1
-0.01854365190881316,0.00502524789398121,0,1
0.0070955548577880685,-0.013987578352175312,0,1
0.007139827729428374,-0.014302713003342842,0,1
0.007899016344904473,-0.012490434019780939,0,1
0.009302836759216069,-0.01250348862140515,0,1
0.008246708709530221,-0.01137764613617909,0,1
0.0079161131363892,-0.013009853036104543,0,1
0.007256094029180798,-0.009862469580738898,0,1
0.0082773671602647,-0.012018273167706203,0,1
0.008173370299200912,-0.011299794703302408,0,1
0.00727581855962223,-0.014353105145102235,0,1
0.00893326123222545,-0.011930745356668495,0,1
0.009107550324537897,-0.012253876413359874,0,1
0.008106163351613396,-0.014851848300940381,0,1
0.008218807147422597,-0.013399147482119315,0,1
0.00786066665406231,-0.01263119472210012,0,1
0.007928137695967546,-0.014233757113040847,0,1
0.009895659051906147,-0.01245371900663633,0,1
0.010861248381700234,-0.014915079355564817,0,1
0.008880545809824322,-0.01483336757811597,0,1
0.011042033539859336,-0.014535829830114474,0,1
0.00911723796540787,-0.013247850858032451,0,1
0.009521065974027531,-0.01385710867057557,0,1
0.007808241493409464,-0.014251848004781527,0,1
9.957165845941212E-4,-0.01550876523686942,0,1
0.0015883656410719757,-0.016246610065697345,0,1
4.6300680113782743E-4,-0.01506100584323738,0,1
-3.2528600291386684E-4,-0.017483503852354264,0,1
1.3452792195700248E-4,-0.015256451615781185,0,1
0.0010418359797214347,-0.01457291431382087,0,1
-8.355573370893596E-5,-0.0165022159056133,0,1
1.2943609343661256E-4,-0.01666218987268307,0,1
-8.476433532753068E-4,-0.01261438436578277,0,1
-5.17734567760392E-4,-0.0150221788984199,0,1
4.2563085445525793E-4,-0.016685555216581285,0,1
7.407562046532788E-4,-0.01855328909427145,0,1
-3.888089428351178E-4,-0.017265492703306844,0,1
-0.001110146444690983,-0.016202743254437553,0,1
-7.540816806010297E-4,-0.014921720593653364,0,1
-0.0014619963344036358,-0.014968472826902906,0,1
-2.7842851427160704E-5,-0.015341027264055828,0,1
1.2487357476350508E-4,-0.014033693672239635,0,1
-0.0022217279613062206,-0.015128436270029955,0,1
-0.0018301015759287552,-0.01551465295542536,0,1
-6.282797050961005E-4,-0.01512913071235518,0,1
6.521754531850143E-4,-0.012958709891877444,0,1
4.17448019526195E-6,-0.013676227018068733,0,1
-9.83063385116776E-4,-0.014603871155674,0,1
-0.0011906550305305582,-0.014402175496949512,0,1
-8.11380050353471E-4,-0.013645488415570846,0,1
1.3392151683513088E-4,-0.013875229763553073,0,1
2.961222311884943E-4,-0.013957551211096986,0,1
-8.7848076807234E-4,-0.014510075933824397,0,1
3.4305223319951904E-4,-0.01359607495668331,0,1
9.430352542970821E-4,-0.014857427281227832,0,1
1.1790892544270252E-4,-0.012884380605420393,0,1
-5.927999268165715E-4,-0.013636696071833617,0,1
8.852283145149318E-5,-0.016127287622686365,0,1
3.882120124903983E-4,-0.0137567001037376,0,1
-1.6759364513901437E-4,-0.013804898757731214,0,1
2.2114128091185934E-4,-0.014807245272251841,0,1
-1.0401485172108691E-4,-0.014620965242652216,0,1
8.289858972134282E-5,-0.012929435653496003,0,1
6.098033889904479E-4,-0.01426654457622881,0,1
1.3535960105732247E-4,-0.013669516865355856,0,1
-7.488132279791302E-4,-0.010617256674190141,0,1
3.6346219601539526E-4,-0.012214429299702425,0,1
7.453666849405305E-4,-0.012116950513217432,0,1
0.001078230849256776,-0.013085763273942497,0,1
-0.0015398981470359512,-0.015219203851297656,0,1
-0.001346676083628539,-0.013825529316211527,0,1
-0.0015994170272353176,-0.012968881791249848,0,1
-0.002564868499830498,-0.013464328239276045,0,1
-0.0021394015873402246,-0.011781977602260544,0,1
-0.0014100128439232407,-0.01137414403050856,0,1
-0.0015263197601647135,-0.01491040699868915,0,1
-0.002069703145871558,-0.012830973933611321,0,1
-0.0022785525582032606,-0.01253586176281105,0,1
-0.00295922809409863,-0.010250684786490813,0,1
-0.0017310214619486058,-0.010492057432823868,0,1
2.6277866684156967E-4,-0.012847408242385845,0,1
-0.0020301628655182624,-0.013081955261588092,0,1
-0.0016169365121502402,-0.011346180388660053,0,1
-0.003132453833968232,-0.010892751898067666,0,1
-2.2300500285176673E-4,-0.013532932419979085,0,1
-0.0015825381612838397,-0.012467445635274011,0,1
-0.0017798869892915595,-0.012279432864716333,0,1
-0.002459331910411622,-0.010838582461442477,0,1
-0.0018332266628120946,-0.014265910832900797,0,1
-0.0018707798220423818,-0.01405779433753914,0,1
-0.0016596955239805754,-0.011526754703229353,0,1
-0.0012466777544801802,-0.011025174913506918,0,1
2.791406120308355E-5,-0.013885078164711987,0,1
-6.834349097851642E-4,-0.012650259509770553,0,1
-0.002091542256309405,-0.01135265386386616,0,1
3.5228216512616056E-4,-0.013094680824114639,0,1
-3.9849093685251884E-4,-0.01249459456676891,0,1
-8.418015164994474E-4,-0.012317860876235374,0,1
-0.0013435369246094825,-0.012549872337378136,0,1
-2.853669376708356E-4,-0.011950404800233289,0,1
-0.0030668258140008875,-0.009140249391472566,0,1
-2.2568674775436305E-4,-0.012148202475957385,0,1
5.698081293792665E-4,-0.012250446082349833,0,1
4.56378956809849E-4,-0.012784908176377239,0,1
-0.0018819154046612499,-0.014341863008728197,0,1
-1.3547765091781022E-4,-0.011583602695956046,0,1
4.956471728048467E-4,-0.011861333883670448,0,1
-0.005115210140676446,-0.012134086196731616,0,1
-0.005010562584860853,-0.014612495447975174,0,1
-0.004126747348320072,-0.013976625627858893,0,1
-0.005994265787033297,-0.013505831012133802,0,1
-0.00649427303280146,-0.013019073433545613,0,1
-0.004374174167336807,-0.012645603458355002,0,1
-0.005304599974903423,-0.012746085163683484,0,1
-0.005891785002533615,-0.013026845354520443,0,1
-0.00444401871091974,-0.014258600682121121,0,1
-0.0037061764926144005,-0.015375721302931359,0,1
-0.0035510556091789495,-0.012474910022147836,0,1
-0.005682970759452809,-0.01242838823835352,0,1
-0.00951002243645175,-0.010983402056664997,0,1
-0.004007011977083609,-0.013317673853225413,0,1
-0.007280062368375343,-0.011868451561150739,0,1
-0.007997040662692951,-0.015797045335983084,0,1
-0.004483263628845355,-0.013471760132596588,0,1
-0.004528869569915039,-0.012896815798985979,0,1
-0.0063563790300952515,-0.013169304471173489,0,1
-0.004253018178942523,-0.01086386468889274,0,1
-0.005434130749945645,-0.00922460219177268,0,1
-0.007067555933570327,-0.01203178735901571,0,1
-0.004118856218293575,-0.012095497829615387,0,1
-0.005047810295672445,-0.011180218335416965,0,1
-0.002311164844218881,-0.015046338974400024,0,1
-0.002037031826780346,-0.01579758306963108,0,1
-0.003759086036987668,-0.01304661205569361,0,1
-0.005760808744934882,-0.012267636999619871,0,1
-0.0035864008125632476,-0.011589713121403887,0,1
-0.004275257912918713,-0.014233578804743142,0,1
-0.0031632686163587296,-0.01330762095119385,0,1
-0.003727667735382147,-0.012428540516805128,0,1
-0.004219126209510327,-0.012555079649533837,0,1
-0.003104432191085142,-0.01338655979196463,0,1
-0.00401926127659087,-0.014005960528442675,0,1
-0.006044853140279145,-0.014129177412887708,0,1
-0.004146699051314463,-0.012210467042719499,0,1
-0.003569035319399843,-0.014078159202415607,0,1
-0.003245259591388729,-0.013017644206406302,0,1
-0.0022355556960757623,-0.011817263767797802,0,1
-0.003571500453509398,-0.01470912727147626,0,1
-0.003576858034764087,-0.01391999472562821,0,1
-0.0032162169295855596,-0.012193241365609675,0,1
-0.0031565855010969052,-0.014131105697097938,0,1
-0.0026891652132889706,-0.013174456004653706,0,1
-0.003279040261545367,-0.014654940138792392,0,1
-0.002608748700697331,-0.013566255106215222,0,1
-0.0033168474222760387,-0.013240694048525525,0,1
-2.1636481541077366E-4,-0.014178895329193374,0,1
-0.0032208990549310998,-0.014310366570340675,0,1
-0.002864033970648193,-0.014088050645871295,0,1
-0.005465800098615905,-0.012058491288196286,0,1
-0.005075186492465722,-0.014664130714872409,0,1
-0.004852145239976427,-0.015504780199471681,0,1
-0.003129050997727865,-0.016792579993326135,0,1
-0.007162910691702086,-0.01654460952035447,0,1
-0.0053311291814181925,-0.014766284421011088,0,1
-0.007450633802876071,-0.01776665171894056,0,1
-0.006007805093520379,-0.016268424628410924,0,1
-0.007262400379237605,-0.015961586911700767,0,1
-0.00571955044744975,-0.015024815419764102,0,1
-0.008110839184123671,-0.015179934171990615,0,1
-0.006843656451652994,-0.014320243054734158,0,1
-0.004932050957940472,-0.012634465495993412,0,1
-0.006932478248598298,-0.014679391570188766,0,1
-0.00521892827719311,-0.013581613302375855,0,1
-0.006247038241357444,-0.014224624140845328,0,1
-0.005865476622351121,-0.01601798063304777,0,1
-0.010515988411042648,-0.015184364546053635,0,1
-0.006466698532346944,-0.013917651016565788,0,1
-0.006409634735249687,-0.013360269324689315,0,1
-0.0070826954063317364,-0.013743271448091635,0,1
-0.0027708936003158972,-0.013145165575613904,0,1
-0.0035992898125863926,-0.014755577537440553,0,1
-0.0033078543034779644,-0.015730435985182166,0,1
-0.002488876325634173,-0.015155990957744935,0,1
-9.844970974963166E-4,-0.016935221046796962,0,1
-0.004132196468002581,-0.014995611582060886,0,1
-0.004331581218311285,-0.01468253237260796,0,1
-0.002874430300299519,-0.01506259334801824,0,1
2.5036505298581523E-4,-0.012347202388771412,0,1
-0.003545874586827534,-0.014742921787478724,0,1
-0.0018520908298816899,-0.017610106561552687,0,1
-0.0029311706763923066,-0.015335356584943251,0,1
-0.0018483576107305162,-0.016159493097740542,0,1
-0.003627797274751581,-0.015897842643225402,0,1
-0.003099388243430618,-0.016033812986602454,0,1
-0.0032362279368284134,-0.014782657160742852,0,1
-0.003792401789188301,-0.016140610561672767,0,1
-0.0025578670295246745,-0.015856492517907838,0,1
-0.002861489532306195,-0.01701743065816861,0,1
-0.004433184318978764,-0.014802309713281107,0,1
-0.0021884602946429773,-0.017166797724612805,0,1
-0.003552364710869131,-0.014981844869820958,0,1
-0.0039687167828577116,-0.017224931276917065,0,1
-0.0028708045155856183,-0.014899652312216159,0,1
-0.003628220735610965,-0.01667388415582983,0,1
-0.005064285344167091,-0.009687987224216307,0,1
-0.007476352704718985,-0.012439013798750015,0,1
-0.006243226042029248,-0.010560203604241768,0,1
-0.007467085772770272,-0.010051782941322517,0,1
-0.006810297339958685,-0.011637502429524611,0,1
-0.008247224894910934,-0.008050506505331826,0,1
-0.005402445351101941,-0.013932143766957634,0,1
-0.00818830244848182,-0.013104242096239737,0,1
-0.007021298113240496,-0.010175563109446279,0,1
-0.007747628556165802,-0.010822762652055767,0,1
-0.007830581761219146,-0.009935250051714705,0,1
-0.006884614984574575,-0.012006076687939076,0,1
-0.0058253561730919595,-0.011531536865357076,0,1
-0.006040801611269607,-0.010468901192864536,0,1
-0.005474509188654567,-0.010162287482534853,0,1
-0.006542847822409534,-0.011058866657098083,0,1
-0.006887304824754776,-0.009793218193018175,0,1
-0.006410215335651345,-0.010980616649698382,0,1
-0.007096458252935868,-0.009120259906074376,0,1
-0.006649037869172661,-0.01189248531608609,0,1
-0.004826958568050824,-0.011377741887329432,0,1
-0.00578851922065534,-0.011652266778124771,0,1
-0.00831204627722659,-0.010446010236779914,0,1
-0.004813121243928051,-0.011937369471870714,0,1
-0.007470378948364354,-0.01077978628276082,0,1
-0.00602371990698748,-0.009943790116876468,0,1
-0.006458647725293689,-0.011728374432692253,0,1
-0.006195497160403382,-0.012321175569936156,0,1
-0.005748371128586923,-0.00952546010500087,0,1
-0.0058032639891251155,-0.01253577971645135,0,1
-0.005174237865778496,-0.011726721256075278,0,1
-0.006526305506904714,-0.007821293742376223,0,1
-0.004617845685871734,-0.010975131355015875,0,1
-0.00507436799702248,-0.010237529357236163,0,1
-0.004487293240431011,-0.011279781970177039,0,1
-0.003982592138820396,-0.011245229910122641,0,1
-0.004266759866456067,-0.010274302598134265,0,1
-0.004620742747719758,-0.0098312701578236,0,1
-0.013456874116868836,-0.0069485652919368665,0,1
-0.014377987349022223,-0.006358917641933,0,1
-0.013009482583589901,-0.007338352433538052,0,1
-0.012809186261637313,-0.005514907723882854,0,1
-0.014931202435674935,-0.0037271167934718784,0,1
-0.01351286049017197,-0.006505248590151545,0,1
-0.012825848134896001,-0.0059514000014731115,0,1
-0.013568087562825957,-0.005397715023190407,0,1
-0.013971768853677754,-0.004691712026742088,0,1
-0.014209902717597882,-0.003682028923186921,0,1
-0.012052231747245516,-0.006783911938562916,0,1
-0.012642424464262296,-0.004177119024275046,0,1
-0.014449179658939973,-0.004913963409787385,0,1
-0.0129653508819904,-0.004713320099500862,0,1
-0.012192882488641912,-0.004845872425112783,0,1
-0.014811401767575741,-0.0053223779565993315,0,1
-0.012471888158706175,-0.0063816503758294275,0,1
-0.012656551081221027,-0.005962297757842874,0,1
-0.013063281564143851,-0.005476529539501417,0,1
-0.011720731333262306,-0.007268306569231003,0,1
-0.014025579558566736,-0.0035992885273329737,0,1
-0.011823502121707078,-0.005907802583434314,0,1
-0.012648554384543733,-0.006880071727843896,0,1
-0.01190273213230567,-0.005047083600603542,0,1
-0.011392552788654028,-0.006172670259796952,0,1
-0.01104418815109489,-0.005609239266638483,0,1
-0.012575572561322248,-0.002929333359495874,0,1
-0.011928193469716297,-0.005692408776494715,0,1
-0.014466375971736055,-0.0036986968425382926,0,1
-0.01329469554094717,-0.003280975618261325,0,1
-0.010382634705580216,-0.004217292852304754,0,1
-0.013315993275365347,-0.002740416671537118,0,1
-0.011720152601976596,-0.0024180260143851834,0,1
-0.010485359050231863,0.0014253637609669865,0,1
-0.013418627725830778,-0.0042270065329911245,0,1
-0.013388107133106227,-0.002994818381277982,0,1
-0.013988126039968527,-0.0035629882127878963,0,1
-0.013021794551539841,-0.0013019282008019618,0,1
-0.011604543614366124,-0.0022660985586520645,0,1
-0.012964111108379625,-0.005058573141094373,0,1
-0.01420798261165097,-0.004051711568564951,0,1
-0.01265035438663602,-0.0032969459812423434,0,1
-0.011902529802463662,-0.003146856161594338,0,1
-0.01246633945365873,-0.00152698837165573,0,1
-0.012814488474042094,-0.0029155860913594473,0,1
-0.01283273302110492,-0.006099748832591627,0,1
-0.012254414105968673,-0.003329607278180336,0,1
-0.011141862371741387,-0.0024666450628908153,0,1
-0.013086132396416036,-0.0037718718426074226,0,1
-0.011851440045149727,-0.004479385303345512,0,1
-0.012766250811197765,-0.0024195060803361428,0,1
-0.011227365172092184,-0.0024034110372446738,0,1
-0.011328436093295332,-0.004761401070033534,0,1
-0.012556375893474138,-0.004249851039556792,0,1
-0.010818042254276896,-0.0037129565607034775,0,1
-0.013871672027767108,-0.005751780720965013,0,1
-0.013080135966642438,-0.004640714529951828,0,1
-0.01055393511585753,-0.00357779900010028,0,1
-0.01136205819150863,-0.004990196290139872,0,1
-0.011288337448089221,-0.005325410980481646,0,1
-0.012313148652633714,-0.005299074959625318,0,1
-0.010776104491901297,-0.004650599879677591,0,1
-0.011214208309863933,-0.004682483470807583,0,1
-0.007003336285710101,-0.001552072297174139,0,1
-0.007466200803264725,-0.0029704034185031717,0,1
-0.00949772321465794,-0.003337659464286938,0,1
-0.01104063414217194,-0.005213264442447359,0,1
-0.009761632803897522,-0.00474513202899138,0,1
-0.008870294914265688,-0.0062199720899341554,0,1
-0.00855189395113325,-0.0036015619475325508,0,1
-0.008675523032482603,-0.0033551190325598365,0,1
-0.008791191820529535,-0.0050753127331280975,0,1
-0.011070546038758957,-0.003287411478315711,0,1
-0.009044316180871538,-0.0018715815349193365,0,1
-0.011368804796845308,-0.005323048239353793,0,1
-0.00984461744897072,-0.003036650400145878,0,1
-0.010299975872762464,-0.005685534263746776,0,1
-0.011064207430039576,-0.007274462637818325,0,1
-0.00675056965858183,-0.0018566584115688057,0,1
-0.01014873911807486,-0.0023840191340887694,0,1
-0.00920624819917438,-0.004018179229080759,0,1
-0.00902910370217521,-0.004528407387062427,0,1
-0.009599352275876586,-0.0022111235021458086,0,1
-0.00855942616440756,-0.0020538036320552682,0,1
-0.010110242304587621,-0.002295004787939742,0,1
-0.010070625571244133,-0.0019794437358826578,0,1
-0.008891819282222236,-0.0018613787888953606,0,1
-0.01067073083665548,-0.0023995228752582906,0,1
-0.010014820737421984,-0.0027630598222329514,0,1
-0.009642394270282245,-0.0016091416971076402,0,1
-0.009847777376154674,-0.0019983611953772536,0,1
-0.01016767875345814,-0.0015370126419020991,0,1
-0.011381252445765808,-0.0015602786055261724,0,1
-0.011862963655679638,-0.0024074211814184847,0,1
-0.010534826181182285,-0.001785273826645482,0,1
-0.00961350539888812,-0.0026147308767177167,0,1
-0.010883144849066885,-0.00197618654986431,0,1
-0.010397983684849992,2.4712141662358957E-4,0,1
-0.011385678859358463,-0.002792391331873114,0,1
-0.009849563943359481,-4.691525235234958E-4,0,1
-0.007670269971346584,-0.005106900200174742,0,1
-0.004093480391515201,-0.0038406310695864457,0,1
-0.007581140755999314,-0.0065751770573125165,0,1
-0.008038082341511828,-0.007266484265615763,0,1
-0.008105726339397462,-0.00813633475226403,0,1
-0.007500535867887944,-0.008138012948285256,0,1
-0.00824700765056388,-0.007825260510747934,0,1
-0.007474624218273345,-0.00478176773066026,0,1
-0.008851664311638365,-0.007667372215892206,0,1
-0.008098068880834834,-0.007806745213353706,0,1
-0.007803842746382713,-0.00450694312947632,0,1
-0.007293882416225657,-0.005661455549532884,0,1
-0.007839416357486423,-0.00503717006107654,0,1
-0.009226570932498578,-0.007994569941200378,0,1
-0.007675188760906193,-0.005226558361730079,0,1
-0.008057303461803408,-0.006139684711964752,0,1
-0.00840700022917813,-0.007918287908829898,0,1
-0.006890166989996679,-0.007795136527467218,0,1
-0.008985542019636923,-0.0054124630926946265,0,1
-0.010384282566540698,-0.008438553155276009,0,1
-0.009501957562837164,-0.008454242636072496,0,1
-0.008557461166332467,-0.005648847053644507,0,1
-0.00994469920164779,-0.0075829523850843026,0,1
-0.008962943122761581,-0.0068016458013125366,0,1
-0.00904162703507713,-0.005128776811276342,0,1
-0.009287419320251887,-0.005749458415226428,0,1
-0.009432622693025828,-0.00687572159968766,0,1
-0.009743426917206295,-0.007417140710441072,0,1
-0.009962885871615111,-0.00569144608245637,0,1
-0.009735632519029367,-0.0061257701598887255,0,1
-0.009709813124956999,-0.005587616258366174,0,1
-0.008142859657386512,-0.006097942291636637,0,1
-0.006733999691174862,-0.0050077172593229165,0,1
-0.009106146539464371,-0.003355607612398768,0,1
-0.01247175697230893,-0.003368379228095964,0,1
-0.010182680864899565,-0.004801890214321078,0,1
-0.006586694797510627,-0.003900481220368113,0,1
-0.009009173981725084,-0.004764799433942894,0,1
-0.00855225885657149,-0.005031395784218923,0,1
-0.008046417450337105,-0.004597173729703329,0,1
-0.0070775834655324036,-0.005585385363700706,0,1
-0.008313649431822405,-0.004611372209953728,0,1
-0.00898082092595235,-0.004363718864616757,0,1
-0.009414992654511204,-0.004204117875312825,0,1
-0.008851636308520514,-0.004619680000491952,0,1
-0.010788669204536337,-0.004902255641436821,0,1
-0.009498990915353727,-0.005356737601023404,0,1
-0.00922863340379004,-0.003544007173569502,0,1
-0.008105404263837126,-0.004222008526427822,0,1
-0.009825308623864094,-0.00355690297341465,0,1
-0.007605835580222461,-0.002828329941612946,0,1
-0.01018329785166424,-0.004692421453746232,0,1
-0.010919734209424192,-4.0163131745777286E-4,0,1
-0.009236666006630291,-0.0029353289350640055,0,1
-0.008048110480434294,-0.003907717315963574,0,1
-0.009263959989439425,-0.001990290449736438,0,1
-0.013990299207925263,-0.005514841825068656,0,1
-0.013030049842063515,-0.008430971130465191,0,1
-0.013493915716948232,-0.00827763088912574,0,1
-0.011953320964235563,-0.007566084289120209,0,1
-0.014799614159711013,-0.007909185333899626,0,1
-0.011893909595776813,-0.007035918555346916,0,1
-0.012512216432387903,-0.00863308053722817,0,1
-0.012120158828811947,-0.009257831385580876,0,1
-0.01592026679879061,-0.008481199180105271,0,1
-0.013337068633533409,-0.008502596176082886,0,1
-0.009652282688068163,-0.008740343866804749,0,1
-0.015767031360002168,-0.010288453879430275,0,1
-0.012434709767129515,-0.009821802868488902,0,1
-0.01518927364011629,-0.0082416249825539,0,1
-0.01369783520424311,-0.009296338576629747,0,1
-0.012570256109671076,-0.010415481572746356,0,1
-0.015858369579541554,-0.010766418980859886,0,1
-0.018527177255753046,-0.008966345707697733,0,1
-0.013957468568924469,-0.009561751025528737,0,1
-0.014404917361654893,-0.009362069498854311,0,1
-0.01492766574132518,-0.007503144920845265,0,1
-0.012349564120971558,-0.0075584276864647405,0,1
-0.012283172825905091,-0.006805919576454459,0,1
-0.012032326720435686,-0.007163274719210746,0,1
-0.010577199924870275,-0.0041324636207844155,0,1
-0.012934714795774259,-0.0084416579699644,0,1
-0.01128986260734322,-0.007212615301655113,0,1
-0.011357046340120977,-0.006939790812565811,0,1
-0.013135869513760017,-0.004622689070410119,0,1
-0.012638458705732266,-0.00723397260384653,0,1
-0.01323411612468753,-0.007007779563526212,0,1
-0.011259458907495471,-0.006648718606154777,0,1
-0.01084764179302635,-0.00629102250560172,0,1
-0.014207375963586203,-0.006322720428648728,0,1
-0.0110383130518217,-0.009061316805031147,0,1
-0.00900342657248359,-0.00895862556565001,0,1
-0.012571769234144683,-0.008129845050185856,0,1
-0.011220983139836497,-0.006296632134154088,0,1
-0.009512224066903085,-0.008101720343383014,0,1
-0.010688950916730507,-0.009654665306013105,0,1
-0.01173423287261588,-0.007254372484268907,0,1
-0.011815009215946762,-0.00870229206129109,0,1
-0.012240618951616107,-0.007856827144113218,0,1
-0.011665041739229881,-0.007652939010096351,0,1
-0.011237090191363607,-0.008762795829088095,0,1
-0.012738203151287588,-0.008972597732340952,0,1
-0.011513405066513445,-0.008077801276566866,0,1
-0.011227889606667764,-0.007184902072164824,0,1
-0.010650144487851952,-0.008177101722626793,0,1
-0.01006386497979962,-0.007338295474938543,0,1
-0.010451596547493766,-0.0065416743165919436,0,1
-0.00886423774906406,-0.005603468885547439,0,1
-0.01039937208133834,-0.007592702512350169,0,1
-0.010396965490265099,-0.005638574423470958,0,1
-0.012326571031661073,-0.009837351460159963,0,1
-0.011019979331686927,-0.008431554095546592,0,1
-0.009581826165017814,-0.006771120736124374,0,1
-0.011406258738557532,-0.006680300278575216,0,1
-0.01020729688215348,-0.006271414092966271,0,1
-0.010713186299856774,-0.009599775188997572,0,1
-0.01082204554955286,-0.008521216536492602,0,1
-0.011439849855179138,-0.007247227146406123,0,1
-0.008785555206177055,-0.008752925859594573,0,1
-0.007390905867022744,-0.006003840228147887,0,1
-0.011838342133076506,-0.00881351217561155,0,1
-0.010050128705608001,-0.008066885265764013,0,1
-0.009879952795730446,-0.0074890329621295085,0,1
-0.01021564927171091,-0.007369973686895966,0,1
-0.009688211985272982,-0.009413229243274174,0,1
-0.011454689365375307,-0.01021041593294251,0,1
-0.009248388462178273,-0.0074549806854902695,0,1
-0.009375977987052198,-0.006896901145702115,0,1
-0.00806860463227577,-0.0063373873937396215,0,1
-0.011001120016403965,-0.010884520833645678,0,1
-0.010195821697105168,-0.007691180552161702,0,1
-0.010294092869303958,-0.007774806560917392,0,1
-0.008497658325254162,-0.007469142640472184,0,1
-0.008752280811669854,-0.006777126752452596,0,1
-0.009081668464876432,-0.009208808820425641,0,1
-0.011384893890996279,-0.010432358724939337,0,1
-0.008174553548625141,-0.008863525818972796,0,1
-0.007054100995266078,-0.008142382348785043,0,1
-0.007637731638395033,-0.007546454797315102,0,1
-0.009870987466522697,-0.01044968468304809,0,1
-0.010158392007438146,-0.011932728968717873,0,1
-0.01208110656564415,-0.010029243922496779,0,1
-0.011395730122506364,-0.012805068144871886,0,1
-0.01136728342102816,-0.012730093146240714,0,1
-0.012497020043022623,-0.008393154994820275,0,1
-0.008811803954490664,-0.011551646747003009,0,1
-0.011643216018036018,-0.011536018914078043,0,1
-0.011498594729403283,-0.011928817314732136,0,1
-0.008780236015367026,-0.009444204133549763,0,1
-0.007989508033794397,-0.009620669649993729,0,1
-0.011216029075247106,-0.011334822264452399,0,1
-0.013458448542155714,-0.0112514565057531,0,1
-0.011546606325687561,-0.01393638869269803,0,1
-0.01178562036944594,-0.012030351809908501,0,1
-0.011896930890127897,-0.012318402982903683,0,1
-0.010210586398534543,-0.011558586773250444,0,1
-0.011773025836525163,-0.012296923465589487,0,1
-0.01204106358763721,-0.010311790391036541,0,1
-0.011755547974099615,-0.010510962978045721,0,1
-0.010379550241240609,-0.009790338496131127,0,1
-0.010138105610754468,-0.013938330047229535,0,1
-0.009477613975137503,-0.01023116427225013,0,1
-0.010371062315024018,-0.013175819434053753,0,1
-0.008084820041868635,-0.01328460142346469,0,1
-0.009818370807454006,-0.011775130326879782,0,1
-0.008197496130335947,-0.013722726854370143,0,1
-0.00730379299689422,-0.013350763574023894,0,1
-0.008861731074223455,-0.012251332292307947,0,1
-0.007614841937485804,-0.011536115762787515,0,1
-0.007736074966807609,-0.013138662709752839,0,1
-0.010557859572553445,-0.011920057205920064,0,1
-0.008064697403515203,-0.013115895841376578,0,1
-0.007816677456122903,-0.012839609133921166,0,1
-0.007414914782527474,-0.011480103518799563,0,1
-0.011026538972148996,-0.012609853986182333,0,1
-0.009824518687057446,-0.012758239901866409,0,1
-0.008406294303125263,-0.01376321579487687,0,1
-0.009793876365607712,-0.012713951162601532,0,1
-0.008582231774320851,-0.012658199454479614,0,1
-0.011513594843807777,-0.013980799649561655,0,1
-0.008977294659667616,-0.01405454391952306,0,1
-0.009599590670721138,-0.01318111262988287,0,1
-0.009960329280156922,-0.014695618733239699,0,1
-0.009491338505775935,-0.01431978176659592,0,1
-0.013261951942818477,-0.01238227008247579,0,1
-0.01401037013886878,-0.009375573904359174,0,1
-0.010448850775185025,-0.008321465953845869,0,1
-0.010976843114686588,-0.008706897122173948,0,1
-0.007544979542059787,-0.009480630121314138,0,1
-0.010383350109800172,-0.008380580041560271,0,1
-0.009856683683883382,-0.008875895445157603,0,1
-0.00792263289026002,-0.009807125547538377,0,1
-0.00795676015700756,-0.008372890556175018,0,1
-0.01100529431800955,-0.009753202553265004,0,1
-0.011351991074269208,-0.009675982870209338,0,1
-0.009266716050177228,-0.009919886170181491,0,1
-0.008422698958470917,-0.008912212609146212,0,1
-0.010966704953700682,-0.009329372568275167,0,1
-0.010119891079608543,-0.011256802138731852,0,1
-0.009049789906330768,-0.009901062954943883,0,1
-0.011855072123056882,-0.010166847485816815,0,1
-0.01049579040096453,-0.010838836734918105,0,1
-0.007734007548909192,-0.011829341772780139,0,1
-0.012906824951005438,-0.01236305255213656,0,1
-0.009412326444722783,-0.01057376017475503,0,1
-0.011613415498051187,-0.01125347630153596,0,1
-0.009302965629338545,-0.0077235160714445765,0,1
-0.009654476112360037,-0.01110696783468788,0,1
-0.0068133642177580275,-0.010949084615619458,0,1
-0.009281435436861992,-0.012027673397978039,0,1
-0.008550361355768832,-0.008759429349481226,0,1
-0.00870086995839189,-0.01169759744549991,0,1
-0.012494541685583319,-0.012872442892651803,0,1
-0.009922836562993007,-0.011152329432458469,0,1
-0.009054058606476977,-0.011906391410957,0,1
-0.008493471842943473,-0.010251990893177654,0,1
-0.008045939466660467,-0.009684768576206681,0,1
-0.008307460641561622,-0.012164690948708423,0,1
-0.009242292632052496,-0.009962942397069283,0,1
-0.00911898975139401,-0.010366923760233479,0,1
-0.008253550225782547,-0.010304938149319189,0,1
-0.010257120862927493,-0.011644090253023452,0,1
-0.009382238191073707,-0.01029952735548399,0,1
-0.007529276957113029,-0.010949911211421665,0,1
-0.00704400481518581,-0.010502949963627288,0,1
-0.009439741846992804,-0.01557287814120116,0,1
-0.0074688286589833265,-0.01269164490107744,0,1
-0.008679276979085413,-0.011101943358419634,0,1
-0.007744032790682113,-0.010139506959016832,0,1
-0.008883458608836074,-0.012451101928979344,0,1
-0.008476274950245808,-0.010459195149359501,0,1
-0.0048894581780039425,-0.009062688773521751,0,1
-0.00850886715277527,-0.012195488150156057,0,1
-0.007680047513907681,-0.011213809438717958,0,1
-0.008086001837217355,-0.01260158428053221,0,1
-0.009421077862787529,-0.010710643051948876,0,1
-0.007652349745348058,-0.010713537535812351,0,1
-0.007676382598537263,-0.012179097161512954,0,1
-0.004160791212314228,-0.012439537027521631,0,1
-0.007695980152142684,-0.011919927186072314,0,1
-0.008520907289027997,-0.01176735245272983,0,1
-0.0035857436294906824,-0.011441802013994256,0,1
-0.00264105334797422,-0.008635738977346106,0,1
-0.0027284369977184668,-0.01010967163927343,0,1
-0.0016323382164147478,-0.009609455456400911,0,1
-0.0015133534612492923,-0.00955378989927572,0,1
-0.001731297726575615,-0.005008247895419816,0,1
-0.001300076946265369,-0.007669857750712509,0,1
-5.651036572822279E-5,-0.011522911967371194,0,1
-0.0028036194548729226,-0.008474663961440601,0,1
-0.005428972053260679,-0.010235695102013434,0,1
-0.0011716389094783661,-0.006199363302420916,0,1
-0.0015747684788643926,-0.008871630555237405,0,1
-0.0023557753365670824,-0.01173082560548394,0,1
-0.0019658205074263115,-0.009272634546903726,0,1
-0.002643282933671025,-0.01080455625282893,0,1
-0.0028446841407552817,-0.01024877104876573,0,1
-5.043099865044237E-4,-0.009348215952690388,0,1
-0.001271050562783717,-0.007465450079374705,0,1
-0.0025085114639288113,-0.010788193091143199,0,1
-0.002660320270143731,-0.010507035202101733,0,1
-0.002278685447732563,-0.00855810231647986,0,1
-9.565263637319312E-4,-0.008618115163132605,0,1
-0.001037463193524274,-0.008447977039200848,0,1
-0.0028619883006240476,-0.011342991489501564,0,1
-0.0014305851966577119,-0.010152560229462558,0,1
-0.002500252690757887,-0.011345530637002433,0,1
-3.184917342646867E-4,-0.009035824021766215,0,1
-0.0013084099919374096,-0.010149605358743638,0,1
0.0015040207322581623,-0.00882047628846035,0,1
-0.0012221053332607291,-0.00957447809469528,0,1
-0.0021672523116469,-0.009720206806981827,0,1
-0.0026339012644814807,-0.010581047070329546,0,1
-0.0032624800697784494,-0.009558037520763178,0,1
-9.718254079091317E-4,-0.009748663147835656,0,1
-0.0014290155747419533,-0.01088465415454057,0,1
-7.937377398076605E-4,-0.009702068161026114,0,1
0.0011070804878198118,-0.008154551641983839,0,1
-4.819597147279167E-4,-0.011404119803314823,0,1
-0.0024215393505995584,-0.01120116713195344,0,1
-0.0015064040396872793,-0.010511538248314503,0,1
-2.9844230293109546E-4,-0.01018609352985378,0,1
7.553694018949389E-4,-0.009595162809024577,0,1
0.002325283660985897,-0.01407269160621021,0,1
4.226700087611474E-4,-0.010710238005454738,0,1
5.707004905246589E-5,-0.012113498307677523,0,1
-0.0011650776576105446,-0.006366940846106006,0,1
-0.001488561641941404,-0.007939396033060497,0,1
0.001001634960350411,-0.007308219715252498,0,1
6.187231742206217E-4,-0.006679185094485579,0,1
9.833918854378716E-4,-0.006668688072986343,0,1
0.00333822218725341,-0.004639592957849556,0,1
-1.7401677470393312E-4,-0.008396075313514252,0,1
0.003543848798069083,-0.007132084345308963,0,1
0.0019482175765701006,-0.008679598442735,0,1
2.810914857955691E-4,-0.0069774464407589476,0,1
6.321308521854318E-4,-0.007384584167091112,0,1
1.8115797945914168E-4,-0.007003801409439325,0,1
0.0015992711221741087,-0.005540604307847911,0,1
0.001433685578283717,-0.006721754745848505,0,1
0.001486131829802253,-0.00783788030831644,0,1
0.002124456150249053,-0.008683507535820372,0,1
1.2848739344908602E-4,-0.005489612461621199,0,1
4.471369201095149E-4,-0.008140049671772407,0,1
0.0016882574950794586,-0.008457377852100835,0,1
7.596033732425665E-5,-0.008680516235419489,0,1
6.159044908063685E-4,-0.008637856804915642,0,1
9.774386241939864E-4,-0.008970592646446932,0,1
-3.3361404674403294E-4,-0.009046940382985601,0,1
-6.212779853790291E-4,-0.00935171488272145,0,1
9.299059382972857E-5,-0.009268714862575392,0,1
-7.208540504791458E-4,-0.007510628702966949,0,1
-8.140663128756626E-4,-0.008147904002683936,0,1
7.731280525492422E-4,-0.009696510863459965,0,1
0.0014026484760342713,-0.00849336047662602,0,1
-0.0016795817340587913,-0.009603423064541093,0,1
7.804508809394012E-4,-0.009374092587544755,0,1
6.398743026426445E-4,-0.010188896432637824,0,1
-0.00118339338340419,-0.010061465555399652,0,1
6.61814180132349E-4,-0.009308089340529915,0,1
5.651978564675418E-4,-0.011204332369810143,0,1
0.0017381838370235804,-0.00843509276735924,0,1
0.0021973346401346905,-0.01007905102881137,0,1
6.663061637395396E-4,-0.00912811539250623,0,1
-0.0010417637616334844,-0.007216083072430599,0,1
-7.102287693478914E-4,-0.005688328021604249,0,1
6.547691797381488E-4,-0.0044614721052604785,0,1
0.001595616294918592,-0.0055753136349216345,0,1
4.537437212354753E-4,-0.006212534439699576,0,1
-3.572351857517666E-4,-0.005227279761211299,0,1
0.002997973262511242,-0.005145230966375667,0,1
0.001293419636595234,-0.006772084881180723,0,1
-6.986423018292959E-4,-0.005566107951514102,0,1
-0.0020931603429039927,-0.006382738066182808,0,1
-2.0012795571334256E-4,-0.0031218207969795804,0,1
-7.537742426229735E-4,-0.006186046309075498,0,1
-6.81674355069233E-5,-0.005734058195863916,0,1
0.0035127648253642616,-0.0060472823242061855,0,1
3.0764866170061584E-5,-0.0073515215951522155,0,1
-7.72104827714279E-4,-0.007287867338879491,0,1
-3.514163253742327E-4,-0.006372293981664811,0,1
6.01210418125289E-4,-0.006996429203349669,0,1
-7.75009490154097E-4,-0.006459252339987909,0,1
-0.001412093173053474,-0.006596119643971017,0,1
-5.991352820754596E-5,-0.008937959235327649,0,1
-0.0012201105956366467,-0.004388109367724207,0,1
-0.002648606570751439,-0.0036598018883898607,0,1
-9.106585402439924E-4,-0.004856651977890886,0,1
-4.394932925407353E-4,-0.006769800767594554,0,1
-0.0017781080850595436,-0.0048442446412393335,0,1
-0.0022481482353650323,-0.005110923332560112,0,1
0.0013456811268227128,-0.0070600070517543604,0,1
-0.002971408227054623,-0.005039023941242697,0,1
-0.001153804938733025,-0.00752464585391943,0,1
-7.693221964732913E-4,-0.005003830231259981,0,1
-0.0015450478672719929,-0.006061584646582535,0,1
-0.0019125602565567546,-0.004711153173593127,0,1
-0.0016267430725291014,-0.0061421476583864,0,1
-5.73701758365123E-4,-0.00620281821019623,0,1
5.815442577631367E-4,-0.005082039577900844,0,1
-0.007560144834534926,-0.009485223847911195,0,1
-0.007078226268160656,-0.00872648001942622,0,1
-0.005104170114711786,-0.009091966598132509,0,1
-0.003899482872852795,-0.006989405966839682,0,1
-0.0036544042727690734,-0.005848468203713935,0,1
-0.0051786085993736726,-0.006969251393145764,0,1
-0.00874640045081916,-0.011697099302062216,0,1
-0.006188038132934534,-0.00859187597600592,0,1
-0.008078719000739197,-0.006364884978732349,0,1
-0.00648275097992981,-0.00944315617657554,0,1
-0.0042758101730468725,-0.007666117891647499,0,1
-0.00657533489606852,-0.009770026740806079,0,1
-0.00986394609558781,-0.00849521524111609,0,1
-0.008445004807506692,-0.008421271053705767,0,1
-0.004609307384976646,-0.005207885165924969,0,1
-0.0037438270726588845,-0.006924159981148557,0,1
-0.007452516353499872,-0.007011898515014047,0,1
-0.005676137670173157,-0.008215489002073684,0,1
-0.004984562100738489,-0.007038198520097465,0,1
-0.004161101225421005,-0.007642283022395474,0,1
-0.005753387296714857,-0.00892591031892778,0,1
-0.005276039014245926,-0.009839048631369819,0,1
-0.0056095075122561885,-0.010466386162725294,0,1
-0.0050414722200962155,-0.008376890056208917,0,1
-0.006575739244448912,-0.009949648481971912,0,1
-0.004679349577957748,-0.009667476721066595,0,1
-0.004435546095705281,-0.008486309019306252,0,1
-0.005264310934745925,-0.009655847561495796,0,1
-0.005119194131726836,-0.008030024047454625,0,1
-0.005481389790967404,-0.008445442262695401,0,1
-0.00407471615273358,-0.007921062458459315,0,1
-0.005146723346372338,-0.00992394442822182,0,1
-0.003572779682704818,-0.00895382550817382,0,1
-0.005208430701231062,-0.009856044848886266,0,1
-0.004441318989401704,-0.009117371148171904,0,1
-0.002475656733543144,-0.009483893231829741,0,1
-0.006611812398513444,-0.008560214539898824,0,1
-0.00677505880326894,-0.011221330583447299,0,1
-0.002173892879231979,-0.011446656299973539,0,1
-0.0032288607390826103,-0.011091035057034338,0,1
-0.005539508004922225,-0.0069939509545784186,0,1
-0.005275727620283908,-0.00691728545612986,0,1
-0.006813903274308383,-0.0067290807554668975,0,1
-0.007166141435831201,-0.008170541669275572,0,1
-0.007622781053754024,-0.007769973563651484,0,1
-0.004992656636008598,-0.007551522504318587,0,1
-0.00742787058449689,-0.008640848057826783,0,1
-0.007024694854199836,-0.008878336367412424,0,1
-0.009325665842344249,-0.0076908791953099985,0,1
-0.005967730582140473,-0.005571451829534631,0,1
-0.00646179064940725,-0.006719219256782925,0,1
-0.009612180279826252,-0.007948874994190667,0,1
-0.00799870707183635,-0.006761344866172772,0,1
-0.005846059544404201,-0.006203278256965001,0,1
-0.006640215921839839,-0.00665753614664351,0,1
-0.009002973382253665,-0.006171806818762684,0,1
-0.007374330382579993,-0.007649024672660282,0,1
-0.007618296218392775,-0.00552660312849823,0,1
-0.006652039053511392,-0.006532173478099394,0,1
-0.006233111818439429,-0.00736572528433328,0,1
-0.008250325312851596,-0.00572813231311796,0,1
-0.006172578756337892,-0.005256112624140857,0,1
-0.007079345915231608,-0.0060200899710178305,0,1
-0.006676032376923382,-0.006077810707082131,0,1
-0.006979455239276831,-0.0063388512322314836,0,1
-0.001141758358663749,-0.007562032292693824,0,1
-0.0019786568874501794,-0.008091776235792731,0,1
-0.0033280377574141664,-0.009504737710120222,0,1
2.6884069890383857E-4,-0.010078565221010844,0,1
-0.005199353216124691,-0.006950362208923052,0,1
-0.0025159455836878935,-0.010548910288563933,0,1
-0.0026809966814635195,-0.008677712368131356,0,1
-0.004619463249113036,-0.007905389802977851,0,1
-0.003053851629610782,-0.007935886350689085,0,1
-0.00246108083139971,-0.007816176873499989,0,1
-9.337629504387735E-4,-0.008997724256300148,0,1
-0.004590099996249902,-0.006737424601913232,0,1
-0.0051058973463918595,-0.008169201616111127,0,1
-0.004214704498588461,-0.008226536553288135,0,1
-0.006287014360178879,-0.011268365068583204,0,1
-0.003375307582957395,-0.008795771833662362,0,1
-0.0025466398103392907,-0.00673890883242236,0,1
-0.002917758487575394,-0.005829799745823263,0,1
-0.004099312532745786,-0.007924728013449565,0,1
-0.0038052832903549354,-0.00945729601642401,0,1
-0.002432997996684682,-0.007110585134582345,0,1
-0.0033213115551970927,-0.006897101397246075,0,1
-0.0037282056581823936,-0.00827746061336203,0,1
-0.003665945069451839,-0.008176590968488514,0,1
-0.0026253431183515166,-0.008695797697992075,0,1
-0.0026075031010267505,-0.00838818069066436,0,1
-0.0036658038063210165,-0.008501136152897704,0,1
-0.003779373424743155,-0.007026048815217667,0,1
-0.004090952211366737,-0.007760804699027546,0,1
-0.0034185427869226014,-0.005073564639194948,0,1
-0.004111920578010998,-0.006812774689936027,0,1
-0.005559448431441212,-0.009849968957090439,0,1
-0.0037615767197860246,-0.0071956151342170505,0,1
-0.004215492013195578,-0.006702283690260926,0,1
-0.005389650713034292,-0.009404363073610455,0,1
-0.004552681213457588,-0.006703682198981972,0,1
-0.0032233922053525117,-0.003804624533074906,0,1
-0.00616554166734024,-0.003626560143265726,0,1
-0.005175524283116721,-0.004427155655949577,0,1
-0.0060020582185344425,-0.0032139481726698267,0,1
-0.006560094564451711,-0.0050319933332706075,0,1
-0.005671607989661496,-0.004740290357495218,0,1
-0.004147796148323564,-0.004551285014655916,0,1
-0.004909759346549826,-0.003249962595051467,0,1
-0.004704963504624091,-0.005064820631284264,0,1
-0.007629151486469302,-0.005130451294164463,0,1
-0.00485830788445922,-0.004185539611111685,0,1
-0.007056443641929606,-0.0052312123672840745,0,1
-0.0049124152603358595,-0.004376719886114008,0,1
-0.005344782892463705,-0.006561071839382173,0,1
-0.005537460664704105,-0.005227805044719002,0,1
-0.00553714947972913,-0.005326003526516065,0,1
-0.005242875813781714,-0.004810253207482512,0,1
-0.004765402022051825,-0.0048384989854494305,0,1
-0.0056078220446005795,-0.005357635091533933,0,1
-0.00489716379296191,-0.005736048026239667,0,1
-0.0025755210237048045,-0.004769442415754295,0,1
-0.0036973437992011042,-0.004818200736258564,0,1
-0.0023321749333812414,-0.00571535506833137,0,1
-0.0020233137099450395,-0.006995686197689469,0,1
-0.0038513717495683377,-0.007471368855251471,0,1
-0.002381529435704215,-0.0056381643859436574,0,1
-0.0016738248654513154,-0.006120635639778569,0,1
-0.002977723932009166,-0.006286872059055755,0,1
-0.0037820736250094144,-0.004987256655526409,0,1
-0.0055538947251771095,-0.0072215638867032805,0,1
-0.004196965667674931,-0.006706233399367924,0,1
-0.002771494240840903,-0.006340747000252568,0,1
-0.00412421818343285,-0.005000675840793747,0,1
-0.00267044619241308,-0.006954765163839134,0,1
-0.004912491322174041,-0.007209119116045994,0,1
-0.002653958085386875,-0.006528618965338346,0,1
-0.0034430513453598574,-0.006730830531623239,0,1
-0.0036370991733853594,-0.005093600434874397,0,1
-0.0033024804599495984,-0.007539047164055274,0,1
-0.0026498876937056117,-0.0046734258399799035,0,1
-0.002638972409291859,-0.004477659233358203,0,1
-0.005654402064892402,-0.00575220820355495,0,1
-0.005703412653966564,-0.006337377697816571,0,1
-0.003043451324589414,-0.006837947460643796,0,1
-0.0029727106888860887,-0.0054930596179401615,0,1
-0.006024915595542869,-0.005480761050661722,0,1
-0.004709654135552626,-0.004829346903930104,0,1
-0.003457258082254781,-0.005404091731269947,0,1
-0.0045303615880862265,-0.005347645429060277,0,1
-0.0035567093998454865,-0.004381141647889627,0,1
-0.003009024062357401,-0.0028766264742169996,0,1
-0.004093105726587617,-0.0036401548051901568,0,1
-0.005705943388851209,-0.004381816872175514,0,1
-0.0029358757658618125,-0.005251932281848189,0,1
-0.004152977146806804,-0.004125558636339206,0,1
-0.004473968530038729,-0.0041070681489945434,0,1
-0.006928280483107149,-0.004074449995419595,0,1
0.0027179564245381396,-0.013669095449250417,0,1
0.0034133051225428922,-0.015040627146914379,0,1
0.002239511686098234,-0.014815509988997506,0,1
8.415220369920377E-4,-0.01250668970639422,0,1
3.846649424471608E-4,-0.015367086233804604,0,1
0.003928005232858885,-0.017017105177760606,0,1
-0.001772520956459435,-0.01535220656855238,0,1
0.0012412634877045077,-0.013803556854942306,0,1
0.0012931659033528732,-0.012556162957585144,0,1
0.0017782771683183367,-0.015089262694166761,0,1
0.0035571061265053812,-0.01716413175701851,0,1
-6.380273768703676E-5,-0.012372327290127638,0,1
6.223439951005379E-4,-0.013939880408784954,0,1
0.0020318124807274483,-0.01467061536722623,0,1
0.00334549383501828,-0.01437200500640929,0,1
0.0025919757274432873,-0.013097793362565828,0,1
2.9757505533738334E-4,-0.012107897629685033,0,1
0.0019220068675797385,-0.014080082552200121,0,1
0.0018910354600868368,-0.012970021144255125,0,1
0.0025576611670006916,-0.013688501247622673,0,1
0.0023672994642305336,-0.014368617385827353,0,1
0.0024497980191645393,-0.01154104297404549,0,1
0.0030615502052031233,-0.013953313358438026,0,1
0.00288898952221486,-0.013835454773224357,0,1
0.00282827577028489,-0.013028485065414142,0,1
-2.0589280385550358E-5,-0.010848824000815561,0,1
0.004280011865518486,-0.013414722874781017,0,1
0.0035925085089897235,-0.013633239819673704,0,1
0.0042404110482003494,-0.01406705816242918,0,1
0.007972820658022045,-0.014774745119469917,0,1
0.00830354726055371,-0.0148306376033734,0,1
0.005270894833894413,-0.013920017211865969,0,1
0.004788118847520965,-0.013367036144039285,0,1
0.004301590691315009,-0.014202815339532077,0,1
0.007596080871959492,-0.013686320933235532,0,1
0.004842316261420663,-0.013793062813003331,0,1
0.00571539862450551,-0.01401516931250795,0,1
0.006376834442256065,-0.01497057816263026,0,1
0.008756329035671891,-0.014749469226584756,0,1
0.004720298824977567,-0.013976324078171943,0,1
0.005689645746975435,-0.011270347797594886,0,1
0.0026936701895369903,-0.012811174652623426,0,1
0.0065415056487491486,-0.011940932130233511,0,1
0.0040412532979211884,-0.011369783711124,0,1
0.004702555584941873,-0.013218593903908716,0,1
0.0060127555602594645,-0.011881011894405286,0,1
0.006217928309104178,-0.013141949934382677,0,1
0.004724850042607282,-0.011580269452414329,0,1
0.0071506736725630675,-0.011717295768466937,0,1
0.005464491540982011,-0.012207292873160518,0,1
0.0025810846903255567,-0.012046874145763211,0,1
0.0040127252307985166,-0.01128384498909808,0,1
0.005169933880427246,-0.01230639284965669,0,1
0.004727711524687576,-0.011139944998867089,0,1
0.0034232920487592506,-0.013320249801616165,0,1
0.003394267013372126,-0.010327244684520577,0,1
0.0035210189370009828,-0.013397439315553233,0,1
-4.80223386385226E-4,-0.011822699581464622,0,1
0.001779702238632151,-0.011733237293330563,0,1
0.0021862963243993944,-0.010280821055842649,0,1
0.0036547771669113863,-0.013156752341846007,0,1
0.0027299929552832888,-0.012637188049132225,0,1
0.0024240689750684432,-0.010790434306895098,0,1
0.001806167248367592,-0.011833890800845683,0,1
0.0015144073849052773,-0.011383053625156648,0,1
0.00681285806580406,-0.013382323309939327,0,1
1.18065237754828E-4,-0.011908878724325615,0,1
0.001439697307262266,-0.011853378768813485,0,1
0.0014018484990491427,-0.01248994963735896,0,1
0.0035890882890453647,-0.012073609467368808,0,1
0.0035968947302908705,-0.012535966905602445,0,1
0.0042558155819189605,-0.011064293376600618,0,1
0.001662161963995172,-0.011691762332043736,0,1
0.003830443656004079,-0.013499712572015118,0,1
0.0030444511184464142,-0.013055780301941603,0,1
0.0035458308493711956,-0.012330598430785478,0,1
0.0038628436558414423,-0.011087878993110513,0,1
0.005746603840779381,-0.011356476250592556,0,1
0.002679722852679473,-0.010936374855090861,0,1
0.003976667272380198,-0.01210029476445508,0,1
0.004525484790419155,-0.012022289257831524,0,1
0.003490339992885765,-0.014647585833241052,0,1
0.002953672414477833,-0.010308604186015128,0,1
0.004587474304710718,-0.01254507985955991,0,1
0.0033625056084259745,-0.010635732355674384,0,1
0.0034505423439467804,-0.011161291270137446,0,1
0.00411675501791643,-0.010485971172236284,0,1
0.004789221869552249,-0.011189325252533066,0,1
0.004691252069055096,-0.01023482605878446,0,1
0.004837552751706795,-0.011012508290638308,0,1
0.004208686735578095,-0.010471285859225906,0,1
0.0053184120373831936,-0.010188212610389614,0,1
0.007011622337816053,-0.013592653809446284,0,1
0.006728175040874232,-0.015537349503839911,0,1
0.0068492094762130345,-0.014921394033756773,0,1
0.006895844405143853,-0.015262402518289088,0,1
0.006770585228147234,-0.015776602245401363,0,1
0.006667931506781323,-0.015330763290936647,0,1
0.005887875508010522,-0.015425339498021178,0,1
0.007428023389885115,-0.015119384978854022,0,1
0.0023834969892407697,-0.013760727179490263,0,1
0.0057363473571003295,-0.01688905513376388,0,1
0.006308437779584108,-0.01525297851015916,0,1
0.006436753327138319,-0.012893797070681267,0,1
0.004265095419270099,-0.01273559770068548,0,1
0.0062032506978602275,-0.016187655131866478,0,1
0.00602651895644744,-0.013316469740484938,0,1
0.007134988619272257,-0.016664105275825764,0,1
0.005447515488360849,-0.01423486398483935,0,1
0.005937619560075394,-0.01468342768466915,0,1
0.005895574899409615,-0.014259870170483104,0,1
0.005248358302251385,-0.015227608335115897,0,1
0.004983404126078306,-0.014844963514706778,0,1
0.001568696490957111,-0.014990529251294219,0,1
6.095001039018817E-4,-0.014347120280029636,0,1
0.002926545572780234,-0.014669442854731549,0,1
0.0036481453872705197,-0.014019105783040218,0,1
0.003221062741401803,-0.015335213238126538,0,1
0.0026170414662865953,-0.014053569724772397,0,1
0.0024527479032757497,-0.015121937535303734,0,1
0.0024358707984118246,-0.013443635930545787,0,1
0.003275580558267326,-0.013826251724071984,0,1
0.002049290752969492,-0.01577311279180761,0,1
0.0029340243489276155,-0.015646063392859448,0,1
0.004528745603843333,-0.014478982250307342,0,1
0.004952066654428708,-0.014550038166752636,0,1
0.0028227464964916803,-0.019011215170254604,0,1
0.0021049371766828084,-0.016016072882711677,0,1
0.003720497958345186,-0.015397333482808875,0,1
0.0017230130776722454,-0.01738947601763751,0,1
0.003311865926926419,-0.016141149835544575,0,1
0.00347219606584458,-0.015554996179541472,0,1
0.00327964860956178,-0.01596303094261227,0,1
0.0033095571623369363,-0.01633570210192569,0,1
0.0026385076023743375,-0.016791209893821102,0,1
0.004849559679117724,-0.01627741723049332,0,1
0.003532833586243278,-0.016155612096036928,0,1
0.014849924956120203,-0.0051047449389614065,0,1
0.014662717019397182,-0.006183487955727063,0,1
0.01268195167019322,-0.007496959531900102,0,1
0.016072939801292572,-0.006456522992797276,0,1
0.01677665803933281,-0.007156370664100993,0,1
0.014081827338191128,-0.006255073462057851,0,1
0.01587838041748857,-0.006341106590419311,0,1
0.015369771993388761,-0.006511015040751985,0,1
0.011701470478381283,-0.006670825015130814,0,1
0.01689278801442615,-0.006790437720192441,0,1
0.01570591305927402,-0.005008316511449726,0,1
0.013505626962372121,-0.004056525653712822,0,1
0.015258079125282216,-0.006604960285614959,0,1
0.015268906755356191,-0.006539818703257621,0,1
0.013318913526245446,-0.003908605045893984,0,1
0.016497948247038517,-0.004024318096511086,0,1
0.01499224240364063,-0.005457565375958712,0,1
0.014461855846498615,-0.006591617867464684,0,1
0.011300415215911177,-0.008575091249876394,0,1
0.014381443921453917,-0.00751046356457381,0,1
0.01359520576427321,-0.006104599283285207,0,1
0.01502843008544494,-0.004466081609906224,0,1
0.015918335109345944,-0.0036223276716701295,0,1
0.016205072728419034,-0.002353318054383327,0,1
0.015310625025259051,-0.002595084116067394,0,1
0.01346434152789452,-0.004018727376264489,0,1
0.016547074177132377,-0.0022759704479966207,0,1
0.014656267698997735,-0.0015038715925997852,0,1
0.01535421638870594,-0.0023905403715660666,0,1
0.015128537081037662,-0.002883928556410813,0,1
0.015401971960911,-0.0019510507753466855,0,1
0.015761458321282826,-0.001781767480708637,0,1
0.01691274903774724,-3.920832328232922E-4,0,1
0.015532724347166247,-0.0029427416570166347,0,1
0.017915146818408525,-7.735777783165637E-4,0,1
0.01495010047925897,-0.0034535474925101906,0,1
0.016995909006422637,-0.0026517535607355714,0,1
0.016416898318510034,-0.002862604452995986,0,1
0.01647086182609081,-0.003330407886585244,0,1
0.017649517241042658,-0.002341066553848687,0,1
0.017261492764049587,-0.001998188070521039,0,1
0.013358300641523572,-0.007054024553065968,0,1
0.01321600063623476,-0.008004789124732663,0,1
0.013237207505186066,-0.0077314814227335,0,1
0.017412023962555305,-0.006707264659295354,0,1
0.01459481072716482,-0.010449376633118714,0,1
0.012841584223758602,-0.007547076535658531,0,1
0.01299883702410963,-0.008065753705005072,0,1
0.014140213734417451,-0.009360477672075927,0,1
0.013322324570086074,-0.008576121115729614,0,1
0.01265127349082901,-0.007081779458941369,0,1
0.013081976416100946,-0.008813377075512562,0,1
0.014267805705195936,-0.009517852284079375,0,1
0.014431770098319785,-0.00803728497904701,0,1
0.015457139447876057,-0.009077856392569646,0,1
0.014017945572820184,-0.009261871256150977,0,1
0.011599642318550476,-0.008176799433258854,0,1
0.013185444783399352,-0.008326249731606039,0,1
0.013992554316904122,-0.009156099593182558,0,1
0.012490812230925937,-0.008019232882689449,0,1
0.01291256657512352,-0.01027518690236491,0,1
0.010902862552378203,-0.007668138159743155,0,1
0.012215152220055673,-0.009359324534818,0,1
0.011687809131439927,-0.008878154042320428,0,1
0.011511354892129183,-0.008748053224508112,0,1
0.010825919480438597,-0.012176390464335529,0,1
0.014461525733332368,-0.009058962966847703,0,1
0.011170022696481232,-0.009541920749093135,0,1
0.010694795746212269,-0.010199078325714716,0,1
0.012696823254367155,-0.012663305092328367,0,1
0.012438264347356353,-0.0109325277845379,0,1
0.012709156060463208,-0.010866989708455272,0,1
0.00880206314541054,-0.011729099673154391,0,1
0.014194351067870762,-0.010115198085548555,0,1
0.011287948766774513,-0.012181979351223674,0,1
0.012100833252049033,-0.012099333349082099,0,1
0.011436241854546494,-0.010287199997156713,0,1
0.010049131666444638,-0.009403074431878473,0,1
0.011316938343645236,-0.0112834583373196,0,1
0.012485992773116277,-0.012530534708763714,0,1
0.01131804097980709,-0.0063210020712832484,0,1
0.01267220853112953,-0.011991785228866549,0,1
0.011457264757317946,-0.01207179868422835,0,1
0.010422358009523352,-0.010190280945043824,0,1
0.01065044101676297,-0.01087683575520722,0,1
0.01147652520898804,-0.014137571385239746,0,1
0.010581376028667624,-0.01078180369518555,0,1
0.010688328227965426,-0.010568223843379564,0,1
0.011545411116549168,-0.010409200941612368,0,1
0.006532997255157158,-0.009540989649171631,0,1
0.011103657551496122,-0.013017509532317223,0,1
0.008765055699169869,-0.010838466676853715,0,1
0.009437234009621641,-0.010708257239011844,0,1
0.009853375113699507,-0.011253423500983134,0,1
0.00889016418684681,-0.011363363372899237,0,1
0.0067142287231794495,0.0019587505913962466,0,1
0.008742685722688735,0.002455156989310428,0,1
0.008987849481992306,0.0023618507558472624,0,1
0.009081067165684775,0.002663227531417356,0,1
0.009776426003046557,0.004204636931850671,0,1
0.010128195491117112,0.006958733401605361,0,1
0.007353011188203729,9.903536311099696E-4,0,1
0.008730556707006775,0.0024057367159301987,0,1
0.009165318339879476,0.00435768012980539,0,1
0.009192659632723416,0.0035397939387097647,0,1
0.009929149238540887,0.004222189541759316,0,1
0.009367118135823407,0.0026522227181959217,0,1
0.012616059216338247,0.0020920764853038713,0,1
0.008772175377620338,0.0037160964990403645,0,1
0.012304705705871414,0.007564598775796953,0,1
0.010380573111529089,0.0027689706594933314,0,1
0.008825654551487651,0.0061874587604803,0,1
0.009904183368848874,0.0029388259727849385,0,1
0.011725681648183542,0.004098183604600519,0,1
0.007935378694023252,0.0012111965496390672,0,1
0.009667557339094423,0.002064794625714107,0,1
0.012514827470281409,0.003993225122220831,0,1
0.009541265380231765,0.0035160003010625317,0,1
0.010039781892500356,0.002941875855534157,0,1
0.010196507786256748,0.0023190345869238647,0,1
0.010625052374448607,0.003181143909426023,0,1
0.010287121367656766,9.380581980292829E-4,0,1
0.010205396787740732,0.0011025345276239058,0,1
0.009714035573012272,0.002222719795384512,0,1
0.010351008863438234,0.0019897507973410567,0,1
0.011089627975255116,0.0016431963849313004,0,1
0.008618013694616646,0.002430458137104859,0,1
0.011191017604702399,0.002910399183168336,0,1
0.011309725968359807,0.002353385308449332,0,1
0.011757531138552369,0.0013853286901518759,0,1
0.011164184419947383,0.001387989557698706,0,1
0.010018705669255293,0.003071188889955278,0,1
0.011299035888442917,0.0017538892612880203,0,1
0.009086772902518251,-0.001150979295056085,0,1
0.00937696140628341,-8.149207642640915E-4,0,1
0.008396147291379474,4.826322412339494E-4,0,1
0.010108346238204103,0.001966188170542535,0,1
0.008466773838733486,0.002183658049694371,0,1
0.010094318942618074,-5.088802674619845E-4,0,1
0.00925350877673542,-7.835529658874993E-4,0,1
0.008307270917980353,3.047233052281897E-4,0,1
0.008546523367973527,0.0018191796097768841,0,1
0.00949393145398687,-4.6094808837037296E-4,0,1
0.009102188514504995,7.666398760280715E-4,0,1
0.009070571583497635,7.456895815177537E-4,0,1
0.009174040710792966,0.0012208828011549345,0,1
0.010727482176298323,-6.707869468945402E-4,0,1
0.008919180624388649,0.0020284631627970015,0,1
0.008738181197731907,0.0016025160404687232,0,1
0.01059951905679388,-1.455252649732101E-6,0,1
0.010213224032496485,-6.79176315482928E-4,0,1
0.00881376635445366,0.0026133099003010567,0,1
0.009953702369702402,5.478221431612856E-4,0,1
0.010161773639246767,8.892950726748878E-4,0,1
0.009802392406964237,1.6890449216746476E-4,0,1
0.008539610903726558,7.375139217192307E-4,0,1
0.010684903577144814,0.0019217218666954326,0,1
0.009416012845042272,0.0012037294502726995,0,1
0.011806659525608217,5.278609809772855E-4,0,1
0.009803765301279237,-0.0011767783199098567,0,1
0.009843776777174096,1.744844306115339E-4,0,1
0.008040858183269075,-4.913720815231744E-4,0,1
0.00846446842409458,-0.0010729908607367267,0,1
0.005915339079827331,-2.790559707424582E-4,0,1
0.007336824858300709,-0.0020863356931967603,0,1
0.005402192823726848,-0.0011607413384329872,0,1
0.008384523693161991,-3.319190394656108E-5,0,1
0.006549954325867852,-0.0010414123134978507,0,1
0.008584244606514272,-8.642888909886257E-4,0,1
0.006997908927353824,-0.0011901414366219905,0,1
0.00813625644215775,-7.797908377548631E-4,0,1
0.008033815570610645,-5.937519861751819E-4,0,1
0.008430219587899638,-0.0022037008640522003,0,1
0.007193462853710598,-0.0014875652132423217,0,1
0.008912938935509863,-1.1753800664331524E-4,0,1
0.007255437461802256,-0.0015886080620635336,0,1
0.006929309383125126,-2.312831969403887E-5,0,1
0.007143617746901685,-0.0015368818959386377,0,1
0.007662264431605416,2.9275483488931355E-4,0,1
0.007070593802031298,-4.679595452979354E-4,0,1
0.006595514468945343,-3.013177719662314E-4,0,1
0.00846377123003683,4.576461771232579E-4,0,1
0.006542511622358643,3.8625892963484957E-4,0,1
0.007358212881002412,9.0843399230867E-5,0,1
0.007215879084241522,-3.6074118921687155E-5,0,1
0.00855426206198662,8.305375701278168E-5,0,1
0.007557158068689368,4.3176893262375703E-5,0,1
0.008619667667517275,0.002117662495686787,0,1
0.004121394634580241,-6.263043591809242E-4,0,1
0.007777451646502348,-0.0024300599811306334,0,1
0.007691377606008997,0.0015980812888123847,0,1
0.007013513701191346,0.0027267822666565095,0,1
0.006910972860475797,5.9861887033015414E-5,0,1
0.00654673740944373,5.768936294873071E-4,0,1
0.005527795326078635,-2.48964039419767E-4,0,1
0.006028795510310515,-0.0027493194638430816,0,1
0.0065149247733459915,0.001787398158963006,0,1
0.006349857434905182,4.960148296162398E-4,0,1
0.007250493285544061,7.389601074358438E-4,0,1
0.005538868943726471,0.0022138917453356456,0,1
0.006643206230281105,0.002030570985491502,0,1
0.007603726049570879,0.002300517873236288,0,1
0.006642773931880258,0.0013078857144199199,0,1
0.005580450498733461,7.354117338003168E-4,0,1
0.005936646254465416,-4.87253293051741E-4,0,1
0.007931795614721713,9.245430960894918E-4,0,1
0.006798734364466607,5.137537744343814E-4,0,1
0.006778716465899496,0.001793541494495806,0,1
0.00745571094081546,0.0011095974197682897,0,1
0.006754837667717913,2.044594238207426E-4,0,1
0.004964649007612582,0.0017568219839325936,0,1
0.005067917774121984,1.1375656887374724E-4,0,1
0.0064793267759794574,0.001817347661455662,0,1
0.0055679886649123095,6.051586543769073E-4,0,1
0.004126956019579649,0.0014470853712302745,0,1
0.00616400290940465,8.914486918941423E-4,0,1
0.008502518498168025,0.0010594834840877449,0,1
0.004985193305705236,-3.826544265943135E-4,0,1
0.006479195599710558,0.002985900279622152,0,1
0.00546950923139151,0.001575713223376825,0,1
0.005126484293357555,0.0012703547062572435,0,1
0.0037526778475578844,0.0019077543385602677,0,1
0.004746713588625237,0.001421986151785852,0,1
0.00516513126238637,0.002367512260036102,0,1
0.006531077333065685,0.005496753170630379,0,1
0.006049513874100485,0.0025046627109407372,0,1
0.003648866150550474,-4.4634342864157013E-4,0,1
0.0038000441232290414,0.00400093461537327,0,1
0.00732226218602267,0.0075200471546721555,0,1
0.007043583685311415,0.00738164103608823,0,1
0.007374168865634298,0.006219601089658843,0,1
0.007024176360879428,0.011230689712378327,0,1
0.005428741860572339,0.0076551662677672395,0,1
0.008041473040034029,0.004864504950735926,0,1
0.007573349928334346,0.00648653234120091,0,1
0.009147207274577868,0.00498137496502419,0,1
0.008505691700712099,0.007914662245946577,0,1
0.00812091300343835,0.007632367735165284,0,1
0.00817635549982913,0.0031211851023685514,0,1
0.006826079856691368,0.0063658959139155525,0,1
0.00847031354581179,0.0035132994510333267,0,1
0.008434926909228167,0.007927557396488519,0,1
0.007618652133533194,0.0044489569272268235,0,1
0.007985962203367817,0.006448156127846811,0,1
0.008893785267009109,0.006412957698705338,0,1
0.008138688977722344,0.008231509347568538,0,1
0.007659276353013312,0.0049207522573096905,0,1
0.010070695147790546,0.0069716729758210125,0,1
0.009710127201522561,0.00693509358175588,0,1
0.008588535609950845,0.005471128815077162,0,1
0.00835117961201489,0.006131692810390351,0,1
0.010978212725750678,0.00924386158858644,0,1
0.00929924795883584,0.005946364157289586,0,1
0.0077623079491552695,0.005479059223403982,0,1
0.009045335602215498,0.006381366528637341,0,1
0.00954499871622322,0.006317345371629423,0,1
0.008559088988116595,0.006899475376223781,0,1
0.009459825708994686,0.005335337163602828,0,1
0.009496912273427758,0.006095172538369522,0,1
0.007546087497009332,0.004564199710331128,0,1
0.006705847731399219,0.004018940232741198,0,1
0.009969391112998457,0.003103383044459701,0,1
0.008231103322054933,0.004793040209804699,0,1
0.008628321480403317,0.005178980528758538,0,1
0.010151177174953513,0.005561246208253866,0,1
0.007343997535648634,0.004500986388412843,0,1
0.009064725509367494,0.005314254417918464,0,1
0.008992729772330258,0.002479347272775486,0,1
0.007965104987555729,0.0034607853846262615,0,1
0.008459737749392938,0.004278946122193868,0,1
0.007775499248715201,0.004041655431455183,0,1
0.008709853269431366,0.004117314296466797,0,1
0.00800781800326681,0.0041650895727938855,0,1
0.007818825787657555,0.004196606161375916,0,1
0.008804313873844217,0.004059093621814576,0,1
0.006994736508059922,4.358608635500203E-4,0,1
0.0078455458233376,0.003699093566701829,0,1
0.009070249464800752,0.004869169891639878,0,1
0.008255124306240156,0.003639157870781963,0,1
0.008521056273675427,0.003037969827389787,0,1
0.00906144833122197,0.0012012510572871613,0,1
0.008211449862439624,0.004054876828792451,0,1
0.009699681392002535,0.0032015425549066657,0,1
0.0075757810848873924,0.004250055789153519,0,1
0.004981332412914976,0.0016429005156091518,0,1
0.00843751216099875,0.0011249516751661722,0,1
0.0080398500440797,0.002719043570418244,0,1
0.004525543568256524,0.006068045615657681,0,1
0.005525832076316706,0.0052983187182287575,0,1
0.005796522833745215,0.00395238991307689,0,1
0.008032891988741353,0.0026058501871428137,0,1
0.0068470240358510384,0.0014762159605940038,0,1
0.006975749981465979,0.00455013380939978,0,1
0.007921578220823818,0.0019023326507874487,0,1
0.007476617871898278,0.003384347785082231,0,1
0.008738142024521833,0.00173060234615069,0,1
0.006192528016517362,0.004499871597501277,0,1
0.006131713870978687,0.004088034746691043,0,1
0.005496888892957517,5.555598836548442E-6,0,1
0.00677876498322663,0.003712356346142684,0,1
0.005923346854376721,0.003379447403064452,0,1
0.00649644335327868,7.216385796471732E-4,0,1
0.005855403590904405,0.0039023284093211456,0,1
0.005690764985976706,0.0033497908107825085,0,1
0.00849803107491319,0.0018792778643441969,0,1
0.00619129348441722,0.003766940963692789,0,1
0.005874295615781339,0.003122437853623619,0,1
0.003014563815659296,0.0036730706098638487,0,1
0.005438165364286279,0.002867516075908115,0,1
0.004247648213519366,0.0026221204620412164,0,1
0.004729979661661891,0.006539056475631043,0,1
0.005039930856252843,0.006439465341051439,0,1
0.005144293671499483,0.007622326827267044,0,1
0.0035645942689275447,0.008971636347761778,0,1
0.0043342160035807,0.010767312923387925,0,1
0.004434160742661302,0.010794568045445587,0,1
0.003818833843072585,0.0074961449390211115,0,1
0.004693821665700644,0.007198410847694295,0,1
0.004605741297202282,0.008825667302328331,0,1
0.003975525279089288,0.009393453621415427,0,1
0.0035884724103938705,0.012480394535631436,0,1
0.007165282638917059,0.006217638101381786,0,1
0.005450507272077247,0.007790854031114487,0,1
0.0052985009044686235,0.007579700870237044,0,1
0.0031626571212158357,0.008722391048149184,0,1
0.004343376822127446,0.01014794757503236,0,1
0.005323583253310125,0.007881979759291164,0,1
0.004046553417414446,0.008703985787705435,0,1
0.005064457274459135,0.008462753001329112,0,1
0.004629156485250208,0.00965980309296501,0,1
0.005581233036409264,0.007687579286714916,0,1
0.005631201263352207,0.00876635783148753,0,1
0.005822019883124652,0.00913725620784391,0,1
0.004374718309366929,0.008545914552993158,0,1
0.006116605543802024,0.007491230906254772,0,1
0.004537085932079121,0.010571550740256124,0,1
0.005956462945818685,0.010225052988187254,0,1
0.005502388079914072,0.00827234028384378,0,1
0.005614703121993429,0.008926050657694163,0,1
0.00323366171844999,0.009707768129794755,0,1
0.0056384316514447915,0.008751424224183109,0,1
0.006585143804340607,0.009825467365081107,0,1
0.006722902747536824,0.00792138156607946,0,1
0.006267744937293833,0.00918490616282638,0,1
0.007814900369748728,0.009622734107454716,0,1
0.007350992540589321,0.005714859720055689,0,1
0.0038360373859421715,0.00620974536444071,0,1
0.004334271063341009,0.008186743316300335,0,1
0.005755299371999525,0.007164292316505684,0,1
0.00657590394258874,0.0077506374790158785,0,1
0.0074694179717945605,0.008672690894875861,0,1
0.004412819050085346,0.009739784635516176,0,1
0.0065231712571007785,0.006315272888295047,0,1
0.005115338916435983,0.007131030768236843,0,1
0.00490731576200145,0.00656298172289484,0,1
0.005125157990605492,0.007223060632897334,0,1
0.006034054207746409,0.006410220727412927,0,1
0.008170782830603499,0.007336399792076526,0,1
0.0043243746578213475,0.006106020741236405,0,1
0.005901817234255376,0.007210797866520825,0,1
0.007204761532021815,0.0080194456306013,0,1
0.006052083718142753,0.007044169885458092,0,1
0.006556632847380167,0.007145271028554741,0,1
0.007001567595051667,0.006594076770880839,0,1
0.006844230027149416,0.006149641781006104,0,1
0.005866472994081633,0.006645774688772338,0,1
0.0059104119653904195,0.005561406211467442,0,1
0.0061140095018219634,0.005718424143778974,0,1
0.005773588607955383,0.005651340152073301,0,1
0.007125288473780763,0.005919412682112681,0,1
0.009001956736607166,0.0066656409892542874,0,1
0.007132255677219327,0.006039484568687436,0,1
0.001721443851076185,0.00813502553723962,0,1
0.0017017306477217818,0.008053210669751272,0,1
0.002330419811256918,0.009640779145967626,0,1
0.002721731382094525,0.008591887376043385,0,1
0.002790603163180767,0.0096586850659677,0,1
0.0018137680725632975,0.008417567375977243,0,1
0.0020780562845197866,0.008974465550837201,0,1
0.002967505245422888,0.009586201027711398,0,1
0.004679591080464797,0.010896357282267842,0,1
0.002930263220582353,0.007469063281656283,0,1
0.0030023758334352234,0.008694770141921515,0,1
0.003225499025050974,0.010085537100615468,0,1
0.0032104557987890827,0.011116196715789598,0,1
0.0027346981103540955,0.0073207370053002385,0,1
0.003227929203782814,0.00885437924543318,0,1
0.004078321814424684,0.009675054410065375,0,1
0.004979364894249167,0.008300191835835842,0,1
0.004822139300081357,0.006301993101131263,0,1
0.0036977476148807144,0.00908916068423356,0,1
0.0023107871759353127,0.007266156973646226,0,1
0.0034076302590682847,0.008485908914431775,0,1
0.0034671361333616815,0.006978875084657503,0,1
0.004174110588558579,0.007603034005267052,0,1
0.0037363832622136907,0.007923053717063573,0,1
0.0023926485334247027,0.007397075809586131,0,1
0.0032114178617559316,0.007613479487893835,0,1
0.0038404236665142972,0.00712322076326784,0,1
0.0038225969532954753,0.007360894546803441,0,1
0.00549189717255213,0.004392626504826604,0,1
0.006666269606921842,0.004566347334878685,0,1
0.005928093713692585,0.003656178851831433,0,1
0.004176589959521474,0.004161843812573382,0,1
0.005575976351949025,0.002983984697277527,0,1
0.007029178125830852,0.006167352404144042,0,1
0.005555481088711949,0.004438719186788194,0,1
0.0058820399035355575,0.004293345826662778,0,1
0.006260995588871817,0.006024534355244113,0,1
0.002996222777204728,0.004643852947363118,0,1
0.005135483739109403,0.005131152010217548,0,1
0.004962760456443585,0.0033419332807476535,0,1
0.005147970490730901,0.004452270967345769,0,1
0.006380504768986649,0.0042913666420450955,0,1
0.004231228327451886,0.004072708603416668,0,1
0.004545516646084728,0.004938119510435578,0,1
0.004635139529288165,0.004687257730529514,0,1
0.007053526507515558,0.004687107836210783,0,1
0.0054151425909258885,0.006157511464527825,0,1
0.006026320589100946,0.00492401433770544,0,1
0.004997656519854264,0.006281190982695593,0,1
0.004345763581164844,0.0059007203761573535,0,1
9.800709527655479E-6,0.007736726122297994,0,1
0.0020703576383799627,0.007510023182290111,0,1
0.0030059704315243954,0.007358880708413717,0,1
0.003417179885272271,0.008166972622611264,0,1
0.003115941148401063,0.0070697418264238565,0,1
0.0013438760358677508,0.009172152245731672,0,1
0.0017459093219287373,0.007136732897099287,0,1
0.0026485010811142205,0.006528861199731059,0,1
0.0013692325943107325,0.007167503693287072,0,1
0.0025611234054930486,0.006792273776352253,0,1
0.002672963967626305,0.006669854596190925,0,1
0.0030431917133961466,0.006771398734909005,0,1
-2.226302848944665E-4,0.008202207420826356,0,1
0.006034471642016442,0.008392278204763045,0,1
0.0029895142072321004,0.006244416595067773,0,1
0.0013081577981672178,0.006713423715278015,0,1
7.891971326443411E-4,0.006012044481081108,0,1
0.002979686168794088,0.005781865542859379,0,1
0.0013934246199449993,0.006423579924767681,0,1
0.002554718545545516,0.005880194610772796,0,1
0.001427426183534786,0.006387189504679204,0,1
0.0016712085839698492,0.006721419156715848,0,1
0.0022862383049501605,0.007728414236435366,0,1
0.0017876212991189187,0.004336102424498046,0,1
0.004163174469896504,0.006936933856052493,0,1
0.0029646631215638096,0.0065021984772956065,0,1
0.005003124730800236,0.003056610158681034,0,1
0.005673175525206066,0.002710267333540498,0,1
0.002257269080100508,0.003308964763558764,0,1
0.0016231058120035847,0.003659120559227558,0,1
0.0013072787270799098,0.0045699647953492085,0,1
0.0018702440591061922,0.006168216362607439,0,1
0.006205994035174455,0.004084850595121134,0,1
0.003440410481920496,0.005802095081371538,0,1
0.002318628964745762,0.005064244241740426,0,1
0.001285838718592292,0.003841120376038652,0,1
0.004129258963605359,0.004107058800775628,0,1
0.0035429828491150912,0.004083850514971577,0,1
0.0032725606801162735,0.0046407033039956806,0,1
0.002643903695439118,0.004482088826226046,0,1
0.00283305883454115,0.004332852756027219,0,1
0.0034439571787275463,0.003573174942063688,0,1
0.002305947305407312,0.003521547369361517,0,1
0.002901476082827132,0.006219918176663214,0,1
0.002885718337075602,0.005725497025446863,0,1
0.0041747246765941074,0.005379326369334822,0,1
0.0037507021353819377,0.003545129792873082,0,1
0.00299448149223648,0.005890166593925942,0,1
0.003798703389590159,0.004277877424370677,0,1
0.003119379660809964,0.0057364214731990566,0,1
0.005609772558004597,0.002449072012373783,0,1
0.003316470680543635,0.006331778981961243,0,1
0.003892541275149692,0.006401892938874341,0,1
0.004889600432578501,0.005103131196380843,0,1
0.0029462320658350627,0.004769749406659062,0,1
0.0041818993814424,0.00555086195913612,0,1
0.0022366658052932467,0.007840639012684184,0,1
0.004146771233538622,0.0068559062149697834,0,1
0.0024245432613095737,-0.006337017573198982,0,1
0.003435886104577924,-0.005837523866459717,0,1
0.003240402517395667,-0.003480532104888564,0,1
0.002402299916203203,-0.003917073808780875,0,1
-2.560701010333455E-4,-0.00161557315303862,0,1
0.003091777368445871,-0.006821025702041637,0,1
0.0030643486564098277,-0.00638929617555644,0,1
0.0025514369452390617,-0.003540440151409419,0,1
0.0016653992053654177,-0.004060988072549763,0,1
0.003175364469972118,-0.005613645931803538,0,1
0.002505240412649682,-0.00783345805158725,0,1
0.0032085813093228476,-0.007036027759365477,0,1
0.0038928767844219345,-0.006511736422334164,0,1
0.001418171916847508,-0.004701730638708868,0,1
0.00313215857985431,-0.00522397241413734,0,1
0.003970886980711315,-0.0063446487670366595,0,1
0.00256589938892389,-0.003327342677600942,0,1
0.004325716871658977,-0.005619828631724985,0,1
0.004672818211539807,-0.00704462177632163,0,1
0.003714555593501921,-0.005690896048725878,0,1
0.0032462278523187897,-0.007534225565008779,0,1
0.0041402830431557765,-0.006097814705995911,0,1
0.00366172951880546,-0.004886431761068523,0,1
0.00341664461693294,-0.00601545551896199,0,1
0.003790526219679775,-0.004769779347541898,0,1
0.0055652112508104675,-0.003982277820793753,0,1
0.004267854990095836,-0.005438190194702141,0,1
0.0010147570544815113,-0.004446352482270139,0,1
5.309873636354446E-4,-0.004286925877904927,0,1
7.215999475732418E-4,-0.0037044340155295585,0,1
3.332855940140187E-5,-0.004410265565533936,0,1
6.662028977219171E-6,-0.0035528378659565483,0,1
0.0011870719314550275,-0.0034997925908002584,0,1
0.001394868254842945,-0.0034826724414682196,0,1
0.001596164316062926,-0.003736933725116333,0,1
6.588613576913197E-4,-0.004754004997448159,0,1
5.427183754949137E-4,-0.003754597407440767,0,1
0.0024440380202187186,-0.004217350667425184,0,1
0.0016095617671791874,-0.006351125081546733,0,1
5.063341642911538E-4,-0.0037635412555835387,0,1
1.339595058727144E-4,-0.0052115875178724526,0,1
5.978303709122186E-4,-0.0057865681738803795,0,1
2.2462562942300137E-4,-0.0051878178691343434,0,1
0.0025471797568036546,-0.005080859198552842,0,1
4.759354029621254E-4,-0.0044101056395300575,0,1
9.006579344693696E-4,-0.004759413367419949,0,1
0.0029251123438332957,-0.006080585509244481,0,1
0.002515153379271173,-0.0031048502968209894,0,1
0.0031066724311419355,-0.002394785807603214,0,1
0.003515382344320252,-0.002478839829789637,0,1
0.0035921286651040656,-0.0036506712969479244,0,1
0.006140350388050314,-0.0013782100232950885,0,1
0.007972575642357538,-0.002008341447608799,0,1
0.0021909082083406153,-0.003276007518926468,0,1
0.004800366799736369,-0.0029880724758385335,0,1
0.0031208537723225018,-0.0027736234658716006,0,1
0.004819813017220422,-0.0017186614557503218,0,1
0.004856287000258049,-0.0024400174409696376,0,1
0.0027132561925645926,-0.003246840018680842,0,1
0.0029187435402254006,-0.0017395493777275742,0,1
0.003044723274422309,-0.002579640726047081,0,1
0.00408635290925213,-0.0025579511505802593,0,1
0.00514642647517564,-0.0012464762245255059,0,1
0.0032397504575927614,-0.002204857193210087,0,1
0.0014821166818151461,-7.106922709611772E-4,0,1
0.003926920553986292,-0.0031755157788058365,0,1
0.004451107729409018,-0.002642040484920639,0,1
0.0037436875895580043,-0.0047145960895430055,0,1
0.004569420361808727,-0.004002588029022788,0,1
0.004294757517978448,-0.0036990399393001024,0,1
0.004984121945574853,-0.0025459770848209684,0,1
0.0037171242655102197,-0.003996869031032891,0,1
0.0039133705414450895,-0.003835170462317592,0,1
0.0047316710344996885,-0.003031918844728253,0,1
0.00515523841739676,-0.0038855794475208365,0,1
0.005117429260672039,-0.0026928369798658557,0,1
0.004925516950072787,-0.004132532846139463,0,1
0.003625325172261224,-0.00575334503289617,0,1
0.004883103062828992,-0.004206976180497009,0,1
0.004732949865757889,-0.006119020201965297,0,1
0.004565040937832551,-0.004938405686314861,0,1
0.005102955112992805,-0.005284873685367521,0,1
-1.4575153105341439E-4,-0.003676214166353788,0,1
-7.944203415249357E-4,-0.0033791118758835018,0,1
-6.921599025459537E-4,-0.004117446388635252,0,1
-0.0011235937612596124,-0.003079821853385351,0,1
-0.002147057584008672,-0.0022624592097007594,0,1
5.188476055109071E-4,-0.004571472319331562,0,1
-1.768041043389875E-4,-0.0033255106610960935,0,1
-0.0011156804494884102,-0.0034280196922975795,0,1
2.656649156299663E-4,-0.003856236371918491,0,1
8.598016590143219E-5,-0.0034547226882584974,0,1
-7.282302605347231E-4,-0.004606830254988349,0,1
3.5633996626819263E-4,-0.0038526770745599737,0,1
-4.074907329325454E-5,-0.002248437444525596,0,1
-4.850018725665174E-4,-0.0025679268211420097,0,1
4.6587883126303326E-4,-0.003667622304576071,0,1
0.001282965486448262,-0.0018746949933505232,0,1
4.965129445037652E-4,-0.0034886951789805834,0,1
4.985071200156067E-4,-0.0027786239218565226,0,1
-1.0469109528744894E-4,-0.001728632980527951,0,1
0.0010099477541728292,-0.002934158321918799,0,1
5.290223948942162E-4,-0.003338241568162729,0,1
0.002350646582089457,-0.0029704815328137966,0,1
0.0016885938850871903,-0.0025734594043072727,0,1
0.0022294872791092783,-0.0025166174029440437,0,1
0.001991153244872078,-6.724196536926376E-4,0,1
0.0013217410317802043,-7.822927686367084E-4,0,1
0.0020518407553411127,0.0017545874543890892,0,1
0.00225622629259192,-0.0025798521508244173,0,1
0.0033282718775882914,-0.001429766776760957,0,1
0.003144190938953267,-5.771057470082301E-4,0,1
0.0010358419208547035,7.774111305400359E-5,0,1
0.0017035652904144828,-0.0021704922303236187,0,1
0.003445489277745345,-0.0011040621631133772,0,1
0.002352266695466937,4.5156604023416846E-4,0,1
0.001682067190438209,-7.129984646128011E-4,0,1
0.0028239431841140593,0.0012435293633550862,0,1
0.0021176428369296015,-0.0026230235151765624,0,1
0.001063523644223478,-6.362394386370633E-4,0,1
0.0048548171191792775,3.4267962464344166E-4,0,1
0.002358251931059725,-0.0015813432466687115,0,1
0.002704935482479161,-0.0012147782336576383,0,1
0.002976263754189825,-0.0026960144676569536,0,1
0.0030055017682154845,-8.281076964977753E-4,0,1
0.003455579911126799,-0.003293683558062469,0,1
0.00288713908368307,-0.0016001239682260568,0,1
8.094809843568009E-4,0.0013990937015902311,0,1
0.0036975428563432097,-0.001925064216352372,0,1
0.006116530146656652,-9.165768575406186E-4,0,1
0.004146566772741646,0.001642925601374897,0,1
0.00259762890084209,-7.044992151684681E-4,0,1
0.0024775781059765524,-0.002915824829213206,0,1
0.0035282556116167604,-9.597759936401284E-4,0,1
0.0035822980654486468,-0.0010348916535435314,0,1
0.0030012383109912226,-0.001168377399675335,0,1
0.004618762690378668,-0.0017923262600502638,0,1
0.0045748221582993295,-0.0011670339607029534,0,1
0.004924679772935213,-0.0015497955921117193,0,1
0.0032652474933920444,-2.9015189229078276E-4,0,1
-0.0016302709478155993,-7.02627433460249E-4,0,1
-0.0023708718633384668,-0.0032011572056049728,0,1
-8.005582411452978E-4,-0.0012451374272253268,0,1
4.072568867046851E-4,-6.562462445068444E-4,0,1
6.933544582510204E-4,-3.107318666668599E-4,0,1
0.0017139578495334476,0.0012063453941332032,0,1
-0.0021031285292369578,-0.003157753242306117,0,1
4.081211926855079E-4,-5.638545612856252E-4,0,1
0.002120350501762944,5.82581131389487E-4,0,1
1.1385951248651019E-4,1.5497585894247597E-4,0,1
1.073143019330774E-4,-0.0014259922071920667,0,1
-3.499560324747977E-5,-0.0012303362398459006,0,1
0.0022834094567625086,-0.0015021393518656432,0,1
0.0020403887357505262,0.0012609268906079109,0,1
0.0012105655289424227,-0.0011323729804607306,0,1
7.28779186214532E-5,-0.0039865756274312745,0,1
-0.0014355750460757798,5.789235432058967E-4,0,1
0.0019217492094309972,5.808436856123858E-4,0,1
-8.226976457423983E-4,-0.00269528069958178,0,1
0.0011046486221387326,-0.0011719895408945473,0,1
0.0018212531099945503,-0.001570866510724171,0,1
5.185024137465016E-4,-0.0017722008045631182,0,1
0.0010038910304820577,-0.0013233151997444099,0,1
9.467217209270743E-4,1.5574700422371583E-4,0,1
0.0017178226208625737,-0.004177525798231246,0,1
0.0016194140667060018,-0.0017770498109507917,0,1
0.0019628642354565912,-0.0016014398510870711,0,1
0.0014642667129609762,-0.0024731433266400055,0,1
3.3651692454517916E-4,-9.947208440906998E-4,0,1
0.0014236699349501139,-0.0010622981448631264,0,1
0.0015399500140771357,-0.001996968980475653,0,1
-0.013345401279030146,-0.0071758494270992,0,1
-0.012822242817161301,-0.008112165881985855,0,1
-0.014867798925128215,-0.006136959032088354,0,1
-0.015858107291295352,-0.0066328254320252664,0,1
-0.017699573406369754,-0.0064972335155594595,0,1
-0.014757067517732711,-0.008143777929567168,0,1
-0.015414298284845994,-0.007138875705828507,0,1
-0.016342295491379437,-0.006497847261725447,0,1
-0.013850558747340763,-0.006203588685607754,0,1
-0.01573104482455165,-0.005941653077331509,0,1
-0.01528188666599567,-0.006669661644280203,0,1
-0.015109989505501326,-0.006515431629735062,0,1
-0.013616107662001274,-0.005774532760518405,0,1
-0.015449173619859933,-0.008317037034638592,0,1
-0.014928748800717014,-0.0032997553199138273,0,1
-0.014507751656348907,-0.00595548507657946,0,1
-0.012736963584090256,-0.003954055833840197,0,1
-0.014796772136890709,-0.005234715655876142,0,1
-0.014464684724822322,-0.0038487512779699505,0,1
-0.01493219703837188,-0.004956035648173381,0,1
-0.01478561037037736,-0.004634478748047642,0,1
