% Model,※磁场聚焦光电阴极模型（30纳米-毫米尺度）.mph
% Version,COMSOL 6.4.0.293
% Date,"May 9 2026, 18:30"
% Dimension,1
% Nodes,5000
% Expressions,6
% Description,"粒子位置，x 分量, 粒子位置，y 分量, 粒子动能, 粒子速度，x 分量, 粒子速度，y 分量, 粒子速度，z 分量"
% 索引,qx (µm) @ t=0,qy (µm) @ t=0,cpt.Ep (J) @ t=0,cpt.vx (m/s) @ t=0,cpt.vy (m/s) @ t=0,cpt.vz (m/s) @ t=0
1,0.01007725485233121,0.012044671522734182,6.248568413666455E-20,-49493.41684209811,-30185.65340103134,365826.15812745213
2,0.010104609914112743,0.012688338094508473,3.643191916270415E-21,-4297.800555456133,1325.5322079550988,89322.66456028302
3,0.010131964975894277,0.013332004666282767,7.274142586175277E-20,-8032.025585809036,-26889.150180531888,398646.2431103479
4,0.010159320037675812,0.013975671238057059,7.824993976546954E-20,-8123.987167710681,-405.1985901061846,414408.4011190547
5,0.010186675099457344,0.01461933780983135,9.940130716021335E-21,-2282.7721464250894,16208.178058547765,146819.67417376963
6,0.010278312946645283,0.012325738295362335,5.3322449735990325E-20,12232.397942593272,-57177.18005747964,337123.8643920134
7,0.010308600594404964,0.01297297823349009,7.966071995507775E-20,-71519.36724095464,11162.696090803336,411895.9497925134
8,0.010338888242164645,0.013620218171617843,1.8160105910465728E-20,17760.997538162115,7526.941503228285,198743.76786538877
9,0.010650141487513747,0.012240631902490882,5.705939993148209E-20,4141.109998901572,-10669.342194766508,353758.36113477976
10,0.010686294307229723,0.012895018573325565,4.891599527566789E-21,9691.433742127245,-9537.841327656462,102736.54844176967
11,0.010722447126945702,0.013549405244160248,4.0167012148223046E-20,-12448.775578209139,-28436.00030255384,295338.0552578927
12,0.010758599946661677,0.014203791914994929,5.084171871497372E-20,39216.70876669143,-25329.177766582394,330825.20242422685
13,0.01085413216780597,0.012525272041472498,2.6495063453507113E-20,11716.941192681028,34525.14905478441,238414.81348162648
14,0.010893217573500093,0.013183232078660642,6.365323826953494E-20,33038.9739499601,52350.745435594305,368674.354123078
15,0.010932302979194217,0.01384119211584879,9.635992951688429E-21,-4854.525247817301,11368.43956089377,144925.426144263
16,0.011267978700346704,0.013101699052142654,1.510703361561923E-20,-24788.26581015597,839.8385276776448,180424.21371804064
17,0.011312929277997125,0.013766805822037728,6.920047421089732E-20,-27996.053812163147,65949.82429959519,383143.4903601569
18,0.011429951388966653,0.012724805787582661,3.112852183055005E-20,-31601.527508074905,-31779.802566344242,257556.22238610112
19,0.011477834552595217,0.013393485923831194,6.421106074316242E-20,-48120.659592935,38275.77321780742,370401.1861864832
20,0.01179591475787882,0.012632552662004283,6.012494422597983E-20,7819.767595854502,-49219.10104091037,359892.7593556682
21,0.011849663093463683,0.013308379530959742,3.690689063232833E-20,41112.61595369611,-6489.457358663533,281599.13621418294
22,0.012005770610127338,0.012924339533692826,7.277543814072367E-20,-53288.383922883775,38291.177608611666,394303.40588828025
23,0.01385642923238854,0.007153658478734975,3.4975614139611603E-20,28741.725125884892,-34794.52058298275,273410.86771298625
24,0.014142569433897483,0.007765037876892945,3.597834801887965E-20,-25245.63670950288,21649.102007980382,279080.20333483
25,0.014428709635406422,0.008376417275050917,3.939659248506187E-20,14018.782698290608,740.1762106740571,293767.9144123072
26,0.014714849836915362,0.00898779667320889,6.07935170678623E-20,9649.330190833389,-59468.26015836882,360339.78042606986
27,0.015000990038424299,0.00959917607136686,2.297852281361079E-20,-18788.381217957773,6553.078376247552,223728.08826236136
28,0.014159440212399585,0.0073545069527109755,6.558667714646354E-20,7433.9362193631205,37483.00534549414,377541.5785235426
29,0.014449657238172304,0.007968065458837255,2.4428501087488975E-20,11714.914219719993,-9790.462064810336,231085.67921788053
30,0.014739874263945026,0.008581623964963531,3.7355380125239376E-20,28191.188346007562,41578.95272290463,281942.4689697048
31,0.015030091289717749,0.009195182471089807,1.729436768312049E-20,7480.820842779648,24618.259716765173,193153.85476568475
32,0.014475245146648953,0.007142645394536703,3.138792627805524E-20,18328.316431827316,44051.988948736784,258141.1375589326
33,0.014773615820949236,0.007760562116599592,6.882760368288025E-20,53581.05676410647,-42612.93590540167,382657.3547876787
34,0.015071986495249516,0.00837847883866248,5.956740125007942E-20,-40898.02949072368,-39692.281975497914,357119.35909211665
35,0.0153703571695498,0.00899639556072537,3.1931982646384386E-20,-18500.443791451442,9572.757344919844,263958.2217641255
36,0.014782332950923776,0.007345672976481011,6.469738211265793E-20,56422.97677315164,-35691.202689102785,370928.5534890826
37,0.015084780449487838,0.007965768806512206,3.5596231065633746E-20,15935.663625984154,-29947.756266890134,277492.3799812483
38,0.0153872279480519,0.008585864636543398,1.5336371953904397E-20,10100.056976186996,8793.147621703396,183008.8810780108
39,0.01509406106090936,0.0071316323103384335,5.963777027349429E-20,-46605.75260254387,-37024.56756253967,356922.88445190486
40,0.015404662208000984,0.0077560863563062386,2.4621874000187997E-20,12076.667294111845,27890.246489847697,230509.28177625837
41,0.015715263355092608,0.008380540402274041,7.741362852102217E-20,28607.721046692626,32728.740090245497,409969.225749167
42,0.01540522568944796,0.007336839000251045,5.802985240575685E-21,1322.1588650309977,-7003.389848485383,112649.362518206
43,0.015719903660803367,0.007963472154187154,5.241482390814266E-20,23494.064224931433,-53339.14564242505,334187.9749045302
44,0.01571287697516977,0.007120619226140162,4.4522012940939124E-20,11772.926430121157,6893.728916148562,312351.6856471606
45,0.016035708595052735,0.007751610596012882,1.8754886188761343E-20,-16603.270911350803,-942.6290494562405,202238.71513615805
46,0.01602811842797215,0.0073280050240210805,6.771677741875497E-20,-44158.9291936532,-4154.3682690184505,383023.91302298533
47,0.014656968355581132,0.010125105580249715,4.8788609251185317E-20,4091.7932108908476,-1112.2983695306086,327260.11065792764
48,0.01405941727632893,0.010010399286753041,7.939038479132063E-20,46498.80221113744,-54709.10509686073,411277.454854475
49,0.013461866197076724,0.00989569299325637,2.1183841806503672E-20,11947.781186701794,-19563.275507193033,214439.83962513314
50,0.01226676403857232,0.00966628040626302,7.97888897192722E-20,-16506.628199370538,-73227.6935650025,411757.8609532059
51,0.011669212959320118,0.009551574112766349,3.139057867275788E-20,23.02425539740017,47998.01815405041,258099.5252741975
52,0.014344175017166947,0.010247231608759419,7.338393353337824E-20,17273.428556094997,-1986.4237582548865,401017.07708495844
53,0.013144109849838291,0.010013745985685312,2.404659670931397E-20,-22446.286710112545,-4970.864749799573,228619.01346780692
54,0.01254407726617396,0.009897003174148256,2.995115243774472E-21,4888.893830125718,-107.50092275239841,80944.28187337656
55,0.01194404468250963,0.009780260362611204,6.754030607397148E-20,59482.547389634114,11342.698875390977,380289.7695623892
56,0.013708662322690078,0.010483337593617303,7.292511537623602E-20,28917.098842513526,59782.67597221766,394587.75488918094
57,0.013103666730201493,0.01036252174599949,1.9843609037755595E-20,34655.04471988095,7591.659659326271,205690.98318392385
58,0.012498671137712908,0.010241705898381673,4.4731657063972876E-21,79.77517687103325,18034.022993712202,97446.2573213441
59,0.013993420063528095,0.01072016991562368,2.556745333351724E-20,14823.283865985497,-32921.76597359042,234159.60794694923
60,0.01338594296662739,0.010597317549965487,3.999459910917725E-21,-3113.3050191618167,-16194.441239848738,92244.3159025193
61,0.01277846586972668,0.010474465184307292,3.122424111204541E-20,33850.70341841242,-24975.164724266873,258426.67470810257
62,0.013955458448303428,0.011070982193978236,1.837428248098235E-20,10843.438892771832,-16508.88669413048,199878.2183020379
63,0.013343018342578464,0.010944056792239282,4.736981562843357E-20,-6578.8730318906,-2657.4472759200653,322415.5800536485
64,0.012730578236853501,0.010817131390500327,7.499148004413223E-20,-26341.017171059426,-19472.17532112819,404442.1079965631
65,0.013627776083416483,0.01118088911424566,5.248889129384406E-20,-37206.058698243985,-41112.82142495411,334912.97473803995
66,0.013012854473279396,0.011051927194466323,2.3177913491526807E-20,-31287.731436411923,15756.619773263274,222846.9875528655
67,0.012397932863142305,0.010922965274686983,2.3896978887140702E-20,-29022.409390109333,16479.250259035816,226611.65312460435
68,0.012962485335994088,0.011392556882618978,2.710053136343126E-20,-42195.606821634196,-5261.847982014177,240191.72813244845
69,0.012342600717032744,0.011259521926758878,1.008619767023076E-20,-23351.663171829547,-10722.695937488801,146575.413665293
70,0.013247243076832112,0.011629389204625357,5.2800360040804075E-21,-7741.407530391142,14436.16224077161,106415.16580891341
71,0.01319439243513468,0.011967982374737627,2.1833669094452377E-20,-3323.802796972481,7339.281900370834,218796.07591361954
72,0.012567063302936953,0.011828837864756388,4.1935090982315E-20,-4121.096301299183,23534.101858997874,302488.32437515707
73,0.012851821043774971,0.012065670186762764,7.805580412970085E-20,71315.89927475012,-27750.67619362633,406839.2775793155
74,0.01741803271371392,0.0037444495613992343,1.7690223380672863E-20,16046.914845268193,9211.079756919002,196207.0367987118
75,0.016828219758307655,0.003864299791622105,8.611979777291302E-21,-1850.5571486231363,-8835.664722081514,137209.45353860708
76,0.016238406802901385,0.003984150021844974,7.208331993739871E-20,-8966.990983344145,49571.78949397029,394618.4294662727
77,0.015648593847495125,0.004104000252067842,5.952843633246685E-20,-6400.845343068614,57882.676245346425,356798.87736571726
78,0.014468967936682604,0.004343700712513581,7.381498432967316E-21,-14980.717406321666,8838.585741485262,126110.3371895543
79,0.01717783444303641,0.003976030837562505,2.9345488608635406E-20,-8254.34964640201,-27339.515084970037,252217.21488532043
80,0.016584949534780173,0.00409494920107614,2.171463683103178E-20,-19942.68067292048,19354.660143038047,216570.96411819104
81,0.015399179718267715,0.004332785928103408,3.941064643177295E-20,8808.271364389053,-25917.595085229164,292879.17336470896
82,0.014806294810011491,0.004451704291617042,6.170667054023658E-20,-40775.74481856305,-38921.551144223136,363732.9394198988
83,0.01728417890423769,0.004318411292956944,2.4126852118648397E-20,-39698.354418345814,-8505.282791735093,226546.02859862207
84,0.01668515009028152,0.0044354659230521065,5.0895149001714817E-20,15173.021924517388,21097.86060362438,333266.8596378268
85,0.015487092462369198,0.004669575183242433,1.696906326341502E-20,-25737.29115903433,3245.9570516582003,191267.5372551787
86,0.014888063648413037,0.0047866298133375975,4.350480029541707E-20,-22966.687424511387,-30436.08072661434,306696.18746438844
87,0.01703476477501028,0.004547196968992508,1.527837362520252E-20,3523.9590682443268,-19196.539818406665,182107.98506463497
88,0.015830563241398022,0.004779442495764366,6.154000749706905E-20,16033.681108599612,-31364.661888252016,365885.8626962638
89,0.015228462474591893,0.004895565259150294,5.806358942181472E-20,-56342.53551369067,20022.66762362644,352001.85359850904
90,0.017131893377661658,0.00488678182425924,2.106667799341739E-20,-4313.154671265408,33896.22727612404,212332.57188367486
91,0.016523648705155592,0.005001040854226698,2.489356898005256E-20,12441.753461236778,-38973.116315598585,230176.1409759902
92,0.015307159360143471,0.005229558914161613,3.708301538355772E-20,-23849.739763842943,-15096.017997634042,283937.35577771027
93,0.016873263389884346,0.005112771900167099,1.4243242363710404E-20,19883.938444882133,-2723.1794981040084,175695.15633549396
94,0.01626194676452832,0.005226099063425322,7.547501369378926E-20,-69608.7534475414,7681.496391493548,401003.32076511486
95,0.016961176133985827,0.005449561155306124,2.926354198144449E-20,-20557.439457606528,35096.02559911355,250189.62960159278
96,0.016343715602929864,0.0055610245851458765,3.1839667966468825E-20,23779.381116155593,20297.04032588584,262540.9262499556
97,0.0157262550718739,0.005672488014985629,2.7271350301973184E-21,-389.7047244439429,3064.666669663728,77317.42894832842
98,0.016693330287658622,0.0056727556310862785,6.947346332789459E-20,64405.475987743215,-9553.213606734615,385087.15872678434
99,0.016772027173210198,0.0060067492860975975,2.418630453136296E-20,-27667.128116448774,-14476.990801048281,228313.11598745716
100,0.01614535078360433,0.006115417115809645,7.588468326030472E-20,12536.497683918877,-21430.148148579592,407420.02267260576
101,0.016494965468333088,0.006227148161750045,3.847807702967848E-20,36778.09485369182,25019.52447285261,287230.61098095914
102,0.015560155381163187,0.0012395072060174012,2.5112536101309648E-20,14441.256849116611,-17932.231376295542,233677.96710486594
103,0.016053656737393788,0.0017103052070667542,2.034665176729902E-20,-18088.84349740595,10292.76293025644,210329.94913265138
104,0.016547158093624396,0.0021811032081161066,2.7539389850175396E-20,-5893.620256821958,17395.71795431882,245206.86446058346
105,0.017040659449854997,0.00265190120916546,2.4395210190986686E-20,-23265.12038164669,-15746.402113697533,229720.2149093704
106,0.0175341608060856,0.003122699210214813,2.933582830511184E-20,-30924.953859330046,-1676.8702080340765,251890.3186693516
107,0.015913747416503633,0.0013194151870138274,2.3169850200925698E-20,18519.986493264743,32014.674330389982,222491.21450115892
108,0.016411849175746,0.0017906662882118173,1.1741783077160476E-20,-15456.868522616507,-18049.539635170862,158791.77298096134
109,0.01690995093498836,0.0022619173894098065,2.9396846811883474E-20,-11605.208652646752,-5545.000066974204,253725.12238316066
110,0.017408052694230722,0.0027331684906077955,4.792752070797799E-20,-38785.59156410632,36993.355809453395,319927.7732075356
111,0.016122829727942167,0.0010079800478086912,5.975545821172574E-20,33368.88846963707,-43934.99802423766,357982.51532603736
112,0.016630132293208044,0.001480137349303953,1.6661960515280194E-20,-16324.70659619676,31002.29913934322,188027.44787885706
113,0.017137434858473927,0.001952294650799215,3.635553859247953E-20,-1555.4070053621397,-7551.079236010166,282418.98453205335
114,0.01648102216629437,0.0010883411289537538,4.22275738457084E-20,29638.896499728937,-23438.070466419063,302133.03818061907
115,0.016992925134572005,0.001560951530597652,4.217725874485406E-20,-12916.778570869692,-23755.525181605342,303101.5397540473
116,0.017504828102849646,0.0020335619322415506,6.309244201187857E-20,48633.162035700414,16769.493742100232,368612.6783114189
117,0.016685504074721143,7.764528895999809E-4,2.4894087201646556E-20,-14589.713574070709,6638.838803361651,233235.84792111386
118,0.017206607849022296,0.0012499694915411516,7.897274135332593E-20,38464.539685232405,-10440.597273589467,414486.3005324893
119,0.017727711623323456,0.0017234860934823228,3.832593261354253E-20,-17450.064685170742,-39520.24209955041,286844.27139032667
120,0.017048296916085105,8.572670708936797E-4,4.2568026856456185E-20,-16126.317526085375,-6350.498327958667,305220.03471999726
121,0.017574001093398014,0.0013312367729834869,6.440559174368936E-20,16743.346422144135,-42296.29046547703,373276.6464947988
122,0.017248178421500115,5.449257313912705E-4,6.244350532578951E-21,-5233.684968894067,-12621.994567468924,116288.44478815961
123,0.017783083404836548,0.0010198016337783502,5.85648220910807E-20,45735.87077730622,-18981.85074162673,355146.56985905604
124,0.01761557166587584,6.26193012833606E-4,7.335049756694494E-20,-23784.956532851596,-67932.12475492926,394795.0175315673
125,-0.01209703852589361,0.010029974337803548,6.20619586083592E-20,-41299.47344345307,30213.64267181918,365569.05746509327
126,-0.01272862040463111,0.010068240287553014,6.935819063477915E-20,-52195.160499604455,22264.825902130324,386080.6999157784
127,-0.013360202283368604,0.010106506237302472,3.489859101113373E-20,5262.308262753526,-37544.044336813786,274196.81590133114
128,-0.0139917841621061,0.010144772187051938,7.036378713814306E-20,-264.7237849242126,22959.103467132427,392376.0868029662
129,-0.014623366040843593,0.010183038136801397,5.615748538795975E-20,-56596.74342920821,-14695.951348438888,346232.02573313855
130,-0.012370048836497234,0.010238306357429575,7.961852518100031E-20,45426.10136905845,54614.23150736376,412018.2206887188
131,-0.013005204081588192,0.010279504893157184,2.497076697958779E-20,25962.4358727497,33498.65811518613,230278.1790408982
132,-0.01364035932667915,0.010320703428884796,7.740764576779937E-20,25236.127973932376,-24965.65653277458,410720.1683795223
133,-0.012280914212613514,0.010613771860954014,5.637494796952006E-20,-13502.181905154242,31125.428969310502,350174.4182292715
134,-0.0129232161904114,0.010660835568637922,2.3961007638273304E-20,16181.46972408843,-10709.329925994994,228540.4887416809
135,-0.013565518168209284,0.010707899276321828,2.784391591074793E-20,38058.85504932154,12372.795905278626,243989.31848212564
136,-0.014207820146007168,0.010754962984005734,7.963784728361374E-20,-56413.89296054068,35487.898346130256,412802.3294520521
137,-0.012557497889570599,0.010825036466558188,5.821645734569771E-20,-9632.294125888428,31715.973755163453,355974.2070115249
138,-0.013203373233721947,0.010875032760220242,5.524562208553178E-20,-26078.66389812426,4774.193881575045,347261.9497318333
139,-0.013849248577873292,0.010925029053882295,5.54694536227617E-20,-6103.095420380741,20053.042462777314,348347.2531571606
140,-0.013117811976191687,0.011253430849722829,2.1107418148226838E-20,18252.011159348913,4561.615847049635,214448.55059602516
141,-0.013770834053049963,0.011309292315341179,5.535981055605167E-20,-55346.67037620539,20314.173469589943,343611.0249177864
142,-0.012744946942643963,0.011411766575686799,7.651969716871853E-20,-47287.917008401586,43718.190845895246,404789.15007969434
143,-0.013401542385855699,0.011470560627283298,2.8788097172958087E-20,-26786.97720870033,-8946.036023178256,249815.4523897808
144,-0.012648665586053319,0.011781366907254944,4.9321433711952725E-20,-35599.569244719496,-37477.108476158166,324984.81714691623
145,-0.013312407761971979,0.011846026130807737,2.0270199425634853E-20,-11111.67445788625,24978.647226761015,209180.73211084135
146,-0.012932395995717329,0.011998496684815414,6.826460064630713E-20,-62585.83067332619,8946.520241111255,381942.8296333502
147,-0.003736395464225689,0.017417035534820872,7.54452945716934E-20,-17059.200594234982,50884.239968978334,403438.441090267
148,-0.0038320834029279714,0.016824231042735435,9.72210674610079E-21,-13403.808512463596,-20764.48199281589,143994.53889505722
149,-0.003927771341630255,0.016231426550649998,7.401481955286444E-20,-31406.37192754376,-4277.059868895305,401867.5036844467
150,-0.004023459280332538,0.015638622058564568,5.536066243061556E-20,31242.918056537117,48650.32791827174,343807.1436327758
151,-0.004214835157737102,0.014453013074393704,2.0491107130750278E-21,-1853.7864008212873,-6423.749262120669,66739.7904769176
152,-0.003959922643215431,0.0171758400852503,6.229644838540417E-20,-47225.64317651746,-20499.447877138948,366228.87357267324
153,-0.004054678715208478,0.0165799636403149,4.1621571593559836E-20,22513.599375617167,-2479.268807731575,301444.3101379362
154,-0.004244190859194573,0.015388210750444106,3.895366338170798E-20,-37677.10932098909,31417.066533267487,288301.22897456714
155,-0.004338946931187621,0.014792334305508706,2.4036828599074454E-20,-1158.9118444072221,23792.154150795966,228487.07336338412
156,-0.004310357195783397,0.01728318172534464,7.810707436216494E-20,45171.892578260406,-5115.646740894964,411606.79171670094
157,-0.004403249534357973,0.016681161374709305,3.296026306500257E-20,-26537.76524971512,-36572.28999540793,265186.13807222375
158,-0.004589034211507129,0.015477120673438639,6.930994801098791E-20,29714.426711805107,-54897.65897918589,385065.8979115546
159,-0.004681926550081706,0.014875100322803305,4.6784983432103044E-20,-12248.36195585379,-35839.18384936704,318250.9405662824
160,-0.004531088774645433,0.017032770417224175,6.63108467209422E-20,-19724.408963012724,53603.41676641703,377260.44338309503
161,-0.004715009718376117,0.015822585810253576,9.970325223543833E-21,678.9579251505812,-10268.313420241278,147595.14472977386
162,-0.0048069701902414596,0.015217493506768277,5.141385448225134E-20,-2905.4350143602437,-32388.910910162132,334400.1981689096
163,-0.004878727727085693,0.01713089619876861,5.125675914343926E-21,3527.6993786878584,-1201.3641253420217,106017.58503122021
164,-0.004968824465532566,0.016519659989583376,3.2434890727732495E-20,-7808.333468260648,-45703.48507566295,262796.9195621804
165,-0.0051490179424263085,0.015297187571212912,4.437414501004967E-20,-15515.567136343003,-46563.2258376605,308246.9542547576
166,-0.005096663705820025,0.016871269032098242,6.057586905182372E-20,-27245.59797661817,-44348.622320777846,360953.4104172561
167,-0.0051858285775576605,0.016256960870063043,7.544365343169372E-20,-71853.12224222539,-10689.33455404856,400452.3213682823
168,-0.0054415070581325786,0.01696017895509277,7.209941153809234E-20,-40553.29180729126,29183.550328988345,394715.7897236384
169,-0.005528808196451744,0.016339726887357645,5.751273041507488E-20,-21345.439504673326,-326.1575737124429,354704.84897627326
170,-0.005616109334770911,0.01571927481962251,6.94151153200492E-20,-7107.4081872745355,52241.82492301298,386812.1256870542
171,-0.005656647436739205,0.01669133592987251,2.329369453549866E-20,30023.987274439354,-1079.9157355079274,224141.849077881
172,-0.005998695188924053,0.016771029994317146,1.1888419432816927E-20,13897.09812369401,-25084.96569215437,158993.98917986912
173,-0.006083200727115512,0.016141362068032114,5.566623815833073E-20,-29134.13253853255,-41892.03287656632,345851.8296370033
174,-0.006211039967402972,0.016492971110546976,3.3216253748616526E-20,17972.39740962964,-36396.32319827744,266982.7905661838
175,-0.0014118095951533179,0.015695323778497673,3.90874080818097E-20,-28014.680024605837,36211.87696955892,289347.04792160523
176,-0.0018428455064020718,0.016157632427651093,1.5986290644568173E-20,-3194.235015938805,-24166.204434832092,185753.31239172159
177,-0.0022738814176508255,0.016619941076804506,7.022320749539859E-20,56702.64364072311,33009.68568585549,387133.96605134336
178,-0.0027049173288995793,0.017082249725957926,5.197492949772303E-20,-40164.44179566071,21129.53193233275,334743.47704942786
179,-0.0031359532401483326,0.017544558375111336,4.8507088133108843E-20,-47719.14032625986,4852.257442975,322797.7849836146
180,-0.0014652095162826795,0.01602812067578666,4.60304443216165E-20,20682.930681068287,-4042.000612019874,317202.4473727739
181,-0.00189669852768007,0.016495029727951836,3.0212288184283214E-20,-6010.309532439152,32894.03200334361,255370.42742642574
182,-0.00232818753907746,0.016961938780117012,6.538674349926698E-20,10270.56750800631,60129.015780614944,373949.1123279658
183,-0.0011405203471440116,0.01622680541819946,7.524242695401711E-22,-4555.674352195089,5000.470786106022,40077.64127438153
184,-0.0015729155588386757,0.016702915276388158,5.1980447066855635E-20,-39403.489388159294,-33187.84223184902,333872.55214852054
185,-0.0020053107705333396,0.01717902513457685,4.6957486976524134E-20,6852.543644063881,27699.432649488717,319816.59148938925
186,-0.002437705982228004,0.01765513499276554,1.3928604952561347E-20,-20256.41350867534,-4436.153510941189,173639.78462158563
187,-0.0011943733684220096,0.01656420271850021,7.375957821093749E-20,-54911.316017637626,43588.51640628617,396265.7466511379
188,-0.0016272216802653105,0.017044912979700656,6.153229593217586E-20,-16062.203678158738,25465.92984616284,366319.3231460221
189,-0.0020600699921086113,0.017525623240901105,1.1562481239342362E-22,-210.09157708314524,1191.6268455856928,15886.931209989507
190,-0.001302985611275279,0.017248198125125215,2.8268810216244525E-20,-36811.31614726958,6769.034189756749,246301.29511781444
191,-0.0017367401234158538,0.017738109192349184,3.897475804524176E-20,-42105.41464659668,30891.239919076892,287825.25026865915
192,-9.235372205613401E-4,0.017100284761213752,7.975969388795294E-20,52654.167887700845,36749.76518485002,413512.0226518754
193,-0.0013577448328505508,0.017594796231449474,7.981810441046963E-20,-27662.16063407758,11235.2226205866,417554.8063616225
194,-5.979418511253986E-4,0.017289768697603035,4.4404375851961833E-20,5883.872422213364,30150.82089441546,310721.3100894601
195,-0.0010330556637118832,0.017793480973862276,7.589654096003435E-20,25772.708874847383,48443.517892401156,404502.80209964176
196,-6.527010727006706E-4,0.017636366803927297,3.3523184065828485E-20,-31745.02400613915,24543.989381436673,268311.8191553486
197,-0.01239869825043142,0.012787323581206204,2.272840126740931E-22,3485.4282491254066,-511.1896152829163,22059.038765879508
198,-0.011968526822415154,0.013190190127499722,2.3504692681288294E-20,16869.66868664582,22501.283917873872,225420.79567224951
199,-0.0115261362861566,0.013578167647320475,7.891237187509964E-20,-22988.599323009825,65502.439958480725,410409.3465667637
200,-0.011071526641655763,0.013951256140668465,5.639942790247138E-20,26387.208764965686,-24483.932927366237,350044.60173179803
201,-0.010125650027927247,0.014652766047946164,5.561262256305379E-20,16614.481497305307,-10671.222516642938,348869.0260242895
202,-0.012066759082117837,0.012843416428505035,4.4511158293912E-20,-24208.03811316857,13821.101788014732,311366.04998112534
203,-0.011630478099980425,0.013238838461562171,3.9565497571025194E-20,12656.20799425125,-19121.08516000913,293839.58751452813
204,-0.010721258810978756,0.013985015448258153,4.358382960801399E-21,6642.5260849469605,8827.878144662804,97195.37526918936
205,-0.010248320504114498,0.014335770401897003,3.4448127354965236E-20,26796.21740326924,30168.447009033298,272036.68801450654
206,-0.01183101565546656,0.012550254072397056,1.745208862518683E-20,23188.46569755665,-1491.4107609239459,194362.51156223676
207,-0.011394734673329148,0.01294567610545419,4.66007276647334E-20,-39055.39894528285,4370.621760112888,317441.5918701123
208,-0.010485515384327477,0.013691853092150172,2.487613403022359E-20,31885.856053090552,-21043.889835442722,230557.8554659532
209,-0.01001257707746322,0.014042608045789025,4.3186273042266806E-20,-5146.815039221989,-16067.674070168128,307461.18077020376
210,-0.011497039969112596,0.012603865415283758,7.478649379149402E-20,-63549.52222473493,26891.554921896008,399292.72734814486
211,-0.010600039788353208,0.01336493142845251,2.154237985039358E-20,7146.756861480012,19865.60549448306,216451.7983178468
212,-0.010133211035610093,0.013723130895327737,6.243673072531122E-21,2486.9824513154854,-20041.45799946426,115327.25646355172
213,-0.011263333060501696,0.012313184563587905,4.412429074516003E-22,-4734.443457922652,-3192.115212217486,30596.749783469262
214,-0.010820942524243145,0.012701162083408662,6.165776260984154E-20,31828.031499247172,10392.472690222821,366402.50226484734
215,-0.009899504126999192,0.013432450043631885,6.430362293142907E-20,10587.451252216362,-31351.316202861977,374280.5039247339
216,-0.010927320856107352,0.012364314402062482,2.0613654982512865E-20,-13891.306532953127,-8832.735152470252,212101.54274130802
217,-0.010478820765727656,0.012744847408646858,5.63647949634864E-20,-36566.95854516027,-6944.68067926524,349807.8931428847
218,-0.01069565046553683,0.012076115054778758,4.675464568081471E-21,-9905.874247152862,11317.278893067476,100194.57615778888
219,-0.010247150375157136,0.01245664806136313,4.425169758162836E-20,-1621.929857361952,-38805.68409297455,309269.6271623377
220,-0.009786431176535163,0.012822292041474743,7.703385615919177E-20,-21372.277950672353,-24652.387598566358,409958.5605563166
221,-0.010357601743102109,0.01212476338884121,2.3958476998410213E-21,-5753.581272395004,11003.627266020505,71456.22031525936
222,-0.010127967870571967,0.011839045545969611,3.8167323509751043E-20,-29828.37558760671,26476.530519516444,286717.66569896723
223,-0.009673358226071134,0.012212134039317602,3.79217082307508E-20,-30880.003336139296,-28705.943120694592,285448.5868660466
224,-0.009787882630096861,0.011885212375619932,9.855582763781197E-22,830.1153546920578,3769.3551723431847,46356.59267750181
225,-0.007116940540839709,0.013827903050512475,5.597261195170863E-20,-21168.636885369906,3820.9204762698187,349895.9438375952
226,-0.007736793309281198,0.014120626217069741,7.421712463295587E-21,-10847.478112340563,-539.7260248198277,127187.62513281663
227,-0.008356646077722688,0.014413349383627006,7.422993165520088E-20,-45063.253990479745,57749.04306177576,396999.7237783677
228,-0.00897649884616418,0.014706072550184274,4.143311962923975E-20,1320.3555153695033,-2714.748089170329,301593.7914185306
229,-0.009596351614605668,0.014998795716741536,9.561838256400777E-21,-16225.01898901387,12926.359450482758,143398.1713551332
230,-0.007323437928338057,0.01413530267388907,1.0143369785137873E-20,18050.457827395454,6462.781384095371,147995.1526387228
231,-0.007945469804747852,0.014432102664710119,6.383472376009199E-21,296.7084589185389,-5692.511513490454,118248.31138857754
232,-0.008567501681157648,0.014728902655531163,6.665459030814659E-20,-15010.587042248051,-65829.49823800239,376541.738051972
233,-0.009189533557567443,0.01502570264635221,5.2060294422732486E-20,-47106.0188027653,-15111.283619942604,334444.20852030796
234,-0.007114400826924958,0.014453301929821211,3.473632227235145E-20,10720.9979316021,30661.235582327427,274244.09396375733
235,-0.007740790919271366,0.01475825556916982,3.2317028658355426E-20,-38732.14362916437,11545.589591091848,263286.4402174448
236,-0.00836718101161777,0.01506320920851843,4.027296122914582E-20,-1301.881028789526,2466.4353807800635,297343.2052743059
237,-0.008993571103964178,0.015368162847867042,3.4619659001691237E-20,-3627.16806885601,-29133.005683011357,274129.2533100772
238,-0.0073230773223916116,0.014764778377461584,6.662413262818388E-20,-43539.14394170284,-21946.79039327236,379339.335631849
239,-0.007951646522706322,0.015073808841073972,4.268105547595421E-20,-6187.797251054899,-17241.66812299427,305568.733412071
240,-0.008580215723021034,0.015382839304686365,4.019003454948779E-20,9353.32507611034,17395.984934593762,296392.62217577273
241,-0.007111861113010208,0.015078700809129942,4.2366655639447446E-20,-2725.4949600411014,45870.64357252904,301506.21017977316
242,-0.0077447885292615285,0.015395884921269896,7.57075839193609E-20,25686.00381526259,6215.326666939241,406841.8138918303
243,-0.008377715945512851,0.01571306903340985,4.386963231200519E-20,-15672.771162498342,-43903.52798044728,306829.3026930851
244,-0.0073227167164451636,0.015394254081034097,1.133823790186772E-20,694.3797995751347,5072.848256866819,157693.73296947693
245,-0.007957823240664791,0.015715515017437832,2.685661939276032E-20,-28878.156559156596,25445.587536645766,239756.7083021351
246,-0.007109321399095454,0.015704099688438677,8.144970923042105E-21,-1530.2932727581601,12450.179601066558,133136.18381723572
247,-0.007748786139251692,0.01603351427336997,1.3502456307738396E-20,1477.6418886372414,-22752.327498857278,170661.35935389114
248,-0.007322356110498718,0.01602372978460661,6.353254920202554E-20,-19707.882200692173,11688.079720594867,372777.3666276105
249,0.00966559109282394,0.01496164306413252,1.8029428585357602E-20,26617.82155136192,-21350.90012751409,196009.99188163172
250,0.009154506610019418,0.014621854256230095,6.698650344641359E-20,25521.09160372335,43962.38777964047,380114.75849720807
251,0.008643422127214896,0.01428206544832767,3.155736595812784E-20,28554.22625834446,-26608.279357107695,260311.38715287487
252,0.008132337644410372,0.013942276640425244,1.2190294909109186E-20,-17730.121732272826,-18953.603534671303,161526.0226109781
253,0.007110168678801328,0.013262699024620399,1.1655479204142917E-20,8674.16114641217,-1317.9252680988209,159728.10173199236
254,0.009328900298731804,0.01495305826953794,7.473343346062689E-20,65521.34281484351,-17140.77279195825,399365.78657380556
255,0.008816302546504846,0.014610438333674555,2.365620327642674E-20,-20338.718116350163,-22231.82334652261,225898.55735334428
256,0.0077911070420509316,0.013925198461947789,7.645276816819054E-20,-45291.82378040674,4544.469115719272,407164.2629561848
257,0.007278509289823974,0.013582578526084408,5.118067384523047E-20,19664.323739532258,17072.43641156003,334201.83406021615
258,0.00916508992392962,0.015272846360290256,2.4851992299912285E-20,-10975.81980898584,31803.955904953338,231152.57640180038
259,0.008649465632857794,0.014924564168504949,6.503661466259174E-20,56026.907841734166,8240.641162310938,373608.457778009
260,0.0076182170507141395,0.014227999784934348,6.473575749377824E-20,56520.58254129812,-32651.103309118953,371307.1365753963
261,0.007102592759642311,0.013879717593149049,7.971809716722426E-20,-24453.005176823088,-14631.436440506093,417386.92386764265
262,0.008823859321570182,0.0152557681818128,4.906215583658483E-20,-15318.493654742855,20218.70596441297,327222.0784078842
263,0.007789584200581658,0.014553541542320279,1.0840137767057556E-20,1983.0989493699108,25561.950431142857,152126.87440649618
264,0.007272446640087395,0.014202428222574021,3.9063175861865905E-20,8405.155406658912,51592.68927159055,288153.0522909956
265,0.00865550913850069,0.015567062888682235,1.2192389882637986E-20,-24478.496517679363,-329.83190058585603,161770.04129738436
266,0.008135345039161562,0.015210287313014055,4.480152746558367E-20,47259.26838754825,-8573.351453677424,309929.74012544245
267,0.0070950168404832975,0.014496736161677699,6.135800512305628E-20,-21976.554823748218,-53396.82075382517,362463.1067883544
268,0.008309738727873946,0.015541491326321903,7.231471699353703E-20,41677.2986918403,53973.21900150454,392580.44813055586
269,0.007788061359112381,0.015181884622692763,1.451518817365751E-20,16654.189077756153,-314.81655522545157,177739.08021729894
270,0.008136848736537151,0.015844292649308457,3.128001040150689E-20,-6976.045026113349,-7494.936078253015,261861.75625043732
271,0.007612144828930719,0.015479023689757402,6.534878917515965E-20,1616.3031719602068,44213.327830444614,376188.9962959312
272,0.007087440921324281,0.015113754730206345,7.863254484006982E-21,5819.404215447213,5263.424143665475,131158.31678289894
273,0.007786538517643106,0.01581022770306525,1.359117939305837E-20,30585.125402323887,-8925.733287419898,169778.76082531808
274,0.007609108718039007,0.01610453564216893,6.966039600151136E-20,31322.701625695576,-62884.50414900373,384715.8605305855
275,0.007079865002165266,0.01573077329873499,7.751909001584588E-20,-20891.95667239308,64352.51522299547,406962.114017565
276,0.007254258690877652,0.01606197731204284,2.2746068943097204E-20,7527.000142085327,-32788.17290715466,220925.604262719
277,0.003217598596612548,0.017517508890776752,4.7350789238634456E-20,44146.62593448472,10043.875790835318,319234.35398473113
278,0.0029154388646506955,0.016995675949209012,2.6890001125236767E-20,19604.444888368438,2803.1924962118906,242168.95683464844
279,0.0026132791326888417,0.016473843007641265,3.786178126697817E-20,-11890.97969817969,-8437.173903973346,287948.51703108504
280,0.002311119400726989,0.01595201006607352,5.1455866136042567E-20,-21068.117964172292,-578.7699983742281,335453.44396010553
281,0.002008959668765136,0.01543017712450578,6.833112145169231E-20,-10901.733597018787,-8492.330102427533,387081.9456910495
282,0.0029231518597601235,0.017376623101877063,7.186335678472931E-20,-10350.115547562296,-22194.250886282585,396457.8517487611
283,0.0026206774749172736,0.016851595435995598,7.337985696598891E-20,-57117.55102309032,-32091.265583029926,395999.7464290544
284,0.0023182030900744236,0.01632656777011414,5.608528988452375E-20,41862.65942335119,15311.513223268214,348066.5822381869
285,0.002015728705231573,0.015801540104232674,6.578063567569684E-20,-10880.341721394323,64474.42239758896,374363.9832660664
286,0.002636103465136131,0.017613489741331718,4.3631877540558714E-20,-15483.600621253136,-48705.29350332155,305259.6111014228
287,0.0023329997745312856,0.01708207262682281,5.603794319940241E-20,-10627.9735978,-64197.91642878112,344672.2976850033
288,0.002029896083926441,0.0165506555123139,7.862597140113014E-20,-55801.85345165211,24984.68072370748,410959.845492084
289,0.0017267923933215962,0.016019238397804995,6.946162031620028E-20,58853.15279841474,-16293.464316462252,385715.2794229301
290,0.002340712769640714,0.017463019779490864,1.8635078718228175E-20,-1369.9951695542854,7941.4722359671805,202111.52739856896
291,0.0020372944261548725,0.016928407940668244,4.684469605761082E-20,40352.11639679188,12673.330792580913,317899.8665830515
292,0.0017338760826690308,0.016393796101845614,4.087727037430152E-20,-52794.14757345659,3212.1063160151893,294872.8575358523
293,0.0014304577391831893,0.01585918426302299,4.460550031627404E-20,21639.15773923255,-19520.58227494048,311582.5635940854
294,0.0017486727671258923,0.017149300958554284,1.709441848203442E-20,19579.92920355051,4439.091474401407,192687.20250331188
295,0.0014446251178780564,0.016608299671104217,3.27699028210562E-20,-6513.799965997149,-44860.32231965245,264372.1854446192
296,0.00114057746863022,0.016067298383654147,5.172497520306219E-20,38877.583894190706,29836.09755693015,333410.2465647284
297,0.0017563857622353211,0.01753024811122234,6.613825818112692E-20,-59963.76602171542,-14243.465660001602,376045.6985016141
298,0.001147661157977654,0.01644185608769476,3.488843303037428E-21,-9905.185164283757,-10174.824625862979,86361.15187198822
299,0.001467449450325344,0.01774794640479466,3.6302949790052255E-20,-27115.558339140476,-7474.466353885906,280915.1814530405
300,0.001162457842434516,0.017197360944403432,3.797817075454886E-20,20347.98847196558,22741.357721808643,287143.26906450005
301,8.574662345436879E-4,0.016646775484012197,1.6474062855058913E-20,11440.308524617716,-25275.981335646047,188147.9939792305
302,8.648645767721196E-4,0.017024527912366527,7.559461487062999E-20,-54932.942340299494,9089.285103366443,403572.0408697062
303,8.802905669909759E-4,0.01778642221770264,2.4131416728678096E-20,14381.622382920648,23588.289447687504,228512.9877082697
304,5.743550004571559E-4,0.017226252584370244,7.853158402375224E-20,19213.356999145984,2332.113077712131,414782.17581884493
305,5.820679955665843E-4,0.017607199737038302,4.0085604633325905E-21,-14628.565086331913,4108.284606383547,92574.69479728743
306,0.004708830812228637,0.015052219387020832,1.3488998540982492E-20,-3090.4147721617665,-6649.869805413703,171935.5487777616
307,0.004485946703174749,0.015641666837617467,2.2523589602458E-20,-12975.281382795669,15904.923762544442,221427.31683526846
308,0.004263062594120862,0.016231114288214107,6.068577639297018E-20,-42462.87643596221,-8561.030367767498,362438.14028751274
309,0.004040178485066975,0.016820561738810743,9.581863684487603E-21,20338.264771274065,50.431835924368066,143609.52813315258
310,0.003817294376013087,0.017410009189407376,3.258997537998382E-20,32619.490746862528,-36581.62570280922,262964.3453099416
311,0.004785800434631898,0.015378371993982906,6.263519997695904E-20,-14058.95219802178,-15934.000405782504,370224.62158445624
312,0.004342715992646721,0.016566114119384082,7.675027152170718E-20,6549.069428602822,14291.846058412262,410196.0135247909
313,0.0041211737716541335,0.01715998518208467,5.724244235378477E-20,26194.620140960757,20822.19255308711,352927.9185596475
314,0.005161281900431009,0.015436806145206473,1.4022693342621886E-20,9209.678290602555,-28721.115568247213,172851.4693655668
315,0.004942423455561018,0.016039524432114965,7.161474163587538E-20,4997.6720850832735,-61616.70163493884,391677.2914188803
316,0.0047235650106910295,0.016642242719023457,6.292965919185953E-20,42152.75076551661,2866.609148914864,369295.59982594167
317,0.005239593410895569,0.0157673823642725,5.223517577588372E-20,29870.796038995566,14364.494064168266,337024.64499516063
318,0.005022076854086879,0.016374524263284944,5.07210055452327E-20,55854.76660402986,-8761.698087159688,328881.86304566154
319,0.0048045602972781876,0.016981666162297383,4.910290737344095E-20,-35649.86178200313,-35531.29608733498,324459.28351589036
320,0.0056137329886333815,0.015821392903392115,6.951213086395571E-20,-8500.101263025383,18567.269633386873,390127.3506035914
321,0.005398900207947288,0.01643738202661246,3.013561369592384E-22,561.4018705317802,-3604.5509961504467,25462.34355653418
322,0.0056933863871592395,0.01615639273456209,5.551593234417432E-21,5170.319148682712,-6246.982283026462,110104.39063540536
323,0.005479895494534446,0.01677680546988639,2.133420352335405E-20,27316.990367731603,-6359.344589750896,214600.51593756687
324,0.006066184076835751,0.016205979661577753,2.824026045382362E-20,4247.967486870559,-29326.28258411547,247233.6196657773
325,0.005855376960333556,0.016835239621109954,1.5066168431467188E-20,8389.486717863729,16863.613774152444,180896.58465514297
326,0.00614717936342291,0.016545403104851687,4.976887304969423E-20,-12551.437998683592,42486.19390650777,327577.086328996
327,-0.015851552386554883,-0.0015757403399578975,6.379524842931579E-20,24365.565699691582,16955.26536840092,373073.15628279
328,-0.016277808280002786,-0.0019689460793286743,5.746167004991955E-20,-49966.66255351006,-36460.80952375064,349761.4920368884
329,-0.016704064173450696,-0.0023621518186994514,6.809823268624179E-21,-8330.795965985142,19227.79783175613,120466.239941085
330,-0.017130320066898602,-0.002755357558070229,7.70838525312536E-20,-11562.238707148394,-7028.109446284713,411165.6901905011
331,-0.016160314113373528,-0.00160392014650194,2.2028920375451697E-20,-7013.27828614662,-30323.46854788402,217707.64349852738
332,-0.016591170409833194,-0.001997578986021354,5.909267702117867E-20,30396.996736631885,-54452.68124524006,354754.87012793665
333,-0.017022026706292853,-0.0023912378255407673,3.162282195179376E-20,1470.384099090387,16658.76704262741,262962.7294446077
334,-0.017452883002752523,-0.002784896665060181,7.694288095568197E-21,18833.538463362023,10923.470918979714,128136.94527845066
335,-0.016787038373034337,-0.0016611859598872987,5.897157302060671E-20,-50105.72416586177,7981.973391903985,356230.13124074804
336,-0.017227095475517522,-0.0020557509997039857,1.906989686177302E-20,26339.924452803738,-25244.165891881483,201339.546576164
337,-0.017667152578000705,-0.0024503160395206733,6.972354485589046E-20,48155.815650839526,13145.709369633652,388057.62326928094
338,-0.016660343400381562,-0.0012952538267632903,6.370402530814203E-20,-20389.334266874248,62805.42365934548,368108.96777125885
339,-0.017549658411371443,-0.0020852901066939385,4.837231615213056E-21,2945.822477088935,-4734.951197114264,102903.97601943255
340,-0.016842410154547433,-9.575015001833252E-4,7.311415739656087E-20,-14854.272934611028,-22067.5496163219,399771.29078538605
341,-0.017296268466065887,-0.0013534258404459224,2.8326824870233265E-20,-6959.173991898207,-31635.712032392952,247271.8052322075
342,-0.017750126777584353,-0.0017493501807085193,5.722135656919197E-20,36696.26787371665,-20581.9672029032,351939.3549097983
343,-0.01761883140191981,-0.0013829649474358745,4.907515155206836E-20,-10406.100153495188,-6862.022920125846,328010.5168355382
344,-0.01733783903854371,-6.483820802960386E-4,6.6499128174961406E-21,-19730.575359623093,-9378.70196386968,118839.72504807309
345,-0.01780549855909744,-0.0010456657210045457,6.617248942674679E-20,9437.615245215946,-22968.40850397743,380351.7271821295
346,-0.017660401974397635,-6.779211872859912E-4,3.7852313844278766E-20,5804.075259700423,-42650.37732497011,285049.8232178803
347,-0.01635075051453457,0.007070803478131743,5.107170965542055E-20,-50186.25740526606,-19288.75190404537,330513.341071693
348,-0.016107494289439854,0.007607623113164493,5.426105832925687E-20,-51669.81796904044,29874.860175848382,339955.63093196746
349,-0.01584725129657938,0.008135363131662637,7.148010392526514E-20,-18016.45722346692,28360.863190711756,394725.4267232786
350,-0.015570021535953155,0.008654023533626175,1.1188531054142655E-20,-4917.2283604235245,12544.024573931974,156151.56323095367
351,-0.014964601711403442,0.00966410548794943,4.7874487517703473E-20,-9362.89960768996,-2925.317633617105,324058.56416584057
352,-0.016067894606584705,0.007251287481128607,1.3272522198810929E-20,20668.611383774874,-17098.89820483822,168584.5743467497
353,-0.015816144997607112,0.007783567307894052,2.6945161183959255E-20,-27594.69431758951,30653.20889532272,239704.01613182086
354,-0.015261685476354663,0.008820888111821126,2.17768413218785E-20,32350.044535019893,4199.742473353488,216212.1756516303
355,-0.014958975564079808,0.009325929088982754,2.2992508987554325E-20,-17932.40093067212,4966.720790586018,223907.7296634789
356,-0.015742607887818748,0.007073922582667148,7.862572724599614E-20,-53011.658028563106,33942.918219825966,410686.2331425546
357,-0.015490858278841153,0.007606202409432594,3.313995171923681E-20,-10692.893982750977,-37445.107536638745,266914.80283720256
358,-0.0149363987575887,0.00864352321335967,8.025902907715561E-21,3560.345229807138,-4394.003487506437,132624.24585233442
359,-0.014633688845313842,0.009148564190521298,5.692028865147275E-20,-28832.626215948058,-13320.943937408829,352082.05061247456
360,-0.015456920851907925,0.007252893316241576,3.815314333724432E-20,-14362.658108584967,-12797.242326172529,288784.6430194511
361,-0.014919448098421231,0.008299293736703257,6.623927027175436E-20,-5054.377876707746,-62003.45369832846,376245.527925616
362,-0.014625231570029252,0.00880887452213219,4.359387941997302E-20,-25312.99372718554,33563.77121864541,306503.9593172019
363,-0.01513446526110292,0.007077041687202553,1.2958185742829633E-20,-5281.658449928211,24549.000340134167,166792.1935892447
364,-0.014874222268242454,0.007604781705700696,6.369588506671914E-20,28465.708620216385,6529.046770494855,372818.53649355326
365,-0.014302775979224244,0.008633022893093166,1.3278168512587668E-20,-24477.728649077893,12214.790571091098,168535.92766700702
366,-0.014845947097231143,0.0072544991513545445,7.692991426992744E-20,-26330.758683776356,69994.40945299639,404116.07475869043
367,-0.014577210720487793,0.0077776993615853865,6.328304926040632E-20,-29949.268594129786,13278.402020515014,371304.3453240472
368,-0.014526322634387094,0.007080160791737956,6.1999085678090856E-21,17152.406146412286,-3148.380567416062,115360.37992769953
369,-0.01425758625764375,0.007603361001968795,2.6301914135841187E-20,-22410.493519407835,17411.283476550787,238624.06962268977
370,-0.013971863113134643,0.008117481595665032,2.3689646437321067E-21,-133.06469105234655,12107.111866123787,71095.37476510304
371,-0.014234973342554361,0.0072561049864675155,3.043034622162977E-20,5939.277152395845,34155.89434354304,256142.6369435143
372,-0.013918180007671274,0.007083279896273359,7.896800713033512E-21,20607.068228043405,2913.020820599752,130017.6458276312
373,-0.013640950247045047,0.007601940298236896,5.3304389088450274E-20,51041.41295485471,20145.256553633244,337669.4410747564
374,-0.013623999587877576,0.007257710821580483,4.826618702076819E-20,6234.729428873626,42272.314677022,322714.0276314723
375,-0.015248499768635728,0.004619355435436355,3.513948588932433E-20,10664.194023786642,-8402.266473201047,277426.9473818788
376,-0.015792651746552002,0.004417119490257611,6.568496393746697E-20,-5275.431395579346,-14308.67174082173,379448.4237047375
377,-0.016336803724468277,0.004214883545078868,2.5523021821968668E-20,-13459.733706747158,-4572.27063262017,236293.61669808754
378,-0.016880955702384556,0.0040126475999001255,5.563988322603899E-20,10041.338175590203,-52006.93651579251,345476.2149433779
379,-0.015544455393810896,0.004710090500423047,7.380305718843885E-20,49322.71533186033,-55120.246425592115,395684.52210947155
380,-0.016093030983831125,0.004509196443305603,7.125236861365322E-20,33466.04043210606,-26326.44017792651,393222.62932744785
381,-0.016641606573851348,0.0043083023861881595,2.013321819411973E-20,-35461.2801249604,1791.9641572724488,207225.77054679347
382,-0.017190182163871574,0.004107408329070717,5.423355239339864E-20,-11885.28424211885,53922.91071725711,340621.16473982565
383,-0.01614521386836914,0.004894244406519032,7.312828771161002E-20,-54772.46773650707,39535.40650085436,394959.06509692915
384,-0.01670263668259727,0.004696034125524186,3.025066323480466E-20,-21180.45559127835,-4.153628709407953,256842.0496231709
385,-0.0172600594968254,0.004497823844529342,4.404332330458205E-20,7890.062303248183,49632.2569094874,306876.3710279684
386,-0.015888170291420128,0.0051845316405618675,5.870483193880806E-20,14115.940433506303,-60359.81442823239,353618.43271588464
387,-0.01701186314408429,0.004790794854694777,5.260894767383778E-20,18337.995388699703,-30448.319744916524,337996.2442536369
388,-0.015927082339646285,0.005565553939591398,5.007895718563186E-20,43989.459820337215,-25930.029555431007,327631.9948776076
389,-0.016497775990186272,0.00537136932278045,9.648506276197933E-21,-16664.545318266075,18211.950220174862,143437.3668719732
390,-0.017068469640726263,0.005177184705969505,3.151986672697388E-20,-5711.239554347998,201.81087059267688,263002.6098236364
391,-0.01680700245167329,0.00546613005195104,7.726346135373309E-20,-43957.16766608108,45290.30024663388,407002.6996302887
392,-0.01626637362515156,0.006038653191668918,2.9048850038781243E-20,42905.03950098486,6993.0634001960325,248773.15144166534
393,-0.0168503381120034,0.005848494239041869,4.68193476571811E-21,4219.343443868285,5745.855912767924,101136.28454330214
394,-0.016575600086638585,0.006133413920839508,2.726003023471382E-20,-6339.188518079886,25093.48983807723,243270.50685603838
395,-0.017812698170983153,2.765855353168395E-4,7.255411473114835E-21,13873.450132318556,394.40550355659377,125446.81271977742
396,-0.017793390703957506,8.656323359371942E-4,6.546247135713032E-21,-7065.641877582382,-6698.283586152125,119489.51294931858
397,-0.017754914891049526,0.0014527912192715648,4.579765311431708E-21,-13023.676619551843,1739.869815968532,99410.28908764769
398,-0.017697270732259213,0.002038062185319951,3.688334590059797E-20,15141.139763159434,-40388.37769178191,281279.6922575252
399,-0.01752447737703161,0.003202940365558769,3.644372902005503E-20,43792.45602406059,-27128.714180033363,278136.2971056524
400,-0.01762113670954802,5.527515334590136E-4,5.2123622335754586E-20,-23235.37528613853,32904.91943614007,335881.94166744093
401,-0.017592245069581208,0.0011408543754363762,4.238160355697804E-20,-30102.215142534784,24739.53812112739,302542.8392783189
402,-0.017476956752000585,0.0023113963075331477,5.2791252514327416E-20,25274.48504006054,-38842.170977445254,337279.6851440311
403,-0.017390560074386788,0.002893835397652558,6.808209983940391E-20,873.7242328520147,-10490.265727496257,386478.79113754514
404,-0.017254126529389683,5.157220762420099E-4,6.341709398685041E-20,27775.8801935732,-26658.990988922324,371149.95599433186
405,-0.017225234889422864,0.0011038249182193725,4.9676559440289285E-20,6088.40851091858,-8954.788156673743,330074.882552335
406,-0.01710994657184225,0.002274366850316144,5.270556234300494E-20,11321.216828704233,-37217.23131530516,337940.3378137135
407,-0.01702354989422845,0.002856805940435554,1.3636529591627401E-21,8117.571699418724,4914.653909591733,53887.87717464291
408,-0.017059370343640832,7.915734215031868E-4,2.969531063382012E-21,-4867.1935409509015,-11565.17653631614,79763.87444509701
409,-0.016963250371942545,0.001964003270885943,4.417799098948949E-20,-37796.492841892155,5452.738579831293,309089.1157454446
410,-0.01688643786726991,0.0025473863196483447,3.853585625004616E-20,13157.39563368927,34543.40643317241,288514.33427136514
411,-0.016695554887796216,7.548586171671804E-4,1.127910269089377E-20,-1406.0561171134116,-8539.839209336908,157126.6685304874
412,-0.016657079074888236,0.001342017500501551,1.92222930368169E-20,35938.874630706785,2896.402639794606,202245.573793116
413,-0.01652262241142529,0.002510671515312339,5.169911731829421E-20,52971.68082356496,5476.6033442918115,332672.9441361117
414,-0.016497603977733637,0.0010303953095473599,7.194139992090869E-20,-1346.7555506965664,-10916.144336673535,397276.865879286
415,-0.016449543991884488,0.0016166102342387383,6.78069814767954E-20,3582.595766551847,-32798.81440728234,384426.8935218329
416,-0.01613698324620274,9.939951580923507E-4,3.744541882087555E-20,-4320.95085735715,20097.338794852694,285989.890919479
417,-0.016088923260353598,0.0015802100827837287,4.2532315346542004E-20,44963.330956618825,10692.941724526956,302068.2216648377
418,-0.016021694928622127,0.002164537090189123,4.204887155680534E-20,-26590.455832293086,6479.251808394644,302606.6753322426
419,-0.015935837611826445,0.0012692171975915328,7.059821928078571E-20,-11296.045320294832,-66557.63588013493,387870.2977383927
420,-0.015578411604609266,0.001233131699017521,7.40305531149861E-20,-15502.509488434847,-41887.39724041086,400676.6846959424
421,-0.01552076744581896,0.001818402665065907,5.882267675407288E-20,-52690.958827893286,23327.379593363723,354720.7230831703
422,-0.01537407124591925,0.0015080390856357056,2.8504992407599025E-20,-31948.795854845925,20661.17042508614,247257.2703869301
423,-0.0096682296698986,-0.014968950099384848,3.3180745352348546E-20,-40863.559863040806,-20366.760203265887,266016.75601239916
424,-0.009165060918318044,-0.014651082397239433,3.5769870091217425E-20,-18548.785802765364,22444.03526128698,278722.57325857755
425,-0.008661892166737484,-0.014333214695094012,4.081247986041024E-20,5207.190663367274,17328.435712363367,298794.0802722819
426,-0.007655554663576367,-0.013697479290803177,3.059679201411387E-20,-14055.151401932291,-11990.32113575651,258524.8018640168
427,-0.007152385911995807,-0.01337961158865776,6.460108544811434E-20,-4232.905715528516,-19010.536063305386,376104.59391570516
428,-0.00933417745288112,-0.014967672340042612,6.931223240192418E-20,57612.33905442911,18377.300380021814,385383.6459118012
429,-0.008324813410875135,-0.014326274679829854,4.081443237731336E-20,2031.3120763992704,23177.31228632343,298443.06775135203
430,-0.007820131389872139,-0.014005575849723477,7.423036636122419E-20,-22348.167867892156,-58020.25815371322,398885.4383979574
431,-0.007315449368869146,-0.013684877019617098,6.250382707183665E-20,-11007.690615749507,-26696.85433071512,369317.6032594339
432,-0.008660019941156415,-0.014953792309514291,7.541496654945741E-20,-16625.53741282495,-42408.27855097304,404352.99084104673
433,-0.008152311381308553,-0.014627431223485995,6.470515867958533E-20,237.79461154615873,-49366.82773858682,373664.742132952
434,-0.007644602821460691,-0.014301070137457697,5.89303788276117E-20,16385.40807255913,-29507.768639232905,358112.5084134379
435,-0.008829136475719491,-0.01527038225231747,3.4591481100023474E-21,-5765.069700469671,-12447.51699299175,86061.10984657062
436,-0.008319914646449197,-0.014941190038328217,5.630807551714099E-20,35011.32174746659,-10727.255499076473,349693.490130416
437,-0.007810692817178899,-0.014611997824338956,5.542042946325102E-20,-19536.090422126526,-19478.324468794908,347730.4745086046
438,-0.008658147715575347,-0.015574369923934569,5.5717563396149E-20,-27275.009532010437,-9282.545200339446,348568.24677049054
439,-0.008145899347460184,-0.015239515454023394,2.220375446870788E-20,1244.9937190272285,36445.410021388714,217759.85293020876
440,-0.007633650979345018,-0.01490466098411222,3.224657676482479E-20,-35096.04751203389,17845.873775510612,263150.7967173365
441,-0.008315015882023259,-0.015556105396826572,7.91234411941023E-20,-59543.58239718893,23946.728691478613,411824.48017043155
442,-0.007801254244485657,-0.01521841979895444,8.613468574184923E-21,-3752.1537106627493,-21171.844718253775,135826.6200580507
443,-0.007287492606948057,-0.014880734201082303,2.2730283398239562E-20,13987.706278220126,37740.68592172892,219738.86688152203
444,-0.007622699137229341,-0.01550825183076674,3.567442454558318E-20,-32652.689152771803,-4900.409353346516,277910.5950420179
445,-0.007105910960846872,-0.015164903976972687,7.405386724613595E-20,11145.011048753928,23186.92986067188,402400.33478839265
446,-0.007791815671792418,-0.01582484177356992,3.739993273042976E-20,32321.28654398391,-20349.13628854886,283996.7819023534
447,-0.007611747295113665,-0.016111842677421263,3.538196739018731E-20,-36813.36569344361,22531.364707334636,275353.4540307388
448,-0.007090419310463892,-0.015760001439744327,3.4299421875462753E-20,30473.675901430717,-31477.79042123657,270898.7776149571
449,-0.007259535845026968,-0.01607659138254751,2.3410981268391914E-20,5276.609672643426,33629.13608603481,224144.86479513324
450,-0.004748399558082946,-0.014898224218292502,3.33011625259048E-20,19232.737904924496,10958.034672416854,269488.31770398456
451,-0.004516384199985756,-0.015523209015518749,4.2899146557444574E-20,-8588.669021452604,-18465.841885936974,306221.95999189443
452,-0.004284368841888566,-0.016148193812745,1.2950304895574196E-21,6176.042621819457,-3590.8299068055494,52841.757150816484
453,-0.004052353483791376,-0.016773178609971254,6.876703047703843E-20,19495.397368326696,-55152.9534190628,384133.4844737347
454,-0.003820338125694186,-0.0173981634071975,3.0600321487608237E-20,14681.969092734209,-12832.141877650483,258464.52995951418
455,-0.004819281681124007,-0.015248068389674319,6.310439182274942E-20,9867.04263531045,-5495.65055686983,372048.897962209
456,-0.004588608211088116,-0.01587747679900452,7.817555346206199E-20,-26687.004840401,-56781.5273090741,409512.9188437669
457,-0.004357934741052225,-0.016506885208334723,3.623636363629121E-20,-20785.84150248413,-15766.525325840123,280851.62192308437
458,-0.0041272612710163345,-0.017136293617664927,2.6888206083593525E-20,-22772.60520423543,-207.65111143907865,241899.60740093206
459,-0.005191719397242018,-0.015318348323107757,7.364507168856562E-20,43365.03076093208,39716.26241664327,397784.4179989018
460,-0.004963729703328726,-0.01595660395664586,8.005854970568796E-20,9096.036863581403,-42300.33131578586,417012.3392096094
461,-0.004735740009415433,-0.01659485959018397,3.3709224059535604E-20,47585.77546572171,6427.527074144227,267776.2584178415
462,-0.005263943408344378,-0.015672616106593526,1.4701658056090168E-20,7499.435023569213,-31254.22319034904,176762.48273662647
463,-0.005037295602492385,-0.016315295352235585,4.8690795562902063E-20,18386.314472708764,-55409.031605343574,321705.1279716022
464,-0.004810647796640391,-0.016957974597877644,3.7029319610184355E-20,-31220.048007302237,2097.9249857234886,283408.0771473356
465,-0.00563503923640109,-0.01573847242792301,5.288277101771662E-20,49252.96252673564,9621.333791538178,337027.6063643623
466,-0.005411075206671695,-0.016389998897772973,4.8750775107637205E-20,-15258.848110576278,-10104.816152042986,326648.36460777774
467,-0.0051871111769423,-0.017041525367622934,3.891672358680665E-20,-11608.502506038829,-11602.060387149413,291845.38288780797
468,-0.005708605135564748,-0.01609716382351273,6.143142108730626E-20,-17813.86902614267,-8749.736292103004,366716.4961941408
469,-0.005485982993896652,-0.016753113905466643,1.6962535793460532E-20,-24839.165147057494,-6131.741865284559,191278.07373714738
470,-0.006078359075560162,-0.016158596532738264,6.167337282710054E-20,10673.322042644695,-24898.35570715134,366977.17305621
471,-0.005858420710014664,-0.01682339383890008,7.074152186173372E-20,70446.98578534284,-9438.6206399073,387638.5526498845
472,-0.006153266862785119,-0.01652171154043194,3.491598954785902E-20,31443.933314449456,12235.668073686478,274810.6758906576
473,-0.0032036162665130944,-0.017522629412537884,5.3722177265777104E-20,1507.6235796737767,-45753.46585505782,340372.33167425345
474,-0.002859509544252882,-0.017016158036253524,3.850724362661229E-21,12468.724013551157,8266.189523794494,90722.72540680354
475,-0.002515402821992669,-0.01650968665996916,7.524104215408108E-20,39108.90496550235,24301.551808832766,403824.5699768458
476,-0.0021712960997324567,-0.0160032152836848,7.655841331855576E-20,75456.89946084784,2729.0913169911373,402970.8354833828
477,-0.0014830826552120317,-0.014990272531116072,4.856246857533258E-20,-52809.306831033035,-24736.09498734705,321278.63778758416
478,-0.0028951871995612183,-0.01738686414539932,5.172643607222303E-21,-9090.143326600677,-1962.5139507605102,106161.44989039541
479,-0.0025507658244200084,-0.01687719804480124,6.707157234375267E-20,-3565.596201612219,-66587.06635976974,377904.04593435384
480,-0.001861923074137588,-0.015857865843605077,9.72358838001898E-21,10923.548095723532,-203.75541385424143,145702.2326281498
481,-0.0015175016989963784,-0.015348199743006991,5.063363752169361E-20,48559.74149694789,-17893.165071248848,329377.85114485555
482,-0.002622121135036682,-0.017618610263092846,5.488786198800219E-20,13102.815387758039,7089.831925882947,346823.1934522724
483,-0.002277070454133477,-0.017102554713867322,3.274936538978262E-20,12940.311811827285,45957.474720459286,263861.5142840663
484,-0.0015869690923270656,-0.01607044361541627,3.462418022455546E-20,-31448.42171995703,13249.499937022121,273594.79148298444
485,-0.0012419184114238608,-0.015554388066190748,8.293985418027564E-21,11236.565937895648,11558.290573426573,133977.2541544907
486,-0.002312748109441814,-0.01747326082301312,5.623709614524811E-20,-37314.522465684844,50678.3604469596,345702.03400176734
487,-0.001622017441873408,-0.016434760275934632,6.092631904168316E-20,54740.124718202635,-12010.2447627964,361421.063012024
488,-0.0012766521080892052,-0.015915510002395387,5.855968563946949E-20,-3405.1310066123756,56127.542518047536,354129.9103509021
489,-0.0020387380862742846,-0.017695422767765485,1.0431591701431487E-20,-3431.7872099186866,-11889.931299742366,150830.38872119537
490,-0.0016927434467280862,-0.0171697830455988,2.0102153597610096E-20,-11018.374358156661,33714.530567922084,207067.51534838846
491,-0.0010007541676356894,-0.01611850360126542,3.502708797374879E-20,41352.946491916104,-16276.789590086886,273730.2696943874
492,-0.0017284211020364229,-0.01754048915474459,8.858773656991956E-21,3668.398467822321,18110.652177005526,138232.84704601063
493,-0.001382111809609227,-0.017011654708264188,6.311615368029351E-20,5486.218483117116,38588.6859285471,370208.8349452384
494,-0.0014534671202259006,-0.017753066926555785,5.405789539233635E-20,33505.080660461,-35044.99814727828,341079.6313410919
495,-0.0011065285220367093,-0.01721784303144794,2.2330379911142005E-21,-6254.850349865202,-3153.764145228051,69668.14652437728
496,-7.595899238475179E-4,-0.016682619136340088,6.019970216974128E-20,-22462.928794707615,41407.923965587004,360487.72673127847
497,-0.0011422061773450462,-0.01758854914059374,1.5850805546092937E-20,-8835.188440489308,-20664.012620270543,185191.73080250568
498,-8.663082368915305E-4,-0.01779154273946377,5.82934810724021E-22,-1350.936394697569,1306.2818054457146,35725.680259819084
499,-5.184256800593461E-4,-0.017246734671414753,6.129233767205849E-20,3068.5796754214225,-62060.687099617484,361536.4062803951
500,-5.541033353676829E-4,-0.017617440780560555,2.2487829053712013E-20,-12120.928724905316,37718.287453912206,218639.6154516893
501,-0.014666492320119514,-0.010116817815392679,5.1467691153712874E-20,-3080.340226592441,-6850.848057671616,336069.56612540607
502,-0.01409751313448247,-0.00997724822732488,2.0633285738524794E-20,-28218.04547439267,-22737.44179060666,209732.92712665786
503,-0.013528533948845425,-0.00983767863925708,3.31919052995571E-20,2598.985144124785,-12401.856299761219,269654.39216776734
504,-0.012390575577571337,-0.009558539463121485,7.741949156596983E-20,-53557.033872468724,41607.72360079498,406666.5122262978
505,-0.011821596391934294,-0.009418969875053688,1.4767261119023087E-20,-15161.687963413191,17977.789255572276,178518.90527546173
506,-0.014363222946243717,-0.010230656079045337,4.3670422943953015E-20,-33888.8251559634,-21364.589821775688,307042.5170670055
507,-0.013220301566145377,-0.009947443866828982,2.0536355142784077E-20,-246.9634491697732,-23112.124809044293,211078.4311688733
508,-0.012648840876096204,-0.009805837760720802,3.1648222901700393E-20,17315.243181535094,-285.5358577406325,263030.3084318834
509,-0.012077380186047034,-0.009664231654612625,3.202786351201126E-20,-33914.1505521897,22604.296152038245,262025.25259031096
510,-0.013746758180843621,-0.01045018653418914,7.486394701335388E-20,-3292.0008244031405,65877.34270821948,400019.71091754653
511,-0.013170334481970195,-0.010304507392000197,2.2522531135088406E-20,9826.231846781446,-20051.56367542775,221247.45696105497
512,-0.012593910783096768,-0.010158828249811262,6.86775552635553E-20,-57077.5624416306,-29332.451949845257,382969.66726327204
513,-0.014012467992604869,-0.010703594385909598,2.0545570460233883E-20,-2330.173942555776,23358.795419816488,211086.4868994615
514,-0.013433562789319321,-0.010555878725680281,4.7637029655524355E-20,-59575.549233317266,-6416.354796803881,317802.472921898
515,-0.012854657586033769,-0.010408163065450959,5.829345147593218E-20,-47646.63355223232,-9728.079788397004,354429.8606526819
516,-0.013964982412841814,-0.011062694429121198,7.27969913133991E-20,45301.65040975183,-40779.821454191784,395111.54041367216
517,-0.01338111420073201,-0.010910905732811116,2.33158990351687E-20,-32046.199351261617,14974.155862947915,223472.0141417276
518,-0.012797245988622205,-0.010759117036501037,6.178169011364354E-20,59564.91923899335,-22875.73430831184,362729.41550607793
519,-0.01364682401249326,-0.011164313584531575,3.976789728110634E-20,-14282.513572165279,42511.44973937051,292062.76858019613
520,-0.013060474295971325,-0.011010488370181112,2.676289741644303E-20,-21662.260229115007,23467.792122589497,240289.29285726242
521,-0.012474124579449394,-0.010856663155830653,3.3094297952194695E-20,31159.683334937297,-33856.954256605684,265598.4419874924
522,-0.013000581194147634,-0.01135940582319081,5.049732273026411E-20,-33821.24463218787,-14135.895198031723,330945.61306065216
523,-0.01240926846880145,-0.011201507572759587,6.452402655198772E-20,-3109.78805337461,61192.84615277907,371363.11474858405
524,-0.013266291005908886,-0.011612813674911269,4.755754216438464E-20,-11382.608345594179,31648.675069293688,321376.8932683845
525,-0.013203916399673069,-0.011959694609880583,1.960191722738408E-20,-8798.222337837911,-33854.35279156979,204482.8033558808
526,-0.0126051591610905,-0.01179568680532822,3.8504716717793544E-20,464.20896218138165,-36020.92882781718,288514.80782035773
527,-0.01287086897285175,-0.012049094657048679,6.833089055199855E-20,-46525.13768631777,-42941.17842931601,382118.25390703254
528,-0.010152842431401401,-0.012294241037070563,5.706341497599672E-20,-64496.53026668927,2620.5507781281644,348020.2683942885
529,-0.0101627542057052,-0.012880314643997994,6.155480699145158E-20,-25678.253124743147,-48195.38643381051,363543.1340372077
530,-0.010172665980008998,-0.013466388250925429,5.214385791452062E-21,5810.345115933267,-5687.2100938607155,106687.75789473759
531,-0.010182577754312798,-0.014052461857852864,7.988421278589796E-20,-55576.53916857849,42530.849717212615,412905.5095769676
532,-0.010342271667396985,-0.012536912499800807,3.110854224550598E-20,9550.572660824011,9805.622076584215,260983.88942658616
533,-0.010355116027678933,-0.013126559473081705,3.424121761515291E-20,42810.657615624354,-22185.4408959,269912.7788971365
534,-0.010367960387960878,-0.013716206446362601,6.929983593624244E-20,23653.994516640876,56929.475841666055,385162.00199429796
535,-0.010380804748242824,-0.014305853419643497,6.819646651845544E-21,-4123.311869944225,358.9019796847427,122293.3458007764
536,-0.010726995311344445,-0.013029402157968226,1.0500473848574719E-20,-3124.113654820919,-16782.84397702915,150873.3348528105
537,-0.010745704843582688,-0.013626195863956053,5.481698620375401E-20,-47516.20309686884,-36510.88120815375,341704.3060915746
538,-0.01076441437582093,-0.014222989569943877,3.764843205948094E-20,36563.332384208996,-22624.664149870285,284270.5777364314
539,-0.010900647601079934,-0.012678853281064112,5.384425911482374E-20,-56256.65690435076,17294.409609964187,338752.2745528667
540,-0.010943931837512714,-0.013879587425746688,7.973796197149058E-21,2252.6898733314347,-3413.2466112378393,132249.9406359621
541,-0.011263729126811005,-0.012570975866890247,3.708900364676162E-20,42669.58133315572,-28332.671928640375,280725.5524900962
542,-0.01129123641698369,-0.013178489671938456,1.7980060823425433E-20,-22566.745006601523,16346.403956566011,196721.718717172
543,-0.011318743707156376,-0.013786003476986674,7.548729717337281E-20,-44034.790643074484,61377.18204579673,400035.9918094366
544,-0.011489463410913713,-0.013431881233729097,4.330444702380262E-20,-50047.5514119338,-27080.708529016178,303048.4622130438
545,-0.011819172474515808,-0.012709343281800088,7.003189984955882E-20,-26297.80529941743,61220.10752189196,386416.923189342
546,-0.011855477522622932,-0.01332757718590869,7.973054182162645E-20,-16685.97218208984,23828.96106307682,417378.6700180973
547,-0.01201739946844583,-0.012962734843590725,7.947292514258943E-20,-43106.49873114666,10907.864634893262,415341.3510496965
548,0.007190259425487086,-0.013802885694561036,6.370798531581686E-20,50509.33563047167,-32702.28297911733,369123.9905501642
549,0.007793192451317647,-0.01410138209710709,5.737631184708703E-20,-29497.317940140983,-32868.0618744889,352166.6526711505
550,0.008396125477148205,-0.014399878499653148,9.351949616148544E-21,3789.393806679228,18691.352430056748,142017.0166539507
551,0.008999058502978769,-0.014698374902199206,6.784762254640184E-20,24002.93956990137,-29353.76515020305,384088.6328177873
552,0.009601991528809329,-0.014996871304745262,5.59911224026202E-21,-9996.214866363925,-11263.7949590996,109846.55748915717
553,0.0073854769845781475,-0.014114134141930156,7.193219796909876E-21,21158.22239162117,-7558.024921676135,123645.43150922116
554,0.007990589118377014,-0.014416707368739996,2.9685650519210196E-20,-22015.853421432017,34002.037657004796,252061.714963914
555,0.008595701252175878,-0.014719280595549835,1.9491776105610887E-20,-26490.4734914017,19471.71809921412,204240.13047542056
556,0.009200813385974747,-0.015021853822359675,1.2090761886323025E-20,-16139.49423726102,20338.06450600965,160846.52202341147
557,0.007170799968961402,-0.014434057809858564,4.505326079145695E-20,-49919.756011762394,24856.712859130796,309525.8238625144
558,0.00778027031869688,-0.014744784685195965,4.9623738478744E-20,2251.8556217736814,45527.826633272896,326914.14922095044
559,0.00838974066843236,-0.015055511560533365,2.1390451724630066E-20,29019.351560485582,21002.388059460758,213729.53137481914
560,0.008999211018167835,-0.015366238435870769,4.4763443452264E-20,10266.216678612793,-24260.57335536757,312387.25841812993
561,0.007368196636020769,-0.014749383081491468,4.149959150599275E-20,-21975.715557792522,-22969.11869786816,300172.2122676477
562,0.007979846093724553,-0.015064186781092651,3.659906887888817E-20,-14128.674513936345,28993.695532679078,281628.0285068074
563,0.008591495551428335,-0.015378990480693832,5.276320549832502E-20,9118.86495513683,47887.38172251963,336848.87809381704
564,0.007151340512435719,-0.015065229925156094,5.9724610188959E-21,7988.3228269986175,-273.4871466444121,114231.68050648562
565,0.007767348186076111,-0.015388187273284837,2.4668554323937726E-20,-27212.1514133821,14024.302003386676,230702.29054854362
566,0.008383355859716507,-0.015711144621413584,5.852196537935934E-20,-41893.27386669268,-11686.564113863458,355802.54509103217
567,0.00735091628746339,-0.015384632021052776,2.2628629205900164E-20,6318.822696906538,-26113.140198687764,221269.4642394063
568,0.00796910306907209,-0.015711666193445304,5.227717686625403E-20,-6059.899367368696,51053.17059379887,334863.07752762234
569,0.0071318810559100315,-0.015696402040453618,1.6437545108967153E-20,-21128.155993337627,3476.1972905851594,188761.13095788745
570,0.007754426053455343,-0.016031589861373707,3.8936449413606787E-20,21218.118445999135,-24585.546374453228,290571.4090361483
571,0.007333635938906012,-0.016019880960614085,6.255190099574938E-20,32904.66347877829,51126.26407000857,365565.7526636042
572,0.0013300465012864831,-0.015540567930776029,4.811598805301675E-20,7502.198712384493,-12218.231290075939,324707.2973039678
573,0.0017799508188122,-0.016038589467865207,6.127699429531284E-20,-2442.3027953021497,58904.7265670226,362022.23632920114
574,0.0022298551363379164,-0.016536611004954387,5.966493928187957E-20,-26394.015973584064,16166.63339482278,360608.5226347328
575,0.002679759453863634,-0.017034632542043567,7.185253883417632E-20,27658.747662332484,-7935.855862580668,396139.8775640972
576,0.0031296637713893504,-0.017532654079132747,4.694534291520525E-20,-45400.59747694691,-12181.156506339299,317585.59573629184
577,0.0013960253599338195,-0.01589717342002219,4.4636623161155325E-20,28911.911065928172,-23556.68349703707,310822.3215300636
578,0.001846382777608173,-0.016399795360123127,1.2423641475275226E-20,5836.811675072377,-29828.064841731717,162335.42899449865
579,0.0022967401952825265,-0.016902417300224064,7.24944893050272E-20,-37401.08993622677,22597.93509380381,396553.5292459961
580,0.0027470976129568806,-0.017405039240325004,1.756263421105848E-20,-15042.682536080094,27755.534527415915,193811.17111672062
581,0.0010776256595541383,-0.01610776245841358,3.4147137080751136E-20,32061.135323846982,14624.450116563992,271531.7777786894
582,0.0015288892775257655,-0.01661958520453804,4.4935523782908086E-20,6904.947302028228,-17536.46616225278,313532.0912262701
583,0.0019801528954973926,-0.01713140795066249,6.721313051191236E-20,-16944.372161055253,39529.583941532575,381731.7312808386
584,0.0011440576183501113,-0.016468968350671503,4.330092046272684E-20,15044.805340638995,-7255.41819937489,307879.4612251621
585,0.001595774336470375,-0.01698539149980772,1.9482907224287133E-20,25085.9118108491,25156.06661598747,203748.18109898557
586,0.0020474910545906387,-0.01750181464894393,4.9365589220676525E-20,59426.6590276546,10890.05754417018,323626.0467409909
587,8.252048178217935E-4,-0.016674956986051134,3.419925484276545E-20,-8595.378066973755,-38066.43896813226,271224.6105205376
588,0.0012778277362393306,-0.017200580941210863,1.150521369156257E-20,11185.370700348514,-1780.312104136738,158530.27759539668
589,0.0017304506546568681,-0.017726204896370595,9.581608588105407E-21,7896.0357492983685,18577.072828494387,143629.13710905667
590,8.920898767664031E-4,-0.01704076328132081,1.8675051679011854E-21,6668.399819651151,-4625.565269503969,63516.26086672821
591,0.0013451658953325767,-0.0175709876394923,9.795894382190265E-21,20917.596710503294,2245.2165753030845,145136.72760382475
592,5.727839760894483E-4,-0.017242151513688683,2.895589927090452E-20,-3700.1227334093082,-2240.0901649830103,252101.2506397737
593,0.0010267661949528955,-0.017781576677883687,2.9952269389628006E-21,-1787.0783528088014,4416.902893664442,80953.27123297022
594,6.401221351826951E-4,-0.017612558211970122,1.2073279597884991E-20,-4708.065388096758,-5985.8483085693615,162632.54452034348
595,0.0037442271535839708,-0.017415056611107965,1.709369513171542E-20,-21538.637579144415,9450.138227505593,192293.0862602669
596,0.0038634101603610763,-0.01681631534788381,2.3502006707186548E-21,-3452.6393275028054,8171.457688879733,71282.9693682411
597,0.003982593167138182,-0.016217574084659663,2.997855752520599E-20,367.27650977445063,-28057.841436286122,255013.04862201517
598,0.004101776173915287,-0.01561883282143551,3.262708911711712E-20,-2765.6961285413176,-15809.775484733165,267163.582625541
599,0.004340142187469497,-0.014421350294987215,5.353280215922327E-20,30597.383433775223,-37685.64339367172,339377.0612194956
600,0.003975586021931987,-0.01717188223782449,3.8654605867179054E-20,-24237.033621776467,5880.348447469917,290250.9116607436
601,0.004093837161999858,-0.016570069021750372,7.547427523037924E-20,-45655.40686861392,16300.14818602405,404173.6197581818
602,0.004330339442135598,-0.01536644258960214,1.4698279319935933E-20,25893.850470799374,19238.773591024288,176720.12694567593
603,0.004448590582203468,-0.014764629373528026,4.14876477246155E-20,-280.20533858005547,-19915.508906049414,301149.36580278596
604,0.004318188885141683,-0.01728120280163173,6.364315925467607E-20,68040.35485191479,10939.26140390487,367398.51335226814
605,0.004434576291791082,-0.016673245679857684,4.566784110812673E-22,2134.056298536347,-4249.030601705125,31305.693379858156
606,0.004667351105089879,-0.01545733143630958,3.999390260033761E-20,13350.939398744662,-41173.80248563559,293145.94886969565
607,0.004783738511739277,-0.014849374314535533,5.937524198156061E-20,43396.290150569395,-43832.482061895316,355747.0254723491
608,0.0045467521533619935,-0.017028812569798362,6.440731060590817E-20,53975.48070143972,41348.99090350424,369845.17427209625
609,0.00477766323324232,-0.01580675442055033,5.678161946086139E-20,-5838.325643264507,-44179.721358217284,350257.2648314593
610,0.0048931187731824834,-0.015195725345926317,2.334378273533125E-20,3434.200480277571,-30063.544046672232,224358.04995650754
611,0.004886559416443981,-0.0171289172750557,3.5513755007972996E-20,42058.03691353183,-11551.66498127299,275806.8814948302
612,0.005000151222965673,-0.01651174429473175,4.2554180620289825E-20,-12120.085171968438,32703.37414438183,303665.6870452747
613,0.005227334836009057,-0.015277398334083855,4.793378675294341E-20,30173.574678951434,39072.247129972304,320629.51013394515
614,0.005112327084536583,-0.01686731118467243,1.7029041344069464E-20,-8221.144727400846,-6.159622977252069,193184.65782999035
615,0.005224987024349041,-0.016247066251498517,4.0358015438449565E-20,51724.55013986383,3384.942014910651,293122.18010849645
616,0.005449338747490865,-0.01695820003137987,4.417879946114511E-20,48098.80633479738,1940.0785956367845,307699.3737993834
617,0.00556013495388485,-0.016331811192506016,5.865308685617266E-20,-46629.7460812554,-15517.392616397325,355471.28177963855
618,0.005670931160278836,-0.015705422353632176,1.9926022360345807E-20,-8067.29365296471,-11233.05556093616,208703.29348023146
619,0.005672310815455763,-0.016687378082446705,7.708632591454164E-20,-50829.734479049635,17959.792497473347,407847.42099707323
620,0.0060065268782823365,-0.01676905107060424,1.7876878335499317E-21,-9598.938069878357,2844.423385581217,61844.21120926614
621,0.006114527484548615,-0.01613344637318049,8.64733663333619E-22,4073.0780369114786,-2636.941169920876,43301.41256581782
622,0.006226703346119526,-0.016489013263121167,7.315023111688986E-20,-16421.841175818627,-7196.998319906221,400352.8924453644
623,0.015144423269906787,-0.004592245373153639,7.331860256905491E-20,-67300.40204344483,26958.659144419056,394610.5215183729
624,0.015712592901375895,-0.004396265596193981,2.146765509246117E-20,5791.101738903534,31799.505441597343,214681.8414618076
625,0.016280762532845005,-0.0042002858192343225,2.7513547975838223E-21,-1169.2473192929278,7381.374115095735,77361.82804551242
626,0.016848932164314115,-0.004004306042274666,7.720087095955282E-20,5837.467294290983,74054.24918103984,404943.3470762628
627,0.017417101795783218,-0.003808326265315008,7.278902924902223E-20,62849.09523485489,-38500.05982140866,392910.4457238409
628,0.015456390664117177,-0.004687151216953053,5.028118523618749E-20,-34466.60255933917,-46239.5582445595,327212.6498193566
629,0.016601577151263296,-0.004297875439156337,5.869901675198197E-20,52592.87780678321,39748.21571327192,352887.8916009504
630,0.017174170394836354,-0.00410323755025798,7.606294528597497E-20,-21653.34386929224,-50747.20922945478,404913.2293924912
631,0.015507732208964897,-0.005071600793450242,3.9252648825684103E-22,-4390.593964113292,2149.7113136547327,28946.645762776192
632,0.01608917267674586,-0.004879646680674483,7.717790491752334E-20,-39629.37334001284,-35817.02405821311,408158.61259626003
633,0.01667061314452683,-0.004687692567898722,3.974278576263557E-20,20261.852532285902,33672.439741988506,292766.74203727
634,0.01582412321527924,-0.005167848525310958,6.755170372176476E-20,-68494.20973634667,-6505.445694049619,378917.38603479357
635,0.016409987295164154,-0.004977236300596497,1.8924719706540273E-20,11265.997630312373,-3631.117865329415,203494.03694517547
636,0.01699585137504907,-0.004786624075882036,7.59011423295094E-20,55089.848155959204,25683.214457331174,403669.5522934016
637,0.015871041148023006,-0.005550956213746848,8.2189327375056E-21,-8240.17594801335,8279.523949508957,133822.7451883187
638,0.016465752452115828,-0.005363027765154986,7.950706262407376E-20,-27905.904440819166,-12054.011214552926,416697.13323881855
639,0.0161918557664413,-0.005648545833668861,8.800867061604016E-22,222.89539996639354,7843.1363263685425,43251.583747534074
640,0.01679099068263807,-0.005461959273138298,3.235347752968342E-20,23090.22838871408,-5130.836989390796,265468.9621044762
641,0.016234350087081118,-0.006030311634043451,1.1757633498109888E-20,20442.205876649467,-17554.827279601242,158392.77843817192
642,0.016842332227485792,-0.005846408849635488,5.760868791666747E-20,8200.345124766407,6689.677107254152,355485.5053735769
643,0.016559588317603367,-0.006129243142026764,4.8239222952194283E-20,30927.48122462166,-33106.49348566763,322270.71618801414
644,0.017529118623521765,-0.0032176989130885863,4.4012527768321007E-20,-3969.1573606663037,54703.26190993108,305978.6060862348
645,0.01704211488018906,-0.0029158401305548493,7.338273363266516E-20,58959.62046386625,2740.6664327995354,397027.2418908465
646,0.016555111136856347,-0.002613981348021112,3.173519888221271E-20,-21800.548335516683,-41007.57968330128,259844.02186679433
647,0.015581103650190926,-0.0020102637829536377,4.857052462424425E-20,18322.722997894492,10631.36098554817,325867.45726252964
648,0.015094099906858213,-0.0017084050004199003,7.678142446682807E-20,22710.144520733218,-486.5704894847106,409951.6149049309
649,0.017399842567367086,-0.0029233524927122024,3.0918871205738593E-21,-1642.7807930003642,-4952.463448811467,82226.09258738597
650,0.016419445632074228,-0.0023190056218827327,1.6430378890517776E-21,7332.327865669522,5361.45554627747,59370.3974552668
651,0.015929247164427795,-0.002016832186467998,3.444392396355375E-20,12910.171426671957,18955.69095704717,274038.1590590942
652,0.015439048696781366,-0.0017146587510532632,7.697823702458671E-20,-17926.426079137804,32877.52524119634,409397.28116965905
653,0.01712851155780286,-0.0023334010404354433,2.836604589176743E-20,18820.79840699538,38050.771768174985,245919.94941122824
654,0.016631923641528983,-0.0020305982992587135,4.911623663169476E-20,-47483.3866122015,-8720.024803445469,324816.51174129127
655,0.01613533572525511,-0.0017277955580819833,1.8259190956045535E-20,4514.275597148925,-3078.0503617370814,200147.15814348395
656,0.01748623924498089,-0.002340913402592797,7.020469657220292E-21,4469.296505617339,11002.321002196762,123582.69178420476
657,0.0169864566043933,-0.00203779600853507,3.152369884011595E-20,-23001.414292962472,-12861.090563755028,261757.46900348258
658,0.016486673963805702,-0.001734678614477342,5.902131585482386E-20,7237.239802115917,42782.87104735838,357352.29432811885
659,0.017701911978749367,-0.0020528207328497756,6.859795203132685E-20,23284.417156459687,-16211.252818450712,387045.56142489996
660,0.017195739889534326,-0.0017490740330300529,1.0620884504610467E-21,-2391.754694744782,151.17882550175077,48229.787316278955
661,0.016689567800319292,-0.0014453273332103295,4.0477638151444997E-20,41773.49659454705,-33794.45288124336,293228.65680548426
662,0.01755346757671236,-0.0017565863951874057,7.802479181504047E-20,-27839.416188122406,-3305.6214254149313,412940.92377497396
663,0.017044100763183606,-0.001452525042486685,1.5534822518844878E-20,-16124.672139138465,-15021.8089763521,183362.0105077875
664,0.016534733949654847,-0.001148463689785964,6.183421438632071E-20,-41095.85518302901,-23257.373307735226,365416.8192064736
665,0.01724379987538347,-0.0011628591083386749,2.0991828442284432E-20,-13478.172565771987,-4664.053251921761,214207.6776104114
666,0.01672804361322727,-8.581684498759586E-4,4.1429840985827925E-20,-21282.44222236816,34456.45664824779,298865.4213287877
667,0.017601527562561507,-0.0011703714704960286,4.066588270433362E-20,-25917.02061324001,42254.97670528906,294662.95611688396
668,0.01779803195044765,-8.803908834670206E-4,3.80049924294683E-20,6491.228302854885,9020.650905813358,288648.30975076713
669,0.01727269151535029,-5.74756266361311E-4,1.3281061095237915E-20,-2414.8540039621257,-21476.911253170176,169387.07378207892
670,0.017630419202528325,-5.822686285186641E-4,6.179435644245682E-20,55435.3904171978,-39708.46096261051,361969.43607263017
671,0.016357170920515522,-0.007067322878740933,4.5416344758669226E-20,-25002.404985344394,6189.721777627231,314721.7887970921
672,0.016113914695420815,-0.007604142513773686,4.189688666249368E-20,45148.953890250654,-19911.024989405083,299251.1786596431
673,0.015853671702560346,-0.008131882532271829,7.11205377189017E-20,13718.737348376797,-11593.031241389814,394746.8206262379
674,0.015282225413542138,-0.0091601237196643,2.748088044711215E-20,-19432.828817795435,-13126.530777244603,244510.4333672894
675,0.014971022117384403,-0.00966062488855862,4.4649691136105304E-20,36075.18858070409,14714.896363192534,310663.9265906051
676,0.016080735418546613,-0.007244326282347007,4.7629617109434134E-20,-56094.533696165556,-1098.516687908616,318472.52552166884
677,0.015560249432825675,-0.008299806319343298,3.132737317577305E-20,9591.786449681338,16111.305209995635,261589.04561895313
678,0.015274526288316576,-0.008813926913039527,7.101906874064131E-20,-2607.5131837989256,46210.58817140426,392151.3209189791
679,0.014971816376041718,-0.009318967890201158,5.3092696653556247E-20,-42314.93686126921,29924.961700369113,337462.4030911082
680,0.01551653990276495,-0.007592280011869418,7.292291053368405E-20,-63346.78368317215,-20160.734398383305,394570.08531130664
681,0.015247803526021604,-0.008115480222100258,2.0115547668984464E-20,21560.684210865737,-23800.11147483781,207685.16753192845
682,0.014962080381512498,-0.008629600815796492,4.4397530896896273E-20,10208.867306766531,-34161.71227390507,310169.5546007366
683,0.015489022881812666,-0.007235490319287608,3.398419365265439E-21,2036.6464798393333,-6782.431566498019,86088.3836330217
684,0.015228779888952203,-0.007763230337785753,2.937569095607387E-21,7493.228515625507,-1374.4954431104097,79946.90200998358
685,0.014951550128325978,-0.008281890739749291,5.981673225567806E-20,12873.364629198006,36687.99929711325,360302.7122024713
686,0.015179408102969551,-0.0070526774914670045,5.3634808155984596E-20,-28537.31309877128,46894.44929985421,338738.37585389655
687,0.014919165110109085,-0.007580417509965151,6.97505060907598E-20,2159.2865903337256,11516.005483893787,391155.243576698
688,0.014641935349482865,-0.008099077911928687,6.633136820475619E-20,56737.471784238405,-25330.89633838187,376526.33547478425
689,0.014897310345078721,-0.00722665435622821,4.2890061196834746E-20,16877.174859380106,2311.834644897044,306392.7390002561
690,0.014628573968335376,-0.00774985456645905,5.446064577646942E-20,31814.06584029167,27670.192346406937,343209.17095164146
691,0.014342850823826274,-0.008263975160155285,1.0528971329146368E-20,-27280.389149865,5572.325936657202,149470.67922885902
692,0.01432179031745322,-0.00756855500806088,2.124405125913597E-20,-12512.231795942442,23414.008633041,214329.97068773466
693,0.014036067172944118,-0.008082675601757116,6.627800262093604E-20,-58440.481846349394,24342.66927769583,376175.2982144527
694,0.01430559780834478,-0.007217818393168812,4.335015052235988E-21,12536.026932866193,9604.761871242294,96271.94296368306
695,0.01400164528542358,-0.007038032104193074,3.6431464510549263E-22,3530.297853319259,1538.8707908259807,28018.486332220968
696,0.013724415524797353,-0.007556692506156613,3.3824765277644316E-20,-45021.722103929664,-4992.011163166769,268722.24118342274
697,0.013713885271610828,-0.007208982430109409,7.06450679265867E-20,1716.6236692910838,43705.36396838795,391395.7581320502
698,0.010099481081674645,-0.014654401415151055,4.502909804450345E-20,-26420.62936805485,-8517.229387663901,313197.111780122
699,0.00990790129245277,-0.014049149514608611,4.40335785251768E-20,-44973.646692238595,10425.301379789327,307483.3496176862
700,0.009716321503230893,-0.013443897614066167,4.4673576778237814E-20,4807.348644653389,8041.141868228064,313041.0418700364
701,0.009524741714009013,-0.012838645713523722,1.595526642834861E-20,26773.047175302105,1597.0192379394925,185232.39544016813
702,0.009333161924787135,-0.01223339381298128,1.7484416203821744E-20,-4214.421577661366,30640.610533661813,193471.14302363075
703,0.009141582135565257,-0.011628141912438838,7.534258068404576E-20,66979.83802076956,34423.843302057336,399682.3571155986
704,0.01019598261160928,-0.014339041136306793,6.613289622960343E-20,44352.428653701034,36828.646608652736,376661.17061298166
705,0.009808749997084766,-0.013123574326397653,5.1806525269041825E-20,-32026.982377686756,-42614.64576815248,333018.56118837756
706,0.009615133689822506,-0.01251584092144308,2.630568900815101E-20,8858.382829984786,19708.464917569538,239349.5831217781
707,0.009421517382560248,-0.011908107516488511,4.2011305119624746E-20,16404.496711889296,-39614.40008675127,300664.1753999152
708,0.010578528942660046,-0.014311090974748584,7.161273612869686E-20,19246.438371604312,-58857.52627006363,391655.0246063795
709,0.010380839599317028,-0.013698394560969763,3.455241593224047E-20,41455.18133478537,-6772.640661669552,272207.0914619732
710,0.01018315025597401,-0.013085698147190938,7.174077607773656E-20,-56634.56124797987,31739.723090032596,391528.44646066823
711,0.00978777156928797,-0.01186030531963329,3.9748461074655703E-20,-4213.149158359871,6790.209398130943,295305.5094523793
712,0.010668920918473539,-0.013988286182667944,2.292974496599815E-20,-10592.005282204593,35842.37772963457,221237.97917398324
713,0.010469195057090142,-0.013373108264476992,4.27549757451602E-21,-2092.3820875855386,-5173.401733194391,96725.7742604502
714,0.010269469195706744,-0.01275793034628604,5.167552590915252E-20,-58624.25111679265,-17063.890044895852,331251.4226669244
715,0.010069743334323342,-0.012142752428095092,6.205503231022978E-20,15270.791110408147,29335.259629772547,367627.91658538615
716,0.011045357695403164,-0.013952891507873356,6.951715061416719E-20,44859.87577145109,45578.12867949462,385405.7493815623
717,0.010637759900474844,-0.012712609653842947,7.21600485180297E-20,-7592.656052149244,-55676.235513737185,394046.2441866994
718,0.010433961003010684,-0.01209246872682774,3.785448066796113E-20,-39333.96142124521,-22812.22300664644,284681.1250908647
719,0.011129640117095514,-0.013622642202556334,1.9526296892866238E-20,2475.5091462621326,3692.37737039784,207004.71917686675
720,0.010923804701590977,-0.013000019771129,4.7101694658453476E-20,40632.32445024752,27211.198466647573,317839.65447635605
721,0.010717969286086435,-0.012377397339701668,7.40894545138477E-20,-27187.354794445706,-65520.86605295168,397031.32277774473
722,0.011499967339904,-0.013579803014525363,6.902960961822628E-20,23114.539718976466,-37999.18087277436,386754.100249134
723,0.011080150436733396,-0.01232463213402219,1.9745568873506268E-20,-22146.783770057224,2684.9245411840348,207013.1551299676
724,0.011578140207475213,-0.01324210919597196,1.8575195739847542E-20,-22791.208065072176,27071.72226490775,198822.08322781522
725,0.011366195237849529,-0.012612042251308244,6.6165062428763285E-21,19001.74559189382,-10144.676933634786,118586.71805546818
726,0.011942357876162553,-0.013191825494704606,6.179136721473806E-20,-335.34829406140096,7510.932415962155,368250.7671951342
727,0.011726339870456109,-0.01255679554121664,5.481386062761718E-21,-1232.6403826558983,-10121.939949991656,109227.36951663588
728,0.012014421189612623,-0.012846687162914821,6.065811885391764E-20,-27336.172342261565,-38633.64746350784,361852.5176635976
729,0.012774812032653179,-0.012389786736361442,2.8583217672268014E-20,-41581.60976482324,20382.557443641483,246193.08427890998
730,0.012500207878184998,-0.01179536959918657,1.335535336688227E-21,2384.257141667623,-2551.729492648526,54037.235224819175
731,0.012225603723716817,-0.011200952462011702,5.016141241556405E-20,52146.32836232501,9843.60222363719,327589.7743564924
732,0.011950999569248636,-0.010606535324836826,3.052133554643398E-20,-11610.896169530804,30197.491394721506,256834.61504411933
733,0.011676395414780457,-0.010012118187661956,5.325250006936569E-20,12665.658743300766,-9149.882471299816,341575.2410109933
734,0.012818393331399,-0.012048936053977851,6.174872737587285E-20,28637.90437178696,-24956.614354419915,366235.6819495437
735,0.012541307672518692,-0.011452482398762601,6.423135800223119E-20,30654.864423445728,-56601.526133474144,369971.3249080591
736,0.012264222013638384,-0.01085602874354735,9.585729565942421E-21,3727.7524567176256,8301.050832310113,144786.1465453821
737,0.011987136354758076,-0.010259575088332099,3.284930725316651E-20,36129.321661204274,-384.9667684521072,266113.4902620759
738,0.01171005069587777,-0.009663121433116848,5.381011546216058E-20,38147.07398109745,15124.491824334786,341259.5764512636
739,0.012895629911242134,-0.011359088617049156,5.910741878670204E-21,2898.2237415260684,2036.0671005295883,113862.69348456764
740,0.012613581243537572,-0.010758561925753144,8.575241568984273E-21,-802.827632557317,18527.23029311355,135953.53892412767
741,0.012331532575833012,-0.010158035234457132,5.102097855099304E-21,-8048.522650425356,-15286.428332858743,104419.32833552171
742,0.012049483908128452,-0.009557508543161121,7.264135108188192E-20,41952.077615581555,43346.484265346735,394775.5755437132
743,0.013213815364456137,-0.011612655071840441,1.054167433869099E-20,-2016.948732249545,-22085.49034545717,150508.49595015423
744,0.012644755020222763,-0.01040752865316766,9.125936063431225E-21,6382.125252650527,-21398.982588222458,139777.287072892
745,0.012360224848106073,-0.009804965443831264,5.131946020952565E-20,12029.204409366946,47463.54694460532,332078.66496424103
746,0.013565656098767455,-0.011517224772086615,6.595983340635774E-20,-11078.038371708442,-67533.1279078334,374344.37774930504
747,0.013276162917826514,-0.010910588526669464,5.3823186176358306E-21,-11148.349247900851,-14478.597172393269,107159.5518062766
748,0.012986669736885571,-0.010303952281252311,5.205227683348892E-21,14327.982079147538,1620.3187751277899,105926.19440324395
749,0.013594348371040512,-0.011164154981460745,5.310503372164172E-20,-18639.70327290736,54430.8761358029,336576.67527711304
750,0.013302373685687442,-0.010555482218003212,7.781481084324777E-20,58892.53484184147,-27937.899526351805,408162.0878298508
751,0.013010399000334374,-0.00994680945454568,7.602365198923155E-20,774.0200121721037,65178.10520385669,403316.02460845193
752,0.013938744592115446,-0.011062615127585778,6.849849997377727E-20,-35650.790821612136,-52134.24505745925,382625.0472412856
753,0.013641806897938124,-0.010449869328047487,2.5882857529379187E-20,7445.765273234575,15579.137587589072,237757.49568458615
754,0.013959992351152126,-0.01070343578283877,2.8395810636506817E-20,13190.70484777668,-40823.28430770118,245974.63191584134
755,0.013660573152562671,-0.010088653465260096,7.76117346649154E-20,-47766.8751887187,-28927.414080962175,408999.7761838121
756,0.014296944058990676,-0.010595786374842662,5.912878230582797E-20,40238.33009311794,-43169.31142448168,355438.6690939543
757,0.013992561851576973,-0.009976931021183225,1.398864131307304E-20,2046.533993365216,-13277.073613939909,174734.4260474816
758,0.014310747304790974,-0.010230497475974508,4.640610541891943E-20,-18024.280503432958,-47729.06626538029,315092.6093717787
759,-0.017424378371147884,-0.0037417536654117973,4.38970045599791E-20,-11416.947837416725,20129.22001306715,309583.4960999664
760,-0.016853602388043502,-0.003853516207672363,4.719038022867355E-20,-41437.046654535945,-5786.909647680068,319151.49397663574
761,-0.01628282640493912,-0.003965278749932927,6.724722460623121E-21,-19490.737887304676,470.1185629714824,119934.45466727007
762,-0.015141274438730368,-0.004188803834454056,2.3402100485508983E-20,-31725.34748575136,-18409.732109728135,223684.52752772215
763,-0.01457049845562599,-0.00430056637671462,5.0098598646749927E-20,25650.503823019495,-42259.33675109462,327947.3840109734
764,-0.017190525757904335,-0.003970639045587634,6.695813119984098E-20,61146.13784262257,-33805.60894964015,376997.72640167904
765,-0.016042829885995643,-0.004192300396690293,7.668942144718641E-20,2023.30385113737,-6929.211186716947,410270.8990988713
766,-0.0154689819500413,-0.0043031310722416215,4.645012330405812E-20,6773.873896923125,20792.238634675457,318598.0714704828
767,-0.014895134014086953,-0.004413961747792951,1.1379466115060334E-21,-5676.254331695211,-128.27949923666324,49660.53655577114
768,-0.016710532720017372,-0.004424682339102366,7.416492777909855E-20,50162.88084774313,-2521.526406765311,400386.11201217
769,-0.01613054087836309,-0.0045336492812352224,5.51304041773713E-20,15633.019588076597,-40029.36747229692,345244.90583473415
770,-0.015550549036708817,-0.004642616223368081,4.130858791665297E-21,-5772.662165974314,-4693.177998934476,94942.65685170857
771,-0.017047456089878205,-0.004541805177017636,2.6754957517932987E-20,8048.882140575962,12357.40390240296,241917.36762716694
772,-0.016464392295373963,-0.00464984025244126,3.911232727045442E-20,36866.75844421389,7938.268729278354,290603.46422773856
773,-0.01588132850086972,-0.004757875327864884,2.930628148799642E-20,19386.16628140957,-30574.039353751432,251062.60350035375
774,-0.01713823903509562,-0.004884085928271805,7.995589411364037E-20,69457.2535541225,-11671.729711812262,413019.88334155316
775,-0.016549031334891443,-0.004990257270276956,5.702857760097009E-20,-55680.98012987934,-17996.152972928623,348975.7258151674
776,-0.01595982363468727,-0.005096428612282108,2.832469548293679E-20,-952.4456621387344,5889.6228573055505,249303.67843882454
777,-0.016885954704752272,-0.005107380108192227,5.962483943410252E-20,18979.717867177354,-26848.025128355224,360315.72824561904
778,-0.01629367505169813,-0.005212619583488144,5.3007045618842393E-20,-11939.701380354141,58169.10339557172,335935.5293683524
779,-0.015701395398643986,-0.00531785905878406,4.6762640112394856E-20,-14907.898759407484,-51955.908707092145,315828.138786022
780,-0.01636909823266571,-0.005550241001196133,1.2021807101886072E-20,-16137.696492606177,16588.154382695084,160806.52632223346
781,-0.015770674673911637,-0.0056536167430735786,3.265509847633439E-20,-11340.669693062036,-48035.5035768202,263171.9079310975
782,-0.016706021602526544,-0.005667363839111405,4.420535947493344E-20,-45374.802258444055,19244.09833418721,307612.2058158053
783,-0.01677837283064416,-0.006004053390110158,6.496784617848723E-20,21787.42133666798,-21976.14782664712,376406.13177611877
784,-0.016170733413340185,-0.006104633531859897,3.13765752919305E-20,16412.2620915056,-35975.68064965394,259470.26493485854
785,-0.01650765678320101,-0.006221756369775169,9.080381428820529E-21,-17257.016645700198,-2487.08393457617,140115.4196898943
786,-0.01410334777319227,-0.007424667505586029,4.1457512803602916E-20,-22524.543084535013,-36071.776194978636,298685.3799266394
787,-0.014332506772977276,-0.007973506359086065,6.456684038031331E-20,-63542.268313811845,25473.165356110134,370232.75834061246
788,-0.014561665772762276,-0.0085223452125861,2.741583856788302E-20,-32588.413482362696,-13778.05546979217,242776.95804152903
789,-0.014790824772547277,-0.009071184066086138,5.803650385028612E-20,25232.523484779664,-29017.924864720815,354883.7922092329
790,-0.014368371285387357,-0.007583822283123406,4.6510558209374286E-20,-3857.8059700188132,57865.63829922063,314248.79613325966
791,-0.014601607109436145,-0.008134840244591747,7.251696843789814E-20,-26628.61746274901,16721.44728268386,397774.9028896441
792,-0.014834842933484924,-0.008685858206060087,7.993893665877365E-20,44322.22875514288,-6370.490419287142,416537.7409006541
793,-0.015068078757533706,-0.009236876167528434,3.629347248087247E-20,24691.21312700456,-12024.89053204842,280943.7640378902
794,-0.014906571958305092,-0.007906490054134773,4.6342553548779756E-20,-45701.05548979424,33693.63815187395,313883.59768265253
795,-0.01514796143088144,-0.008461866231539725,2.7663956684955996E-20,13389.072213918871,16278.220927229595,245546.3202464514
796,-0.015389350903457787,-0.009017242408944682,6.612775655071757E-20,16245.600856994168,12366.658394026017,380485.19872716913
797,-0.014934282822187615,-0.007512447762235504,2.9277579901981973E-20,24644.720835257544,-19661.048972401404,251567.270820206
798,-0.015425215415867869,-0.008627558332982021,7.295814605994509E-20,35004.46339067692,54528.56573856592,394947.47277520294
799,-0.015227017198265221,-0.007277560247873612,6.227519369627642E-20,-53467.9101004326,32628.104404391546,364422.83216239803
800,-0.015480637143632908,-0.00783947374918348,7.437524204177667E-21,4113.419168246635,6490.587329574436,127555.15817340514
801,-0.0157342570890006,-0.008401387250493353,1.1365717137931816E-21,8428.069892463081,-3133.2775701339897,49137.93625098505
802,-0.01575789112861934,-0.008005165850625775,7.843728011471661E-20,-45763.22101140533,-31339.268145709313,411260.71519475454
803,-0.01578885191080169,-0.007204006619017401,5.598081799804867E-20,46121.616536247726,22457.569079971734,346808.813171664
804,-0.016054702328960724,-0.00777245744423219,5.772132378471258E-20,-43923.18328902654,-49284.63708990901,349815.689035171
805,-0.01606610589578812,-0.007369698720459698,2.6254187561137106E-20,-195.62247909801647,17539.91392554805,239445.93824563248
806,0.010169328748875328,0.011667333235294312,6.050219119030058E-20,56099.92967531378,-34617.9196000246,358453.7944565518
807,0.010739282798079718,0.01185972024869755,5.3679129971680844E-20,-16007.188373632081,43226.614371246105,340190.6739944195
808,0.011309236847284108,0.012052107262100785,2.4820620136257568E-20,30470.98493656344,18136.39342619587,230731.84739468605
809,0.011879190896488498,0.012244494275504022,5.97855234708344E-20,-27256.545975139914,-44053.72566206641,358577.19845957734
810,0.012449144945692887,0.01243688128890726,4.810543733654719E-20,35685.23173704722,-26873.76191990086,321903.0875767291
811,0.010460505682414755,0.01156867947624695,3.2660666878978356E-20,34399.47285855404,-19009.255666299025,264883.0375878024
812,0.011600413780823536,0.011953453503053425,7.792798536704537E-20,60653.172747002485,9460.632137964529,409054.17021234066
813,0.012170367830027925,0.012145840516456662,6.584904648331384E-20,39686.840656360044,-44099.97165651148,375571.6580339243
814,0.010472905500289221,0.011178984944748994,2.3161133174681103E-20,-5392.736152812589,-25550.52480102669,223984.86634497825
815,0.011042859549493609,0.01137137195815223,5.15155900333974E-21,-8467.00004878044,-15032.94114247654,104941.71790272053
816,0.011612813598697999,0.011563758971555468,2.5850088664229257E-20,-5586.803104985204,-12037.941193684388,237862.78834617333
817,0.010764082433828646,0.011080331185701632,6.314344811159145E-20,-19719.47347494159,-5972.087724302282,371764.9379667765
818,0.011334036483033036,0.01127271819910487,3.0238489639987073E-20,21900.00753728284,-26883.244058880908,255318.23956797546
819,0.011903990532237426,0.011465105212508106,1.612651505095963E-20,335.577112444718,-24276.212654851253,186592.93232782918
820,0.01077648225170311,0.010690636654203675,4.4833596689076136E-20,-18916.798224288286,-23855.191528690317,312260.91382862424
821,0.011346436300907502,0.010883023667606911,2.5577791443430303E-20,38667.81201284047,-13867.968898633504,233386.9573243462
822,0.011067659185242539,0.010591982895156315,3.485873500363463E-20,-11646.169179349665,-12683.011073177548,276110.7453580638
823,0.011637613234446929,0.010784369908559552,6.66820841220464E-20,-20481.761893098796,-51623.185901209894,378574.205089582
824,0.011080059003117003,0.010202288363658357,3.9332946173846116E-20,-27099.502113173145,-29070.919836158297,291165.6273587314
825,0.011650013052321393,0.010394675377061595,7.960039786268894E-20,-39666.24076100884,3359.5403655528603,416149.9283745235
826,0.01137123593665643,0.010103634604610995,1.0249794833970998E-20,-7770.8939156592505,-11419.233577014546,149375.4540612426
827,0.013506150556780764,0.007315328360015101,4.904810733688363E-20,-5585.6976292431555,-50638.16816651464,324178.1499066937
828,0.013074130444217834,0.007789324919657216,6.429163557397272E-20,-40635.64980422326,40315.60600834069,371319.231900842
829,0.0126421103316549,0.00826332147929933,4.3888939553412444E-20,-21129.29013580377,11386.29574572919,309489.3723376654
830,0.012210090219091967,0.008737318038941446,3.809387955479707E-20,743.1656528688391,-26228.946739456598,288006.9439612699
831,0.011778070106529035,0.009211314598583561,7.566613008031359E-20,-18383.324367047335,-42602.564030250745,404937.92646308796
832,0.013456164978341506,0.007676393976625696,6.341046041040272E-22,-262.6468146066411,3275.534353217033,37167.226878321024
833,0.013024144865778572,0.00815039053626781,2.2771189434965772E-20,-11583.972659318073,38845.67672312828,219890.47405720965
834,0.012592124753215642,0.008624387095909925,5.578120983330719E-20,2841.6881487130727,-23298.590510242168,349168.65955685364
835,0.01216010464065271,0.00909838365555204,4.3692278693304937E-20,36361.39562944279,-36734.03264090178,305379.19091754867
836,0.013788213934025923,0.007924528650204769,4.130398061214114E-20,-39505.44558435742,25317.521482297478,297460.48788828345
837,0.01335619382146299,0.008398525209846883,6.498566169483947E-20,29596.745948807362,351.684676581531,376566.3850035393
838,0.012924173708900057,0.008872521769488996,3.664535816715053E-20,2138.1229600741417,-41821.71810877239,280539.84087944246
839,0.012492153596337124,0.009346518329131113,7.894339971216393E-20,47477.38790201411,-20937.93824693098,413074.44859534665
840,0.013738228355586662,0.008285594266815362,2.4771905763627217E-20,34159.44226354082,-8119.420034809861,230553.3526620202
841,0.013306208243023731,0.008759590826457476,3.8642262643657555E-20,3226.6516530499475,25969.672646508083,290095.9648862371
842,0.012874188130460798,0.00923358738609959,1.3847237408641394E-22,1748.9260139731982,-1535.991172650148,17280.143898018443
843,0.014070277311271081,0.008533728940394433,4.3510125786608474E-20,-5277.04319534648,52911.70298146913,304467.686303301
844,0.013638257198708148,0.009007725500036548,4.405398661357973E-20,-15749.009448837834,23128.938543271855,309740.4618382213
845,0.013206237086145215,0.009481722059678663,5.65598705075742E-20,-43158.42999284477,-26446.43842165439,348736.52507218276
846,0.014020291732831824,0.00889479455700503,7.787523112349982E-20,-38739.87503853119,23864.592451683133,410983.58216353157
847,0.013588271620268889,0.009368791116647143,3.292195829035437E-20,18629.39917450072,-40197.27846921284,265176.35268545384
848,0.014352340688516239,0.009142929230584101,4.1876253971518257E-20,-32123.26173828694,-38573.48194408222,299033.4891529541
849,0.013920320575953306,0.009616925790226216,4.457736718713843E-20,-38390.49595778399,-6665.177830550205,310407.7611645289
850,0.014302355110076983,0.009503994847194695,6.418819424287725E-22,-3234.657654208458,-2348.755972402432,37326.88907702658
851,0.013799552691665586,0.006768669054980878,3.1381070995710826E-20,31367.46380680922,31412.325577984353,258703.7858326313
852,0.014414291781662215,0.006755476862814303,3.1930903933769946E-20,-10433.613454668668,12568.593467864051,264270.0300123114
853,0.015029030871658843,0.006742284670647726,3.7040709496775676E-20,49892.28918198151,-13993.196608092949,280426.79563243757
854,0.015643769961655472,0.0067290924784811496,2.544467034724685E-21,-656.1668831164187,-13274.513186281032,73551.55381689047
855,0.016258509051652093,0.006715900286314573,9.631245977027076E-21,45.48983660742157,-26198.627129290588,143036.3403259669
856,0.014042969248111152,0.006583075366557249,3.7063209189747526E-21,3077.16687556313,11640.645720036928,89400.19602283237
857,0.015272447428104408,0.006556690982224097,4.398101554094669E-20,40444.755285759784,28066.156272700846,306819.8737092631
858,0.015887186518101035,0.00654349879005752,6.571174186313647E-20,19069.032335776777,26757.977625652962,378408.3098499743
859,0.013915063271005657,0.006225080181876567,5.553383123441204E-20,42522.602790199315,-18663.258772829555,346078.0768777899
860,0.014529802361002283,0.00621188798970999,4.344413480526321E-20,-16459.317339344223,-41996.3356910795,305529.999565143
861,0.015144541450998911,0.006198695797543413,7.359021430097643E-20,13409.423282199277,-22517.38840093503,401102.3111547069
862,0.014158479827451219,0.006039486493452936,3.735798940040419E-21,15986.484303917074,-2200.6996020328243,89116.09285588481
863,0.014773218917447848,0.00602629430128636,6.854978917631914E-20,-10835.456979369159,30801.203401484116,386571.30137335416
864,0.015387958007444476,0.006013102109119784,1.83568666429164E-20,14723.99370326121,-30442.723661181535,197887.93078206392
865,0.014030573850345724,0.005681491308772253,2.767155921519459E-20,-19819.61355324589,34375.6359481415,243268.23330461362
866,0.01464531294034235,0.005668299116605676,6.818671794503462E-20,-15704.967997444206,-57906.819881731295,382238.8150309086
867,0.01427399040679129,0.005495897620348624,2.2505986850090284E-20,22509.705733136947,27333.156767421573,219451.46475177447
868,0.014888729496787916,0.005482705428182047,2.951892732279184E-21,3423.7879358435052,-8092.106818869495,80023.67416939685
869,0.014146084429685792,0.005137902435667941,4.358751899690273E-20,-37529.150004858,2363.9367594139385,307056.93552904285
870,0.01476082351968242,0.005124710243501364,7.703402785020289E-21,-22136.108804494565,-3996.659849373874,128090.32809722246
871,0.014389500986131357,0.0049523087472443115,7.975731513465462E-20,29479.69879597359,56474.2826171009,413583.82421792654
872,0.015300867848953958,0.0015217773978267188,6.459026637982234E-21,-739.78060110246,21985.074507144323,117034.81245466784
873,0.01508567959910525,0.0021370608150459614,7.261659996340359E-20,-4383.275999628487,-5010.658510958716,399234.2518854183
874,0.014870491349256536,0.002752344232265204,2.2223331840874333E-21,-6873.170434741079,10978.62568015961,68639.9776106656
875,0.014655303099407829,0.003367627649484447,5.364253059915477E-20,32281.19949004228,-32372.03677121851,340123.6322055338
876,0.01444011484955912,0.003982911066703689,7.580873218523556E-20,-23692.22135598616,-33271.123476466,405921.72626791673
877,0.015392105416744002,0.0018836535038667054,6.995273776216016E-20,-56284.461521856334,-39704.571404605085,385796.99078841123
878,0.015176917166895293,0.0024989369210859473,6.79533680256515E-20,-16169.121356733904,57899.59699281635,381549.7691194334
879,0.014961728917046585,0.0031142203383051903,7.244317203306731E-20,-7151.188503252875,-14759.419289541349,398475.2954472968
880,0.014746540667197874,0.0037295037555244333,4.602853539653529E-20,4798.682300771705,29676.252581515095,316470.5603815025
881,0.015789768802172807,0.0019921222987274354,7.794331079699543E-20,7999.209763992867,-16492.57476370764,413269.0167441897
882,0.015574580552324094,0.0026074057159466784,6.923191905907417E-20,25709.026816029393,-21454.07051080666,388432.61903023504
883,0.015359392302475385,0.0032226891331659205,4.913256165093065E-20,-22431.970932349494,31989.16690895398,326107.0670659001
884,0.015144204052626675,0.003837972550385163,7.842577311741268E-20,-53803.666535873424,-39768.822456430586,409524.28529177303
885,0.015881006369962845,0.0023539984047674218,3.3534374916159614E-20,7931.992690147251,-18835.325396926884,270570.26853812125
886,0.01566581812011414,0.0029692818219866648,5.778216867985111E-20,51767.88976034172,-13711.880156337416,352129.08815009263
887,0.015450629870265428,0.0035845652392059073,5.523828154702315E-20,-9455.609345544548,39037.477164789074,345925.28353533836
888,0.016278669755391648,0.0024624671996281524,5.0194338079033326E-20,3576.310056154153,14830.196493644708,331618.3967178769
889,0.01606348150554294,0.003077750616847395,1.0921077484559182E-20,-18987.49504527289,-2058.5066952790953,153664.81602394118
890,0.015848293255694233,0.0036930340340666375,1.1784268998639313E-20,404.9371260538588,17363.6602653104,159909.8076566837
891,0.016369907323181696,0.002824343305668139,4.283992800407076E-21,-1385.130695166059,-3888.8609620324632,96894.92920254308
892,0.016154719073332983,0.0034396267228873813,1.884519981671168E-20,26000.290703915194,-27051.707362356334,199918.81346230608
893,0.016767570708610496,0.00293281210052887,4.3704505357111935E-20,4223.4730801178675,-23437.051834314734,308848.99455647083
894,0.016552382458761786,0.003548095517748112,4.1569580718538893E-20,26249.755260235208,48205.43085181542,297076.95977711305
895,0.01685880827640054,0.003294688206568856,1.5134542448153242E-20,-22591.741364493108,-18403.124604336088,179942.7553793774
896,0.017256471661829344,0.003403157001429586,7.003649825938689E-21,-11554.594319620477,11728.066833335011,122905.34009153323
897,0.01462192576265894,-0.004247667920353014,3.569937089056333E-20,-8519.946906097552,281.41870418444125,279833.1875689295
898,0.013998313002796308,-0.004055143937831031,7.747838128367151E-20,-6923.9154256689035,-52797.43869934238,408987.768575136
899,0.013374700242933676,-0.003862619955309046,1.485292331538437E-20,5717.938109831527,25036.696024987064,178747.36586049138
900,0.012751087483071043,-0.0036700959727870622,6.635985579884747E-20,37111.28490102147,14831.58214060395,379602.6850389143
901,0.01212747472320841,-0.0034775719902650783,1.0749101087901475E-20,22177.008671270425,12161.810297336719,151526.65819815444
902,0.014408446574885521,-0.003997101719310938,5.517582221167909E-20,23719.72561895005,-21691.79793111365,346565.0644443772
903,0.013161221055160256,-0.0036120537542669705,6.825205750492847E-20,-26912.207003507025,57370.07421513738,381882.4693522963
904,0.012537608295297624,-0.003419529771744986,3.2247337094988387E-21,8811.079025690626,11587.891376609981,82874.06900147464
905,0.014605100959201311,-0.0036884932997487707,6.100882411333012E-20,-54964.42032386233,39923.405495992425,359627.70872241666
906,0.01398148819933868,-0.0034959693172267863,7.443692237599261E-20,43969.88707471417,40537.54845252384,399815.25800607115
907,0.013357875439476046,-0.0033034453347048015,8.790382984420173E-21,-4269.667972415747,23754.827728659162,136810.44079575886
908,0.01439162177142789,-0.0034379270987066938,4.8596489024818317E-20,46217.48483553215,-26490.89068380807,322269.3442845841
909,0.013768009011565259,-0.00324540311618471,5.16233570932276E-20,-7893.444104864007,42962.68881943835,333815.5877841686
910,0.013144396251702625,-0.003052879133662726,1.3224778417223007E-20,-1719.2713417473963,24802.07325967044,168574.6141381874
911,0.01458827615574368,-0.003129318679144526,2.0628953791382805E-20,-3126.901516725912,-29285.420765597817,210770.55238696898
912,0.013964663395881049,-0.0029367946966225417,1.2149779262415418E-21,-3063.3326889891932,-5786.517878491153,51231.461036833185
913,0.014374796967970262,-0.00287875247810245,2.814626278953762E-20,-21016.339628664096,5509.524076517656,247637.07749991876
914,0.013751184208107628,-0.0026862284955804657,3.0580993953727726E-20,21931.00997273198,-23844.914939864553,257083.94330314055
915,0.014571451352286052,-0.002570144058540282,3.582395321626223E-20,-41086.72062211643,-24946.484503277115,276301.21378217003
916,0.013947838592423422,-0.0023776200760182976,6.097077939404711E-20,-29609.308020882097,-58975.03883528201,359873.2553393322
917,0.014357972164512631,-0.002319577857498206,7.570533040006161E-20,-50071.38839586942,-40818.64133677978,402542.43196892337
918,0.015365098305885005,8.917570516569099E-4,9.664003633301165E-21,-7025.754533912066,6437.992697437761,145350.87377731162
919,0.015923172249652222,6.597767932995637E-4,2.155430387455288E-20,-34957.89296680079,2622.8113610560567,214695.937545652
920,0.016481246193419438,4.2779653494221713E-4,3.985806130519837E-21,14143.91948790741,6151.605237211451,92266.44189541649
921,0.017039320137186655,1.9581627658487062E-4,4.44831627726187E-20,41459.31861354161,8561.267813793696,309632.4167505924
922,0.01759739408095387,-3.6163981772475694E-5,2.5900380292564112E-20,-22289.555765317436,-36739.475459773596,234560.5128718294
923,0.015520566330606096,6.236128115270879E-4,7.799107408391645E-20,23654.45283357139,61482.51810064058,408524.7914315681
924,0.01663671421814053,1.5965229481239488E-4,2.884611925754991E-20,-6675.975312098105,37893.94813081554,248701.03255174725
925,0.01719478816190775,-7.232796354495151E-5,7.066446257203702E-20,33213.644016380924,53855.81405800527,388770.79603764234
926,0.015273428436281065,3.1930458962478977E-4,3.261022835454734E-20,11822.548914824183,30566.37817801542,265561.44941797986
927,0.015831502380048285,8.732433126744322E-5,5.011145971403815E-20,8648.551078050576,-31104.414116711632,330120.04099968966
928,0.016389576323815498,-1.446559270899033E-4,2.1819288216948336E-20,-20605.871727199774,26581.711486781158,216272.68080546206
929,0.015428896461002154,5.116034949496743E-5,1.2217791887312427E-20,-13555.548126058035,17694.15641939661,162258.39536366137
930,0.015986970404769374,-1.8081990886237897E-4,7.261694148777507E-20,17547.624471488667,-42659.937286307,396617.2816575038
931,0.016545044348536594,-4.128001672197255E-4,7.531397397990587E-20,-9559.309060723428,35848.804112201076,404941.92444630055
932,0.015181758566677124,-2.5314787240733074E-4,6.327448168059201E-20,-18568.38898948929,586.2401037588894,372258.3140034675
933,0.015739832510444342,-4.851281307646773E-4,5.901242959344542E-20,-65929.29235321915,6455.402562233168,353801.5828859949
934,0.015337226591398218,-5.212921125371528E-4,1.1644522669693827E-20,26233.17114132284,907.736348019977,157724.39795944007
935,0.015895300535165434,-7.532723708944994E-4,4.8789940808961106E-20,58125.968238936046,10072.697952686523,321931.66364441335
936,0.015090088697073185,-8.256003344394512E-4,1.3548923694332758E-20,9498.050788405944,-12079.250142384577,171787.8081289768
937,0.015648162640840405,-0.0010575805927967976,7.606478691057272E-21,12937.887111570406,-6832.467127888838,128398.75673534811
938,0.015245556721794276,-0.0010937445745692732,4.00159117475634E-20,10915.102326481941,-18067.47807978727,295653.21845613513
939,0.014512742360471394,-0.004591073534947052,6.238365983102317E-20,-36977.068533949314,-25526.86236306533,367350.8240178676
940,0.01416836735045112,-0.00506211575812492,7.74213277435577E-20,-66406.63010707137,-25093.757219518648,406130.1576326958
941,0.013823992340430849,-0.0055331579813027885,7.914015210092894E-20,-39504.064755333995,6272.42321378291,414915.72807879373
942,0.013479617330410575,-0.006004200204480658,7.366346345448426E-20,26674.0201292365,-59438.22725248901,396845.4663006354
943,0.013135242320390301,-0.006475242427658526,7.872806681701335E-21,7600.159914998793,-1292.762724959447,131246.37790619527
944,0.014190079770510426,-0.004683912948499013,4.7558021579968877E-20,43790.99556609898,22788.46999351091,319340.5656715002
945,0.01384570476049015,-0.005154955171676882,6.183456124750245E-20,34299.9389302356,-36207.787606043596,365065.06042215234
946,0.01350132975046988,-0.00562599739485475,6.821383602545172E-21,5249.646010357623,1765.317912108079,122253.55344376287
947,0.01388912960060876,-0.004398549552425068,3.12536176864876E-20,43219.664341949865,162.00283790392524,258361.19459882838
948,0.013544754590588489,-0.004869591775602936,3.803661331366994E-21,-2605.553454575863,4254.357644707399,91247.98487858046
949,0.013200379580568215,-0.005340633998780804,5.577912902830122E-21,3370.1279929823218,14459.54785045285,109663.5006707673
950,0.012856004570547945,-0.005811676221958674,2.4438775848362174E-20,-42298.07420819191,-6216.425487126423,227658.6723552804
951,0.013566467010647792,-0.004491388965977029,2.044182091653841E-20,-31475.4002212494,8521.828245504848,209326.20401863707
952,0.01322209200062752,-0.004962431189154898,5.439858123914268E-20,43740.91915859491,32454.032946873274,341273.3688573965
953,0.012877716990607245,-0.0054334734123327654,6.613444591965963E-20,-37276.45723754307,-11211.38041399861,379058.4357002238
954,0.012921141830725855,-0.004677067793080952,2.1796282534540537E-20,-10907.369667701612,18066.34333813911,217736.51168273625
955,0.012576766820705583,-0.00514811001625882,6.476317764710213E-20,-61406.93134052956,6320.280296887272,371993.4208573345
956,0.01294285425078516,-0.004298864983455045,6.097061250459094E-20,1695.2085861411574,-19368.05426955968,365356.2159513167
957,0.012598479240764885,-0.004769907206632913,6.359398116203622E-20,-7283.496899412326,-50246.404605784264,370196.0322355553
958,0.012641904080883497,-0.0040135015873810995,3.931043843630186E-20,-16765.056844691906,3738.3043243591646,293278.8184733298
959,0.012297529070863223,-0.004484543810558969,5.532374059825263E-20,-56439.10841278204,4193.7388076115,343892.8652972647
960,0.012319241490922528,-0.004106341000933061,7.667767555284473E-20,-59663.94937413336,-46504.92520508107,403269.1842634692
961,0.010650735230758044,-0.006403338765580277,4.034476571283725E-20,40472.17428196821,33169.705293013954,292984.9534065868
962,0.010918354885444646,-0.005792599729835242,4.766764725088143E-20,-29541.883061999422,-17408.80988879056,321683.4778442503
963,0.011185974540131248,-0.0051818606940902045,1.2292962040631477E-20,-737.7480453426073,26259.888675664286,162171.31610311812
964,0.011453594194817852,-0.004571121658345168,6.847164796247617E-20,-19375.872912839895,35309.6391680038,385629.0129734561
965,0.011721213849504452,-0.003960382622600134,5.378107537439286E-20,-47349.46767101081,23191.482922480805,339556.2878108125
966,0.010922227583829899,-0.006217368143650204,6.384562132200048E-20,-56366.72471233133,-4373.440954190534,370106.7446496772
967,0.011189847238516501,-0.005606629107905168,5.588907139718468E-20,-15079.501648568572,43874.70805229945,347208.99277304386
968,0.011457466893203103,-0.004995890072160131,2.348357435632139E-20,26335.306724410613,-26390.71051306981,223984.47402120332
969,0.011197592635287006,-0.006456165935535094,1.552929885724746E-20,18253.129297959804,18770.109495153705,182783.1107345956
970,0.011465212289973608,-0.0058454268997900575,3.986433467056726E-20,8653.528229251722,46875.361330435284,291978.46318511234
971,0.01173283194466021,-0.005234687864045021,6.479402669315107E-20,-45324.456927103354,-19052.8410753172,373952.2366009811
972,0.012000451599346812,-0.004623948828299985,4.2427484476926764E-20,45394.290698555866,20964.179287169813,301082.96603531565
973,0.011469084988358861,-0.0062701953136050205,1.818736932844148E-20,-32943.13467465964,7786.745093323258,196939.501960202
974,0.011736704643045463,-0.005659456277859985,7.053929220541217E-20,22366.082478816363,30933.321467179187,391681.50204479275
975,0.012004324297732065,-0.005048717242114948,2.976638161308452E-20,-21357.062681221883,-15313.807054729403,254288.33188251336
976,0.012012069694502569,-0.005898254069744874,2.5300269469637284E-20,-15537.326585627256,-3716.988681812064,235143.48394218224
977,0.012279689349189172,-0.005287515033999838,1.6776286058387083E-20,26881.986311596876,1455.535934539625,190021.59339708262
978,0.012015942392887823,-0.006323022483559837,4.2186915144162443E-20,-1236.4936365822443,-42195.89578897838,301398.2248836159
979,0.012283562047574423,-0.0057122834478148,2.5770408780292282E-20,11890.24503896704,12029.392791232514,237263.15807529085
980,0.01229130744434493,-0.0065618202754447255,1.1677696675882747E-20,14870.782371920124,-12813.458118233766,158913.49491578224
981,0.012558927099031532,-0.005951081239699691,5.991320682964002E-20,-10718.499060105878,-32534.09839154282,361065.4187358407
982,0.012562799797416785,-0.006375849653514653,3.689872247891546E-20,8712.011713132246,-38547.79869696446,281869.9493704449
983,0.01073709513000997,-0.00925034875795396,2.2544056332802645E-20,28219.57573163405,27922.43147896662,218907.08068169907
984,0.010290658811258435,-0.009685587217576563,3.851877415940693E-20,-7361.8272602553025,-38791.22280470999,288115.29856815643
985,0.009844222492506896,-0.010120825677199165,7.582718651305391E-20,18614.79484841193,29423.408271195633,406532.90936956124
986,0.009397786173755359,-0.010556064136821766,7.416623270005141E-20,22624.557560205147,47033.62459037463,400138.1560904645
987,0.008951349855003824,-0.010991302596444368,7.140261002400196E-20,23336.48562670239,62816.096628018546,390226.2162761609
988,0.010379004098998402,-0.009327059169357013,2.3060139644818575E-20,17339.33052748954,-5449.680794075105,224274.48563071538
989,0.009932567780246865,-0.009762297628979613,2.1586558847379677E-20,-17922.120296469115,-10875.751656772225,216690.12814649477
990,0.00948613146149533,-0.010197536088602216,3.8586734864539156E-20,-22236.881094334385,30387.724325301846,288618.6033257778
991,0.010109258355726807,-0.009045241532540514,2.5050234367167888E-20,-30270.574183370863,30973.074315341735,230484.45162043307
992,0.00966282203697527,-0.009480479992163116,4.6873394101494566E-20,-19743.2837742862,50201.42160218479,316231.3383610528
993,0.009216385718223733,-0.009915718451785715,7.551600669376005E-20,35575.91725527568,-17921.89228270563,405229.8219004251
994,0.008769949399472197,-0.010350956911408318,5.160155452306471E-20,-51362.58095322768,26229.124857180657,331612.7194961401
995,0.009751167324715239,-0.009121951943943565,7.854772918146217E-20,45927.13208769752,54730.080215725786,409083.86585618637
996,0.009304731005963702,-0.009557190403566167,4.714717700211212E-20,1051.8291522159145,49111.474374698584,317962.7271351284
997,0.008858294687212167,-0.00999242886318877,7.280260185952709E-20,-23555.197191934018,37915.469243103944,397301.20907575876
998,0.009034985262692107,-0.00927537276674967,3.620096389685055E-20,24909.40494608791,-7039.797655922158,280732.0955594239
999,0.008588548943940571,-0.00971061122637227,6.81388091001557E-20,-18780.156819497402,-28110.265678806936,385302.855885405
1000,0.009123330550432077,-0.008916844718530118,7.809332722694438E-20,6431.737879313005,-10135.52602072747,413899.1934029544
1001,0.008676894231680539,-0.009352083178152719,3.7970445666587757E-20,-527.6341876989575,-19777.909431842945,288052.1864892705
1002,0.00885358480716048,-0.008635027081713618,1.2327458001486265E-20,-3456.28847260523,-4567.860237191751,164415.8983851041
1003,0.008407148488408943,-0.009070265541336222,4.205713712668409E-20,30098.30236502985,-19477.020257003536,301749.4295306263
1004,0.008495493776148916,-0.008711737493116673,4.784457611300997E-20,-44083.32478034868,16746.163569326116,320656.7156805946
1005,0.0106092582314182,-0.006779207041431327,5.0263694981891064E-20,6302.889424971082,-29559.497029785736,330820.6023278861
1006,0.011156115635947162,-0.006832034211386144,1.56212477688747E-20,27773.3939669138,2064.808646070088,183088.53510366732
1007,0.011702973040476123,-0.006884861381340959,3.279669181391631E-21,-8892.930934554854,-12131.17365405456,83512.80717926905
1008,0.012796687849534045,-0.0069905157212505915,7.142149277646516E-23,208.06871017794512,-1203.825564793627,12462.589372609325
1009,0.01083927358515021,-0.006969104695352302,2.828274152651909E-20,-945.6774179753872,-29070.803921890696,247486.97250934265
1010,0.011932988394208133,-0.007074759035261935,5.577824546347458E-20,-9197.035727509254,19962.09550989382,349256.4577196471
1011,0.012479845798737095,-0.007127586205216752,1.5611557569767962E-20,23491.085537858642,-19080.694510643625,182646.81036874396
1012,0.011299304292614231,-0.007348900003194253,2.550458227664247E-20,36877.69216812507,-19799.977932575155,232903.96173307812
1013,0.011846161697143191,-0.00740172717314907,6.117012216661315E-20,27909.00920270745,9801.605491430862,365275.52018341684
1014,0.01098246224181728,-0.007485970487160413,9.171941666380872E-21,-8764.255665110637,-20974.50020399468,140073.56338689916
1015,0.011529319646346242,-0.00753879765711523,7.396492933452423E-21,-1386.0927115679488,18163.197091907798,126124.77014951696
1016,0.01089563554475234,-0.00781293862504755,9.807088884851725E-21,20983.817647368647,-9444.467200128669,144921.7579093313
1017,0.0114424929492813,-0.007865765795002366,4.933242009475658E-20,34627.789109584955,-28865.567249488846,326004.31071855687
1018,0.01112565089848435,-0.008002836278968528,4.577585312597391E-20,19644.286072874507,-41885.71289600731,313627.54879498575
1019,0.01167250830301331,-0.008055663448923342,5.836988919253223E-20,-23863.1721871008,59531.36922538942,352192.773927796
1020,0.01158568160594837,-0.008382631586810478,7.000764330698418E-20,-26171.397617109415,8626.629546094282,391081.7022665829
1021,0.011268839555151417,-0.008519702070776639,1.3199937533281139E-20,11301.046255704703,-3519.1246752100114,169825.9765141755
1022,0.01026542305736985,-0.006865517506911276,3.8795205739425573E-20,-35753.37914889818,-32506.45419704946,287821.68486327445
1023,0.010408611714036918,-0.007382383298719388,7.367393123786685E-20,-5395.936925474651,34370.03837642587,400678.54573453026
1024,0.010551800370703985,-0.0078992490905275,7.295082595559495E-20,3486.4111472595355,32903.50913922839,398837.45521686965
1025,0.010694989027371057,-0.00841611488233561,2.995553502948443E-20,-9419.696413893136,33436.415788546874,254090.06483263717
1026,0.010151603237053507,-0.007141725626312201,7.7288644596415E-20,-28152.766360033027,12907.904690204196,410768.47460820654
1027,0.010294791893720576,-0.007658591418120313,1.7341105877414587E-20,5619.354122824207,15586.471787257342,194418.44868496447
1028,0.010437980550387646,-0.008175457209928426,1.9563706956783175E-20,34632.82712018446,-10308.123909487957,204076.3596887018
1029,0.009780774939753756,-0.007177276073305942,6.517527968136027E-20,-57824.983365054264,295.93634727911814,373832.62250921276
1030,0.009923963596420825,-0.007694141865114051,3.1746516273195537E-20,33534.09959048953,-35412.731589382754,259464.93316282166
1031,0.010067152253087892,-0.008211007656922165,6.070459707156056E-20,30424.877694922652,8175.483290203492,363712.2521405843
1032,0.009666955119437413,-0.007453484192706866,6.852733729424046E-20,-23208.996803502007,36272.38806016181,385486.51699046366
1033,0.009810143776104481,-0.007970349984514978,4.302843113250108E-20,7076.294862439433,28020.228852228116,305998.8283566513
1034,0.00995333243277155,-0.008487215776323088,4.748900270658031E-20,-8018.355030330685,-14379.771545706635,322479.0804873847
1035,0.00943931547880473,-0.008005900431508716,7.349863946983757E-21,-4477.286374376582,-20619.24620533643,125266.53798941243
1036,0.009582504135471797,-0.00852276622331683,3.634122238641082E-20,43869.06480471155,28606.752062149968,277570.9783977293
1037,0.009182307001821318,-0.007765242759101532,2.153340161955917E-20,-18135.618389708263,29912.34285759969,214601.34774513
1038,0.008811478704521567,-0.007800793206095269,6.013381340641685E-20,-34264.47355019159,-29060.009345809896,360565.3910201559
1039,0.008954667361188636,-0.008317658997903382,7.762243849588837E-20,7044.214184936862,-628.9878864131427,412762.36580011994
1040,0.008697658884205227,-0.008077001325496196,7.547335619701711E-20,3013.1324472335987,-43675.12820977255,404707.0697841127
1041,-0.012113850105863532,0.009641541740141552,5.402120639603196E-21,-3527.506365341769,4446.977488424876,108758.18220338404
1042,-0.012348160532493201,0.009060041470306028,6.429188857656209E-20,46073.32453200372,695.9670514071606,372869.8110578384
1043,-0.012582470959122866,0.008478541200470502,7.876043551585008E-20,75571.85573472317,-5904.998930342135,408870.78836203075
1044,-0.01281678138575253,0.007897040930634978,3.4211947351860373E-20,-22845.065419203613,-33438.280693751105,271060.0946098787
1045,-0.013051091812382197,0.007315540660799454,2.8995753767094516E-20,-14247.050963753274,10470.377420074905,251691.56565374625
1046,-0.012401289752201432,0.009459486104786816,4.673273332034267E-20,18411.883318503118,37200.593134676965,317616.95825273945
1047,-0.012635600178831098,0.00887798583495129,9.177559092113836E-21,15618.540319043139,7622.914548464914,140881.61923716342
1048,-0.012869910605460765,0.008296485565115766,2.177245723457249E-20,-24296.80855963649,-350.94723701149843,217282.72969346412
1049,-0.013104221032090429,0.00771498529528024,1.656363483955299E-20,-24196.341438950527,-3707.62047619958,189121.3174544562
1050,-0.012741858618247566,0.009676875103912866,3.4943782317590594E-20,1255.266521041425,-38823.97508109722,274247.1210337896
1051,-0.012976169044877231,0.009095374834077343,4.798987026875571E-20,-229.98409324194986,30906.84513374664,323122.6008737514
1052,-0.013210479471506897,0.008513874564241816,7.185828824757087E-20,-41630.39356055695,-40478.548997346166,392932.31878830265
1053,-0.013029298264585466,0.00949481946855813,1.618767401502094E-20,-4466.175028250035,15120.913985528765,187861.80433204985
1054,-0.013263608691215132,0.008913319198722605,6.35581124444898E-20,43992.76804651802,-7156.090752336976,370887.48775759595
1055,-0.013497919117844795,0.00833181892888708,5.989192410257985E-20,55165.42895836124,33071.98214141919,356872.3622266962
1056,-0.013369867130631596,0.009712208467684181,7.812776854452945E-21,-19753.02124216463,9841.77587737719,129097.65772163645
1057,-0.013604177557261263,0.009130708197848655,4.495370610657366E-20,30472.268209957427,39259.996977324234,310205.72465828806
1058,-0.01383848798389093,0.008549207928013131,6.778056810721837E-21,-4384.239353941443,-16910.78216370998,120732.28544617325
1059,-0.0136573067769695,0.009530152832329445,2.4424723790787466E-20,-17476.803289728756,-35386.09468191028,228183.6452683477
1060,-0.013891617203599162,0.00894865256249392,5.156353241044702E-20,-5525.04909942091,-6243.138692431366,336363.04147741705
1061,-0.01399787564301563,0.009747541831455493,3.85822705204227E-21,-8591.445280240161,-2344.8552101414903,91605.52956175403
1062,-0.014232186069645299,0.00916604156161997,6.270147288042307E-20,21102.069886215868,-369.698789321988,370429.32831474545
1063,-0.014285315289353532,0.009565486196100757,5.939477544704909E-20,26863.452795358306,-28678.173233236026,358969.740037465
1064,-0.012994855601770371,0.006592254144574691,6.912911002192431E-20,-1065.0403331621374,25673.158628149722,388735.34024291846
1065,-0.012659279524805845,0.006018492009980795,5.6113510213046E-20,-31590.88729430035,54825.70169107124,345246.84982932365
1066,-0.012323703447841321,0.005444729875386898,6.425710540400668E-20,-44905.85593093972,-10026.290089663102,372775.67196622666
1067,-0.011988127370876792,0.004870967740793002,3.005394848708198E-20,-37540.47122865268,-14030.152031516473,253729.03607945837
1068,-0.011316975216947738,0.003723443471605209,4.576256966353445E-20,38098.54158276814,-4075.9520808909447,314651.0348373072
1069,-0.012991748610866785,0.006268412262830719,2.712088430479476E-20,9214.012830683989,40068.88269190933,240529.61307410055
1070,-0.012656172533902258,0.005694650128236822,2.554601901900557E-20,38477.63887420877,-4192.256077175634,233643.17000778412
1071,-0.011985020379973205,0.00454712585904903,1.5539941291288158E-20,-699.8303176373097,9262.202463705893,184478.31033199816
1072,-0.011649444303008676,0.003973363724455133,4.782921532472404E-20,49551.32645864422,-12384.559066676997,320003.22880812344
1073,-0.013321110706024134,0.006194490633936668,6.0385409628217515E-21,-8021.736002343556,10979.983328620428,114336.94791409427
1074,-0.012985534629059608,0.005620728499342772,1.416993370240668E-21,-9737.097719257894,-1506.23133323405,54899.75600951408
1075,-0.012314382475130553,0.00447320423015498,4.3209405139383875E-20,21772.28746008087,46455.39461702967,303703.2904877254
1076,-0.011978806398166026,0.0038994420955610833,2.602077328517473E-20,1626.6958273982068,24176.800024194778,237786.48176585574
1077,-0.013318003715120546,0.005870648752192696,4.585713512350156E-20,20337.341619416427,21193.582091393557,315940.23536356055
1078,-0.012646851561191493,0.004723124483004904,3.963794785598732E-20,-9479.08475883085,53140.0106336488,290022.1578735754
1079,-0.012311275484226962,0.004149362348411006,1.0945615508454107E-20,-18011.20376419711,16258.022517049236,153110.37022608073
1080,-0.013647365810277895,0.005796727123298646,2.560750911718828E-20,-6628.666254217474,12950.276165850444,236665.56457081932
1081,-0.013311789733313368,0.00522296498870475,2.432279792489416E-20,-41907.019892259195,2899.265713428402,227237.7705190208
1082,-0.012640637579384315,0.004075440719516958,3.790576037759271E-20,-11211.863878946946,29055.770468229224,286798.7861688138
1083,-0.013644258819374304,0.005472885241554673,5.672199642764633E-20,-9627.204138370547,-52130.908560507494,348890.9089057367
1084,-0.01330868274240978,0.004899123106960778,7.472711445687168E-20,7875.697279156996,16013.072385138825,404657.3430434603
1085,-0.013973620914531658,0.005398963612660623,5.500562171341599E-20,10936.117669789433,24195.718866135972,346499.33759768563
1086,-0.013638044837567129,0.004825201478066727,3.134971226066719E-20,38355.70681538646,5875.332021837679,259468.24811846326
1087,-0.013302468760602601,0.004251439343472831,2.5902230024705488E-20,27827.55863958905,-31633.59458601264,234721.64663791112
1088,-0.013970513923628067,0.005075121730916652,5.680825738578251E-20,40416.57145534174,-36681.265253560196,348920.5574021124
1089,-0.014299876018785417,0.0050012001020226,1.695319174710939E-20,-26547.968305748265,-2503.72416395926,191076.70036103085
1090,-0.013964299941820888,0.004427437967428704,4.5154383113192027E-20,36183.68910038879,-17601.155933439484,312280.3729828978
1091,-0.014296769027881828,0.004677358220278628,4.5328825131935827E-20,15152.179515524635,25226.528055182687,314094.1238149688
1092,-0.014718896451019597,0.00429902609896893,7.733329165842426E-20,10671.699364895714,-22386.342811502265,411306.3609265537
1093,-0.014057065269801307,0.004123027475013057,3.813648439741088E-21,2199.7461549631616,3417.143115378064,91413.86407957917
1094,-0.01339523408858302,0.003947028851057183,5.2725607764451763E-20,-34214.310181694054,31282.37168598547,337063.44922684773
1095,-0.012733402907364732,0.00377103022710131,7.61094990061018E-20,-63425.457343191534,-35355.41439117844,402278.86611835967
1096,-0.012071571726146446,0.0035950316031454358,4.161746418601914E-20,-9494.020596469192,35602.70343310214,300024.95590171457
1097,-0.014482299683842662,0.004068537235447333,7.101205779345938E-20,-28618.504045116057,-42848.62148355392,391477.27924957423
1098,-0.013820468502624375,0.003892538611491459,1.1478412104459943E-20,-11936.865869836312,11311.655906014446,157895.04337541087
1099,-0.013158637321406088,0.003716539987535585,3.10462479104817E-20,-34336.107825880186,-31993.81367958801,256827.98201432193
1100,-0.012496806140187803,0.003540541363579712,3.002369469216283E-20,40075.74996312339,-17347.955272448075,253004.1803866577
1101,-0.011834974958969515,0.0033645427396238373,2.8291033087765834E-20,12225.043748895838,-15331.186431912107,248454.25116323814
1102,-0.014009106149488802,0.003607559508404137,6.344784892242215E-20,-17482.154894031224,41201.060570876645,370538.60998191976
1103,-0.013347274968270512,0.003431560884448263,9.996951467305008E-21,-14498.951033241565,-12273.994836709348,146927.92234332234
1104,-0.012685443787052228,0.0032555622604923894,1.1278700194645709E-20,-21227.973727292272,14399.373028684702,155257.34540291474
1105,-0.012023612605833942,0.0030795636365365153,5.083831172048784E-20,-9691.12204080577,4716.471037284835,333917.9374387517
1106,-0.014434340563530157,0.003553069268838413,2.9111500255613465E-20,327.2559451498076,6225.73988497202,252738.02663249153
1107,-0.013110678201093585,0.003201072020926666,5.813910933299129E-20,8308.104364503619,-4088.026668721561,357156.4971045567
1108,-0.012448847019875297,0.003025073396970791,1.5280635456701875E-20,4520.747808787211,-33624.1466927911,179994.9699614251
1109,-0.014622978210394585,0.003268090165751091,7.11376477372737E-20,-28147.138635450545,50940.81764057598,390893.8369900135
1110,-0.013961147029176293,0.0030920915417952167,5.615746133295654E-20,17033.757589102657,-29475.40822728046,349480.7242559303
1111,-0.01329931584795801,0.0029160929178393426,7.195218485880348E-20,57708.9085350811,31808.116515853224,391958.52891932876
1112,-0.014386381443217652,0.0030376013022294928,6.863339444950683E-20,-32782.60892511304,-44358.12555043438,384245.6345325368
1113,-0.013724550261999367,0.002861602678273619,6.678453976475121E-20,653.3182053835963,-4482.099021663888,382893.3445800798
1114,-0.013062719080781078,0.002685604054317745,2.0141619939245696E-20,5525.861132414298,-22701.685792511653,208987.50720908563
1115,-0.014575019090082079,0.0027526221991421703,2.6416023010748365E-20,-36398.31557503301,-4998.250351148613,238007.43663597965
1116,-0.013913187908863792,0.002576623575186297,7.42711303348948E-20,8040.925556730088,58276.95443612534,399504.7216835931
1117,-0.014338422322905149,0.0025221333356205736,2.6315401735209054E-20,23375.927843974998,-34046.77624997932,236792.78949920845
1118,-0.013676591141686859,0.002346134711664699,4.9079039394733575E-21,4244.849319095764,12075.756254480997,103012.848823674
1119,-0.014527059969769574,0.0022371542325332508,7.859178020520148E-20,43200.07759661158,57832.44900196226,409072.32733411336
1120,-0.013865228788551287,0.002061155608577377,1.1504401174006543E-20,-860.1379686025527,-27049.270006017887,156607.61207770038
1121,-0.014290463202592642,0.002006665369011653,2.2017122277974775E-20,13376.04617889695,9293.943421495416,219258.1074673302
1122,-0.01525255742847666,-0.0013177844942147475,7.379059463446948E-21,-12823.88302368323,4527.490330268683,126554.5520747059
1123,-0.01507693360872548,-7.208705416114233E-4,5.78305415910812E-21,133.66450602251962,-6452.705810244144,112495.59883046366
1124,-0.014901309788974297,-1.2395658900809874E-4,6.35129023883544E-20,6868.1605551727735,-30356.256567325847,372123.86071147304
1125,-0.014725685969223115,4.729573635952258E-4,1.6186730359914699E-21,2087.433542021264,-7145.831879252422,59147.59601709303
1126,-0.014550062149471934,0.0010698713161985496,1.2915349292095922E-20,-8208.46593990614,7874.427087826751,168008.18616939292
1127,-0.01495925726187592,-0.001087706388249882,3.7141091418735935E-20,7013.988872739627,-47681.25232441414,281463.90879108256
1128,-0.014783633442124735,-4.907924356465577E-4,2.7066736398115007E-20,19796.724688432318,12795.349726036064,242632.21797916113
1129,-0.014608009622373555,1.0612151695676674E-4,7.325736822845213E-20,7653.944124218669,22282.937122341802,400354.87133441895
1130,-0.014432385802622374,7.030354695600909E-4,7.662482669505227E-20,-9165.292654491446,-70855.22908316775,403891.11465724965
1131,-0.014548280748425617,-0.0012244641289234752,8.900248355253445E-21,-15625.163119148752,7440.8184217992975,138713.08748505276
1132,-0.014372656928674432,-6.275501763201508E-4,1.7107098554314856E-20,34972.123875786645,-6901.116857605035,190495.6741308942
1133,-0.01419703310892325,-3.0636223716826405E-5,7.293665437865875E-20,2484.5482366689284,-74044.94781717689,393250.7726903357
1134,-0.014021409289172069,5.662777288864982E-4,2.4484709317787802E-21,-2326.960767454155,2010.6818634371155,73254.71757877963
1135,-0.014254980581824872,-9.943860229586095E-4,1.9755301672638324E-20,-21646.139527004947,-26298.34172379507,205458.86652126384
1136,-0.01407935676207369,-3.9747207035528535E-4,3.284962155823134E-20,12905.718201479138,13187.434263002073,267921.79801641544
1137,-0.013903732942322507,1.9944188224803918E-4,1.5219767183500672E-20,2555.3102114477606,-11755.621121196686,182402.97917171908
1138,-0.01384400406837457,-0.0011311437636322029,4.9278797730074285E-20,-23827.109893547437,-40487.900813503235,325555.5011347803
1139,-0.013668380248623387,-5.342298110288783E-4,2.6622183991357414E-20,11364.814218896468,9230.848508005434,241320.58776649533
1140,-0.013492756428872203,6.268414157444593E-5,5.541462038463254E-20,19133.84257131363,28388.51355540911,347120.7012134893
1141,-0.013550703901773826,-9.010656576673374E-4,6.734837633552256E-20,-5722.732568280482,-2579.9886577960337,384481.9177373583
1142,-0.013375080082022641,-3.041517050640129E-4,5.877828511904469E-20,-2443.8681600212108,52511.85261286885,355367.92861594266
1143,-0.013139727388323521,-0.0010378233983409306,4.608276736978385E-20,-23862.02881338648,43027.018196232144,314254.14934161055
1144,-0.012964103568572341,-4.4090944573760624E-4,6.584675798350596E-20,24167.269211098162,3945.1576428426106,379432.83660620585
1145,-0.01284642722172278,-8.077452923760651E-4,3.4452476083935377E-20,-159.6862471027744,36552.36906754892,272590.4963340094
1146,-0.012435450708272476,-9.445030330496582E-4,1.8651453610664432E-20,-9452.768587992232,-5504.624290776891,202065.11158750308
1147,-0.014316266459269603,0.001409976502801343,5.612853900135636E-20,1256.514831230547,15709.492344887114,350690.54488824616
1148,-0.013702394398363819,0.0017494458454543893,6.109024877213989E-21,7297.816835562948,-18579.663107517583,114079.50743702345
1149,-0.013088522337458037,0.0020889151881074352,2.500036207988046E-20,-18695.64568843742,-14169.878286111169,233107.0835744133
1150,-0.012474650276552255,0.0024283845307604816,6.44702049621316E-20,23696.306765541598,-60168.99138451788,370627.5875245748
1151,-0.011860778215646475,0.002767853873413527,4.019592550642543E-20,6500.747308158417,-47186.827385701494,293228.18568619806
1152,-0.011246906154740692,0.0031073232160665734,1.7144750380459726E-20,-280.839279258109,20271.451612458608,192953.18632150814
1153,-0.013964794422217713,0.0013832458427656773,3.5879681716120753E-20,-43859.00335342279,-13729.729807203781,276880.9178513788
1154,-0.013350922361311931,0.0017227151854187234,2.251218890056092E-20,7365.68921071873,-38315.67744704333,218869.83803510581
1155,-0.01273705030040615,0.0020621845280717694,2.723203590987356E-20,-19827.936110754756,-16390.198164313602,243160.76954820743
1156,-0.012123178239500368,0.0024016538707248157,5.584496588760368E-20,21364.315627076026,-29145.68368212058,348286.8444851952
1157,-0.011509306178594584,0.0027411232133778616,7.445744148264332E-20,37980.04675972077,52660.16419837923,399071.8705095842
1158,-0.013875722409019717,9.903151800412997E-4,5.3904225057776956E-20,-17339.6611162129,-19046.550567354418,343052.81500948366
1159,-0.013261850348113934,0.0013297845226943458,8.001759450418752E-20,54864.212506640855,22283.698686002415,414939.493793256
1160,-0.012647978287208152,0.0016692538653473917,5.718004010184491E-20,-19973.751193435626,61302.74297088101,348401.85741293116
1161,-0.01203410622630237,0.002008723208000438,2.714401235601142E-20,12688.595384001355,33371.198670891725,241497.51399870293
1162,-0.011420234165396588,0.002348192550653484,6.255472775773967E-20,15708.669717454146,24884.15806066349,369425.4375137747
1163,-0.013524250371967826,9.635845200056341E-4,2.7767598595106354E-20,-14853.8527412328,21860.2487532187,245491.92497861836
1164,-0.012910378311062044,0.0013030538626586801,2.8404507889790656E-20,26971.19104401914,19657.509703379226,247485.93308165655
1165,-0.012296506250156262,0.0016425232053117265,1.937268406676674E-20,28791.728171739804,-20933.868235968708,203140.9917306517
1166,-0.011682634189250479,0.001981992547964772,6.064575510178083E-20,-30986.191338899065,48741.929454168894,360297.10633969604
1167,-0.013435178358769829,5.706538572812564E-4,1.2257495567448276E-20,-20391.091853812264,3141.579351746682,162745.5918573473
1168,-0.012821306297864047,9.101231999343024E-4,5.501132827490038E-20,-7831.26093792472,-27683.19067252164,346340.3870529101
1169,-0.012207434236958265,0.0012495925425873486,6.971814696354739E-20,-5268.545963682463,-57028.59301156703,387025.37638136826
1170,-0.011593562176052483,0.001589061885240395,3.10444175262454E-20,3538.8674787041036,41056.78886698898,257800.27647993708
1171,-0.01308370632171794,5.439231972455904E-4,6.702697306115096E-20,-56984.78652422398,-29439.73962423848,378214.4040861408
1172,-0.01246983426081216,8.833925398986369E-4,2.8522401429031214E-22,506.3843096694479,1738.7714456310143,24958.775177660515
1173,-0.011855962199906374,0.0012228618825516828,1.0418555479715454E-21,-2973.8496085913207,4247.080698455055,47545.264100533095
1174,-0.012994634308519944,1.5099253452121288E-4,5.816753702571659E-20,55548.44319869056,36007.86286301276,351179.04008407413
1175,-0.01238076224761416,4.904618771742591E-4,2.063064543429498E-20,19629.487144790433,14103.86836430257,211450.03505965899
1176,-0.011766890186708378,8.299312198273052E-4,5.805145000462276E-20,-27251.002432900044,23185.50192757969,355209.59496521135
1177,-0.012643162271468054,1.242618744855475E-4,1.3185504310956633E-20,-14275.375410299412,19239.536058563892,168449.77124396202
1178,-0.01202929021056227,4.637312171385934E-4,4.500215423691719E-20,-5143.913651819745,22336.284206458302,313494.0162099864
1179,-0.012554090258270057,-2.686687882388305E-4,4.18322722318556E-20,1178.9640969831999,49872.53232580934,298924.10776553286
1180,-0.011940218197364275,7.080055441421582E-5,4.7768084067996266E-20,-43625.69530385393,9063.857821409407,320766.59291344666
1181,-0.012202618221218165,-2.953994482744961E-4,4.8899941552158636E-20,4369.344650596408,-26096.187493142676,326590.70976979093
1182,-0.012113546208020168,-6.883301109988736E-4,1.2171059911425573E-21,-5824.851524822126,3149.8070503145664,51267.460422434604
1183,-0.008782625142836753,8.204353718194729E-4,6.524903268328281E-20,34312.64090855437,61107.222480475226,371947.74240457866
1184,-0.009379638839418026,5.113130111185303E-4,4.2963881577954764E-20,20551.687312051865,-26958.363430300516,305253.4097022373
1185,-0.009976652535999298,2.0219065041758745E-4,7.95764110730462E-20,33921.240125107324,50686.94618791851,413512.97346121323
1186,-0.010573666232580572,-1.069317102833553E-4,4.789594884686534E-20,-29262.861318819614,-49573.576846943935,319129.1883812272
1187,-0.011170679929161842,-4.1605407098429793E-4,5.100286980918938E-20,-60506.82298503549,-11749.364041318137,328906.5544864115
1188,-0.011767693625743115,-7.251764316852406E-4,1.8550550003693483E-20,-8551.41178031916,12991.246067358454,201212.64466231168
1189,-0.00912285827033897,8.67397353156541E-4,3.5884862389266005E-20,-2754.8718312860665,32806.2705209138,278752.0295419625
1190,-0.009719871966920243,5.582749924555984E-4,3.3045631201543864E-20,31156.968269131463,-12551.156309620294,267253.83775973716
1191,-0.010316885663501514,2.4915263175465547E-4,1.6184489576543152E-20,-12574.706591866143,-1034.7465287360124,188080.99523192804
1192,-0.010913899360082788,-5.9969728946287075E-5,6.5284545093965595E-22,-876.6850412932388,-1433.6641711779835,37822.25711566579
1193,-0.01151091305666406,-3.690920896472298E-4,3.8676239312407733E-20,-36349.39894646406,-8044.5814366371105,289014.02543821296
1194,-0.00920631082876213,0.0012704436765316196,3.5929761084240776E-20,41381.9868436643,12382.414229649667,277523.54551348346
1195,-0.009803324525343403,9.61321315830677E-4,4.003497825002493E-20,-19567.764178299756,-45518.756795757174,292307.03950065095
1196,-0.010400338221924677,6.521989551297342E-4,1.914404214286439E-20,-13418.44140996074,-30049.401921408957,202357.20921327898
1197,-0.010997351918505947,3.430765944287915E-4,8.739132855515709E-21,3541.783151474003,17683.22958952165,137338.4730701986
1198,-0.01159436561508722,3.3954233727848864E-5,2.0004584772886993E-20,23114.72090337095,-8276.874709977661,208129.80838677555
1199,-0.009546543956264347,0.0013174056578686877,9.364221509028982E-21,2450.723437873101,20518.623248391086,141888.9799988696
1200,-0.010143557652845619,0.001008283297167745,6.698641678228227E-20,-17990.582344533188,-57999.58145854569,378660.06456429086
1201,-0.010740571349426891,6.991609364668022E-4,1.8816604022334378E-20,20566.535200502814,28395.243451296163,200208.1082693178
1202,-0.011337585046008163,3.900385757658596E-4,5.43616897274186E-20,32579.98097686395,34359.99054203989,342214.82125014934
1203,-0.009629996514687506,0.0017204519812437664,6.701420224735318E-20,-51426.77360015447,36268.53528723514,378380.6829127157
1204,-0.01022701021126878,0.0014113296205428237,1.8268695075219077E-20,8372.252747058767,10206.165805479928,199838.29515402508
1205,-0.010824023907850052,0.0011022072598418809,1.48444485236518E-20,183.2848948170034,-31971.619236142655,177677.59283875872
1206,-0.011421037604431325,7.930848991409382E-4,4.0635508413999186E-20,-18115.479630238406,-51342.362997975615,293687.82079395716
1207,-0.009970229642189724,0.0017674139625808343,6.968456641521E-20,41277.99576454346,-30278.536438551666,387781.2141654612
1208,-0.010567243338770996,0.0014582916018798919,4.974236926919874E-20,37307.58406817318,-24042.05675105917,327477.1693999288
1209,-0.011164257035352268,0.001149169241178949,5.124703026426519E-20,20912.69466006577,24706.369468919398,333866.68281077186
1210,-0.010053682200612885,0.0021704602859559134,4.139016627244987E-20,-32040.883371303018,-1372.4947976688816,299741.75659749564
1211,-0.010650695897194157,0.0018613379252549707,2.9387806617375877E-21,-10009.981152657705,1213.231791438537,79690.23288148781
1212,-0.01124770959377543,0.0015522155645540283,1.0801981840613114E-20,2259.0846408564867,17544.625517833647,152981.18123288534
1213,-0.010393915328115101,0.0022174222672929813,4.1191181774597845E-20,-3409.0444352159634,47199.74636975439,296980.3151113294
1214,-0.010990929024696373,0.0019082999065920387,1.3467413158531821E-20,-768.8250752894273,30736.854269312316,169182.941123448
1215,-0.010477367886538263,0.00262046859066806,1.9257502902308804E-20,32629.020764116765,14707.747724630888,202483.57382625807
1216,-0.011074381583119536,0.0023113462299671175,1.6224608866682083E-20,-26286.72505515075,20708.58550361969,185746.87255534387
1217,-0.010817601014040477,0.0026674305720051274,2.9138533340636373E-21,-9691.701295286215,8839.217915099594,78901.30005230369
1218,-0.010901053572463638,0.003070476895380207,3.412257415174163E-20,-13673.6569608364,6735.499432061815,273285.62465663295
1219,-0.008623827790249828,5.086286682449993E-4,3.461912845348237E-20,-44975.661933525575,-18349.101008989925,271381.7815711199
1220,-0.008571121418414433,2.321686223372506E-5,3.2407933570249166E-20,-16359.646070949531,10662.777736698437,266029.098599964
1221,-0.008518415046579037,-4.6219494377754925E-4,1.5529494776432624E-21,9096.372684687054,5408.471073406313,57424.42225877714
1222,-0.008413002302908245,-0.0014330185558000977,3.247812277936649E-20,-6930.967122147226,-8298.319974225757,266814.573509389
1223,-0.008360295931072848,-0.0019184303618113715,2.6595506063973506E-20,-8753.756715476033,6799.276786820114,241388.82090089846
1224,-0.00880526356516512,2.4378394600759362E-4,2.759644760936045E-20,40668.66309936634,-16409.81650155231,242210.2439519389
1225,-0.008699850821494328,-7.270396660149548E-4,2.6019608758540332E-20,36249.550993440476,-11367.16349087173,235974.0994441447
1226,-0.008647144449658932,-0.0012124514720262289,5.722758128929913E-20,37441.37244748016,-2192.3754222821653,352474.8880128077
1227,-0.008594438077823535,-0.0016978632780375034,4.4294158487792996E-20,-9044.422634438248,29457.75824838647,310322.2153639145
1228,-0.009168135114995707,-2.859054984672176E-4,1.3715953355899976E-20,-2567.3931348500755,-17789.738240301685,172600.19064522206
1229,-0.009115428743160308,-7.713173044784921E-4,4.85585153055775E-20,-9989.749976226509,-22109.51599424836,325612.2771823083
1230,-0.009062722371324914,-0.0012567291104897663,2.585845139868903E-20,41308.59391722407,12185.09353769501,234346.56968710627
1231,-0.009402277261746394,-6.533841469334897E-5,3.42711874886173E-20,37840.49890459265,16321.062012095295,271192.5034120816
1232,-0.009349570889910997,-5.507502207046231E-4,1.3391680011086625E-20,12400.064079413285,8429.695823539352,170813.1042538079
1233,-0.009296864518075602,-0.0010361620267158973,6.060218062843558E-20,22970.155251138007,-46429.75182167219,361069.1145239819
1234,-0.009817855183412372,-1.0961605315688618E-4,2.697567298767918E-20,-3326.4970699159962,-18046.34107739767,242671.2909657843
1235,-0.009765148811576977,-5.950278591681605E-4,1.1004958162345127E-20,-19938.256378319875,11225.959361979274,153747.3415066463
1236,-0.009712442439741582,-0.0010804396651794346,3.932563365752709E-20,-38064.60875206717,-25905.658155900717,290208.28982123255
1237,-0.009999290958327666,-3.744607753942918E-4,2.3795935043279317E-20,-6694.934593239319,-13518.169875093938,228073.01190781101
1238,-0.009946584586492271,-8.598725814055659E-4,4.0943814242893317E-20,25070.198487030797,-41917.72475342973,295817.5631081326
1239,-0.009893878214656874,-0.0013452843874168401,6.027147576605293E-20,26380.30069841457,-13841.861663334346,362547.4650478809
1240,-0.01036216250815825,-9.041502198691031E-4,4.7736063143423854E-20,-37181.30421627997,45347.378811646704,318382.5132452502
1241,-0.010309456136322856,-0.0013895620258803773,2.724882567240115E-20,-352.1932594102998,13986.485420683726,244192.6744063858
1242,-0.010596304654908939,-6.835831360952343E-4,5.599656601206361E-20,17823.479366825697,1362.1620808952532,350175.5876662624
1243,-0.011011882576574919,-7.278607745587716E-4,1.4771722031208456E-21,-5787.464764741437,3638.672393596852,56537.18469609427
1244,-0.010959176204739523,-0.0012132725805700456,5.177327298963566E-20,11780.007970784925,17112.474818567964,336509.26559865224
1245,-0.01119331835149021,-9.92705496796177E-4,5.417406555117359E-20,11589.523713794371,31205.46491414263,343268.1381412058
1246,0.009690604980518658,0.012057932725978973,7.285697957964719E-20,-52490.66973512052,51972.39317055647,393069.54710957524
1247,0.009103542000263538,0.012293676715470044,1.796266973304603E-20,20527.10441367292,13346.172453843545,197074.18000809004
1248,0.008516479020008417,0.012529420704961115,6.761162583675402E-20,-17196.414253658364,-48659.175623032774,381811.85411537136
1249,0.0079294160397533,0.012765164694452187,8.436900426904893E-21,15016.889889581384,5737.139904516862,135148.48364873315
1250,0.007342353059498179,0.013000908683943258,4.3874574796538827E-20,20268.236568355354,2588.2089549949583,309694.571607377
1251,0.009503058145701413,0.012349878457616271,2.9465560652718264E-20,1375.2897167791823,12817.273828783304,254020.7775200371
1252,0.008915995165446292,0.012585622447107344,3.4462890908528175E-20,45753.16186885056,-1876.4268290624748,271233.6137354652
1253,0.008328932185191174,0.012821366436598414,5.445829013360611E-20,-25909.24385479261,17013.924537853807,344389.85891352536
1254,0.0077418692049360536,0.013057110426089487,4.5873686539989504E-20,6693.664143110133,32311.560454122824,315639.8340326607
1255,0.009715027456322044,0.012698025931399801,5.210286041210813E-20,21484.049177305067,36501.16865109257,335558.95446584705
1256,0.009127964476066923,0.012933769920890872,2.909110717010194E-20,-33589.88061291587,7755.819718087904,250364.0757855613
1257,0.008540901495811803,0.013169513910381944,2.9501258072823633E-20,-8749.365900637515,-38109.81555021641,251480.00884506787
1258,0.007953838515556684,0.013405257899873017,6.620091430151033E-20,50448.187145730815,-29362.007848610632,376748.3422747604
1259,0.009527480621504797,0.012989971663037102,1.9163833506954026E-20,-29217.447568647734,-17684.497823592465,202258.53063380907
1260,0.00894041764124968,0.013225715652528173,5.690286722471168E-20,35226.95678306967,13879.887116402804,351423.8170024615
1261,0.00835335466099456,0.013461459642019245,4.2637101632538726E-20,-29598.222372561308,-6568.763086810872,304453.7882617023
1262,0.009739449932125428,0.013338119136820632,6.352997848098563E-20,-57486.032686803446,-14758.031028891251,368727.3916668774
1263,0.00915238695187031,0.013573863126311701,5.1142960811066967E-20,2416.2009357929114,-24402.983078929523,334192.87203058065
1264,0.008565323971615189,0.013809607115802773,4.9814021882068206E-20,704.4877467802222,-16385.299604824297,330302.1559367225
1265,0.009551903097308185,0.013630064868457931,3.43549894051591E-21,-1640.4800127729911,-4088.7634471640013,86737.30192258733
1266,0.008964840117053065,0.013865808857949002,5.8982959333581715E-21,11149.981482389525,-12229.990931656022,112587.91203413525
1267,0.009763872407928816,0.013978212342241461,6.514067775569749E-21,-8845.269444882333,14746.389739826716,118347.74258772677
1268,0.009176809427673696,0.014213956331732532,3.720649199773478E-20,21294.181221114985,9028.362490739704,284874.12239693204
1269,0.00957632557311157,0.01427015807387876,6.396226916471362E-20,-7074.240130609822,-22868.12304654511,373976.5304795291
1270,-0.001064179820564074,0.015486335023925477,3.152466525931554E-20,-6200.2137663335125,-45068.69292419562,259121.47220039772
1271,-7.924374724061309E-4,0.016013216260615505,5.630446027685507E-20,3964.3731647286613,-3708.147119431692,351552.2716515421
1272,-5.206951242481879E-4,0.016540097497305534,5.6980706916646E-20,45436.358600249885,31075.12987573614,349389.5565016815
1273,-2.489527760902446E-4,0.017066978733995562,2.6026432649735277E-20,15884.470649296209,-7646.782971684524,238392.97467479866
1274,2.278957206769825E-5,0.01759385997068559,7.849943062349134E-20,18342.107516383334,-5667.1758765550485,414704.3544548484
1275,-7.696479003384338E-4,0.015607076231301099,5.401540748726432E-20,5529.167248445863,33162.082836091635,342727.9944958179
1276,-4.979055521804906E-4,0.016133957467991122,5.249423726642235E-20,-10667.17144685026,52420.74025956517,335248.07270859653
1277,-2.2616320402254746E-4,0.016660838704681154,3.6038240427199366E-20,-15575.754354497485,38243.96724274238,278241.0401281287
1278,-4.5232640804509605E-4,0.01532167740936231,1.937360250190234E-20,12307.593712481745,18161.556522695497,205071.08634379867
1279,-1.8058405988715284E-4,0.01584855864605234,2.3867714574627758E-20,5259.822892215909,-26512.386437722627,227314.5046674541
1280,9.11582882707903E-5,0.016375439882742364,7.485682969205107E-20,49778.50544408795,-43804.94217930575,399942.53563165636
1281,3.629006364287333E-4,0.016902321119432396,1.7523316261085343E-20,-304.71425841788965,-12959.513927531447,195716.77542574724
1282,-1.5779448781945567E-4,0.015442418616737931,4.2408628770599375E-20,-16678.04972579324,5132.040119827012,304639.45467144327
1283,1.1394786033848741E-4,0.01596929985342796,7.230658958249871E-20,-14785.546439260113,-17507.588905618322,397777.0000830624
1284,3.8569020849643057E-4,0.016496181090117985,6.337669436461584E-20,-14808.626246959173,-11869.696609437504,372539.4037469251
1285,4.312693526318252E-4,0.01568390103148917,1.2127281332637523E-20,20512.906159080434,-8029.514949087839,161680.70748595192
1286,7.030117007897683E-4,0.0162107822681792,4.867696162186496E-20,-3365.88560619809,-14825.954104401357,326559.1763883877
1287,4.540589246995224E-4,0.015277761002174763,5.715713019865146E-20,53729.28726306462,32392.290486610727,348646.57611179905
1288,7.258012728574657E-4,0.01580464223886479,4.8831022692798464E-20,34122.21902172088,45478.53533997003,322455.666995833
1289,7.713804169928604E-4,0.014992362180235978,4.194120649459673E-20,-13569.697670458969,-53646.24603451303,298364.5323861264
1290,0.001043122765150803,0.015519243416926004,4.978257635695082E-20,10249.789591400495,-11907.4201690393,330231.1371682263
1291,0.0010659123372185003,0.015113103387611595,3.0565001123381045E-20,15141.699197755179,34657.654723131534,256273.61576259154
1292,-0.0016844148703543996,0.015434839631616777,8.36014552430704E-21,-3323.097621728458,7215.006941861994,135247.61302742184
1293,-0.0022309414479483383,0.015184868830675874,3.426009956473314E-20,-26248.16210078964,-8604.098193614216,272866.84279582824
1294,-0.002777468025542277,0.014934898029734973,5.477495235261035E-20,-48695.12858742033,24163.46651319423,342498.6006084747
1295,-0.003323994603136216,0.014684927228794071,3.2853525474298566E-20,-10409.083635323244,9578.100094629406,268199.6234787984
1296,-0.0038705211807301544,0.01443495642785317,5.753173854322234E-20,-45286.6363848604,-23403.80931136917,351730.54930117424
1297,-0.002010117999919085,0.015504085446683693,7.439210189126388E-20,1829.3575880376482,-52594.366677445134,400700.593394737
1298,-0.002556644577513024,0.015254114645742792,1.6583470015863784E-20,34116.92683793377,3685.848061720178,187702.1066283588
1299,-0.0031031711551069625,0.015004143844801891,1.911886825140755E-20,6582.874171568973,-8324.34322577624,204605.87019607666
1300,-0.002114997681454517,0.015892547877758432,2.8155850707652315E-20,15347.427431873371,19669.165706085976,247375.81637026562
1301,-0.0026615242590484547,0.015642577076817533,1.8932056466776143E-20,28607.745030114937,984.601489311821,201858.0352958814
1302,-0.003208050836642394,0.01539260627587663,7.774532442434854E-20,-46690.91754800722,-43175.55556998983,408225.938410194
1303,-0.003754577414236333,0.015142635474935733,7.819540392463464E-20,49388.9530778477,14567.257823703825,411131.70322770614
1304,-0.002440700811019202,0.01596179369282535,7.066463202757009E-20,-35758.757047275234,-15544.537973260192,391952.0089934635
1305,-0.0029872273886131407,0.015711822891884452,3.839305236961625E-20,-49739.93723102005,-9340.963993075979,285888.1585116633
1306,-0.0035337539662070793,0.015461852090943548,6.77832749877627E-20,-28197.594622963858,65716.51755657025,379086.82419528137
1307,-0.003092107070148573,0.01610028532295919,1.4320146681252925E-20,-28090.3164271942,-13288.464168374434,174570.2488014398
1308,-0.0036386336477425116,0.01585031452201829,2.811571594233789E-20,-5948.569391307501,-42001.51433328712,244805.19627897008
1309,-0.0028712836221193192,0.01641950193896701,6.910231510977021E-20,-11813.786085197291,-52970.55947415041,385708.61451807606
1310,-0.0034178101997132575,0.01616953113802611,3.0802856475596824E-20,-26656.21630781276,37763.06541819424,255914.4528249854
1311,-0.0029761633036547506,0.016807964370041752,5.560592425219955E-20,20653.790245124856,40017.36000521657,346492.1915198778
1312,-0.0035226898812486898,0.016557993569100853,2.2573711255747276E-20,-22502.997449828166,30879.537727448263,219320.52876962503
1313,-0.003301866433219436,0.01687721018510867,1.4934872839251064E-20,-8953.365474126917,24170.070534674705,179236.49165427656
1314,0.014950022145468285,9.456418059655799E-4,1.5543659489506652E-20,6526.408326513952,31362.882916615803,181935.32963821312
1315,0.014858352275864347,3.731893439334595E-4,2.3352154805273287E-20,-3823.945303601173,25734.090924520136,224930.34521493388
1316,0.014766682406260405,-1.9926311809866098E-4,6.074848400806268E-20,-9505.501391543661,59226.23032534459,360246.2607441107
1317,0.014675012536656465,-7.717155801307816E-4,4.3461848009137805E-20,41129.26534400281,-822.1031627345218,306153.19632543507
1318,0.014583342667052527,-0.0013441680421629016,2.023896556250578E-20,-1922.6862871336193,7809.362406104634,210643.59202434644
1319,0.014690414009772657,7.313823201444273E-4,6.365279147303882E-20,17291.568190995506,5102.925672074148,373399.16256718646
1320,0.014598744140168714,1.5892985811230683E-4,1.0732554709110536E-20,7872.442763703842,16184.584947875814,152446.09919177782
1321,0.014507074270564779,-4.1352260391981345E-4,1.1197691460695086E-20,-5606.240038762231,-18250.199064886994,155629.22193316548
1322,0.014415404400960837,-9.859750659519336E-4,4.377213963522091E-20,15469.630923803114,-8800.813508476398,309494.04545326537
1323,0.014262867607985343,8.753158105342426E-4,6.77850978311963E-20,-11559.625430287682,-66070.58488112575,379902.1456927103
1324,0.014171197738381403,3.0286334850212213E-4,3.9237567645324866E-20,23880.98909875929,38658.763507531636,289970.19746966264
1325,0.01407952786877746,-2.695891135299984E-4,5.600773631803664E-20,60478.0941134365,12834.430679978419,345173.4004828936
1326,0.013987857999173525,-8.420415755621189E-4,3.4151821635198014E-20,-1846.010753589261,6480.003230568475,273744.74274728895
1327,0.014003259472289713,6.610563247130899E-4,3.722382239960805E-20,26118.302518373122,24862.08137958628,283594.74570227554
1328,0.013911589602685773,8.860386268096951E-5,3.946697022998968E-20,-17369.449760027444,3802.580752811682,293828.2168696537
1329,0.013819919733081835,-4.8384859935115084E-4,3.894902276542469E-20,-39397.47266789797,18867.686563427793,289146.77275184577
1330,0.013575713070502399,8.049898151029051E-4,7.151194837301427E-20,-9703.047795561868,45442.87618159267,393507.0586155689
1331,0.013484043200898457,2.325373530707847E-4,4.4152487002936254E-20,-735.4050160311209,52099.00267967674,306958.542639155
1332,0.013392373331294519,-3.3991510896133566E-4,7.8794739052422E-20,75992.13255044271,-4585.504833883278,408901.9190545543
1333,0.013316104934806772,5.907303292817527E-4,9.076938194401802E-21,-2142.8478943126925,-24065.56518028346,139086.36919361667
1334,0.013224435065202832,1.8277867249632203E-5,6.544676240100999E-20,48566.811398186575,25002.238959688017,375109.1148611489
1335,0.012888558533019458,7.346638196715677E-4,4.744472952040299E-20,14079.057864503082,28848.280101402313,321148.22553291905
1336,0.01279688866341552,1.622113576394475E-4,5.973817451874941E-20,4944.061677373449,-31878.418716511118,360716.8193815388
1337,0.01262895039732383,5.204043338504153E-4,3.792894407961849E-20,-7225.346080948908,-3662.708022486345,288459.29874512326
1338,0.01495897950690512,0.0013112783533944837,2.6349853128188133E-20,-34401.04359743819,15462.44989316844,237549.0733268286
1339,0.014386350725669333,0.0012526733572017028,7.553843151396014E-20,-16761.968456698047,-11383.379406430136,406739.1524725871
1340,0.013813721944433548,0.0011940683610089217,8.577644849569906E-21,5336.6644700899415,24193.444497438395,134976.81765949697
1341,0.012668464381961977,0.0010768583686233595,2.78730242750529E-20,-24124.39940502681,-36021.016473945034,243550.31973408762
1342,0.012095835600726192,0.0010182533724305781,4.6620527813307194E-20,43251.10690569486,-20314.37227778109,316344.3230403354
1343,0.014708328732646327,0.0014626554150022353,4.6459254759595563E-20,-47749.40639348385,-19573.140677233,315182.2781927312
1344,0.013563071170174756,0.001345445422616673,5.1914282584076884E-20,31210.411505556574,-54089.406098594016,331782.9545724226
1345,0.012990442388938973,0.001286840426423892,3.1794360226239886E-20,12382.250885003326,29867.543940694122,262221.8559289522
1346,0.012417813607703184,0.001228235430231111,6.13641060575023E-20,52435.818300813306,-16346.992910684003,362919.20422864787
1347,0.014207027184128742,0.0017654095382177383,5.668000613683896E-20,16502.780411822634,12220.373265628095,352166.59496502555
1348,0.013634398402892956,0.001706804542024957,4.6502288294481875E-20,-3308.6130919621487,46815.69316228531,316061.3986265145
1349,0.013061769621657171,0.001648199545832176,3.353345775619107E-20,-9899.821178441165,-6077.886280896929,271088.5379193279
1350,0.014529005191105735,0.0019753915960182703,2.105252326128056E-20,-18685.274313192233,7942.3384526527725,214031.2621249264
1351,0.01395637640986995,0.0019167865998254894,7.782808117618941E-20,26403.54154349894,61379.094932270644,407933.50189168507
1352,0.013383747628634165,0.0018581816036327085,5.0619645255285257E-20,10290.678751677058,55502.83150670804,328558.6702748638
1353,0.014600332423823937,0.0023367507154265547,6.308324972614977E-20,-6363.601177167195,6491.318222318001,372046.89541042154
1354,0.014027703642588152,0.0022781457192337733,1.0335630342852127E-20,-9425.475727466192,-24338.92054961731,148361.1956800385
1355,0.013455074861352365,0.002219540723040993,6.624062292488637E-20,-5384.662287649096,-32656.585676269126,379918.66880140104
1356,0.014349681649565143,0.0024881277770343064,2.2183892765773783E-20,27539.883489105305,-20920.48358313224,217966.63176970984
1357,0.01377705286832936,0.002429522780841525,5.0664760083204436E-20,-36884.58394764003,-46703.53385293521,328168.58584892284
1358,0.013204424087093573,0.002370917784648744,7.598123273852405E-20,-32167.826542731942,20279.34436917675,406661.34129923425
1359,0.01384838010104756,0.002790881900249809,2.1641715977940782E-20,-25081.595857749475,-20745.637900923855,215535.90780309567
1360,0.013275751319811775,0.0027322769040570285,6.251663699075745E-20,-32034.171556809823,48214.78913035505,365932.58110890543
1361,0.014170358108024554,0.0030008639580503416,2.621789172559851E-20,-2896.831188296237,-5126.634748175721,239849.28886573136
1362,0.014241685340742752,0.0033622230774586256,2.3493950343418824E-20,3607.0652760129515,-30833.82292214436,224984.68364900688
1363,0.013669056559506967,0.0033036180812658447,2.478688795324026E-20,8042.082797934663,-7466.842023705601,233023.83148270185
1364,0.013991034566483962,0.0035136001390663773,1.840459819234628E-21,-1225.2537658184388,264.09515649487804,63554.926854746474
1365,0.014417316315287544,-0.0016647288437853908,4.7038035501110356E-20,-3516.3356271712382,-12933.063810037136,321082.6784875234
1366,0.013911659684950043,-0.001970271042187274,5.1339418888127137E-20,-3256.8530760329313,-11663.116711508985,335515.8928647265
1367,0.01340600305461254,-0.0022758132405891578,6.631388684514355E-20,9664.883735249326,-16173.464550812776,381103.01033016696
1368,0.012900346424275037,-0.0025813554389910415,1.3591707139048272E-20,-2478.257319639525,15069.584896058892,172069.37772976904
1369,0.012394689793937536,-0.0028868976373929247,1.5721308805278417E-20,-9562.906853746594,27313.202613163056,183519.1107188901
1370,0.011889033163600033,-0.003192439835794808,8.38061017660167E-21,13409.548809360369,-3493.177303004097,134936.75829610834
1371,0.014083351697430878,-0.0016270966691969125,3.117930904232797E-20,-18574.292161880287,-119.37239237506748,260979.5138437862
1372,0.013577695067093373,-0.0019326388675987957,4.308106826533402E-20,5355.924732175998,-6386.989508201785,307435.48463142884
1373,0.013072038436755872,-0.0022381810660006786,4.108060492351915E-20,-48577.36110976358,-17669.868059523582,295841.149257864
1374,0.01256638180641837,-0.0025437232644025627,1.8745362816139553E-20,5367.621315059441,-30884.2501226487,200433.27537226307
1375,0.012060725176080868,-0.0028492654628044464,6.494635435551566E-20,67604.24127788018,7470.142232834189,371437.60762419004
1376,0.01341542246171754,-0.001551832320019955,1.6388584644838007E-20,-13367.089708701058,13994.457800831535,188698.7786100064
1377,0.01290976583138004,-0.0018573745184218386,3.041781320287353E-20,-27151.099007642784,-33201.070478678106,254841.01045855734
1378,0.012404109201042537,-0.002162916716823722,3.0332241480401934E-20,6165.487715523966,9301.486080371791,257819.75721809122
1379,0.011898452570705034,-0.0024684589152256056,1.722340213340877E-20,17958.013540977747,-7019.730887365078,193501.57271769436
1380,0.013587114474198376,-0.0012086579470295931,4.3865995094766084E-20,-42051.29209451325,30455.959026980905,305963.25642927166
1381,0.013081457843860871,-0.0015142001454314766,2.0860979977163293E-20,4932.456114387331,30586.403041449394,211757.41766149306
1382,0.01257580121352337,-0.00181974234383336,7.7083332105667165E-22,1235.6920671642222,-3767.151364897611,40947.2296927721
1383,0.012070144583185866,-0.002125284542235243,4.622163869798762E-20,18558.343149543092,38037.254804455755,315737.3006280929
1384,0.01342484186882254,-8.278513994507524E-4,3.446893425580028E-20,-9377.516414689198,19575.675529403678,274238.34430973383
1385,0.012919185238485037,-0.0011333935978526356,7.932622365895636E-20,28810.20877374943,31491.864199347205,415140.6222241201
1386,0.012413528608147538,-0.0014389357962545195,7.191056986068034E-20,-51078.566574126846,46736.07100424915,391265.78616402275
1387,0.013090877250965874,-7.902192248622738E-4,3.4090250461579095E-20,428.35310347503497,25036.637730741088,272432.3475238152
1388,0.01258522062062837,-0.0010957614232641572,1.1635142336181431E-20,6809.030754854795,-7110.472113181734,159525.7734927862
1389,0.012079563990290868,-0.0014013036216660407,7.03429171086674E-20,4768.884253729011,-53886.47509381767,389247.8243166881
1390,0.012928604645590038,-4.0941267728343317E-4,6.595458189059832E-20,30814.15087531669,-35029.325357656584,377662.6325838633
1391,0.012422948015252535,-7.149548756853166E-4,2.780228688578719E-21,-10665.342544842992,6164.576149311854,77151.45152868924
1392,0.011917291384915034,-0.0010204970740872003,1.4432408720694506E-20,30575.026049879067,7007.960128193283,175222.58044656206
1393,0.012594640027733372,-3.717805026949549E-4,1.1918535651379374E-20,-22159.920414376164,12796.29818648105,159727.2281075721
1394,0.012088983397395866,-6.77322701096838E-4,5.846686175858613E-20,-48962.56357102965,-7981.966091753549,354831.0119050347
1395,0.012432367422357536,9.026044883885974E-6,2.1000864795548065E-20,13791.383050698323,-7290.688209580236,214160.75022076117
1396,0.011926710792020033,-2.9651615351799755E-4,5.144827087897902E-20,-33242.25601664241,23775.884732877174,333595.8598651719
1397,0.012098402804500868,4.665821947236455E-5,6.646583641260495E-20,-26380.407606976667,16148.211694699128,380751.11955941375
1398,-0.011720353575666802,0.01011700546518569,4.973222750352653E-20,-46866.458442838906,-33320.654212341564,325395.4136918153
1399,-0.011900655896033242,0.01069787040235801,6.807652306158868E-20,-54989.85799857723,39990.55239008579,380580.20481996186
1400,-0.01208095821639968,0.011278735339530326,3.093709444494955E-20,23097.418532648066,-36503.494975916736,257016.61139632456
1401,-0.01226126053676612,0.011859600276702641,1.2098129974737158E-20,13254.31162380753,25815.106288579496,160373.9512197498
1402,-0.01244156285713256,0.012440465213874959,7.626655612138782E-21,-21347.577358013572,981.4970231747907,127624.17112674355
1403,-0.011614296691807966,0.010410413554875096,5.992596092458085E-20,-63106.23869631086,11372.433464044318,357012.4126956906
1404,-0.011974901332540847,0.01157214342921973,6.804063302828681E-20,-26416.24049918533,-58150.65556092486,381190.6436689697
1405,-0.012155203652907287,0.012153008366392047,7.735681356309006E-21,21318.46221175337,-7760.0338704447295,128332.71845398334
1406,-0.011221880603723863,0.010416364797081584,1.2881514151146035E-20,3438.754691214533,-24886.867334653107,166284.90200446534
1407,-0.0114021829240903,0.0109972297342539,2.7050274810061816E-20,10985.54452154751,18678.45720649812,242735.07265639308
1408,-0.01158248524445674,0.011578094671426216,1.8264122609530607E-20,27435.562533354354,-7371.559230482368,198223.39828952446
1409,-0.011115823719865026,0.010709772886770982,3.529811766275235E-20,19883.632506824782,8843.292158231765,277533.3371410932
1410,-0.011296126040231468,0.0112906378239433,2.767508878314578E-20,30608.745078526717,-18948.23023111664,243856.00942370668
1411,-0.011476428360597904,0.011871502761115618,5.759961223788158E-20,-2511.941831621796,50607.82350395746,351986.58264260425
1412,-0.010723407631780922,0.010715724128977474,5.741407505356417E-20,20374.818822339184,60834.14498740363,349197.2744129776
1413,-0.01090370995214736,0.01129658906614979,7.511135029696435E-20,3698.925554005233,30460.58299883945,404929.72645818704
1414,-0.010617350747922088,0.011009132218666874,5.46684251644704E-20,-12215.975490079401,-12003.148379636035,346024.84072987124
1415,-0.010797653068288527,0.011589997155839192,6.129712586137848E-20,-47637.11562353478,22278.521822352675,363062.5338078806
1416,-0.010224934659837983,0.011015083460873362,7.607567264963607E-20,-31379.185007116892,-5599.573063385719,407444.2351668725
1417,-0.010405236980204421,0.01159594839804568,2.105292999234267E-21,1566.0043033806755,6069.632752396025,67697.54955020116
1418,-0.010118877775979147,0.011308491550562766,6.194934800751314E-20,5972.247540407322,-59166.41981880358,363972.07748384273
1419,-0.0067222862004773795,0.013769829895117852,2.22328676030822E-20,36655.506049204865,-1101.805106596115,217872.09621959896
1420,-0.006717567378594323,0.014391151950162804,2.8089165106603787E-20,27863.109868682706,-8671.175664925699,246615.61451266796
1421,-0.006712848556711264,0.015012474005207756,6.403818888011892E-20,12454.094465990192,-31298.663545647392,373448.00808977545
1422,-0.006708129734828208,0.015633796060252704,6.135218820452184E-20,65835.4884031999,-12597.085761118304,360843.3508580498
1423,-0.006703410912945151,0.01625511811529766,6.62325953389628E-20,-30903.424620405884,15385.186751541718,379768.7344256839
1424,-0.006532676508967862,0.014016438480257298,2.5906078211249567E-20,9062.527866444576,-36941.92523407563,235437.7248926471
1425,-0.006523238865201747,0.0152590825903472,6.969766515159733E-20,8473.413450828293,45195.45439515326,388470.4154026203
1426,-0.006518520043318689,0.015880404645392154,3.810924210627695E-20,18769.492471979058,-15706.534746091918,288220.83485612395
1427,-0.0061581759478318825,0.013888333595491242,6.694754721882837E-20,28394.646239979935,-19550.698932586103,381834.0370083158
1428,-0.006153457125948824,0.01450965565053619,6.043100999567135E-20,-15263.888116131484,-42879.92936534124,361395.58647515107
1429,-0.0061487383040657664,0.015130977705581142,6.125030663887659E-21,-7351.2486830121925,11945.803118921263,115112.96307520744
1430,-0.005968566256322364,0.014134942180630687,5.796213950808896E-20,-50884.21052001814,18264.851015359312,352611.8958969245
1431,-0.005963847434439306,0.014756264235675639,2.977694665550494E-20,20543.368635904248,-40671.45154834928,251595.29303041348
1432,-0.005959128612556248,0.015377586290720589,3.727263947828613E-20,13402.9636694747,-34609.87438251412,283647.6077386901
1433,-0.005594065695186384,0.01400683729586463,1.9919358179888788E-20,9186.730131632854,-20550.796844286906,207910.9538694259
1434,-0.005589346873303326,0.014628159350909579,6.185505875502725E-20,17945.715856882718,46835.07145808434,365088.2336655643
1435,-0.005404456003676865,0.014253445881004077,1.2699186814190702E-20,-22610.183983971292,13393.83394287518,164896.71966987068
1436,-0.005399737181793807,0.014874767936049025,6.605338913867379E-20,46319.01193393997,-2351.8307595886386,377983.57398402086
1437,-0.005029955442540886,0.01412534099623802,5.0005244485285366E-20,38815.637942428366,-12111.705318058255,328838.83160736936
1438,-0.005025236620657828,0.01474666305128297,6.177257394436795E-20,-18566.795411321327,-24305.0934519081,366999.2225894848
1439,-0.0048403457510313675,0.014371949581377464,4.6582001128105834E-20,-6976.619958090478,-11491.212034934559,319518.00393529405
1440,-0.007218035781441896,0.013481021556448668,4.2868852760062626E-20,-38058.34158970282,15759.399308055397,304012.06264773384
1441,-0.007621727399412569,0.013113883677281559,4.558838906977971E-21,10944.097091443902,14512.273256767467,98380.51055608208
1442,-0.008025419017383243,0.012746745798114448,6.831424648911408E-20,-3021.337463665522,14190.847351057615,387008.83968508575
1443,-0.008832802253324586,0.012012470039780227,7.127837698387649E-20,57760.82334057549,40018.65823944167,389302.4403019371
1444,-0.009236493871295258,0.011645332160613116,2.8759531494563205E-21,-10256.256232737167,-2403.534719694463,78761.01138699129
1445,-0.007524175670896894,0.013438821802918933,1.2464375332963415E-20,5303.271274489323,-29534.99764228159,162682.40621788244
1446,-0.00833155890683824,0.012704546044584712,6.933517473529211E-20,-4362.494809200566,4541.776132074072,390113.02573354996
1447,-0.00873525052480891,0.012337408165417603,2.6260339927321007E-21,-1843.6592498762802,1142.7827440663395,75900.28093975416
1448,-0.007732763831836218,0.01372156017502657,6.0769889340073754E-21,-2389.97503346012,16491.552383598948,114300.37888056066
1449,-0.008136455449806889,0.01335442229585946,1.841173286221815E-20,21360.276610323395,-267.4305814750784,199918.27432960377
1450,-0.008540147067777561,0.012987284416692349,2.4759058738919405E-20,-15274.288777011088,-34399.84096277013,230092.98525762797
1451,-0.009347530303718907,0.012253008658358128,5.497736778975183E-20,51680.14150012999,29231.541928444305,342314.8695860079
1452,-0.008038903721291216,0.013679360421496837,1.516794574827E-20,27380.595178314034,4902.1829756844945,180355.39024043718
1453,-0.008846286957232559,0.012945084663162616,9.345731445047486E-21,-4869.363226397095,22038.593410017984,141454.92793879376
1454,-0.009249978575203231,0.012577946783995505,3.883415925924866E-20,37983.80796196487,-23528.847466045132,288557.52188619156
1455,-0.008247491882230538,0.013962098793604476,9.332388396098116E-21,-5822.632507788471,6102.448153892995,142893.20796133796
1456,-0.009054875118171882,0.013227823035270255,6.545091969749387E-20,-36094.27086046503,5641.884780911933,377313.12648743973
1457,-0.009458566736142556,0.012860685156103143,1.8580454308382768E-20,-21969.22825906643,13837.715591191572,200299.66080607183
1458,-0.008553631771685536,0.01391989904007474,5.436042068431411E-20,8365.521558981387,-23772.009361998287,344550.6804430025
1459,-0.009361015007626882,0.013185623281740519,8.079700993566581E-21,606.6982612494678,24617.986431167392,130892.61350163519
1460,-0.00876221993262486,0.014202637412182379,3.8440253622722115E-20,1105.8980520592897,53034.064223225585,285627.64426052326
1461,-0.009569603168566204,0.01346836165384816,2.0012562926408683E-20,-32624.325626702823,-11023.889050551068,206766.674541468
1462,-0.009068359822079857,0.014160437658652644,3.506767504554043E-20,-22451.438459018817,11107.70118486348,276342.03966916
1463,-0.00947205144005053,0.013793299779485532,7.103371335732649E-20,-14519.313068876172,8769.712916940762,394549.50321835367
1464,-0.009680639600989853,0.014076038151593171,4.934058779162816E-20,-14232.158123811018,53836.569507680404,324388.8365323176
1465,-0.009583087872474175,0.014400976277230547,7.017933427087802E-20,48561.832324631694,-46110.78595512673,386777.39797550964
1466,-0.01152474019916174,0.009765636806134128,3.6725940727677155E-20,-8087.048259422098,15611.5049689752,283414.94744638534
1467,-0.011109346055875956,0.01001510291604737,1.4515672579710346E-21,-3504.6518714753925,6967.425578795364,55911.92806563284
1468,-0.010693951912590174,0.010264569025960613,1.138222532468232E-20,9505.173583219434,8129.326802172995,157587.02710292727
1469,-0.009863163626018604,0.010763501245787096,4.076947430048512E-20,-44724.09087617251,30859.070624383967,294207.9964006786
1470,-0.009447769482732822,0.01101296735570034,1.4954970983345627E-20,-2819.662012693092,-3254.567856169544,181150.92735838165
1471,-0.011223069938797845,0.009707676236771967,3.8685988027513773E-20,-35676.341629024195,-19124.848425812626,288613.83102951903
1472,-0.010392281652226278,0.01020660845659845,2.0547895105517797E-20,-4676.134906942243,-21216.953448827167,211285.69867871582
1473,-0.009976887508940496,0.010456074566511694,2.928518576969484E-20,23309.91684388758,27600.907609890495,250981.16955212323
1474,-0.011035123561355841,0.009342288988134401,1.1863042695341537E-20,18741.981768688856,-15195.319844312204,159573.1751073603
1475,-0.010619729418070057,0.009591755098047645,6.175354450046503E-20,-4320.917492147754,-59456.01956148704,363357.1582670868
1476,-0.010204335274784275,0.009841221207960887,1.4521622147104108E-20,13294.572490332628,13863.988868224042,177521.30003954648
1477,-0.009373546988212708,0.010340153427787371,6.098235605325496E-20,36989.32826690122,-49728.1154018414,360621.473682343
1478,-0.010733453300991947,0.00928432841877224,1.224425864073492E-20,-565.6510964064321,-9282.772619138865,163695.57663328695
1479,-0.00990266501442038,0.009783260638598724,4.585296454009183E-20,16017.21302415051,-26387.917673667784,315783.11820329295
1480,-0.009487270871134596,0.010032726748511968,1.554449251993518E-20,20024.121132139135,16281.291299607083,182927.50385557482
1481,-0.010545506923549943,0.008918941170134677,3.8154086331152834E-20,22810.28257505381,-16769.676011453263,288040.21376633947
1482,-0.009714718636978375,0.00941787338996116,7.667914781979505E-20,-17338.85126462591,71554.94828059114,403647.14286456245
1483,-0.009299324493692593,0.009667339499874403,6.369812956539223E-20,-68675.63219806903,2338.554431440412,367599.92213837197
1484,-0.010243836663186047,0.008860980600772514,3.7732960160046314E-20,46229.027025262745,13099.9854393905,283787.5365881977
1485,-0.009413048376614481,0.009359912820598998,2.0604312053900746E-20,-3051.0300535239053,-28543.22480340245,210745.13714824425
1486,-0.010055890285744044,0.00849559335213495,4.4081933615553734E-20,-32894.00559645624,-44937.389314533946,306075.3286739962
1487,-0.009225101999172479,0.008994525571961436,1.5445588611048386E-20,-5545.8912866747205,24346.64556487456,182449.5938099455
1488,-0.00975422002538015,0.008437632782772788,7.376565090279466E-20,50324.61342448181,-30195.775760262735,398134.0660856217
1489,-0.009338825882094367,0.00868709889268603,1.1876094880259962E-21,-3940.247111256887,2778.2186726615346,50835.00648089958
1490,-0.009150879504652362,0.008321711644048466,4.673426411903509E-20,-20394.72393939046,-15409.887738555139,319301.3705985599
1491,-0.009264603387574252,0.008014284964773062,4.9875917215746724E-20,39682.89247102004,-2989.694406475146,328512.8789802652
1492,-0.011728291143209684,0.009520953583430957,1.9351887871037832E-20,-13026.14155911134,10070.225549050669,205467.0395466475
1493,-0.011238674505403787,0.00909760576543123,4.2052212211118764E-20,5231.030003045946,9131.988255398925,303671.5505737598
1494,-0.010749057867597889,0.008674257947431506,2.8812621138529804E-20,29207.47219782688,-29067.2935358719,248115.28213147068
1495,-0.01025944122979199,0.00825091012943178,4.188305105271944E-20,45231.94117766701,-3940.4744878139977,299823.80238128064
1496,-0.009769824591986092,0.007827562311432053,2.425715139608175E-20,27806.46402757347,10363.38849568488,228859.9567504792
1497,-0.01163017182689374,0.009218309791365623,1.964652825411694E-21,8538.556884357264,7289.514363981748,64710.32536635486
1498,-0.01114055518908784,0.008794961973365899,3.160538459331591E-20,22974.380101377305,23394.861187777577,261372.622143143
1499,-0.010650938551281939,0.008371614155366172,6.065977836576859E-20,12919.362566023321,44267.87450188892,362014.03077629063
1500,-0.010161321913476042,0.007948266337366448,7.991902335093084E-20,-34404.72276726798,-50996.342444017835,414343.6985703927
1501,-0.01192354983206774,0.009036370025234688,3.5420356798145227E-20,-48615.652418186124,6449.894483678039,274520.6976365239
1502,-0.011433933194261841,0.008613022207234962,2.7563940893368525E-20,35595.72402107783,12486.861371790177,243093.96860886525
1503,-0.010944316556455943,0.008189674389235235,6.173968820464745E-21,3583.5012530674094,-4408.7100690950165,116288.02473721997
1504,-0.010454699918650045,0.007766326571235509,5.743957930774505E-21,4088.6050486566155,-13883.610123981502,111362.50020572598
1505,-0.011825430515751793,0.008733726233169353,6.117796461717171E-20,-26935.28944995883,55363.48735679517,361286.28913760505
1506,-0.011335813877945895,0.00831037841516963,2.982035893074936E-20,41098.965402112735,-535.8722743120479,252551.55820396295
1507,-0.010846197240139995,0.007887030597169904,4.717059594884533E-20,2228.9563795824733,47052.572215396314,318348.6193407598
1508,-0.010356580602334095,0.0074636827791701756,5.2026479841883515E-20,-52869.200476368205,-27914.686040567896,332643.4027660681
1509,-0.011629191883119897,0.008128438649038689,7.077099889100279E-21,-19456.836766415243,-7612.597089395062,122888.24621629948
1510,-0.011139575245313997,0.007705090831038965,5.1482522999555867E-20,54540.20186104907,-8075.369520689606,331650.25927760394
1511,-0.010649958607508099,0.0072817430130392375,7.431221919279395E-20,34948.263216180414,-41799.540896546714,400233.0717483
1512,-0.012020689204609847,0.008249142674973082,4.1985282470679036E-20,-24586.860901899545,-5011.293389382471,302573.2872586999
1513,-0.011041455928998049,0.007402447038973631,4.246995248309562E-20,-4107.7693453563,-17381.20895457389,304836.59661364445
1514,-0.01231406720978385,0.008067202908842146,4.7506921905034086E-20,-43502.3303298415,-26512.31366782499,318916.6284743084
1515,-0.011824450571977951,0.007643855090842418,3.904302771862855E-20,-21250.653667772,4484.659592166192,291973.7922294358
1516,-0.011334833934172055,0.007220507272842693,2.7905359378747716E-20,5362.820112429594,19091.72727311429,246726.5642912555
1517,-0.011726331255662003,0.007341211298777086,2.903907059372346E-20,-20270.011997629525,17798.433483369576,251055.16819788227
1518,-0.012509325898641902,0.007582619350645874,4.100314996995095E-20,34015.27196759347,33440.557410534064,296223.91058941407
1519,-0.012019709260836006,0.007159271532646149,5.320302284772324E-21,9161.577238516933,-5736.615246691185,107536.42435296887
1520,-0.01241120658232596,0.007279975558580542,2.888952569221437E-20,3604.6485100505242,-15702.351542384016,251333.3773647474
1521,-0.01270640504878011,0.006769659913633707,6.201176283795271E-20,-48163.367010282556,-9960.84093866281,365691.2792675209
1522,-0.012119369054496721,0.006822147690945031,6.777252680931326E-20,47020.847678587576,-1440.5113489948817,382862.83724999725
1523,-0.011532333060213335,0.006874635468256356,5.4807032517351E-20,12825.151111630013,5532.84380375976,346605.9957342148
1524,-0.010945297065929947,0.006927123245567679,4.1971483368465297E-20,26531.7718850951,-4358.873208935879,302368.96306767914
1525,-0.009771225077363168,0.007032098800190328,5.58938772027014E-20,6720.884004699805,15824.374093950588,349887.748057237
1526,-0.00918418908307978,0.007084586577501652,1.965105673441342E-20,20609.056861464353,24761.853165884655,205199.28788430372
1527,-0.01241484750488626,0.00662322380094875,7.621191335543395E-20,21825.825478126633,35886.46335974326,406892.77352706325
1528,-0.01124077551631948,0.006728199355571398,6.914282151543854E-20,-16935.67870376865,-23933.47841945912,388517.54863093543
1529,-0.010653739522036094,0.006780687132882722,4.7824993939288553E-20,-14072.269617181119,48517.27707487375,320077.41963848204
1530,-0.010066703527752704,0.006833174910194046,2.5313869535590835E-21,-13180.183734224503,-1821.1904398354257,73353.40850666762
1531,-0.012418768411381944,0.00627786379826751,4.921456788037428E-20,-2241.662627543499,31166.39238350304,327224.68995722284
1532,-0.011831732417098556,0.006330351575578835,3.9980028168810815E-20,-4915.735854390262,-9601.115068681316,296076.4585103575
1533,-0.011244696422815168,0.0063828393528901585,5.2182559832863815E-20,-24012.84420416294,-4277.037053404534,337600.03652129817
1534,-0.010070624434248391,0.006487814907512806,3.6642542598293277E-20,17644.7607396121,33618.44026479626,281084.5268337946
1535,-0.009483588439965001,0.006540302684824131,4.262294209884693E-20,-14310.409030223695,53254.090233248404,300897.7216925085
1536,-0.012127210867488095,0.0061314276855825535,7.836029605987616E-20,-39367.06996862039,-14570.786587393935,412650.82454070623
1537,-0.010953138878921315,0.0062364032402052,3.758337302059638E-20,-14872.74704839828,47599.24916904234,282893.59749263426
1538,-0.01036610288463793,0.006288891017516525,4.2012563803964764E-20,-1873.592289157374,55983.216555816696,298500.39729519445
1539,-0.00977906689035454,0.0063413787948278484,3.2204440176147785E-20,-43559.6530213443,-17505.440230994005,261729.1603502868
1540,-0.01154409577970039,0.005838555460212637,9.794996884982849E-21,1733.4456497233252,-12229.083009618029,146125.736089893
1541,-0.010957059785417,0.005891043237523962,7.164372097216576E-20,-35408.371113426176,-59256.915488710845,390552.4107448331
1542,-0.010370023791133614,0.005943531014835285,2.009282334195451E-21,2383.4188625993074,2473.659742210994,66329.90517311901
1543,-0.011839574230089927,0.005639631570216356,1.3531500504377737E-20,-10252.381356283968,27843.85635460517,169789.65617825618
1544,-0.011252538235806539,0.005692119347527679,5.498541751005663E-22,3073.360482781116,-5487.698958924023,34171.12016843567
1545,-0.01066550224152315,0.005744607124839003,2.8248252571211706E-20,-5634.68123636542,39605.81087423023,245804.22260253745
1546,-0.011843495136585613,0.005294271567535117,6.469799153231056E-20,42113.262176187505,-9420.317784060071,374412.1723810773
1547,-0.011256459142302222,0.00534675934484644,3.8837771681572807E-20,49977.08616045541,-12616.596968755939,287424.53498579946
1548,-0.010669423148018836,0.005399247122157765,2.1557991358562434E-20,-9307.577551306042,21962.221864270585,216246.16724821084
1549,-0.011551937592691762,0.005147835454850158,3.6452300645769756E-20,-2770.7608418876334,-22672.49796686894,281976.3219235929
1550,-0.010964901598408372,0.0052003232321614825,1.7840098093907885E-20,-15528.804577495224,28457.63236577305,195237.3519015548
1551,-0.010377865604124983,0.005252811009472807,4.4180345656299E-20,-27755.683434980936,31497.594075238132,308605.0583901861
1552,-0.010968822504904057,0.004854963229480243,1.3180717837602185E-20,23433.401946840007,-17169.95121873939,167615.1278813366
1553,-0.01038178651062067,0.0049074510067915675,2.627787882687916E-21,-6134.820682919882,-4289.9922229730555,75586.82665506228
1554,-0.011264300955293596,0.004656039339483961,1.414642042479701E-20,-27055.22893384049,-5697.699151658234,174053.29443887033
1555,-0.011268221861789282,0.004310679336802722,1.3478085771526152E-20,9700.002929863469,-5550.454235904468,171658.81088570136
1556,-0.010681185867505891,0.004363167114114047,9.383893920498038E-21,-25496.085363817605,3456.6970784132563,141211.52564357076
1557,-0.01097666431789543,0.004164243224117764,5.1800677541841627E-20,46992.85811262094,-34124.468878861495,332200.91924094514
1558,-0.006605161521161588,0.013342246475992732,7.056744109309374E-20,34309.551731368294,-3138.6618079415425,392104.9812714859
1559,-0.00604105126851609,0.013460750176366122,1.8130884874918636E-20,5620.002746208167,10431.331423659833,199164.85678013557
1560,-0.005476941015870591,0.01357925387673951,3.510290188177413E-20,8718.359086925888,39123.19711827531,274705.4393682022
1561,-0.004912830763225093,0.013697757577112899,1.234703321688869E-20,11116.935245298864,28140.8664846707,161842.15282544133
1562,-0.0043487205105795955,0.013816261277486287,2.8029746950228877E-20,-29573.981291427914,31331.469190701264,244303.22853092273
1563,-0.006298427150336276,0.013161271642007059,7.898969751728279E-20,65039.160349961625,-30338.228248739226,410212.32003771304
1564,-0.005734316897690778,0.013279775342380446,6.884184221395823E-20,-1350.1160694609378,39900.58684221476,386718.016963717
1565,-0.0051702066450452795,0.013398279042753838,6.167770488444214E-20,27182.21042272171,607.7645561648377,366982.78262713994
1566,-0.004606096392399782,0.013516782743127224,8.002502981437109E-20,47614.108490056875,-33086.46776908757,415133.63546964497
1567,-0.006249068661331151,0.012680818273662324,5.2660626006987846E-20,-24520.088934709554,-52540.134734287974,335047.1674467223
1568,-0.0056849584086856525,0.012799321974035712,6.56128435901732E-20,-27245.05936586074,-622.9533621894286,378566.5734991351
1569,-0.005120848156040155,0.012917825674409099,7.590103839552303E-20,17750.28446277166,-56764.091727900544,403864.0407518953
1570,-0.004556737903394658,0.01303632937478249,3.149545779406476E-20,28989.490365292113,-36698.945609083334,258770.62799638297
1571,-0.0059423342905058395,0.012499843439676648,2.727602977149464E-20,18483.96176176473,3888.0741936787763,243985.16683590907
1572,-0.005378224037860342,0.012618347140050038,5.003595666340375E-20,-15664.409910942299,-22884.201909125022,330282.7478139392
1573,-0.004814113785214844,0.012736850840423426,6.979096087577661E-20,41188.83835015575,-15933.76902903608,388944.8802388138
1574,-0.005892975801500716,0.012019390071331914,4.549145176760485E-20,15229.268726077691,18239.607456979433,315140.4819497232
1575,-0.005328865548855217,0.012137893771705299,2.9559730559013496E-20,-13966.964862931387,18576.783979404758,253691.36705276152
1576,-0.004764755296209719,0.01225639747207869,1.8706559529886898E-20,-19740.345767610554,-26584.689101054417,199936.3028185889
1577,-0.005586241430675405,0.01183841523734624,5.951054133070152E-20,-26366.952271701197,44442.73135513384,357752.920727974
1578,-0.005022131178029906,0.011956918937719628,1.3749463880248968E-20,-20469.552754711545,16491.224181456128,171745.4587494931
1579,-0.00553688294167028,0.011357961869001504,2.1618820101584933E-20,-20935.46129053817,-22742.99007844678,215660.35707787916
1580,-0.004972772689024782,0.011476465569374893,7.146304900670413E-20,12721.593804459022,48489.03000774196,392920.6334415901
1581,-0.005230148570844969,0.01117698703501583,3.477434696678886E-20,-15324.35642723414,37409.02906810396,273338.77778211987
1582,-0.005180790081839844,0.010696533666671094,5.605341953986344E-20,-54638.80458431048,23688.763173637595,345717.71932988823
1583,-0.006947545081357557,0.01321711196071981,6.611355550325388E-20,27643.55742192832,55211.643409241595,375955.0099990402
1584,-0.006650801031498861,0.012665921792111134,7.508148626236552E-20,66058.79570561883,31831.584362263133,399333.23280242103
1585,-0.006354056981640164,0.012114731623502462,3.050204400060147E-20,4350.257292112402,-3838.2529841127457,258717.43019699812
1586,-0.006057312931781467,0.011563541454893786,3.7971310843820315E-20,-24749.374757747493,-13085.011106649437,287373.72306376137
1587,-0.005760568881922771,0.011012351286285112,4.851740130642172E-20,-37166.17119192764,25620.751426215596,323239.7971416054
1588,-0.006983194270728216,0.012911002611461216,5.445003925176271E-20,6731.0707717299865,48827.8308586112,342224.426318909
1589,-0.00668645022086952,0.01235981244285254,4.108139672354623E-20,-42286.376359386995,16305.516957992033,296886.680030144
1590,-0.006389706171010822,0.011808622274243867,3.965159302507189E-21,-14110.28977821379,308.4147986067899,92230.48679294715
1591,-0.006092962121152127,0.011257432105635191,6.326632311454624E-20,-122.06049499338167,19913.441416418722,372165.16314511665
1592,-0.00579621807129343,0.010706241937026517,3.2330434080290866E-20,35596.049785277275,25874.55573976258,262766.22670900275
1593,-0.007054492649469533,0.012298783912944023,5.913634806087841E-20,-41678.6031562341,38019.47229757077,355883.9484512211
1594,-0.006757748599610836,0.011747593744335351,4.784380033915648E-22,1598.7002667704696,3892.503376558093,32135.98452927928
1595,-0.00646100454975214,0.011196403575726675,5.3931877401704454E-20,-29793.94825867866,-13894.54509620552,342532.6885691743
1596,-0.006164260499893444,0.010645213407118001,6.221317752084093E-20,-16705.634799935095,-43575.64634028214,366624.24556925305
1597,-0.007386885888698889,0.012543864732294106,4.90737240891358E-20,-3277.6735560078214,-25998.190901545953,327194.881267867
1598,-0.006793397788981495,0.011441484395076756,3.7219942176459566E-20,39127.02510448613,-8285.047599843629,283051.5559466709
1599,-0.006496653739122798,0.01089029422646808,5.679069564341699E-20,-31520.027488689575,-1529.4981868561988,351696.12019398826
1600,-0.007754928317298904,0.01248283620238559,1.2116653870002618E-20,-13236.188242100183,-3945.90843741039,162517.08753165623
1601,-0.007458184267440206,0.011931646033776912,1.1813152524229736E-20,2739.4132687095007,-7651.109306250627,160842.09109919128
1602,-0.007161440217581509,0.01138045586516824,5.506633485703498E-20,17218.592500265844,40475.03060609671,344913.6300016879
1603,-0.00779057750666956,0.012176726853126995,5.487016140985571E-20,15551.008454401073,-32142.425443322758,345245.48567661043
1604,-0.007493833456810864,0.011625536684518321,2.2816839360763915E-20,15155.952460612109,-17738.090053644428,222600.26717676132
1605,-0.0071970894069521675,0.011074346515909644,5.738187250427185E-20,38632.87322792833,52029.74489230403,348976.1708878157
1606,-0.008158619935269576,0.012115698323218477,3.996573962284723E-20,2803.1857570916304,-24688.87766238089,295175.9570071917
1607,-0.007861875885410879,0.011564508154609804,7.859760869469624E-20,41946.21434779146,-50678.52243620771,410165.8286053715
1608,-0.008194269124640233,0.011809588973959884,3.293265080225188E-20,-24333.908380819863,-13010.00016651435,267476.0742715587
1609,-0.007897525074781536,0.011258398805351209,5.886333118931919E-21,-20647.7281905846,2665.0712428357383,111759.7270766972
1610,-0.008562311553240247,0.011748560444051367,5.868955477629245E-20,-44001.02349997202,-26037.23902764775,355304.08594410727
1611,-0.00826556750338155,0.011197370275442693,5.0206586341966237E-20,-47466.106823646944,34834.788966813656,326747.4306435855
1612,-0.008597960742610907,0.011442451094792774,3.385081961685276E-20,-18289.043368225146,-38135.61442272953,269317.484732406
1613,-0.00911271469628251,0.01107557511573159,3.053173190471869E-21,13386.474710600589,-3155.966381816731,80710.59524936475
1614,-0.008512341266714478,0.010917816010495962,7.100106171308878E-20,9268.469352508053,28519.58296300913,393682.70208988903
1615,-0.00791196783714645,0.010760056905260338,5.442162534973296E-20,41088.724537019385,-48792.71765917712,339728.75369816995
1616,-0.007311594407578418,0.010602297800024712,7.075720495242849E-20,-65348.20999546297,31205.31621542095,387434.87878882687
1617,-0.006711220978010388,0.010444538694789085,3.79899519442552E-20,13021.2747623273,-43906.33648990535,285150.8600788002
1618,-0.006110847548442356,0.01028677958955346,4.547006364247761E-20,-48314.5019221499,-19740.99024167742,311620.2514748654
1619,-0.008891383792754086,0.010830756196487438,4.373526811685683E-20,-16418.166095565404,-22408.501645915578,308627.0858832308
1620,-0.008291010363186056,0.010672997091251812,5.2835749626136706E-20,17261.774589686553,-2503.6130841042223,340144.9071094642
1621,-0.007690636933618024,0.010515237986016186,6.397498188756778E-20,-14351.693074144549,47676.78025755365,371457.0042672799
1622,-0.007090263504049993,0.010357478880780558,1.758002785177199E-20,-10962.993150487437,-12326.640878544718,195768.93808013175
1623,-0.006489890074481963,0.010199719775544933,6.505774435386251E-20,10957.231280962269,43362.04229397686,375281.5817439993
1624,-0.009049095415265267,0.01049887746323476,1.2643132642963475E-20,-8772.376101798638,-10771.652414114804,166028.58574538672
1625,-0.008448721985697237,0.010341118357999135,3.077136208481847E-20,-1205.5883280013882,10974.72857433308,259687.8221689738
1626,-0.007848348556129208,0.010183359252763508,8.727158659042781E-21,-12396.041087051159,-1226.2451809276918,137860.95063764823
1627,-0.007247975126561175,0.010025600147527881,2.7267267909746683E-20,-613.3368049504201,38737.8627519296,241589.1148993534
1628,-0.006647601696993145,0.009867841042292253,4.084707679560441E-20,32911.05606815618,15796.573956824108,297234.8925384242
1629,-0.008827764511736846,0.01025405854399061,1.937164993777081E-21,5490.751886170642,-5296.867915089826,64768.15917239328
1630,-0.008227391082168812,0.010096299438754983,6.511527080778286E-20,-6106.600602323172,-44424.497835832844,375435.837226574
1631,-0.0076270176526007805,0.009938540333519355,3.956577617141249E-21,-12431.611832285786,3688.582290170163,92296.62002208874
1632,-0.007026644223032753,0.009780781228283731,9.713374307651914E-21,21806.165987773064,6846.567011995015,144234.86498694483
1633,-0.00642627079346472,0.009623022123048103,4.300294144041311E-20,-4736.20164377854,3041.960495881594,307217.905574184
1634,-0.008385102704679995,0.009764420705502303,1.4539031278735917E-21,5549.489903575928,-452.1117031060725,56223.6475450609
1635,-0.007784729275111965,0.009606661600266679,7.944092150361488E-20,-35286.30121174477,-51554.75164166539,412931.36131340987
1636,-0.007184355845543935,0.009448902495031051,6.471590284361997E-20,59292.835599159174,21437.301969677603,371632.7093688335
1637,-0.006583982415975904,0.009291143389795425,3.095865848015915E-20,-29472.89650931753,15220.353544329422,258593.44199300415
1638,-0.008764145230719602,0.00967736089149378,6.846762054411825E-20,-28824.739896306124,-31564.183890851345,385351.69007613097
1639,-0.007563398371583541,0.009361842681022527,7.29400006531529E-20,-54099.57692574854,4780.612778125525,396475.37862173025
1640,-0.00696302494201551,0.009204083575786899,7.419482953345372E-20,25148.798787508444,-61003.67169948812,398175.1519380526
1641,-0.008921856853230785,0.009345482158241101,4.934633934604394E-20,36269.44495753558,-22519.67999871594,326372.58909185114
1642,-0.008321483423662753,0.009187723053005475,7.535838094842434E-20,42072.41451437953,36192.38680664308,402954.0908503393
1643,-0.007721109994094725,0.009029963947769847,9.942580327676629E-21,1838.4649777212205,23950.542170182405,145781.69504209125
1644,-0.00870052594970236,0.009100663238996949,1.411082690719241E-20,-1787.9449764979279,-13965.750605104518,175449.74404232026
1645,-0.00810015252013433,0.008942904133761323,1.0814879777546304E-20,-17295.78456373229,2403.0611509684,153099.83083625959
1646,-0.0074997790905663,0.008785145028525697,7.770344316819579E-20,33995.30473460895,-31336.001377300727,410442.4561344825
1647,-0.008858237572213542,0.008768784505744271,4.04941278561446E-21,-13706.953722124808,2463.2133253567235,93256.05519748993
1648,-0.008257864142645514,0.008611025400508645,6.655823293935407E-20,25069.647462320827,-37386.966211270454,379611.2390746038
1649,-0.00863690666868512,0.008523965586500119,5.4123623264212624E-20,29936.306944127973,34816.673023661635,341645.9890586916
1650,-0.008036533239117087,0.008366206481264491,2.5713997530804072E-20,4049.782963491839,33402.79630111013,235210.31003205577
1651,-0.008794618291196302,0.008192086853247441,1.2102319103168995E-20,-26398.19213886901,12368.56020795313,160378.46577923512
1652,-0.00819424486162827,0.008034327748011815,6.466616621206725E-20,28675.263350562913,14892.111501186966,375410.20871182624
1653,-0.008573287387667878,0.00794726793400329,7.776055046998233E-20,-47355.076720798446,-52323.51657686379,407118.8558252694
1654,-0.005091850313296963,0.006496793891059696,2.6819107378450203E-20,-42689.65599393024,9335.858761631634,238689.7171206679
1655,-0.005663104355909018,0.006643061695090007,4.855161918640172E-20,-23973.616124926342,-34567.10475565554,323770.32166624564
1656,-0.0062343583985210735,0.006789329499120319,4.067526229793427E-20,-3702.192111791392,-6734.092994582319,298738.96922333626
1657,-0.00680561244113313,0.0069355973031506295,4.8919493310784374E-20,-30742.723972547054,-15800.179717434474,325898.3886129025
1658,-0.007948120526357239,0.007228132911211251,2.1366339008304962E-20,-4532.981295829857,-2852.8213213606077,216522.3055303341
1659,-0.008519374568969293,0.0073744007152415645,4.1557791059204454E-20,-32529.269278739408,-3999.802527046729,300279.0317132079
1660,-0.00529376829218807,0.006733951942833638,1.6454327362177648E-20,-12923.018367453613,-7166.2553192461955,189493.3611434576
1661,-0.006436276377412181,0.00702648755089426,7.898691025398559E-20,-22.578587318327102,23275.730709358882,415784.5215119039
1662,-0.0070075304200242355,0.007172755354924572,5.547304359584856E-21,11768.645564834322,15886.758022398042,108574.52436066023
1663,-0.007578784462636292,0.007319023158954884,6.11130493887939E-20,-18287.904331724658,-56197.00850267428,361501.49865757296
1664,-0.008150038505248347,0.007465290962985195,6.0199960981425015E-21,1590.1448948214077,-14624.62285729883,114020.70788488541
1665,-0.005697604249970284,0.007208268046381522,3.2978672541574754E-20,40232.36149341627,-26882.009910626053,264697.1977847515
1666,-0.00626885829258234,0.0073545358504118336,3.1628289616240387E-21,-11817.679884518428,-4707.105495347247,82354.70240237714
1667,-0.0068401123351943946,0.007500803654442145,2.327637562587169E-20,17900.124755415145,-33886.07108176444,222790.19271473616
1668,-0.007982620420418505,0.007793339262502768,3.1118116923923234E-20,37970.59108033633,-18492.37305491559,257948.13834380024
1669,-0.005328268186249337,0.007299158294125153,3.13761661207339E-20,19.224303753020557,46813.80587313681,258255.68567604036
1670,-0.005899522228861392,0.007445426098155464,1.1090332170951999E-20,7341.985934978468,-10931.210702851678,155485.84159347173
1671,-0.006470776271473447,0.007591693902185775,6.955797771647842E-20,46177.94838958536,14126.675598418904,387795.09702001704
1672,-0.007613284356697558,0.007884229510246397,1.1615940618783672E-20,18493.895050728665,15468.145170992739,157866.86906386953
1673,-0.005160850101419496,0.007627206593642727,7.744802094146066E-20,7394.174059391197,-3736.4669879623652,412275.65154676413
1674,-0.0057321041440315515,0.007773474397673037,6.753896189046757E-20,-52506.199300640175,16551.349597247096,381121.16151937656
1675,-0.006874612229255662,0.00806601000573366,6.439018852854895E-20,-9287.289741853487,68148.04580837964,369649.21544057166
1676,-0.0074458662718677165,0.00821227780976397,2.2889781781495226E-20,-19966.264087019095,-35730.60402484002,220408.8057149812
1677,-0.005362768080310602,0.007864364645416668,7.948447658182664E-20,-32535.45296847985,-24118.119888820944,415777.23816889693
1678,-0.005934022122922658,0.00801063244944698,6.89383739185528E-20,-55650.872633774976,-20574.93201440088,384494.8573580674
1679,-0.007076530208146768,0.008303168057507603,1.0365539417610766E-20,12460.875014012216,11724.011974984423,149883.9806045798
1680,-0.005195349995480762,0.008192412944934242,2.2574369871659736E-20,-28977.5502076456,-3009.7581398244506,220712.74095171416
1681,-0.005766604038092816,0.008338680748964553,4.358357123712874E-20,39408.49105607538,-33.55379191860043,306816.3770272617
1682,-0.006909112123316928,0.008631216357025176,1.6424143339362046E-20,-30001.577599357137,-18468.32988752575,186597.560270496
1683,-0.005397267974371868,0.008429570996708182,2.252126717690933E-20,-33069.75589899412,-23861.895794781598,218593.87763976894
1684,-0.005968522016983924,0.008575838800738493,8.613210754297783E-21,-20569.250385719115,10411.268390150055,135569.69332241922
1685,-0.006539776059595979,0.008722106604768805,9.102343316151266E-22,-8187.491763100504,-1086.7538303452575,43934.47565558175
1686,-0.005801103932154084,0.008903887100256065,7.072964149236755E-20,32648.625199004888,-62881.14384076437,387646.0475483708
1687,-0.006372357974766138,0.009050154904286376,4.15161899777193E-20,-45634.87572917227,-27864.371293574404,297138.5988829558
1688,-0.005431767868433135,0.0089947773479997,7.908152308404737E-20,35476.61758145898,-37067.40564057318,413513.80994126847
1689,-0.005264349783603293,0.00932282564751727,1.6856824649264522E-20,14450.377365230615,22448.20418734494,190517.86241040542
1690,-0.005835603826215349,0.009469093451547582,7.0070491646994E-20,48366.44093123424,-29659.36910499373,388102.1172443301
1691,-0.0054662677624944,0.009559983699291213,2.139008617674099E-20,185.96586107379463,-18486.29813315434,215918.86269962764
1692,-0.008195004020409784,5.307881112086954E-4,6.248171262100061E-20,-42794.25763795723,-14284.90384618167,367621.304295107
1693,-0.007516087681838003,3.8522644060109615E-4,6.376484956446564E-20,48947.68524173808,39074.421372456214,368883.8756731212
1694,-0.006837171343266221,2.3966476999349673E-4,4.6340924877080177E-20,-10723.466353849184,7186.017944065216,318710.76733545924
1695,-0.006158255004694438,9.410309938589733E-5,2.8050415833908734E-20,35344.54914610733,7885.760112236615,245508.25995974027
1696,-0.005479338666122657,-5.14585712217019E-5,2.838539929107351E-20,-35462.77860586677,15420.9179737623,246628.83634922057
1697,-0.007947616025485032,2.8810283193498595E-4,4.0015308168490735E-20,-27024.383737066422,16405.20451296184,294712.7848551958
1698,-0.00726869968691325,1.4254116132738652E-4,6.27042928887508E-20,-58863.13007271871,30462.920914422753,365070.75352957676
1699,-0.0065897833483414695,-3.0205092802127085E-6,1.5256878433271076E-20,-15959.003703806919,-4750.937279355993,182262.96655354684
1700,-0.005910867009769687,-1.4858217988781202E-4,3.088845932159024E-20,-13223.334980554384,6257.640421660532,260005.2684245102
1701,-0.00813175637420731,-5.170605600483359E-5,1.4110270273158736E-20,1908.9285039652004,-23489.777980758536,174425.38752197713
1702,-0.007452840035635527,-1.97267726612433E-4,5.892380604986975E-20,-18489.683422489517,50044.76008915635,355700.6908863417
1703,-0.006773923697063744,-3.4282939722003237E-4,1.142557521119787E-20,-6817.796723385412,15237.83745022959,157501.1353752498
1704,-0.006095007358491963,-4.883910678276318E-4,7.546368921854502E-21,15109.709783853661,-9244.550210212254,127493.42716436388
1705,-0.007884368379282556,-2.943913352785432E-4,1.585116071947474E-20,17341.583074787257,-7688.680639410526,185585.48593003445
1706,-0.007205452040710775,-4.399530058861424E-4,2.6153789329632784E-20,3705.524012470799,12168.065620030273,239290.24951980068
1707,-0.006526535702138992,-5.855146764937418E-4,3.935571541509345E-20,-11926.854943127792,-31649.07718536999,291998.2887968245
1708,-0.008068508728004836,-6.342002232183628E-4,4.5406049941464814E-20,7452.319996148007,47699.15630678323,312025.4605408478
1709,-0.007389592389433051,-7.797618938259622E-4,7.717984965748171E-20,-72516.5108457326,-1090.9394132233106,405205.17611407425
1710,-0.0067106760508612705,-9.253235644335616E-4,5.441615255313251E-20,-24219.813760999554,-12909.805950800732,344556.75950861146
1711,-0.00782112073308008,-8.768855024920721E-4,6.808175853543168E-20,26055.62381482174,-64269.34601470782,380350.45859254134
1712,-0.0071422043945082985,-0.0010224471730996716,7.569556916942707E-20,-19299.624885825677,29210.63341613628,406160.74059901794
1713,-0.00800526108180236,-0.001216694390431892,3.2562146275862586E-20,-14039.656990349244,10167.795154567859,266816.22446192225
1714,-0.007326344743230577,-0.0013622560610394914,3.8973231481363385E-20,-11340.68040966121,5911.227697103227,292238.95028638066
1715,-0.007757873086877607,-0.001459379669705601,1.6238935636171706E-20,-4968.722793277113,12118.174151971538,188365.74718328757
1716,0.009825998908608259,0.011397697167252835,1.318417377646305E-20,-13499.73672539619,26216.167684193613,167561.39160915103
1717,0.01012957566002215,0.010909348876707517,4.335075421163216E-20,-53797.40366334927,6177.274066350254,303720.0063725504
1718,0.01043315241143604,0.010421000586162197,7.5479886673847E-22,-998.1839733436809,602.2513396058938,40691.89919914715
1719,0.010736729162849934,0.00993265229561688,7.988122749387998E-20,-5226.018668833687,31436.31877067024,417572.1219433251
1720,0.011040305914263825,0.009444304005071562,7.715338493488082E-20,-37362.23001264544,-39883.09999576345,407929.3654255932
1721,0.009773846001880616,0.011029407340163996,1.5580917462202387E-20,-31624.49066305608,-12535.471437117441,181800.009284451
1722,0.010077422753294507,0.010541059049618677,4.197943605013149E-20,16106.34421926876,-33790.451494182154,301274.2537743438
1723,0.010380999504708398,0.010052710759073361,1.0194505322178231E-20,-2264.91140123561,5104.70563038704,149503.29074013483
1724,0.010684576256122291,0.009564362468528041,7.230714069080848E-20,568.644180549888,-21216.03847069141,397872.3867946296
1725,0.009365963437011439,0.010781175976531639,9.947888123957297E-21,513.7121011819203,-4221.857847413255,147725.6799018101
1726,0.00966954018842533,0.010292827685986319,3.972275493476726E-20,-31024.80866673521,-37328.89265799812,291301.86708358314
1727,0.009973116939839221,0.009804479395441,1.4715748148277277E-20,-30980.542365341895,2482.261570459457,177039.60847591754
1728,0.010276693691253114,0.009316131104895684,6.703621808527031E-20,45802.28557064388,-40269.15425585955,378762.38361338497
1729,0.009313810530283797,0.0104128861494428,3.459407299513361E-20,-2747.938405237681,35423.56040792186,273295.04404701485
1730,0.009617387281697688,0.009924537858897483,5.0722233231993326E-20,-7790.871891003509,23451.98705077373,332793.936547996
1731,0.009920964033111579,0.009436189568352163,7.592151442986434E-20,-9599.897805674138,67346.51017199647,402567.56382075744
1732,0.008905927965414617,0.010164654785810441,7.179791854894534E-20,56076.59830403737,17065.107259898563,392681.8856591088
1733,0.00920950471682851,0.009676306495265123,4.6488522724438835E-21,5597.286624274727,-9885.267205959199,100387.6675599191
1734,0.009513081468242401,0.009187958204719805,6.151753969901638E-20,15334.562382138532,-32240.31859638723,365772.2921931685
1735,0.008853775058686977,0.009796364958721604,4.5395595728378547E-20,-56917.336460955245,6734.643346391436,310455.702825166
1736,0.009157351810100866,0.009308016668176286,4.693581755899026E-20,-7268.8512393628835,17631.965787370533,320445.8921162706
1737,0.008445892493817797,0.009548133595089246,6.334396973674276E-20,-16173.79736288515,-15160.513352676846,372266.7209829789
1738,0.00874946924523169,0.009059785304543927,5.666494224207758E-20,-57452.7091057077,-27482.183089815768,346920.49874304427
1739,0.008393739587090155,0.009179843768000408,2.256824609440635E-20,19059.9149794289,18274.582877521883,221025.30482748244
1740,0.007985857022220978,0.00893161240436805,1.0997101102465245E-20,20881.127858186403,4525.144496390331,153909.23414830494
1741,0.009587291134265919,0.011660215549555526,1.2129472778064008E-21,-4030.3091188455046,-6753.544426778739,51002.13988393405
1742,0.009203928241268568,0.011146447890621197,4.8518510166504186E-20,6004.279394619808,30124.309691021954,324931.7202038077
1743,0.008820565348271218,0.010632680231686866,1.9694793374373885E-20,-11697.643902305446,26398.759303478175,205929.42085181916
1744,0.008437202455273867,0.010118912572752537,5.014639115231359E-20,2716.4686039105068,-15269.762115911655,331447.8417253162
1745,0.008053839562276517,0.009605144913818205,6.264996628551253E-20,8764.92236619266,-29059.436179712768,369633.55116534076
1746,0.009296430453195935,0.011554444104769381,3.469459115531231E-20,28654.47894398308,8941.71187242905,274357.82971186336
1747,0.008913067560198586,0.01104067644583505,1.6442438491697778E-20,13468.339387990476,-22974.205127643607,188124.3758976019
1748,0.008529704667201234,0.01052690878690072,2.1244501093993096E-20,8403.142762345666,-34908.65242330432,212964.47797839047
1749,0.008146341774203885,0.010013141127966389,7.05740824464862E-20,14481.569772145516,33434.18420020225,391944.2991698242
1750,0.007762978881206536,0.009499373469032062,1.5001042249527202E-20,17896.292975134384,-12638.033664605095,180153.69872477208
1751,0.008714709091055968,0.011342901215197088,5.506800628618791E-20,58933.4341102316,-7754.484195624097,342593.7947811337
1752,0.008331346198058618,0.01082913355626276,7.207064391101869E-20,5136.67379623482,7016.587295313878,397690.8668444392
1753,0.007947983305061268,0.010315365897328429,3.683506639141895E-20,-32360.090231374317,2198.3073163820786,282525.6326085301
1754,0.007564620412063918,0.0098015982383941,6.547279728211375E-20,-7578.64220608534,-26563.13409457594,378133.3358844649
1755,0.008807211302983337,0.011750897429345273,7.703974018929603E-20,-32446.239003212377,15356.552531447769,409700.9547241022
1756,0.008040485516988636,0.010723362111476615,4.3900938922627606E-20,305.1480997369638,2732.155768328598,310448.95469293493
1757,0.007657122623991285,0.010209594452542282,6.223967254833788E-20,-12792.887949914382,-40438.491136261764,367219.9528763907
1758,0.008608852833840719,0.012053122198707314,5.879473812727016E-20,15012.39325127284,57748.21666346672,354296.1000113519
1759,0.008225489940843368,0.011539354539772981,6.267272987509353E-20,35022.24342686847,32208.18605499373,367880.8098775771
1760,0.007842127047846018,0.011025586880838654,3.5606070238886666E-20,26814.49125194456,-44296.50338440204,274760.33105084486
1761,0.008317992152770737,0.011947350753921166,6.153143961814148E-20,54130.74426327144,40847.70220058152,361242.02710548963
1762,0.007934629259773387,0.011433583094986837,1.8537805984146662E-20,19251.379714400136,10902.749673462453,200526.71131910817
1763,0.007551266366776036,0.010919815436052506,3.8606850703544458E-22,2882.7819208211545,-3583.579637293236,28748.490192894402
1764,0.008119633683628119,0.012249575523283204,7.310613624944379E-20,-29203.45493740611,32289.104471652037,398260.809492968
1765,0.007736270790630769,0.011735807864348875,2.1717142864893553E-20,-32045.191535539583,-15296.88250242792,215452.80006842653
1766,0.007828773002558138,0.01214380407849706,4.370360962309847E-20,-2068.2951851887547,52991.13955313896,305189.33343050414
1767,0.007445410109560786,0.01163003641956273,6.208506397419653E-20,-26832.374443249795,27133.206255661105,367224.4380136981
1768,0.00763041453341552,0.012446028847859099,4.305228015687347E-21,2484.882636453764,-278.57954526823175,97190.73835985087
1769,0.007247051640418169,0.01193226118892477,6.768496831359889E-20,50492.72627461935,-10478.698758648186,382028.0503483627
1770,0.0073395538523455366,0.012340257403072952,4.568199314824423E-20,47317.169404256165,256.6463933251142,313141.3372018325
1771,0.01338151835408142,0.006657283707401343,1.9761330489303128E-20,21570.065204326867,-4723.703646954694,207121.12238057464
1772,0.01349702893342149,0.006113694834297031,5.225406400684241E-20,-60271.88446244036,5799.309088078125,333255.6859340049
1773,0.013612539512761559,0.005570105961192719,4.8621790118124583E-20,-8790.899119486907,22496.95933723781,325833.5615028668
1774,0.013728050092101627,0.005026517088088406,5.988454211327053E-21,-8233.616719803655,-8440.826469570871,114056.29575343225
1775,0.013843560671441695,0.004482928214984094,2.3430038529828E-20,-34648.44700329759,-1031.4384730153488,224142.68668548943
1776,0.013206900572942822,0.006360304671398181,2.118964929509903E-20,26510.965317706283,-19462.658239863,213169.04143096064
1777,0.013322411152282889,0.005816715798293866,5.192662549274232E-20,37173.63249073136,-25527.15181746255,334624.0687827555
1778,0.013437921731622959,0.005273126925189555,6.037606646346336E-20,48817.2338841546,451.60651841302814,360797.01756586635
1779,0.013553432310963027,0.004729538052085242,4.728315270930463E-20,-11754.580129968985,37879.26263041166,319748.1349013169
1780,0.012742154431325552,0.006309935472496165,4.0608534695086945E-20,-44868.92854631733,-8349.58402585652,295084.03362363455
1781,0.012857665010665622,0.005766346599391851,2.6788261024420594E-20,-36454.21608135858,-19150.044251402196,238995.79015055922
1782,0.012973175590005688,0.005222757726287538,6.792253462794889E-20,20570.11153264688,45847.83910286951,382885.33604996756
1783,0.012567536650186952,0.0060129564364930005,7.517299949191567E-20,22577.700639322076,-53253.95549521351,402118.42658912047
1784,0.01268304722952702,0.005469367563388687,3.2346102797806354E-20,12471.702746038745,-22081.481250094523,265280.84613471484
1785,0.012798557808867088,0.004925778690284374,6.009618694192784E-21,12525.442857565566,-2846.646677269918,114146.20407448678
1786,0.012102790508569682,0.005962587237590984,5.998374571790084E-20,14910.794236702639,-58738.99581017185,357804.21949660446
1787,0.012218301087909752,0.005418998364486671,7.710597389318021E-20,-14226.74532888356,-39449.27352641596,409304.56526447175
1788,0.01233381166724982,0.004875409491382358,2.0148513744229418E-20,29286.454497591334,16492.1783461647,207622.55915034295
1789,0.011928172727431085,0.005665608201587819,3.666552499709522E-20,-22496.482223566956,-23698.073166083836,281838.2809487196
1790,0.01204368330677115,0.005122019328483507,5.974448798103792E-20,-603.9081676887304,11974.968986935006,361977.06823728944
1791,0.011463426585813813,0.005615239002685804,5.864569995510876E-20,-33958.43231676731,-27277.35334602049,356176.23099632916
1792,0.011578937165153883,0.005071650129581492,7.626106279617207E-20,27022.35692677259,32314.979909096648,407012.74861673906
1793,0.011288808804675214,0.005318259966682641,2.2804399082861015E-20,35178.12526079229,-4640.158237749271,220927.31163787356
1794,0.013258529458742577,0.006989442833609211,5.583344051844847E-20,-54610.93475874975,15981.634872767338,345465.71422666573
1795,0.012725726189779353,0.006699985971188228,7.080702058136738E-20,12145.489406712157,-30020.132741994606,392951.1371242461
1796,0.012192922920816128,0.006410529108767245,4.5498835866449787E-20,41456.33986872839,33217.862284364026,311564.27080607635
1797,0.011660119651852903,0.006121072246346262,3.344801597481665E-20,34628.169623387585,24886.65090172982,267615.20236373023
1798,0.010594513113926455,0.005542158521504295,5.0868651770225435E-20,-59809.88774857833,-1848.7846609995258,328790.6991224139
1799,0.01296092278226513,0.0070246229238139155,1.16424950911053E-20,8793.766833305799,7747.38783501911,159449.6315407067
1800,0.012428119513301908,0.006735166061392932,5.512958095470913E-20,7591.685979311303,-43416.43919800053,345103.40229733917
1801,0.01136251297537546,0.006156252336550966,6.877686705272883E-20,-10285.095249200034,4851.141701036862,388423.39326385094
1802,0.010829709706412234,0.005866795474129983,1.067553150537839E-20,-2007.1391245978405,853.3920420321869,153080.94539580576
1803,0.012898512698273466,0.007384439966644308,3.5648262966399693E-20,16791.52781246825,-17896.690805762024,278684.0960040769
1804,0.012365709429310241,0.0070949831042233244,3.698676497136978E-20,25892.044152083126,-30235.35957893454,282172.33345063747
1805,0.011300102891383793,0.006516069379381358,6.406035827333793E-21,-6057.754735447858,4526.965869423104,118353.30559073141
1806,0.010767299622420567,0.006226612516960374,1.4948900511223695E-20,13657.489388785816,20557.82539537945,179476.2436934922
1807,0.012600906021796022,0.007419620056849011,3.3636460004763952E-21,-452.9319812662245,-3040.0837501290575,85881.11328729018
1808,0.011535299483869573,0.0068407063320070445,7.200526507283099E-20,31153.971678568814,4798.600623515639,396354.01549214794
1809,0.011002496214906348,0.006551249469586061,5.987700671034455E-20,10768.341396511074,-13951.020287253901,362148.4828954751
1810,0.012538495937804359,0.007779437099679403,4.266282324760266E-20,-51233.63101166912,-16756.15808211064,301267.54147376324
1811,0.01200569266884113,0.007489980237258418,2.617278949192185E-20,-30558.66603522284,19168.77122167698,236985.35381732215
1812,0.010940086130914684,0.0069110665124164535,4.606230380374264E-22,-2093.324380728391,922.2140612017446,31718.81111598172
1813,0.01224088926132691,0.007814617189884106,7.295306684916612E-20,3472.505062285621,-32619.944575002788,398867.03619174944
1814,0.011708085992363688,0.007525160327463124,7.676893562237747E-20,-19945.880283919927,-32530.151008171517,408769.9174813958
1815,0.012178479177335246,0.008174434232714498,4.708266090102249E-20,19049.07362295713,55085.31046098306,316187.338691226
1816,0.011645675908372023,0.007884977370293516,8.005064659810887E-20,-64538.65147537659,-22471.78625690217,413622.7468791918
1817,0.011112872639408798,0.007595520507872533,1.4770190004577392E-20,20942.25147284144,-12684.126291572205,178406.95831848602
1818,0.0118808725008578,0.008209614322919204,3.712760333134117E-20,5633.742614608345,32459.101816344682,283601.2763120006
1819,0.011818462416866135,0.008569431365749593,2.047480682771533E-20,17704.583480820373,21400.15806810202,210194.63551854057
1820,0.01128565914790291,0.00827997450332861,1.3762370853551164E-20,-1669.1342112059433,23139.072321855958,172271.88034658102
1821,0.011520855740388691,0.008604611455954298,2.5991322089845626E-20,76.48929478693057,458.45815076395985,238882.18332994776
1822,0.013841584081984609,0.0041198020030135535,2.9606898264205856E-21,656.1086135622924,9531.455903361517,80056.40620474814
1823,0.013504465305103013,0.003630080993977424,6.885171384887124E-20,4933.908221648058,13664.299947528143,388529.69157862506
1824,0.013167346528221418,0.003140359984941296,6.215685491907725E-20,-55059.044129840484,21174.037853621416,364674.86374356673
1825,0.012830227751339823,0.0026506389759051673,6.302414839368819E-21,-8729.565392477805,3851.8064929971597,117243.97333174443
1826,0.012155990197576632,0.0016711969578329104,2.906371489728243E-20,-32057.54586081328,-26804.805417019572,249127.03327286855
1827,0.01181887142069504,0.0011814759487967822,1.329841712639471E-20,22408.351766243675,-16914.89433490837,168549.4821641275
1828,0.013549479132048854,0.0040032856281441605,7.033201077801754E-20,-68.11926691180052,5114.437838489834,392925.2547648687
1829,0.012875241578285663,0.003023843610071904,1.4815665279717424E-20,-536.1985735312982,-6203.001390144828,180248.67721724822
1830,0.012538122801404069,0.0025341226010357747,9.828972341537185E-21,-477.26618561734756,-15025.017176703986,146129.74208464223
1831,0.012201004024522474,0.0020444015919996463,5.520515714640695E-20,24229.954901948295,-18668.430768633258,346798.6565780501
1832,0.01186388524764088,0.001554680582963518,4.33417117344181E-20,13326.954528062779,21390.658717328948,307446.1587953747
1833,0.012965269232177343,0.003770252878405376,4.033793306864375E-20,7775.691614269861,34074.51901235341,295536.5859280684
1834,0.012628150455295747,0.0032805318693692478,1.1698642270813521E-20,-10260.004708101624,-11089.12490952683,159551.1648807451
1835,0.012291031678414154,0.002790810860333119,2.3351361934735587E-20,12025.521137041198,35795.26705071006,223255.17040299784
1836,0.011616794124650965,0.0018113688422608624,3.636660468109572E-20,-42650.94052235526,30487.68707790015,277660.97148244496
1837,0.013010283059123185,0.004143457512572113,8.001714829017511E-20,-60745.466293723,-35952.18880489294,413155.9963454296
1838,0.012673164282241588,0.003653736503535984,1.6654995033313744E-20,-12733.736926886955,26895.86602094189,188894.49738397813
1839,0.012336045505359994,0.0031640154944998556,6.839372637647988E-20,58852.48068340294,-26383.852360076686,382100.9410912686
1840,0.011661807951596805,0.002184573476427598,2.0261689133881185E-20,-38021.61562371836,590.2679353478557,207459.16340077782
1841,0.012763191936133268,0.004400145771869457,3.640585112725696E-20,-574.0820606811594,-24859.820870911673,281623.94000771537
1842,0.012426073159251674,0.003910424762833327,6.197956839620401E-20,-23917.688421215946,21221.80163881716,367499.5718820739
1843,0.011751835605488484,0.0029309827447610713,5.570632334955805E-20,6980.066725518712,-30593.625073931507,348310.989340556
1844,0.01141471682860689,0.002441261735724943,5.3152016685039146E-20,45081.85139754535,-35384.289447461604,336768.09320072894
1845,0.012471086986197517,0.0042836293970000645,1.1268665794890961E-20,-14968.743487442347,-14784.850944465921,155878.56211711594
1846,0.012133968209315917,0.003793908387963935,4.396561619853585E-20,9603.237584944129,38354.08410188894,308163.68137234467
1847,0.01145973065555273,0.0028144663698916788,6.172444270090897E-20,-31428.79490893516,29713.697491598527,365578.37206818577
1848,0.012223995863207599,0.004540317656297409,6.595542258777199E-20,-46094.11583873158,-4498.0198359450915,377706.9971443196
1849,0.011886877086326002,0.004050596647261279,1.6691287232264812E-20,-13951.136023910582,-9523.721608597301,190685.63711087612
1850,0.011212639532562813,0.003071154629189023,6.59853430603201E-21,-10255.761064032558,-14462.272907273804,119050.38618994266
1851,0.011931890913271846,0.004423801281428016,2.117204737709988E-20,-23481.187692607833,2499.9970208192794,214304.46747460245
1852,0.01159477213639025,0.003934080272391888,3.8121881341726025E-20,3971.417849914627,25590.04557778946,288144.69631373073
1853,0.011257653359508655,0.0034443592633557596,6.637889440506182E-21,-8059.9334981006505,12758.727417978476,119774.74889044909
1854,0.011347681013400335,0.004190768531689231,6.849280685664677E-20,54870.39921527678,-16281.943705441756,383539.46776312694
1855,0.011010562236518742,0.003701047522653103,5.323877835877222E-20,-27617.153528651903,-17955.037869917862,340297.7629679477
1856,0.011392694840346175,0.004563973165855968,5.0285845971773203E-20,703.1503330574037,-6040.579590691714,332215.91085313837
1857,0.01114560371735626,0.004820661425153312,6.743440859795743E-20,-27658.39963906322,-641.5146568057617,383782.80201454
1858,0.010808484940474665,0.0043309404161171825,1.3125019060156001E-20,-24325.76361900247,18320.681728862855,167000.250754085
1859,0.010853498767420505,0.004704145050283919,5.806871638051564E-20,-18751.73948305441,-12661.039903215713,356342.5602151115
1860,0.01116485556449973,0.009098169900014327,2.3947891695002135E-20,35711.37654936128,12474.589219257414,226158.28608148656
1861,0.011016752842933344,0.008511495046766257,1.7458539443432793E-20,-21284.423496536903,-230.34942796192706,194622.19409092033
1862,0.010868650121366962,0.007924820193518192,7.93509383485882E-20,17479.08230592042,-2008.2753255051991,417023.0356170504
1863,0.010720547399800578,0.007338145340270124,3.7753670588983676E-20,33939.723061677665,-27857.884816026362,284537.5237078024
1864,0.010424341956667811,0.006164795633773987,5.036316375829758E-20,7337.350054189252,-22295.308379674287,331697.4989724509
1865,0.010276239235101427,0.005578120780525921,2.1470839546681766E-20,15343.56935169057,12379.098068335814,216220.6346351544
1866,0.010933675556594098,0.008872094258413569,1.9116193486181645E-20,-215.87507721609882,22654.26594047212,203610.0590012989
1867,0.01063747011346133,0.007698744551917435,1.0682729902117401E-20,-11380.23228930755,17967.546190818655,151664.08497221838
1868,0.010489367391894946,0.0071120696986693675,7.441153140702317E-20,-10548.157589105316,-16294.036973581042,403728.0995333197
1869,0.010341264670328565,0.006525394845421299,2.3763969533373985E-20,-9676.269019046407,-9390.144928927035,228019.46273977633
1870,0.010619418262349219,0.009006617828460128,3.585789098454583E-20,4232.962703714836,16815.673086877647,280047.55517372687
1871,0.010471315540782835,0.008419942975212058,6.758139759240437E-20,-26217.403788302607,44899.20459420641,381672.72112359374
1872,0.010323212819216453,0.007833268121963992,7.81708028193275E-20,29633.995880475115,-13967.78967477265,412981.19290702627
1873,0.010027007376083688,0.006659918415467857,3.492880176522907E-20,-41060.335124825506,9686.100502921052,273692.7074423101
1874,0.009878904654517304,0.00607324356221979,6.7139065723773476E-21,20390.72394247854,4580.407018213647,119598.80790663503
1875,0.01038823825444359,0.00878054218685937,4.383359206087569E-20,-41368.269100981954,26408.64652121435,306316.0110102301
1876,0.010092032811310821,0.007607192480363237,4.833993846415323E-20,40825.73674927095,-14130.207275143244,322901.9733113935
1877,0.00994393008974444,0.007020517627115169,2.317622808276468E-20,-2757.566159195348,35305.53026425506,222778.33836716376
1878,0.009795827368178056,0.006433842773867101,6.69624828097441E-20,12355.102847780523,-67053.9192804482,377319.00630381797
1879,0.009925878238632328,0.008328390903657862,3.7362088999514524E-20,492.9031798705046,-6629.022816852156,286331.36556459835
1880,0.009777775517065945,0.007741716050409793,3.0160810131074783E-20,-21736.831302169834,-8688.949607315464,256263.90059682028
1881,0.009629672795499561,0.007155041197161726,7.889899460129623E-20,-34550.347601672845,53848.11744122764,411256.8061287551
1882,0.009842800952293082,0.008688990115305174,5.259507626492919E-20,19843.441248117135,19503.01051575722,338674.2663009202
1883,0.009694698230726698,0.008102315262057106,4.997621850306927E-20,-28875.03335269317,37947.23993085561,327796.9435618007
1884,0.009546595509160314,0.007515640408809039,3.7007346655663004E-20,-51999.099680762505,-5840.232874793585,280201.6663007214
1885,0.009528543658048203,0.008823513685351732,4.4531305964865267E-20,-11696.77147292641,8540.842426973186,312346.51189724024
1886,0.009380440936481818,0.008236838832103662,6.872127867956112E-21,5508.418162480725,11217.47488965562,122195.92059403872
1887,0.009232338214915436,0.007650163978855596,6.0785279772058E-20,-48843.17799401309,22145.174385289203,361358.81177085906
1888,0.009297363650142573,0.008597438043750976,2.2404099994863177E-21,-4713.476554458639,8361.719083652566,69474.96198746908
1889,0.009149260928576191,0.008010763190502907,6.419623552503956E-20,24717.113799005485,-61058.767766668636,369602.50719402597
1890,0.009001158207009806,0.007424088337254841,2.0862691141151368E-20,19325.50403281977,1470.1994782281272,213141.2241870798
1891,0.00883500363433131,0.008145286760549464,4.2579445111578774E-20,46533.090445622474,31792.830837934416,300513.9150251896
1892,0.008686900912764929,0.007558611907301396,3.543527291521347E-20,-3819.1975805653883,10554.116542214504,278699.60435626423
1893,0.008751926347992064,0.008505885972196776,5.91236115978771E-20,-31188.458457246394,38370.31157638507,356879.5412298908
1894,0.008437669053747187,0.008640409542243334,8.526847515169557E-22,1640.7067239688454,5428.17122642368,42894.579558846024
1895,0.008289566332180802,0.008053734688995265,7.428843014850156E-20,8660.438725353286,41454.653323268365,401633.38176055095
1896,0.008206489045841557,0.008414333900642577,6.497972333632156E-21,15095.75825394848,-10834.221286804273,117988.48487962689
1897,-0.0011663735606978858,0.015110129025062115,2.5432864205197518E-20,5334.285950558337,-42049.492186958836,232469.75004142532
1898,-6.56495716932071E-4,0.014972914346259476,7.773976008334779E-20,35209.825631147374,-9722.77334404986,411516.8360306712
1899,-1.4661787316625586E-4,0.014835699667456839,1.2567010963136607E-20,-9173.51169351605,-24215.415599480646,164075.6127560522
1900,3.632599705995592E-4,0.014698484988654198,1.0314885704803527E-20,11344.382476798146,-15874.785909545968,149218.02016943347
1901,0.0013830156581311891,0.014424055631048921,5.1438167242376034E-20,-24009.846189598553,56162.19028018843,330459.8171975771
1902,-9.740353806060575E-4,0.014854664233574379,1.3816026010492412E-20,10760.540487386028,-9206.44169166115,173588.7597318217
1903,-4.641575368402426E-4,0.01471744955477174,4.114588259845382E-20,-28345.092716815325,33105.302833752685,297385.07682737766
1904,5.555981506913873E-4,0.014443020197166461,6.858953164672195E-20,-46124.71226795233,30612.44265848159,384091.31398592144
1905,0.0010654759944572025,0.014305805518363822,5.4146051122773707E-20,-49360.34169861271,-14541.49974322668,340927.7160927677
1906,-0.0010992368641882155,0.014480949329401539,2.206463531729697E-20,19600.482433263507,20860.666877562715,218230.11699395385
1907,-5.893590204224007E-4,0.0143437346505989,7.479941800316566E-20,-21883.790952715797,42441.500510049584,402423.37639013573
1908,4.303966671092295E-4,0.014069305292993621,4.342242823471391E-20,-3319.0870766428548,54800.97123598779,303844.3049508234
1909,9.402745108750444E-4,0.013932090614190982,3.8937919445079055E-20,43835.45971040694,-28422.794583883802,287680.7712135201
1910,-9.068986840963871E-4,0.0142254845379138,4.619275931275442E-20,28756.892771410407,-39600.10911903146,314678.81193283066
1911,1.1285700343524277E-4,0.013951055180308524,2.776774829342148E-20,1963.4904736512458,36837.17525229762,244139.89547007892
1912,6.227348472010579E-4,0.013813840501505881,4.015897436096303E-20,-27156.252185676633,31494.723484906634,294008.7041613082
1913,-0.0010321001676785453,0.013851769633740964,5.388157668977219E-20,20401.8658555292,39804.88597679282,341025.3341070874
1914,-5.222223239127302E-4,0.013714554954938321,1.7452954605302347E-20,-5628.088065917239,-16427.78386901174,194979.66300204172
1915,4.975333636188998E-4,0.013440125597333045,4.517282284743186E-20,6985.287106298119,34535.133847974896,312949.04816253664
1916,-8.397619875867167E-4,0.013596304842253222,1.7799206509074967E-20,5781.9629164612015,-3541.6442755278244,197567.3325722054
1917,-3.298841438209021E-4,0.013459090163450585,2.383621947542326E-20,-15659.849768255426,18245.91034571411,227497.6123361194
1918,-9.649634711688747E-4,0.013222589938080384,4.254185946817834E-20,-14251.693876477588,35597.40655900864,303202.7687686059
1919,-4.550856274030599E-4,0.013085375259277747,5.659988103068619E-20,-21599.870843434386,9053.812703564114,351736.47323821747
1920,5.479221636275516E-5,0.012948160580475106,7.727077313014037E-20,30756.21881341146,-3154.9024812700313,410724.72072298056
1921,-7.726252910770466E-4,0.012967125146592647,2.3369352274916783E-20,-18382.754022834943,-2489.0949634345347,225752.43659626527
1922,-8.978267746592045E-4,0.012593410242419808,2.7405558092372274E-20,7023.866151468896,22139.465170678293,244193.4255748504
1923,-3.879489308933896E-4,0.012456195563617168,2.739372035451703E-20,30118.938221841516,30760.18886236368,241434.4421701458
1924,-7.054885945673761E-4,0.012337945450932069,4.150230991026898E-20,39618.779894702726,7382.4063871720955,299158.3029547444
1925,-0.001488145780173696,0.015086430917734968,6.245259791234598E-20,-4652.461844972099,37788.446521036865,368330.41680904804
1926,-0.0014210090836640258,0.014457251222074393,4.1567686717635067E-20,42010.8282029668,28603.137864210395,297792.42051992245
1927,-0.0013538723871543556,0.013828071526413816,5.557875697552261E-20,-56935.594593035945,-18963.076266362244,344127.7380065501
1928,-0.0012195989941350147,0.01256971213509266,4.047001378593843E-20,35948.236798337144,29823.84732358965,294400.50625389366
1929,-0.0011524622976253442,0.011940532439432081,7.049130170261333E-21,21647.344743988942,7037.695399290066,122304.93020756755
1930,-0.0016175798195576776,0.014807268018920081,7.708175902180549E-20,-57235.96549382008,34064.69685888787,405954.860537337
1931,-0.0014833064265383372,0.013548908627598926,5.4033942953490085E-20,-30711.52910932578,-15113.84046609126,342727.06733743387
1932,-0.001416169730028667,0.012919728931938351,3.2710844009905924E-20,-43607.4574989822,5384.424653523143,264361.9913168237
1933,-0.0013490330335189965,0.012290549236277773,6.938569055688659E-20,-32682.00290355198,38175.010773205184,387057.22616089374
1934,-0.0018764478983256416,0.014248942221290308,5.6186287995542E-20,-24305.76055381426,41152.30823056597,347957.9466594855
1935,-0.001809311201815971,0.01361976252562973,6.395735108152485E-20,21992.11033229328,1784.1107761503674,374077.27477249765
1936,-0.0017421745053063005,0.012990582829969151,7.310207479514546E-21,-9240.678625346669,9559.93134472152,125988.31399465019
1937,-0.0020730186342192937,0.014598959018135996,3.411359215837727E-20,-43156.06483577524,2567.9090875843467,270238.0582464783
1938,-0.0020058819377096228,0.01396977932247542,6.779265165320196E-21,-1616.6068585244732,1097.224851422245,121984.90297331646
1939,-0.0019387452411999526,0.013340599626814843,7.210865237462604E-20,-8355.823438800604,18619.47859746025,397367.06900217914
1940,-0.002399023409496928,0.014669812916166801,1.758428281660659E-20,-19812.910052610165,20335.36287639278,194424.46853646357
1941,-0.002331886712987257,0.014040633220506223,1.1577337470787428E-20,-7890.122063510268,-4544.311006385206,159171.5319694757
1942,-0.002264750016477587,0.013411453524845646,2.1318210929149416E-20,28735.285426191705,14090.142316401252,213964.20170361077
1943,-0.0025284574488809086,0.014390650017351913,5.1049852662387184E-20,20780.98748710203,-5467.591771677011,334095.87430618005
1944,-0.002461320752371239,0.013761470321691338,2.868734461818333E-20,661.1787044578474,-44319.81786905268,247021.14224001396
1945,-0.002394184055861568,0.013132290626030758,7.502360387940882E-21,-4162.688114048488,13435.833473791481,127569.06773304913
1946,-0.0027873255276488727,0.013832324219722138,7.629692228843583E-20,-52836.995458101825,33977.3846074258,404433.38530514436
1947,-0.0027201888311392023,0.013203144524061563,1.1911281320460782E-20,8570.748564821155,3330.449458858688,161453.14461418008
1948,-0.0029838962635425244,0.014182341016567832,7.217979381867733E-20,17188.539062230335,36340.09644136561,396052.0636865319
1949,-0.0033099010388201585,0.01425319491459863,7.45719845755469E-20,-22919.483230040005,-33895.15527772855,402555.8762155265
1950,-0.003242764342310488,0.013624015218938053,1.6349136202769584E-20,-23795.799226636846,-22045.957149365142,186662.4712572108
1951,-0.00343933507820414,0.013974032015783747,7.784530781724713E-20,42574.65474530024,49539.33601677491,408222.1905577955
1952,-0.003974935400817608,0.013758801829468797,7.866057907291607E-20,-21929.052391045094,70775.03480232546,408915.7236858583
1953,-0.0034523598896463214,0.013337931134592302,6.565876921968286E-20,-30984.1390638008,-11696.619838135066,378231.8539719483
1954,-0.002929784378475036,0.012917060439715812,7.295081282609712E-20,15277.571346456001,10296.968031692662,399783.2551470826
1955,-0.0024072088673037497,0.012496189744839318,4.6557387349842164E-20,-16018.825597976953,-51892.48880482749,315069.83739329735
1956,-0.0018846333561324637,0.012075319049962825,1.7541604014303593E-21,-6777.593587266175,-3843.509024765919,61567.99280684671
1957,-0.001362057844961178,0.011654448355086331,4.589684804466285E-21,-13080.886350084602,11912.552009228655,98811.98813853112
1958,-0.0038585261728758076,0.013401863847092247,6.624233155428314E-20,19669.64988799376,-9714.763251201368,380731.03589114925
1959,-0.0033359506617045218,0.012980993152215752,1.6182584650133943E-21,-2146.71833581811,8470.722471795038,58962.58675045178
1960,-0.002813375150533235,0.012560122457339257,3.8283416875194533E-20,-40560.71264293203,30714.022503362638,285419.20565469534
1961,-0.00229079963936195,0.012139251762462767,6.771069887057502E-21,-3630.6262987963823,3162.3829677972603,121831.68187115184
1962,-0.001768224128190664,0.011718381067586275,1.5079468077508282E-20,18007.546778669945,4993.049350284674,180992.64322270593
1963,-0.004148283228163493,0.01310885857721563,8.711368611743437E-21,9024.591937243702,-13060.27108097652,137383.13455230973
1964,-0.003625707716992207,0.01268798788233914,7.727148495672746E-20,-70773.21672902627,-26134.09674592754,404920.261605994
1965,-0.003103132205820921,0.012267117187462645,5.362846467217049E-20,26707.575773995217,37335.97893544816,340052.8747572988
1966,-0.0025805566946496346,0.011846246492586152,1.1734734268536969E-22,1161.0379736056855,-1586.493587876163,15930.335655171186
1967,-0.0020579811834783492,0.01142537579770966,3.2157826176827716E-20,-20357.94784340827,-37299.12426504561,262293.7737705003
1968,-0.004031874000221693,0.012751920594839079,6.901793727426088E-20,-10993.579392234606,-18607.178903710228,388669.835261563
1969,-0.003509298489050407,0.012331049899962587,6.263355157952711E-20,32293.821618752932,-5830.619339474306,369374.21512024914
1970,-0.002986722977879121,0.011910179205086096,2.878478266744069E-20,25968.06559785996,27164.925374167182,248567.46218577103
1971,-0.002464147466707835,0.011489308510209599,6.752622375872912E-20,16630.908577726328,-49487.366317728694,381484.77606014855
1972,-0.004321631055509379,0.012458915324962466,4.228781246975494E-21,-6530.380211623745,-2799.8989257866074,96093.52098401808
1973,-0.003799055544338092,0.012038044630085974,3.0573905473240287E-20,-14561.351530682028,45406.780174784064,254661.2090372078
1974,-0.003276480033166806,0.01161717393520948,5.422556805295531E-20,50800.95101404137,-25797.441342113478,340305.66209827474
1975,-0.0027539045219955203,0.011196303240332987,4.5235959863222996E-20,20524.78400644664,-50277.77377561263,310432.07738328597
1976,-0.004205221827567578,0.012101977342585914,4.66064903178254E-20,46647.07703514267,23725.60857678322,315574.6957605511
1977,-0.0036826463163962928,0.011681106647709423,4.525101461141575E-20,-52060.70162789514,12121.002193814515,310633.24648921815
1978,-0.003160070805225006,0.011260235952832928,5.1907915643486083E-20,49617.28117888585,-27453.519561831476,332791.42628704326
1979,-0.004494978882855263,0.011808972072709301,2.4988052120902014E-20,-35603.46537599895,20563.32567697036,230589.9844667912
1980,-0.003972403371683977,0.011388101377832808,6.856921362289584E-20,47481.332684522466,29724.79008965381,383937.6241371572
1981,-0.003449827860512692,0.010967230682956316,5.52335616184976E-20,-38561.91805461695,5812.3548800082335,346044.0249934767
1982,-0.004378569654913463,0.01145203409033275,4.903157339490718E-20,52922.003840832855,17384.95161169986,323338.24559610785
1983,-0.0038559941437421768,0.011031163395456256,2.917999563356898E-22,1425.071831726256,1813.7373478200639,25205.901795082227
1984,-0.004668326710201148,0.011159028820456135,4.6061861525431024E-20,-29353.382756165105,-39735.67461961966,314149.5609714802
1985,-0.0041457511990298625,0.010738158125579643,5.8709173095489896E-21,16565.69203306387,-10590.899395173605,111817.85445653801
1986,-0.00455191748225935,0.010802090838079583,4.585738724449396E-20,20072.107188148006,10226.655509564273,316502.90246982046
1987,-0.0048416745375470345,0.01050908556820297,7.579515721331023E-20,-53482.191642489175,29900.643319989045,403307.00377564033
1988,0.006804691039973925,0.012635531565982194,5.61772768779918E-20,-46499.55242989008,-31781.885837101374,346651.026582715
1989,0.006895424974729853,0.01202677072297343,2.4025630711710318E-20,17400.21808525586,-17359.52706520545,228352.8984225392
1990,0.006986158909485782,0.01141800987996467,1.6460996832216522E-20,6170.542662069388,32384.657247622996,187226.8543137372
1991,0.007076892844241711,0.010809249036955907,6.004338690256794E-20,35061.57831467577,-39973.93213717911,359165.94433350617
1992,0.007167626778997638,0.010200488193947144,7.19745803501613E-20,-4124.284900912304,-33866.266296316964,396054.0355843298
1993,0.007258360713753565,0.00959172735093838,4.446596675131309E-20,-12855.91129575038,-32693.38570551736,310471.44400668744
1994,0.006666545165887547,0.012326356190167361,3.1943645355754246E-20,-7292.684278160866,-25335.285743503635,263511.65606061445
1995,0.006757279100643477,0.011717595347158598,3.1877467035051526E-20,24922.477777556913,-37529.87810875922,260688.5772890142
1996,0.006848013035399405,0.011108834504149833,6.59357820397365E-20,36924.25469981718,6380.792119990395,378629.4214786595
1997,0.006938746970155332,0.01050007366114107,2.0968196873251913E-21,1587.5697466579813,-6801.44666222907,67489.75854552512
1998,0.007029480904911261,0.009891312818132308,5.641463288423456E-20,34170.759970602776,23838.372821637833,349463.0812391335
1999,0.006299519482958864,0.012316766281546447,5.329781309917649E-21,11687.273586507397,-16258.668772268591,106305.22414270054
2000,0.006390253417714793,0.011708005438537686,5.032254431930266E-20,25446.993488313852,17121.816052782684,330974.7133660248
2001,0.00648098735247072,0.011099244595528926,1.1442454329876126E-20,-23725.016972216807,17014.15966661313,155788.2613150162
2002,0.006571721287226649,0.010490483752520163,6.945137404980079E-20,34301.329079964824,-57963.97263461771,384638.2040818093
2003,0.006662455221982576,0.009881722909511401,6.237473975410358E-20,17129.190314625233,-42484.00925534024,367216.10486568836
2004,0.006161373608872486,0.012007590905731617,2.5732402552162965E-20,-25239.33230917293,4650.176181307568,236300.229253654
2005,0.006252107543628415,0.011398830062722853,4.060263797628335E-20,-52486.22799362006,7157.1458960925775,293834.2183435238
2006,0.006342841478384342,0.01079006921971409,4.607588615904265E-20,14108.133991661873,35319.0635524907,315776.5150451113
2007,0.0064335754131402715,0.010181308376705328,4.1049545018364854E-20,-8194.89787264558,-2656.047197698934,300085.9307280543
2008,0.006524309347896199,0.009572547533696565,5.943667713736033E-20,13018.287283165542,60061.86967441107,355975.34964245325
2009,0.005885081860699731,0.011389240154101945,5.683282623408599E-20,36611.260169625624,-31829.293010279765,349892.8740533087
2010,0.0059758157954556594,0.010780479311093182,3.4676038419231484E-20,-16303.034025697632,20766.48666936372,274655.20751158346
2011,0.006066549730211587,0.010171718468084418,6.656354062543512E-20,-12700.413290932354,-2275.6875387861055,382068.2390020072
2012,0.0061572836649675155,0.009562957625075657,4.4966624776778595E-20,22351.45105299431,-21764.326952892137,312654.1030802011
2013,0.0056562020518574245,0.01168882562129587,7.660364014077653E-20,20463.622247495277,-52416.82733654494,406226.1675101675
2014,0.005837669921369281,0.010471303935278346,5.427812420480886E-20,-2170.218318356242,59212.387049185374,340086.4014351751
2015,0.005928403856125209,0.009862543092269582,4.758496327801951E-20,13001.594700919659,-27272.728010667513,321809.9917598306
2016,0.005289176368928741,0.011679235712674962,2.127664874813084E-20,-34759.2307798479,8289.130951862504,213159.00933251096
2017,0.005379910303684669,0.011070474869666199,2.1615914672807317E-21,5595.496574665437,-8984.889913631408,68072.15743663048
2018,0.005470644238440597,0.010461714026657439,1.7345772469323073E-20,-15796.63027654366,-22436.70976567589,193210.64831620982
2019,0.005151030494842362,0.011370060336860126,3.5148250978346934E-20,-20922.131240000155,15497.532424435369,276570.7309453202
2020,0.005241764429598291,0.010761299493851365,4.323809600454938E-20,-25608.68436830191,43076.27956341735,304005.6678162115
2021,0.005332498364354219,0.0101525386508426,3.181868627329043E-20,-21807.154733341093,29696.854782913495,261728.1901793584
2022,0.00478400481191368,0.011360470428239218,3.681970221843035E-20,576.1352078692663,43015.67403188448,281048.6227588336
2023,0.004874738746669608,0.010751709585230454,6.638912875415934E-20,-4383.573832431811,-16249.586928979797,381413.7212145396
2024,0.004645858937827301,0.011051295052424383,1.2660428930182325E-20,-4919.562432862234,21891.68814098475,165205.93475175012
2025,0.00473659287258323,0.01044253420941562,7.291463662011964E-20,66056.629906388,32710.61853787234,393259.7028290649
2026,0.004278833254898618,0.011041705143803473,5.57916502714407E-20,48530.07273173923,21572.32798176404,345936.4701769782
2027,0.004369567189654547,0.010432944300794712,8.894283155256158E-21,4457.993638265727,-25237.603332589388,137371.48534140797
2028,0.004140687380812241,0.010732529767988639,5.6962226975286925E-21,15167.73515175161,524.3905455624677,110796.83250074636
2029,0.0016552997889295962,0.014219413082108553,4.750281308064111E-20,-10197.197128915699,44317.75140562047,319728.1727406003
2030,0.0018990256022366956,0.013672419397396095,3.1708668433408686E-20,21525.371424664798,38178.13111198743,260185.78234827772
2031,0.0021427514155437956,0.013125425712683639,2.565426758821283E-20,40897.687893812734,3315.692050615951,233754.75082469947
2032,0.0023864772288508954,0.012578432027971183,3.262483806943792E-20,-22975.480146014073,26854.232661324622,265292.3165230809
2033,0.0028739288554650946,0.011484444658546268,5.095075085072202E-21,18149.120723110726,2305.824507445376,104171.6064492733
2034,0.0031176546687721944,0.010937450973833812,4.92889179753346E-20,26687.574941180483,-26374.779875920533,326814.54878548515
2035,0.0016100442560540167,0.013896520420483085,6.627436447487154E-20,-11923.369902761975,34783.08801264797,379678.40710199415
2036,0.002097495882668216,0.01280253305105817,7.628328673820399E-20,63140.349347513504,-35002.0115785429,402828.4896775034
2037,0.0023412216959753157,0.012255539366345714,5.630454514630684E-20,22710.96460253553,7894.23749528713,350771.3582495389
2038,0.0025849475092824155,0.011708545681633258,6.849118454503966E-20,65478.3858536374,5019.949791811168,382180.8537960416
2039,0.0028286733225895153,0.011161551996920802,4.944148355868314E-20,23735.64771349501,-17257.42922314997,328160.5827670773
2040,0.0015195331903028577,0.013250735097232149,3.708457678625946E-20,-36385.74955465775,1752.9548905675952,283008.046368822
2041,0.0017632590036099573,0.012703741412519693,3.042682307674227E-20,-4127.930852505905,-26409.145806471483,257077.28917540153
2042,0.002006984816917057,0.012156747727807234,3.982539473678329E-20,16306.21487357927,19678.57660603436,294592.8936669302
2043,0.0024944364435312565,0.011062760358382322,1.3022825062839494E-20,-26888.009955275895,-4004.868807911836,166892.4778207438
2044,0.0012305518441201786,0.01347483612031914,3.993868070388436E-20,-24404.40681586112,-44263.03592996054,291773.9602699449
2045,0.0014742776574272782,0.012927842435606681,4.7358210270095575E-21,-14244.93643340614,98.02360149339412,100969.04122513079
2046,0.0017180034707343775,0.012380848750894223,2.465171407424044E-20,-15594.954057793577,-14466.496521626668,231670.61441008686
2047,0.0022054550973485774,0.01128686138146931,6.029217134952692E-20,-29115.822759871186,57127.571695640945,358137.3047564964
2048,8.963149650619195E-4,0.013376044481780659,3.43086033616286E-20,4010.6355582526867,3732.2422247624104,274400.7787774189
2049,0.0011400407783690191,0.012829050797068201,5.426683379699063E-21,-7183.019324114154,-14712.634912332713,107918.63665184267
2050,0.0016274924049832185,0.011735063427643288,3.261614453145562E-20,-23222.078790224947,-30577.93535780143,264831.4060970041
2051,0.0018712182182903181,0.01118806974293083,6.417304809196942E-20,-933.4484036812358,26843.391793972412,374396.5469815415
2052,8.510594321863402E-4,0.013053151820155193,3.543702745062421E-20,20917.12410821199,-26413.39577431272,276890.0570492354
2053,0.0010947852454934396,0.012506158135442735,3.727614455043562E-20,14584.537968768664,4318.179866062916,285674.26957790967
2054,0.001582236872107639,0.01141217076601782,1.587860602979805E-20,12929.36019382964,4798.456374195606,186203.87357507093
2055,5.168225531280812E-4,0.012954360181616713,5.449929919123611E-20,2472.2611810547246,-47129.81495603897,342677.4616060662
2056,7.605483664351808E-4,0.012407366496904255,3.8447600489837607E-20,17917.55428839548,-25844.568181360504,288832.366570185
2057,0.0012479999930493802,0.01131337912747934,6.469942403294013E-20,21312.69250987826,-2299.366423460233,376284.960110091
2058,4.7156702025250165E-4,0.012631467519991245,2.07064867820262E-21,6341.0460641629115,5853.865406867033,66870.85697321517
2059,7.152928335596015E-4,0.012084473835278787,5.993482768062618E-20,-28648.344153233676,-9492.967725041637,361494.41990867467
2060,9.590186468667011E-4,0.01153748015056633,5.12642052846714E-20,-36057.9779328985,33130.37803513051,331895.4895658862
2061,3.810559545013429E-4,0.011985682196740307,1.18782075486995E-20,520.2711808075328,-700.5737542478433,161487.74368734006
2062,6.247817678084427E-4,0.01143868851202785,3.7099251392984615E-20,-13303.466508255045,-24738.421700301857,284013.7265197666
2063,9.207460831866336E-5,0.012209783219827295,6.037498389386214E-20,14637.89402761282,41187.92313001402,361448.0936193577
2064,-2.4216227073959527E-4,0.012110991581288817,2.889874417396761E-20,12709.912019220395,19920.979759982336,250778.53997353005
2065,1.5635425675045088E-6,0.01156399789657636,2.4942800676937127E-20,-32689.533511930837,26922.679694256796,230150.84318808524
2066,-2.8741780361517483E-4,0.01178809891966335,4.38556223349433E-20,-49071.51703971521,1175.745417896838,306393.89838191256
2067,-0.0019075533618533318,0.00772664081576122,6.698191715854396E-20,-40443.37568468027,35498.90672075936,379691.1098861749
2068,-0.0023851917289172873,0.00813004430807797,5.046134852019381E-20,55277.705805467136,17901.383881390928,327740.18978878896
2069,-0.002862830095981243,0.008533447800394722,2.2168024476742798E-20,7200.289917169447,-29054.299315491844,218574.30886994986
2070,-0.0033404684630451986,0.008936851292711476,4.945894336639828E-20,-52818.67966677302,6115.716472844077,325210.2191155101
2071,-0.003818106830109154,0.009340254785028226,6.734649455103398E-20,-18191.021105187992,64164.471226510585,378699.9167370316
2072,-0.004773383564237066,0.010147061769661727,1.6499912411884022E-20,-18897.315313339044,9073.68206502653,189173.8273769757
2073,-0.0020271437003196342,0.008061025779413342,6.203509993785236E-20,-11229.781146537909,-17592.800880289546,368462.56627401046
2074,-0.00250478206738359,0.008464429271730094,4.169708311382233E-20,-46899.955632755744,12644.414985203195,298643.57041859627
2075,-0.0029824204344475456,0.008867832764046844,2.1525654113846388E-20,38013.3469196648,-2945.826956815531,214024.96347242658
2076,-0.003937697168575458,0.009674639748680347,2.2780203244535295E-20,-8815.601577664707,25878.064583767384,221962.60198595063
2077,-0.004415335535639412,0.010078043240997099,3.6743897047660754E-20,-23377.503420574274,-5225.011306346937,283017.2559907134
2078,-0.0017886860101882834,0.008326392214400832,3.959381870071599E-20,36332.81645645773,2072.216376490239,292583.8531125955
2079,-0.0022663243772522395,0.008729795706717584,2.6484085398646122E-20,-34516.53299503139,-1636.053064488054,238647.70157414072
2080,-0.0027439627443161954,0.009133199199034336,1.742190740459019E-20,10235.821139315056,-19927.377960399732,194289.93472211828
2081,-0.0036992394784441064,0.009940006183667839,6.818234758545295E-21,-6008.771838810041,-21161.46266650392,120356.88686669122
2082,-0.004176877845508062,0.01034340967598459,6.754446949440578E-20,54385.74083565465,14713.304857930883,380948.80217510316
2083,-0.0019082763486545863,0.008660777178052956,7.248489910420605E-20,-37753.52203117501,15500.27236806998,396834.43310519157
2084,-0.0023859147157185416,0.009064180670369706,2.2887746079620275E-20,9508.13315405123,-6009.34251582626,223884.75415313212
2085,-0.0033411914498464534,0.009870987655003209,4.788329336484342E-21,-14142.83872457406,5665.6925919492,101394.47288174876
2086,-0.0038188298169104093,0.01027439114731996,1.8508046670674366E-20,-9954.316106540644,18236.461675668917,200507.98716541685
2087,-0.0016698186585232355,0.008926143613040447,3.7950913665179973E-20,-14548.29509883282,18286.123449822036,287709.2071340909
2088,-0.0021474570255871914,0.009329547105357197,3.811499290503818E-20,48449.19914222556,643.4124974050352,285193.1379587321
2089,-0.0026250953926511473,0.00973295059767395,6.706989422390841E-20,-62732.51634283573,-13969.774248470601,378317.077654584
2090,-0.0035803721267790582,0.010539757582307453,8.21476805764705E-21,-17808.609611017782,13843.731266250847,132389.7237739206
2091,-0.001789408996989538,0.00926052857669257,6.56575113067402E-21,-7420.408154306118,20615.130124085255,118047.9127458501
2092,-0.002267047364053494,0.00966393206900932,4.5237278149815734E-20,-55416.06369742122,-10612.626492524461,310058.9014518337
2093,-0.0027446857311174493,0.01006733556132607,5.676323537743068E-20,6232.456252466151,14895.871001671452,352654.2103014769
2094,-0.0015509513068581874,0.00952589501168006,4.809800235696248E-20,-9016.257764124635,-43896.5766482308,321858.20872004086
2095,-0.002028589673922143,0.009929298503996811,6.855794931664521E-20,-38924.33149756925,-9017.583937351686,385908.004280271
2096,-0.0025062280409860987,0.010332701996313564,4.0114684455928766E-20,42117.35717312699,-33462.24591925594,291855.55333647405
2097,-0.002983866408050054,0.010736105488630314,6.434383965377668E-20,-55303.479760519775,-4793.239890374263,371736.1186027539
2098,-0.0016705416453244898,0.009860279975332183,3.576291803786206E-20,8575.947865277354,-1517.5901641828195,280076.6887695881
2099,-0.002625818379452401,0.010667086959965686,7.464559315299338E-20,-16400.81144838209,-53288.24344871431,400971.8247014474
2100,-0.0014320839551931394,0.010125646410319674,5.3262695187397766E-20,45215.27856351501,-8031.071876735559,338867.59764929727
2101,-0.001909722322257095,0.010529049902636424,5.973369898149992E-20,-62311.530574008866,23514.693746240304,355966.0198013744
2102,-0.002387360689321051,0.010932453394953176,9.308970645817941E-21,1491.3579770623137,13920.514035719762,142275.05894075095
2103,-0.002029312660723397,0.010863434866288546,2.179161852445177E-21,9484.980815475381,-674.0286900807687,68512.87282151314
2104,-0.001313216603528091,0.010725397808959288,5.57633116357528E-20,-7897.120833392691,-52317.44714764738,345876.9672070713
2105,-0.0017908549705920468,0.011128801301276038,2.48797982935985E-20,-15806.855282902876,38597.87139601913,229967.1074788807
2106,-0.0014328069419943935,0.011059782772611408,5.669135125089814E-20,-33433.729903661435,30045.386659754728,349924.7903809935
2107,-0.004731017331484191,0.006542361643278195,3.335310110333369E-20,-45563.256632438846,9878.350778421487,266560.2575835989
2108,-0.004771267207889003,0.0072017690531182964,6.399507658398845E-20,27567.568645934105,-47191.05493784386,370832.17841853155
2109,-0.004811517084293813,0.007861176462958397,7.400043973012821E-20,-63299.46051958162,-37279.65303491296,396325.59642134816
2110,-0.004851766960698623,0.008520583872798498,1.2498271477275495E-20,23430.747340800255,-1790.5383728241045,163976.27986275722
2111,-0.004892016837103433,0.009179991282638598,7.152487505630601E-20,-29376.60964481902,-7040.948733416571,395123.81614793296
2112,-0.004932266713508244,0.009839398692478699,4.49638334990666E-21,6594.101125666968,-4147.424340466827,99051.99308821066
2113,-0.004572102328562528,0.006825087447270637,2.755574375745506E-20,24377.151776798142,-29380.16603364343,242986.04498642203
2114,-0.004652602081372148,0.008143902266950838,2.2625175707173787E-21,-1491.55514431233,7878.80564915391,70022.44835123657
2115,-0.004692851957776959,0.008803309676790938,6.689223162121078E-20,41607.35825820605,40186.98304445384,378837.8340881154
2116,-0.004733101834181769,0.00946271708663104,2.6040599787200988E-20,-17484.801108746273,-29093.2665645729,236687.49037401893
2117,-0.004214022446314388,0.00673113164541542,2.4775193821235323E-20,28951.502114674848,-26041.0130161902,229953.3347151085
2118,-0.004254272322719198,0.00739053905525552,2.3318213195745716E-20,-6505.1808191945365,-7885.26751183392,226034.31451688005
2119,-0.0042945221991240075,0.00804994646509562,3.370140464069805E-20,22567.851569523235,34737.31577571887,268843.23841687496
2120,-0.004375021951933629,0.00936876128477582,3.580592224390611E-20,-29962.098936010756,-11251.375464140494,278547.83785939583
2121,-0.004055107443392723,0.007013857449407861,7.469396680413522E-20,22800.369875610264,58683.5283202429,400037.02360644366
2122,-0.004095357319797533,0.007673264859247962,3.841854226636066E-20,44951.98744256827,-25550.466397277727,285789.8013891069
2123,-0.004135607196202344,0.008332672269088062,2.7180242607032107E-20,-10268.902239579525,11953.975028921723,243776.29823839612
2124,-0.004175857072607154,0.008992079678928162,6.037674483659377E-20,46752.696963582406,-47942.7377798048,357875.652673977
2125,-0.003697027561144583,0.0069199016475526435,6.493645551703881E-20,36596.29542471884,-41613.82882163708,373496.0508449934
2126,-0.0037775273139542035,0.008238716467232846,3.7977687607920276E-20,-9383.31442153201,-41527.02040762388,285602.6368669386
2127,-0.0038177771903590146,0.008898123877072946,2.011891996633221E-20,-2059.107126948004,-22472.840849316864,208955.91095855675
2128,-0.003538112558222918,0.007202627451545085,2.83058163040899E-20,-21583.126101686375,-40059.185371022315,245103.85414767353
2129,-0.0035783624346277286,0.007862034861385184,2.0506869092888806E-20,-19604.120126581813,22088.67229752204,210122.26618096457
2130,-0.0036186123110325394,0.008521442271225286,2.1258615005041367E-20,-10772.940418048876,-18937.805487898084,214940.42573082814
2131,-0.0031800326759747776,0.007108671649689868,4.502878501460567E-20,-7302.915092459326,887.5783521873705,314337.74200026685
2132,-0.0032605324287843995,0.008427486469370069,6.377152701610571E-20,13820.989800963878,-53769.05245898894,370041.2542036714
2133,-0.003021117673053114,0.00739139745368231,3.16767656900595E-20,18131.830964769077,-38881.27963091286,260205.67219526463
2134,-0.0030613675494579238,0.00805080486352241,1.7715686750793972E-20,9656.486036753156,28736.838875456848,194875.34703613835
2135,-0.002663037790804974,0.007297441651827091,3.230913113947146E-20,-19588.97384009981,16058.335608275696,265130.70715198165
2136,-0.0027032876672097843,0.007956849061667192,4.686260286647852E-20,50942.464354818934,6372.436311078375,316627.2322047267
2137,-0.0025041227878833095,0.007580167455819534,2.117874316910562E-21,-5141.552240312433,7996.70273193103,67524.00306209546
2138,0.0012973413468966878,0.008364751198720053,4.982624407491911E-20,-46239.52461064684,-8763.083557077542,327384.2352571663
2139,9.203031721193515E-4,0.008960444889321665,4.3125300945278844E-20,-22904.56746726907,-34451.71058824654,304912.4982761228
2140,5.432649973420154E-4,0.009556138579923273,6.733437736268006E-20,27636.72437849551,18875.665669730897,383033.8582935755
2141,1.6622682256467913E-4,0.010151832270524883,5.77809225425252E-20,16900.311314973023,-18027.81802315701,355316.0087977153
2142,-2.10811352212657E-4,0.01074752596112649,5.164436759573575E-20,36927.244890787086,-35436.06361914518,332817.8766142235
2143,-5.878495269899931E-4,0.011343219651728102,1.5899731155655915E-20,-25157.944352972645,-16805.09858823697,184372.24192953762
2144,0.001288345206861051,0.008713148898463374,4.014631266053387E-20,-23278.41825373688,-28162.026926886476,294631.4885138645
2145,9.113070320837146E-4,0.009308842589064984,5.805594542503263E-20,28422.249520889534,7359.47276227552,355811.64219947724
2146,5.342688573063783E-4,0.009904536279666592,5.8719973760445025E-21,11893.48594218619,-12312.174484917748,112245.92894598065
2147,1.5723068252904227E-4,0.010500229970268202,7.766092886244286E-20,68396.51640071784,23115.415916999376,406564.74037170794
2148,-2.1980749224829416E-4,0.011095923660869813,1.5073922297272442E-21,4013.824234481876,-5010.44806914847,57169.23791254777
2149,0.0016473911015671124,0.0088142506073484,3.408479523394696E-20,19431.620237985095,-10622.672973031675,272660.95154942136
2150,0.0012703529267897764,0.009409944297950012,2.4007075315095762E-20,16562.209335434054,21644.502277493037,227959.72599595273
2151,8.9331475201244E-4,0.01000563798855162,2.781290172269397E-20,17777.5292794722,-6701.456772285386,246380.41161335126
2152,5.162765772351038E-4,0.01060133167915323,2.6194697680551056E-20,37435.05608404986,9008.861932542417,236704.22258423473
2153,1.3923840245776766E-4,0.01119702536975484,2.5330119729283363E-20,17279.483166065835,3775.854808683921,235160.3331132228
2154,0.0016383949615314754,0.00916264830709172,6.665706625751156E-20,-22277.070473532392,4309.873806307133,381881.0210237096
2155,8.843186119768029E-4,0.010354035688294941,7.334023363712032E-20,36728.11721795259,43763.122012004234,397186.232596122
2156,5.072804371994668E-4,0.01094972937889655,3.8469124129014335E-20,38261.57396520227,-22207.60572835379,287233.7838024458
2157,0.001997440856237537,0.009263750015976747,4.336950677111333E-20,-21041.612252656043,15882.799180697893,307448.078194619
2158,0.0016204026814602012,0.009859443706578359,2.7435710928694844E-20,-23344.07895324049,21006.918002853665,243412.99206294303
2159,0.0012433645066828648,0.010455137397179967,5.655919945484725E-20,-20863.3861049864,44798.40779701555,348906.2575186762
2160,8.663263319055286E-4,0.011050831087781578,5.273146781826683E-20,24728.317952017573,575.0990267510354,339355.30064811517
2161,0.0019884447162018997,0.00961214771572007,1.1898598839531463E-20,-24570.321252648897,16176.844996458909,158929.01463239157
2162,0.0016114065414245642,0.010207841406321678,2.3588509522007478E-20,33379.21259699894,25807.26689180622,223627.51330530338
2163,0.0012343683666472276,0.010803535096923288,1.0540409593371758E-20,-15732.480425176223,-1016.1365111384391,151305.39991512062
2164,0.002347490610907962,0.009713249424605096,7.90832060054466E-20,48472.57378247737,39215.68995983458,411998.1651845641
2165,0.001970452436130626,0.010308943115206706,2.1715517766810286E-20,27027.029105624068,16296.721975630684,216058.29436945706
2166,0.00159341426135329,0.010904636805808318,5.563441066558058E-20,-62809.046149316644,-6348.738286633867,343747.09753901087
2167,0.002338494470872325,0.010061647124348417,7.895754660438479E-20,57036.67493737918,39611.04988696267,410526.2988990577
2168,0.0019614562960949882,0.010657340814950025,7.8693160882079E-20,39327.39896848168,63591.198627264275,408880.3095164434
2169,0.0026975403655783866,0.010162748833233445,2.1901705475239332E-20,-576.3997041842242,5896.558807736218,219205.17850892863
2170,0.0023205021908010506,0.010758442523835053,3.296968395197587E-20,37014.25788947992,27763.82877574343,265038.24560820963
2171,0.0026885442255427496,0.010511146532976764,5.923862390502849E-20,-2923.5546432874917,-23677.55083136767,359849.06206185056
2172,0.001008752511433249,0.008180245971017958,1.0836714478770417E-20,2094.667446311248,-13624.98681484479,153630.6872308504
2173,4.930357597133564E-4,0.008076229696540019,5.057994189000547E-20,-5592.427122106156,-38683.66487805404,330941.67302144616
2174,-2.2680992006535886E-5,0.00797221342206208,2.6396353732097136E-20,-163.47742996098725,-17119.172638134856,240127.22118121525
2175,-5.383977437264283E-4,0.00786819714758414,7.092706170658486E-22,3246.677123792351,-4076.37361050105,39116.147425862444
2176,-0.0010541144954463206,0.0077641808731062,7.965038392321471E-20,-60182.12862115537,22799.882187202216,413199.08373566583
2177,-0.0015698312471662129,0.0076601645986282595,3.771750672536386E-20,-5444.227072718779,52169.82485123764,282946.7082224762
2178,7.111675359341729E-4,0.008344138443059182,5.1026836684186124E-20,19621.878866268504,34.219712604133505,334135.0708352108
2179,-3.2026596750561205E-4,0.008136105894103303,4.991491590167204E-20,5533.7245434960605,59871.88613388784,325537.61682285834
2180,-8.359827192255043E-4,0.008032089619625364,5.200796628963972E-20,17298.538473563764,-5360.465837800011,337427.61343148747
2181,-0.0013516994709453969,0.007928073345147424,3.068387255832469E-21,-6726.029265077114,-7893.783222203449,81419.959470155
2182,6.317143366559125E-4,0.008775939661619568,3.774790388999127E-20,-5988.65570268062,51044.02040523973,283258.8073695794
2183,1.1599758493602028E-4,0.008671923387141628,5.0537643732939766E-20,-2112.7617591861294,-45359.51291482835,329992.84213236946
2184,-3.9971916678387223E-4,0.00856790711266369,2.871994456305549E-20,-19043.453612276226,-19203.76436770187,249648.28209866938
2185,-0.001431152670223657,0.008359874563707811,5.893096518405772E-20,31576.33354913969,-29759.23656718483,357074.7387458644
2186,3.341293611568366E-4,0.008939832133660792,6.980735486423309E-20,-69300.21811582841,-4869.411087377197,385276.8970838934
2187,-1.8158739056305573E-4,0.008835815859182852,4.057846931003586E-20,34725.06798495479,-36248.186170500085,294230.7805721117
2188,-6.973041422829481E-4,0.008731799584704913,3.1832510359332765E-20,21829.53316034876,-10218.598850143346,263265.08263959404
2189,-0.0012130208940028405,0.00862778331022697,4.854912828137377E-20,-31616.485745725913,-27696.432315542483,323766.3922901809
2190,2.546761618785764E-4,0.00937163335222118,1.2658192853908917E-20,-9982.347551546165,-19405.790536981443,165273.43295962157
2191,-7.767573415612083E-4,0.009163600803265299,6.1953541213331E-20,-8884.721617765772,-24940.848678975643,367858.9787877041
2192,-0.0012924740932811008,0.009059584528787358,4.324623997701662E-20,-8412.287317315526,-32667.559602976413,306285.4240346172
2193,-4.290881362049978E-5,0.0095355258242624,7.181933309049627E-21,2734.050704711825,-4833.673559930531,125448.66475571424
2194,-5.586255653403919E-4,0.009431509549784462,2.1995513454490218E-20,-15289.731550179364,-12363.504359678056,218872.88235063688
2195,-0.0010743423170602843,0.009327493275306523,7.190553998784644E-20,18227.539133543727,59699.28077337183,392396.3623224148
2196,-1.2236201289875982E-4,0.009967327042822787,3.4447042738799615E-20,-5371.594458851759,-41589.35487537309,271792.6089781205
2197,-0.0011537955163385446,0.009759294493866909,3.404574105464055E-20,39013.235043965986,25759.767008922874,269375.35262012976
2198,-4.199469883978358E-4,0.010131219514864011,3.64730835230872E-20,19795.15842986082,1434.5015858571073,282283.702789559
2199,-9.356637401177283E-4,0.01002720324038607,5.174331964611457E-20,-41908.487232300264,19896.631649584968,333844.4703142554
2200,-4.99400187676096E-4,0.010563020733424395,5.836750450419711E-20,26273.134683283526,5452.904027261232,356970.49942963046
2201,-0.0010151169393959882,0.010459004458946456,5.273148434821013E-20,20189.009104578912,-35995.44441389451,337743.40659483854
2202,-7.969851631751722E-4,0.01072691320546562,6.956681064123979E-20,-37952.32387449475,50653.33494136264,385655.6195700639
2203,-0.006942122279387874,-0.00468420833572036,1.696780782209245E-20,23582.636107416143,10112.480423022775,191298.34240024775
2204,-0.0071601807630751165,-0.004111348593447872,1.5697873611972352E-20,28584.776557261557,16297.529796577157,182708.98297805435
2205,-0.007378239246762358,-0.003538488851175384,2.78452738849474E-20,-640.3201450778276,29626.041748028587,245473.4592591636
2206,-0.0075962977304496,-0.0029656291089028963,4.332342128918051E-21,-11825.178805638405,-12573.521525014772,95989.02871191672
2207,-0.007814356214136842,-0.0023927693666304086,6.969279634338242E-20,11835.848852617932,-20549.47663479247,390449.27141400333
2208,-0.0068483831928897974,-0.004365120514493039,5.521169506958272E-20,27552.694765661116,-38767.11308567065,344901.759049223
2209,-0.007066441676577038,-0.003792260772220552,4.505718296917583E-21,656.128023099697,-10871.044614961442,98862.86327462402
2210,-0.0072845001602642795,-0.0032194010299480638,7.917624674344331E-20,-64272.54700615503,16053.084903759833,411637.65733525506
2211,-0.007502558643951522,-0.002646541287675576,1.4302073392241947E-20,-23857.655795988627,-14267.940473985094,175008.50981540114
2212,-0.006442846536206401,-0.004299804614310888,5.652463682322113E-20,42774.646246190976,-23300.820087628494,348897.2238145148
2213,-0.006660905019893641,-0.0037269448720383992,7.044230173979109E-20,26716.89697749744,-35693.14311145935,390731.07416995213
2214,-0.006878963503580883,-0.003154085129765911,3.4653320845864076E-20,-32939.66038965402,9023.228681534649,273708.2420715811
2215,-0.006349107449708322,-0.003980716793083567,5.206783875182785E-21,9186.5652135033,4520.5884839355485,106427.7367923125
2216,-0.006567165933395565,-0.003407857050811079,4.45456417864667E-20,-29954.124226201235,21823.58925647765,310528.6784346078
2217,-0.006785224417082805,-0.002834997308538591,7.76974249779231E-20,24810.12529408935,-66053.95968868842,406950.5553472986
2218,-0.005943570793024926,-0.003915400892901415,6.903784222267523E-20,-29526.34937504944,44192.97368034138,385681.480591535
2219,-0.006161629276712168,-0.003342541150628927,5.458875153042628E-20,21149.82998300628,15457.602692436787,345203.2981943529
2220,-0.0063796877603994094,-0.002769681408356439,3.1222702095609755E-20,16817.66226358738,42335.597527725244,257828.3530013041
2221,-0.005849831706526848,-0.003596313071674095,2.5263965117242184E-20,15777.937232004893,-12814.52100754137,234637.6350690003
2222,-0.0060678901902140895,-0.003023453329401607,4.8295257633831215E-20,8139.582417859605,-15400.1559275049,325162.37790177955
2223,-0.005444295049843452,-0.0035309971714919423,7.890997251447199E-20,15268.646151961713,-71001.07251447735,409847.9295616038
2224,-0.005662353533530694,-0.0029581374292194543,5.613167958038458E-20,-36457.68014301342,-31062.03845891174,347771.63167876395
2225,-0.005350555963345375,-0.0032119093502646226,3.2943793038806893E-21,12411.125216422142,9417.989865474923,83607.41983435724
2226,-0.004766982583691949,-0.002855209622585884,7.181300105170005E-20,22114.806854825503,4957.147974040943,396426.96960468177
2227,-0.0053647611060825455,-0.0026981629385333713,5.102905520723402E-20,32607.98153202745,-33523.6275943885,331434.7924324322
2228,-0.005962539628473143,-0.0025411162544808586,8.489830281419548E-21,-19866.606690863737,-10617.68279250838,134656.3278378287
2229,-0.007158096673254335,-0.0022270228863758325,5.242482409878617E-20,15027.542264462656,-45420.798025626784,335874.55680687894
2230,-0.007755875195644932,-0.0020699762023233194,3.9448245456556065E-20,9384.115590093334,-33879.90590183498,292188.56569579494
2231,-0.004994482517405318,-0.0026291416952714504,2.979589409514627E-20,13641.824523484474,-25939.878860574405,254084.65425744603
2232,-0.00619003956218651,-0.0023150483271664247,7.643096435434621E-21,4988.488531392779,9197.437398576656,129117.11752750268
2233,-0.006787818084577107,-0.0021580016431139125,6.349676666058355E-20,-48683.91795565499,-4361.506302239183,370162.4893711624
2234,-0.0048517038624414565,-0.002334052524695097,2.0320212060012334E-20,26273.266873828496,21802.63806162041,208442.18817264595
2235,-0.005449482384832054,-0.0021770058406425834,4.5360508074267474E-20,-57481.00701296039,10357.301503389128,310127.8865352569
2236,-0.00604726090722265,-0.0020199591565900703,4.2514665003680375E-20,347.70499098678556,24101.10980472756,304567.7500121935
2237,-0.007242817952003843,-0.001705865788485045,6.620223102956555E-21,18502.596628695504,4871.7125747440305,119033.06831413587
2238,-0.005079203796154825,-0.0021079845973806634,1.2637461628728597E-20,158.09398347856805,6930.51150691577,166427.06049569213
2239,-0.006274760840936019,-0.0017938912292756375,5.499552017060583E-20,-11476.833083093508,40598.653766603486,344912.56253272603
2240,-0.006872539363326613,-0.0016368445452231244,2.2997419577168788E-20,-20829.84410736812,-33756.7360770422,221174.80071343348
2241,-0.004936425141190965,-0.001812895426804309,5.235407987714389E-20,38004.5987812684,-41158.83536940246,334375.3478051654
2242,-0.006131982185972157,-0.0014988020586992833,5.54462523360248E-21,-10322.223183052402,-8448.486300559176,109524.01607720344
2243,-0.006729760708362754,-0.0013417553746467705,3.1943462030811596E-20,26203.554598617025,-14415.852041102096,263132.29996832274
2244,-0.0051639250749043325,-0.0015868274994898753,5.272802862974851E-22,4101.867868837119,-2367.360522263053,33693.23825651359
2245,-0.006359482119685526,-0.0012727341313848496,5.046002138614571E-20,-15700.201112036322,21179.825016267067,331800.72518202907
2246,-0.005021146419940472,-0.001291738328913521,5.382475142030401E-20,-774.414958886602,10952.381903298354,343589.32952301105
2247,-0.006216703464721665,-9.776449608084957E-4,1.2147783563003265E-20,-28633.8230016407,-9197.725751876946,160519.22946414343
2248,-0.005248646353653841,-0.001065670401599088,6.931654914151833E-20,-16283.563465428902,17420.678647180033,389381.9517573352
2249,-0.005846424876044436,-9.086237175465748E-4,6.117779821574244E-20,55222.735533019644,26907.934788923172,361309.3625372821
2250,-0.005703646221080577,-6.135345469702207E-4,7.611434393248433E-20,-62941.64779314752,-15273.034614493134,403629.53391038364
2251,-0.005333367632403348,-5.445133037083001E-4,5.726275132549909E-20,6057.505182067253,17482.36119920296,354090.5254639141
2252,0.006989588281020471,-0.013193097160909006,4.838759849402841E-20,6766.254047292553,-54020.36421007708,321360.7711034404
2253,0.006657784315253482,-0.01264674400109448,2.3394301815685973E-20,22843.920974890792,-15779.75422198598,224927.13509277956
2254,0.00632598034948649,-0.01210039084127996,7.891515277830437E-20,40813.00146150719,22697.426724488843,413618.3124107845
2255,0.00566237241795251,-0.01100768452165091,1.204921817161254E-21,3335.2370273647875,-6404.565244053418,50924.54794990957
2256,0.005330568452185521,-0.010461331361836386,5.785047379028779E-20,21439.36601274613,-28125.07168259242,354629.5601037147
2257,0.00698268195699938,-0.012891839191783582,1.223817932115762E-20,15088.639144543207,22447.924445386776,161671.9144059314
2258,0.006319074025465399,-0.011799132872154533,6.899357829326615E-20,-35259.63410158874,11410.959898521747,387433.08324110386
2259,0.00598727005969841,-0.011252779712340013,2.432240348896131E-20,8187.446150418443,-14651.58551127773,230475.68020977415
2260,0.0073006732747241876,-0.012835676413347255,5.2682179604718964E-20,38686.59653946202,39898.06373113801,335525.1382112339
2261,0.006968869308957197,-0.012289323253532733,2.390513732724403E-20,-13926.11748105408,31209.23524305797,226531.82181477366
2262,0.0066370653431902064,-0.011742970093718205,4.16223067352384E-20,47807.71751490531,-4953.654331690251,298451.30012201826
2263,0.005973457411656225,-0.01065026377408916,2.844700497291693E-20,-425.992931871639,-20986.816074031212,249029.76902181582
2264,0.0072937669507030945,-0.012534418444221831,7.788917279253886E-20,-66728.62873454078,-2730.507249175188,408103.2287199457
2265,0.006630159019169115,-0.011441712124592782,3.362388333121459E-20,29468.142853361784,10847.02584363772,269882.28110553895
2266,0.006298355053402124,-0.010895358964778256,5.0812590703650426E-20,44283.75860793958,-40134.69446385879,328616.85218652897
2267,0.007611758268427902,-0.012478255665785504,3.3708996261174064E-20,-32444.593247544435,34461.43896042074,267897.5572098176
2268,0.006948150336893922,-0.011385549346156454,1.5388824565341647E-20,2251.1338467379605,2275.073111427225,183783.83829362097
2269,0.0066163463711269325,-0.010839196186341932,1.4205256837367227E-20,-14242.45022085524,21114.604548181556,174755.54959023604
2270,0.007604851944406809,-0.012176997696660075,1.4947218235279397E-20,-7837.8050361832675,-21272.98872288915,179730.93365215173
2271,0.0069412440128728305,-0.01108429137703103,1.2636811057388544E-21,-7986.188361475717,253.00223833378553,52063.585021333434
2272,0.007922843262131616,-0.01212083491822375,6.213560534636051E-20,-34076.89121289055,21672.572014933354,367137.58384002734
2273,0.007259235330597635,-0.011028128598594701,3.616778669487259E-20,13671.596961727993,-16429.461506643638,280981.9659966345
2274,0.007915936938110527,-0.011819576949098326,7.788441298749293E-20,-46618.901752559854,-10738.21034571708,410742.41243278736
2275,0.007584132972343535,-0.011273223789283799,3.573084102168204E-20,-6670.454053500272,37560.58621116521,277476.2741905562
2276,0.007902124290068343,-0.011217061010847474,2.0716864910144863E-20,-4781.8615990368235,28738.99036473747,211271.99399769484
2277,0.008227021931814241,-0.011462156201536575,2.165144514048531E-20,3683.899303935135,1123.9937757313578,217994.77459858893
2278,0.007842484000633055,-0.008440872351530555,7.999306238384377E-20,64795.60956022397,-26926.158325475677,413163.5008880365
2279,0.007993651046909411,-0.008974493755727262,7.218516458617058E-20,-64446.63884603893,22156.3167814031,392225.45263707277
2280,0.008144818093185766,-0.009508115159923971,6.974152713575646E-20,-57057.29806026233,26910.014442408024,386186.88193338877
2281,0.008295985139462123,-0.010041736564120678,5.3109398398071445E-20,13256.01139766476,8693.02464785182,341104.54326817807
2282,0.008598319232014835,-0.011108979372514092,7.016988805373445E-20,-50333.43699137122,39248.20909933115,387281.0290432048
2283,0.007728965711660391,-0.008733642483577437,4.2315014553769624E-20,37939.041250278984,29393.87606699059,300999.64853589784
2284,0.007880132757936746,-0.009267263887774144,4.736896071550866E-21,14238.954939311327,222.73120247266408,100981.37422911587
2285,0.008182466850489458,-0.01033450669616756,4.695104659575665E-21,2088.226692854539,-10052.896486545727,101009.2043528146
2286,0.008333633896765814,-0.010868128100364267,6.27205294019474E-20,-51414.1846031942,-27140.45057278679,366503.94005108206
2287,0.007350762087438706,-0.00878556134347449,5.663770522478271E-20,60417.03642435305,10833.18465412825,347249.968546947
2288,0.007501929133715062,-0.009319182747671198,2.248570645156369E-20,-11845.050018120162,-7894.673624109659,221733.11940705846
2289,0.0078042632262677715,-0.010386425556064612,4.165153516990297E-20,9921.990740858091,-41957.33360587364,299313.5536281099
2290,0.007955430272544127,-0.01092004696026132,4.8497175047395144E-20,18759.040461779132,-34796.27901672358,323905.2694738397
2291,0.007237243798466042,-0.00907833147552137,6.854325131611458E-20,6784.93185413792,2706.6613963074346,387860.51216415816
2292,0.007539577891018754,-0.010145574283914787,6.237125010990117E-21,-21437.355034546003,-835.4269789176544,115037.326917128
2293,0.007690744937295108,-0.010679195688111492,7.827162147813268E-20,-45586.34501667773,43995.47000757947,409675.9364514212
2294,0.006859040174244356,-0.009130250335418427,6.253015727218465E-20,13886.630675865132,-22303.277122040377,369590.20210521895
2295,0.007010207220520711,-0.009663871739615132,8.281723332913486E-21,20270.547831803633,7235.442523412197,133114.95226461458
2296,0.007312541313073423,-0.010731114548008548,7.148326649698936E-20,14716.988377722873,-16099.736016466488,395560.67307987233
2297,0.006745521885271691,-0.009423020467465307,6.849930643035409E-20,30253.784576725524,-54610.44650432598,382746.7353892422
2298,0.006896688931548048,-0.009956641871662016,5.228760598531209E-20,-24067.44275457326,-3587.793016262469,337945.57660784177
2299,0.006367318261050006,-0.009474939327362361,4.249694973749856E-20,-38799.888038168174,36984.66769099959,300716.32365272986
2300,0.0065184853073263615,-0.010008560731559068,1.6799729516664796E-20,-11594.3490388936,-19122.76773679275,190746.76282658416
2301,0.006669652353602717,-0.010542182135755779,4.57725875805743E-20,-35025.014129604904,4786.793164022285,315032.88029306923
2302,0.006253799972077342,-0.009767709459409243,6.749857591724333E-20,28891.964967115495,45627.874023307304,381154.654490892
2303,0.005875596347855656,-0.009819628319306297,7.411444497016228E-20,-68564.20345083611,24432.22579911318,396765.5367124468
2304,0.006026763394132013,-0.010353249723503006,2.590360893683314E-20,-27830.13505532647,27799.54320445551,235212.68067717063
2305,0.005762078058882993,-0.01011239845135318,2.2418588710568773E-20,6438.059340556905,35699.53493852255,218871.97738265252
2306,0.004667078241897208,-0.010110700830323869,4.75793065897355E-20,1733.7277915598565,36063.36814279404,321183.00414935075
2307,0.0040702045534435774,-0.010279430374286686,1.9879939586175132E-20,4653.544117359077,5212.231210079768,208802.12692624604
2308,0.003473330864989949,-0.010448159918249504,1.2338014448336173E-20,19413.49924580623,14396.680556064428,162801.80483146643
2309,0.0028764571765363183,-0.010616889462212323,1.6920911932139226E-20,-6808.403235696416,15208.3849905029,192023.03981029248
2310,0.002279583488082689,-0.01078561900617514,7.735182987964058E-20,12263.267833248934,-16824.31968140952,411576.4957320541
2311,0.0016827097996290582,-0.010954348550137957,7.393493960938508E-21,-7321.223679686362,10026.973827907925,126801.24510969313
2312,0.0010858361111754284,-0.011123078094100774,7.457034897701393E-20,-7001.862454349543,12768.96513474286,404363.39371839253
2313,0.0043284856733547955,-0.01000516548950045,1.513670135320562E-20,-26930.007146481137,-18631.700527616955,179334.41221831614
2314,0.0037316119849011655,-0.010173895033463267,3.316760229997036E-20,-31503.220149361372,10718.575243044716,267793.48973272194
2315,0.0025378646079939047,-0.010511354121388901,1.610625019057974E-20,-7944.396987445766,-29068.010058538577,185617.38764380725
2316,0.0019409909195402745,-0.010680083665351722,1.9938311554566904E-20,-12100.629836220582,33558.644627124566,206161.8319932779
2317,0.001344117231086645,-0.010848813209314538,5.351373603458902E-20,33722.98871016233,38036.581315418036,338979.8157056649
2318,0.004248174224723599,-0.009625365263890793,8.252494063880348E-21,552.3423576246513,5222.972411066894,134503.08088502786
2319,0.0036513005362699687,-0.009794094807853612,2.1745960254967954E-20,-33123.15355908761,22760.688703373067,214776.3379636161
2320,0.0030544268478163382,-0.00996282435181643,4.9170317096205833E-20,-49077.051674083836,6557.290820378182,324813.26573385816
2321,0.0024575531593627083,-0.010131553895779247,6.026829304354068E-20,-26134.608708112748,-49012.31402857362,359494.04633308534
2322,0.0018606794709090792,-0.010300283439742066,7.722213663715718E-20,40326.13449215269,2636.7270828271708,409769.15723278315
2323,0.0012638057824554487,-0.010469012983704883,2.106839606849605E-20,6572.558875184411,-1186.2104839743997,214969.40495419287
2324,0.0033127079677275554,-0.009688559467030193,6.855479346709794E-20,33862.21221351846,59754.76511141451,381833.99272654165
2325,0.0027158342792739255,-0.00985728901099301,2.659881781450035E-20,10686.129760312508,-22256.472820809362,240393.7362092136
2326,0.0021189605908202955,-0.010026018554955829,1.0257336707189072E-20,-16645.500965754625,16686.825792138436,148205.42347772903
2327,0.0015220869023666649,-0.010194748098918646,3.784024117657215E-20,-1368.7950178533463,-52909.8954712907,283334.26741245616
2328,0.0038292702075499894,-0.009140029697457721,5.859007997039233E-20,50828.89362196054,15152.742195961011,354715.9978135062
2329,0.0032323965190963594,-0.009308759241420536,9.487747539865116E-21,-25544.2838062788,-7650.581658658717,141843.81127350486
2330,0.0026355228306427286,-0.009477488785383355,4.9290425364478733E-20,26655.683201836076,8637.148627335011,327770.9393430221
2331,0.0020386491421890986,-0.009646218329346172,4.542216677787189E-20,-49297.89676860855,-11141.127700556666,311723.6152919606
2332,0.001441775453735469,-0.00981494787330899,1.4578946054119165E-21,-251.27249267854276,-1856.397108484012,56545.14893939376
2333,0.0028938039505539454,-0.009203223900597118,3.644901365867226E-20,12418.618400009,-39848.28602484731,279791.06618887366
2334,0.002296930262100316,-0.009371953444559936,1.1840731664122604E-20,-1029.034572625191,-26693.95346173108,159006.7516747769
2335,0.0017000565736466856,-0.009540682988522753,3.4770877032575994E-20,24147.555416415336,-35160.84505232772,272985.99043807585
2336,0.0034103661903763793,-0.008654694131024645,1.850913415203016E-20,-18993.767756866677,-4799.159614222095,200633.25324083542
2337,0.002813492501922749,-0.00882342367498746,5.2609207571774934E-20,-55263.30370921753,765.1200626262818,335336.8394383607
2338,0.0022166188134691194,-0.00899215321895028,1.3895434913558817E-20,4316.596194903978,28719.055380216236,172233.94946505502
2339,0.001619745125015489,-0.009160882762913098,7.176623156071329E-20,-9446.750810671554,-53799.83724477694,393168.7076867774
2340,0.0030717736218339657,-0.008549158790201225,1.728874441680756E-20,11258.287840167985,5818.683346933563,194415.74214656532
2341,0.002474899933380336,-0.008717888334164045,6.223874537594654E-20,-51878.77230378656,11844.881421071359,365808.25504895515
2342,0.0029914621732027697,-0.008169358564591571,1.95888797619866E-20,-28544.870052639864,-8722.84588170296,205224.80576232748
2343,0.0023945884847491397,-0.008338088108554388,5.111089697161317E-20,-26100.659416477807,-22388.205840324947,333216.665119287
2344,0.0017977147962955093,-0.008506817652517207,1.7680808082394678E-20,24.215722650880256,28142.721259182174,195004.77888738696
2345,0.002652869604660356,-0.008063823223768151,6.564460538820581E-20,-7420.8354145093135,12520.832020374004,379358.9671371727
2346,0.0020559959162067256,-0.008232552767730968,3.3888270549086675E-20,14947.34364336631,35780.84570871314,269998.61964581633
2347,0.002572558156029159,-0.007684022998158495,3.3312735831895585E-20,19054.076127922595,42021.44983163633,266477.915838551
2348,0.0019756844675755296,-0.007852752542121314,2.763975905195072E-20,31529.54952955251,-7295.754624825124,244206.4204788083
2349,0.002233965587486746,-0.007578487657335076,7.710937923467176E-20,24828.7533721468,-28851.705550757815,409691.91017541534
2350,0.010058900188324988,-0.006555877265107277,5.30907580218055E-20,-28953.664105081873,-6642.656789393916,340117.9719266372
2351,0.009574252070708894,-0.006867635831501943,2.6037715138923525E-20,6362.649491269273,-10514.457503550593,238779.6767488558
2352,0.009089603953092799,-0.007179394397896608,4.597269576822935E-20,24518.9142338505,-6004.901712628824,316697.7882663248
2353,0.008604955835476704,-0.007491152964291271,9.275815468021585E-22,4271.528360431545,-6465.417926815327,44457.76772632966
2354,0.008120307717860611,-0.007802911530685938,6.457399502780238E-20,64265.89601893241,-9484.148115450384,370883.33905503096
2355,0.009738557498963782,-0.006522445142704205,4.634049169810878E-20,-51746.647502907945,6161.445473648749,314684.84997750196
2356,0.008769261263731598,-0.007145962275493535,5.87456440382279E-20,-38199.59125665937,53756.589746186815,353028.5930662003
2357,0.008284613146115503,-0.0074577208418882,5.977096646284875E-20,28534.63456045619,28857.446237274835,359975.44268196396
2358,0.009582520237857472,-0.006143822331503396,6.51620967367189E-20,-45401.700652431275,26121.94594776135,374595.8246640413
2359,0.009097872120241378,-0.00645558089789806,4.775068822329031E-20,24295.89989632134,53163.57658194213,318467.75678751274
2360,0.008613224002625283,-0.006767339464292725,1.5988626545956337E-20,28128.37895523083,10768.406986413307,184922.86476080192
2361,0.00926217754849627,-0.006110390209100322,6.213660356602246E-20,-12815.9580075634,46912.79568646146,366139.41715784965
2362,0.008777529430880174,-0.0064221487754949885,7.518634562645446E-20,-31937.547526109443,-30133.743188154363,403913.62662222894
2363,0.00829288131326408,-0.006733907341889653,2.5879141802780787E-20,-19646.507209432548,-26852.20425315936,236033.03067330277
2364,0.009106140287389956,-0.005731767397899514,4.209389849265455E-20,1982.1546235749215,-24341.258951922486,303021.8892889488
2365,0.008621492169773861,-0.006043525964294177,5.860580633805295E-20,11327.61486893808,25641.501173409753,357610.60872452846
2366,0.008785797598028755,-0.005698335275496441,7.662591168904516E-20,9033.767665873207,72803.23565698946,403550.44368881226
2367,0.008301149480412658,-0.006010093841891106,7.745569436154184E-20,-23313.909015608268,-27374.120655081177,410808.7319742561
2368,0.00862976033692244,-0.005319712464295631,6.312441126857106E-20,19230.545406376084,7086.760190666964,371714.7569286356
2369,0.008145112219306347,-0.0056314710306902965,2.069025028457241E-21,-5167.051899771709,-3016.9122183395034,67132.8769686694
2370,0.008309417647561237,-0.005286280341892559,6.98531872176341E-20,23231.463373136237,33340.652545602534,389504.6151771086
2371,0.010309656112425887,-0.006248378064394044,7.00879277303048E-20,-33767.33477482499,60832.97466136904,386056.5269128458
2372,0.00983327616195837,-0.005836323130790163,2.5624801940990436E-20,-27065.900365903322,7884.228727421768,235511.10653157177
2373,0.009356896211490854,-0.00542426819718628,1.7024789889879968E-20,21115.45590146913,-2326.130214637276,192164.7513864177
2374,0.008880516261023338,-0.005012213263582398,3.671240994580026E-21,7559.731496035664,-9990.332584635056,88901.02959912452
2375,0.008404136310555824,-0.004600158329978516,3.3863665933134433E-20,-37083.03847605996,-30655.795601638885,268391.49903673783
2376,0.01024006934716558,-0.005907446741277738,3.627127892245062E-20,38144.90736540443,29532.47511225205,278042.6671927424
2377,0.009763689396698064,-0.005495391807673856,7.07627940883442E-20,50281.48030269909,42272.662748309085,388647.67006419797
2378,0.009287309446230551,-0.0050833368740699734,7.952139189666908E-20,-20844.85450571767,10050.373079840176,417200.7693620708
2379,0.008810929495763033,-0.004671281940466092,2.2209248801463035E-21,-11212.033877329752,3082.3001263470983,68854.30243739307
2380,0.010577275767112489,-0.005637639028649008,5.645219736930757E-20,-25377.67552925663,23549.000870519398,350348.7494378097
2381,0.010100895816644972,-0.005225584095045126,6.029029090317661E-20,-954.9671189737531,64247.16917035468,358107.3587033132
2382,0.009624515866177456,-0.004813529161441244,3.4813097215537715E-20,-10786.80779371847,-38165.96744560668,273606.35967770056
2383,0.00914813591570994,-0.004401474227837362,4.1051636213620896E-20,-26189.490768844134,41605.758016796215,296164.5480446806
2384,0.010507689001852182,-0.005296707705532702,5.446747723995268E-21,7590.902661953581,-10964.866731134054,108538.89373036368
2385,0.010031309051384666,-0.00488465277192882,4.49864389994184E-20,20721.388310138114,44136.35133535249,310470.5635915288
2386,0.009554929100917152,-0.004472597838324937,2.0685402099429625E-20,34091.14659327586,19832.51544196475,209427.88378202613
2387,0.010844895421799089,-0.005026899992903972,3.860288682314005E-20,2981.068566279875,33657.38539747901,289157.9960351496
2388,0.010368515471331574,-0.0046148450593000885,2.0664532998779344E-21,-5536.3352865555225,-6405.232623293333,66822.8927122158
2389,0.009892135520864058,-0.004202790125696207,5.417285823560024E-21,7928.522503169708,-3131.856533156842,108725.28139808838
2390,0.010775308656538784,-0.004685968669787667,2.7400041278894227E-20,9407.513167872274,41152.398875655635,241610.81539093342
2391,0.010298928706071268,-0.004273913736183784,4.749312706912E-20,-30896.848087738614,44901.421876499015,318279.9577023565
2392,0.011112515076485693,-0.004416160957158936,2.5476631559366924E-20,31161.153148156536,9416.550139057825,234254.56886930205
2393,0.010636135126018176,-0.004004106023555055,6.106893769229125E-20,63309.168729334255,-10052.364971754067,360513.432707477
2394,0.011042928311225386,-0.0040752296340426306,4.713601283583232E-20,-54940.90333211946,-9361.369356446667,316832.2737727513
2395,0.011380134731172293,-0.0038054219214139,2.2286036323149008E-20,12382.404337575314,5932.504706243815,220774.33212791182
2396,0.007630984607373244,-0.00812929581862848,3.4492271434413956E-20,8794.15718485057,-28751.522285804494,273541.70569399965
2397,0.007139262694178895,-0.008473984810572413,3.598178716016956E-20,-16825.809140070083,-23897.59495388813,279544.5108448931
2398,0.006647540780984546,-0.008818673802516351,7.680229884131741E-20,37531.86988188294,-38676.335089556036,407084.32072655443
2399,0.006155818867790196,-0.009163362794460285,5.94787520299918E-20,20038.5725143962,20215.142270129065,360246.49060010136
2400,0.0056640969545958455,-0.009508051786404223,2.8073821163117224E-20,26888.9017391207,18276.020866134677,246130.22840701527
2401,0.005172375041401497,-0.009852740778348157,3.8535736573256636E-20,48023.43261327939,10345.765294226738,286693.8041980814
2402,0.00730596692514077,-0.008110489417773285,6.858914582210241E-20,32466.710137317503,47939.674514469945,383715.5215224391
2403,0.006814245011946421,-0.008455178409717221,3.9969767544974843E-20,36893.262444471686,-30579.164112336657,292333.52438027336
2404,0.005830801185557721,-0.009144556393605091,6.105112452161667E-20,-46010.48902048778,38368.309417242344,361179.7812354119
2405,0.005339079272363371,-0.009489245385549027,3.210214756591237E-20,-29159.492510742442,12720.471035590997,263570.41512859764
2406,0.007147653473870169,-0.007728187624118959,3.5949974308226343E-20,-9585.478206347267,5371.477309511089,280728.9725794278
2407,0.00665593156067582,-0.008072876616062893,2.8276775476410436E-20,-31884.14666855203,-3599.1577776854965,247089.36855401806
2408,0.00616420964748147,-0.00841756560800683,8.973261697312931E-21,11892.138264165122,-6284.6274912418185,139714.7672007811
2409,0.00567248773428712,-0.008762254599950767,7.39250131108031E-20,21635.876727658004,-41492.614085770605,400144.00264110503
2410,0.0051807658210927705,-0.009106943591894703,5.4162860941632514E-20,44229.12379286443,5076.010176876564,341956.91455152223
2411,0.006822635791637695,-0.007709381223263764,1.0861663452798693E-20,-20077.42387956669,4651.770969566086,153043.9493990621
2412,0.005839191965248996,-0.008398759207151635,1.0468455458593614E-20,5933.422269444058,-22404.96189754512,149822.2337548025
2413,0.005347470052054645,-0.00874344819909557,1.1915841664190827E-20,-7909.4535979607235,-17460.03863075491,160605.93871064042
2414,0.006664322340367094,-0.00732707942960944,3.825964636018144E-20,-47885.51126078593,-9321.48669852242,285693.09450139076
2415,0.0061726004271727445,-0.007671768421553375,4.405402209785802E-20,43201.55737226683,36637.523028865755,305799.81691687607
2416,0.005680878513978393,-0.008016457413497312,9.948585892221184E-21,-1381.3217196306653,10199.85143174545,147433.21014014352
2417,0.005189156600784044,-0.008361146405441246,6.648354053288213E-20,16017.816120218562,14070.519001808936,381460.9098452417
2418,0.0063393046581346185,-0.007308273028754245,8.270358603321595E-21,9525.278241894921,-18981.839122357153,133067.06733615286
2419,0.005847582744940269,-0.00765296202069818,4.618726723122012E-20,-42364.784450521816,31292.337905721346,314057.06292126613
2420,0.006180991206864018,-0.006925971235099919,1.1331745207765385E-20,6860.428382867455,13515.279935051976,157001.7393031461
2421,0.005689269293669668,-0.007270660227043855,2.6023457259940475E-20,26991.19891030496,28073.085394433416,235836.47839708102
2422,0.005197547380475319,-0.007615349218987792,2.4613528929153358E-20,24144.860417743996,-13553.462913688589,230809.9828435213
2423,0.0058559735246315435,-0.006907164834244725,5.908290187390614E-20,-46132.04565119389,-5218.139906484171,357159.9550551699
2424,0.005364251611437193,-0.00725185382618866,5.84771703664861E-20,-21501.878391505037,-40121.726900295704,355410.52396120736
2425,0.005697660073360942,-0.0065248630405904,4.247917161030379E-20,-49377.78875677141,-22960.34477439542,300498.3000021702
2426,0.005205938160166593,-0.006869552032534335,3.82930937244042E-20,24278.98058938707,38505.88916263466,286359.42278991966
2427,0.005372642391128468,-0.0065060566397352046,1.7959725891828736E-20,-16092.47275076399,20376.619291268802,196868.17204553986
2428,0.007831639321320598,-0.004797450599098069,5.316106371192331E-20,-18048.913481694493,6805.892279973493,341093.7546149192
2429,0.007824749182030116,-0.005400628515763525,1.6295015625596095E-20,-3710.5850112615926,4203.191371769535,189063.1732478337
2430,0.007817859042739633,-0.006003806432428982,6.583722516520228E-21,623.3931455282632,22079.088332439624,118181.79996086685
2431,0.007804078764158671,-0.007210162265759892,2.8806790933069504E-20,4178.868652387591,25234.92471449305,250184.15696973284
2432,0.0077971886248681885,-0.00781334018242535,6.362365250472454E-20,31818.34678788563,48209.332547729566,369257.972532255
2433,0.007665935517292586,-0.005065866478705201,3.752609945906579E-20,5265.265838407282,-33897.16154642082,284979.27634654794
2434,0.007652155238711621,-0.006272222312036111,4.280294178364296E-20,-16423.92399493578,24601.461829220374,305123.6523155691
2435,0.007645265099421141,-0.006875400228701568,1.3372750754382932E-20,-2647.9695397847836,-28515.113472134068,168938.6119577394
2436,0.007341418048527041,-0.0049995203212540055,2.71419667991417E-20,27913.432070789957,-33322.93617789452,240211.61039506507
2437,0.007334527909236559,-0.005602698237919462,5.048426936463545E-20,7180.193918309375,-36646.18050281004,330825.5462733901
2438,0.007327637769946076,-0.006205876154584917,2.709865234967603E-20,-25866.426163031207,-3656.1756059836057,242515.2727107277
2439,0.0073138574913651135,-0.007412231987915828,7.536511663269325E-20,-41683.090722324945,43845.03330281094,402252.2811471077
2440,0.007175714244499028,-0.005267936200861137,3.4322756629684733E-20,5768.539178423262,-40058.81292094083,271512.23117559403
2441,0.007161933965918064,-0.006474292034192048,6.571257078469338E-20,16744.973141277853,5835.957600916759,379420.39176553924
2442,0.007155043826627582,-0.007077469950857503,3.3483571725436495E-21,12006.127224822958,8817.681099076362,84436.64522013071
2443,0.006851196775733483,-0.005201590043409942,5.308528058107812E-20,-32906.75908188324,-38306.44323308199,337639.46759793424
2444,0.0068374164971525195,-0.0064079458767408535,2.4115735590090924E-20,-28811.235668646103,26691.25990327342,226725.57171587882
2445,0.006830526357862038,-0.007011123793406309,7.115078220982418E-20,31162.950725065857,28357.80597758234,392986.97513307846
2446,0.006685492971705469,-0.005470005923017072,5.040733809541395E-21,640.4258439908252,8969.358585118165,104815.37633632206
2447,0.006671712693124506,-0.006676361756347984,1.2583668265718521E-20,2914.925460405362,-26644.60648014189,164041.1115187501
2448,0.0063609755029399246,-0.005403659765565877,8.91307914913121E-21,-2776.398853846054,5822.543705225651,139740.4459412436
2449,0.006347195224358962,-0.006610015598896789,2.109625286420802E-20,-17517.962323242737,-5614.278064147706,214427.63855302718
2450,0.006195271698911912,-0.005672075645173007,7.370895614116457E-20,4055.246395439216,68552.58827377486,396376.9778761089
2451,0.00618838155962143,-0.006275253561838463,7.578740306413452E-20,11892.772064891327,-73885.82112492903,400990.4681252959
2452,0.005863864090855886,-0.006208907404387268,1.1968496869761777E-20,-26958.586550219014,3938.0654423471815,159796.78549090688
2453,0.005705050426118356,-0.005874145367328944,2.884810530662374E-20,-28026.40240078749,-37308.99329214263,247304.7588579605
2454,0.004887514517670013,-0.00604990956756044,2.0485490460671865E-20,22705.30399198493,25983.52140864331,209251.01183402073
2455,0.004879123737978739,-0.006795706754013895,2.4314252794317126E-20,10345.920358640802,33189.072877852945,228416.9315702109
2456,0.004870732958287464,-0.007541503940467351,2.71850328114309E-20,25697.97467571841,-456.3319357486238,242950.9298995296
2457,0.00486234217859619,-0.008287301126920806,2.4029978134027796E-21,-8947.316361985595,-7117.495271939934,71729.7710425356
2458,0.0048539513989049165,-0.009033098313374262,1.5552214475078453E-21,-4743.2555483748065,-5035.6713123644595,58023.19849211203
2459,0.004845560619213643,-0.009778895499827717,1.7056774322634686E-21,-937.6957010067295,11176.405836671618,60158.86105604064
2460,0.00471901354675276,-0.006358366082694325,3.497075432053729E-20,-31931.90461732532,-12437.864969460908,274964.0541362085
2461,0.004710622767061486,-0.007104163269147781,2.6023285616157762E-20,-6153.182630295664,-22499.639499975045,237888.61933057776
2462,0.004702231987370212,-0.007849960455601235,1.5842164730758375E-20,-5179.907860798603,-2067.0175910427884,186416.10409272346
2463,0.004693841207678938,-0.008595757642054693,6.064195436404544E-20,51396.83925942636,1521.2933882790503,361244.55774750875
2464,0.004685450427987663,-0.00934155482850815,5.792014606872097E-20,-25274.310099379534,-57662.76935378101,351001.386151791
2465,0.004382011604918253,-0.006975279112962097,5.876507094068187E-20,54117.02079320006,-32164.24695419207,353634.88083349296
2466,0.004373620825226979,-0.0077210762994155534,6.0254317196876E-20,35358.15650054279,-31417.45622401313,360628.96972798585
2467,0.004365230045535706,-0.00846687348586901,1.7577113370882566E-20,26408.79268705421,2302.5865404997844,194649.64763429368
2468,0.004356839265844431,-0.009212670672322464,4.882901465102864E-20,-15104.967735688882,13314.714507875542,326803.3503070298
2469,0.004221901413692274,-0.006537938441642527,2.5061597459508248E-20,10448.754083710495,-5047.576450144884,234284.04777575342
2470,0.004213510634001,-0.007283735628095983,1.9053229342111864E-20,-88.47949993953723,-22758.668253231706,203258.7355981134
2471,0.0042051198543097265,-0.008029532814549439,2.6939396925101337E-20,4677.101573348853,3955.873740622068,243123.26472354526
2472,0.004196729074618452,-0.008775330001002894,1.686387552019524E-20,3952.0691093450314,-16202.542437096787,191695.41045547114
2473,0.003893290251549042,-0.006409054285456843,6.270653203487082E-20,-30226.83604823357,7347.233574173327,369738.8069747429
2474,0.003884899471857768,-0.007154851471910298,6.42964937557955E-20,-3791.765432695573,-37172.67816045543,373857.0006526541
2475,0.0038765086921664933,-0.007900648658363756,2.1613310891880803E-20,25838.481184024615,19672.119257730083,215402.4412008674
2476,0.0037247892806317887,-0.006717510800590729,3.917291598295734E-20,4148.655662054267,45440.09073029934,289695.631399782
2477,0.0037163985009405153,-0.007463307987044186,3.337570082607673E-20,4865.588228894875,25479.16127641523,269452.63029683364
2478,0.003708007721249241,-0.008209105173497641,4.4707987649241594E-20,-11712.924536788523,-470.31684183823717,313082.4187015396
2479,0.0033961781184885563,-0.006588626644405045,7.758607229001971E-20,30677.36692072481,-3614.560082235566,411568.67972897965
2480,0.0033877873387972825,-0.0073344238308585006,4.247180668619309E-20,-49517.12218125544,-5757.081035737223,301269.5013087302
2481,0.0033793965591060087,-0.008080221017311958,2.1178552413559886E-20,26151.866641009856,-26255.931246269116,212426.47883292628
2482,0.003227677147571304,-0.0068970831595389324,1.3680194271234682E-20,25265.533412224,-2646.4355661120644,171435.20903774226
2483,0.0032192863678800294,-0.007642880345992386,4.300086006866623E-20,-41193.84532732466,-609.7743772293359,304487.52383211727
2484,0.002899065985428071,-0.006768199003353246,4.691128861869275E-21,-15997.39054386315,-1537.3245906938844,100206.14710866011
2485,0.002890675205736797,-0.007513996189806702,2.5153190977354446E-20,-16449.088858319665,9959.969428349594,234211.42776620705
2486,0.0027305650145108187,-0.007076655518487133,6.336970865314735E-20,-16981.97236042601,13332.704697973772,372376.56569471606
2487,0.009203779627563208,-0.0014536308935601404,2.3703273895752095E-20,11675.710027061494,3620.076884764477,227798.14257946354
2488,0.009685080533279019,-0.0010747730370600555,6.749588222916804E-20,33754.8886955783,60005.42079621167,378747.35915027466
2489,0.010166381438994832,-6.95915180559971E-4,6.988064271355105E-20,-1708.3910970304028,42030.63182865753,389430.265954146
2490,0.01064768234471064,-3.170573240598861E-4,5.9560368987142015E-21,-4021.6794970573264,10220.486241109933,113824.74648607131
2491,0.011128983250426452,6.180053244019854E-5,2.422916650118057E-20,2437.239941601464,14333.265152907077,230183.95808815013
2492,0.011610284156142263,4.4065838894028327E-4,1.4205945789661356E-20,14021.38510248367,-23392.90538394314,174487.4247048534
2493,0.009521507095672083,-0.0014423859627498183,5.0066663174113E-20,-36984.697924143096,39914.615051058616,327050.64862629084
2494,0.010484108907103704,-6.846702497496487E-4,3.805103062002046E-20,-41003.91665820725,-6671.274130077581,286036.022694768
2495,0.010965409812819514,-3.05812393249564E-4,3.761944097905942E-20,34656.885822379794,-28462.62472560484,283872.58126207924
2496,0.011446710718535326,7.30454632505209E-5,2.472478989948562E-21,6942.91047302049,-8635.635952381508,72839.8490686523
2497,0.00967566112617402,-0.0017987539576292582,4.984095561426045E-20,42571.71828140162,-15815.794082189881,327666.1898206604
2498,0.01015696203188983,-0.0014198961011291735,6.021627968779684E-20,-61600.96746743889,-26805.42155645143,357342.6747110315
2499,0.010638262937605641,-0.001041038244629089,2.2722401511959118E-20,22947.749877400584,3513.433029013668,222146.205278099
2500,0.011600864749037262,-2.8332253162891935E-4,1.616166027650181E-20,-28334.47950079405,-15951.514157151198,185543.0910118372
2501,0.009993388594282894,-0.001787509026818936,4.978214520880103E-20,-5840.678765624174,-15025.394358061161,330209.972895765
2502,0.010474689499998704,-0.0014086511703188512,9.660789157554968E-21,328.23175469752505,-4387.199866012875,145572.22498250107
2503,0.010955990405714515,-0.0010297933138187667,1.534562946206664E-20,33008.75707698379,-2929.3882710389375,180537.3839154343
2504,0.011437291311430323,-6.509354573186817E-4,7.388349176661589E-20,-43868.45913697745,-59342.48096713521,395939.1844788651
2505,0.010147542624784832,-0.0021438770216983764,6.304561372152207E-20,-17466.880031021094,15473.351773994316,371314.39156499796
2506,0.011110144436216452,-0.0013861613086982067,1.0653037086245596E-20,8251.565081386281,-9385.96770638305,152423.62242692744
2507,0.011591445341932263,-0.0010073034521981222,1.0086400437535294E-21,3945.135786127337,6414.953885023618,46452.03974970217
2508,0.010465270092893704,-0.002132632090888054,1.4935982691130132E-20,1049.692041197409,-9578.717987667453,180830.46756638866
2509,0.010946570998609515,-0.0017537742343879691,2.9207907151264693E-20,-12949.617909628441,-42351.7074245487,249330.46768677892
2510,0.011427871904325326,-0.0013749163778878845,1.3780426998649516E-20,10441.828313007356,9905.509602544797,173344.441662259
2511,0.010619424123395641,-0.002489000085767494,6.693020162515006E-20,57365.26430089017,41814.76937125718,376707.29524794745
2512,0.011582025934827262,-0.0017312843727673246,5.573395181165316E-20,-4236.29064847579,-28974.09793104165,348580.62374715466
2513,0.010937151591504513,-0.002477755154957172,3.460145877845848E-20,27144.09214219581,5544.792532745355,274228.4270172002
2514,0.011418452497220325,-0.002098897298457087,1.397297212327346E-20,23155.67327584815,-1003.596397515826,173611.61810329586
2515,0.01109130562200645,-0.0028341231498366123,2.773180134988623E-20,6951.0668287567405,28728.433142089314,244974.60754286905
2516,0.011572606527722263,-0.0024552652933365277,4.9412406522556433E-20,-40149.10695113399,15141.810697719295,326566.2307612268
2517,0.011409033090115326,-0.00282287821902629,3.9409234711643534E-20,4398.568082402606,-2825.113038090607,294103.87524433224
2518,0.00899397326820762,-0.0017501478954557506,5.59310404824362E-20,-7264.234655679542,10161.951518055206,350203.6210951219
2519,0.009465854766818431,-0.002095270959524868,3.550245115580087E-20,-189.913184646813,-31981.31948963103,277351.93606970325
2520,0.009937736265429244,-0.002440394023593987,6.38608374181827E-20,-37391.423708510665,5676.541643296387,372529.73416101426
2521,0.010881499262650862,-0.0031306401517322223,6.775934222742037E-20,-56369.15162414575,-22170.147622017288,380918.6834995227
2522,0.011353380761261675,-0.0034757632158013397,5.743204124428534E-20,-32971.396113196155,40007.26466614645,351292.4907445219
2523,0.009101894376960908,-0.0020354199665410387,6.962468353128619E-20,26909.339650400678,-51337.20332646178,386657.26032688166
2524,0.010045657374182528,-0.0027256660946792743,4.0510605155515334E-20,-17471.8280367889,13840.523153043587,297398.2020704487
2525,0.010517538872793337,-0.0030707891587483925,8.002099786208587E-20,-47464.50252375856,-57983.29822294539,412400.2410960359
2526,0.008845855095856666,-0.0022608410446424967,7.833982947121673E-20,-65231.844415198044,-31674.719056737664,408337.3123180495
2527,0.009317736594467477,-0.0026059641087116145,1.3873202375956377E-20,9960.8048643488,7438.833622687752,174082.11931642183
2528,0.009789618093078288,-0.0029510871727807327,6.509396476563123E-20,-9389.51980130858,-49748.06039523546,374637.26958465594
2529,0.01073338109029991,-0.003641333300918968,1.2038817090486891E-20,-6576.080249952593,-27579.082339386274,160086.93411848324
2530,0.008953776204609952,-0.0025461131157277846,7.695899645395078E-20,-24670.536437862855,49509.11287225407,407316.08284609206
2531,0.009897539201831574,-0.00323635924386602,5.2265825187445954E-20,-19424.629826157507,-41826.66723456427,335596.066671128
2532,0.010369420700442384,-0.003581482307935138,2.6122888001734588E-20,10611.015726757425,-18335.53174936376,238547.65955337373
2533,0.008697736923505712,-0.0027715341938292434,2.434576944541913E-20,22372.131138391887,19102.926138539864,229317.70353940668
2534,0.009641499920727336,-0.0034617803219674785,7.372351376311955E-20,-51948.28522993092,-50495.68874878847,395745.0363487916
2535,0.010113381419338145,-0.0038069033860365967,6.478161029708054E-20,-50771.81185182482,44943.38525490167,370988.7424949453
2536,0.008805658032258998,-0.0030568062649145304,5.676706204356287E-20,10377.906729937784,45522.60113291241,349934.4451430966
2537,0.00974942102948062,-0.0037470523930527664,6.164559934230282E-20,54157.42043328588,22478.39026300991,363189.7735873618
2538,0.008549618751154758,-0.0032822273430159893,7.567465705943858E-20,-49031.07030549892,-51386.216406209205,401374.86411545763
2539,0.00949338174837638,-0.003972473471154226,5.628709593349821E-20,9860.02346475758,1183.9585654209961,351399.6592140825
2540,0.008657539859908046,-0.0035674994141012767,5.535749371919811E-20,-33616.50100837836,54058.72126138227,342763.7011869988
2541,0.009129421358518856,-0.003912622478170395,6.675745701118438E-20,56173.46236689659,-31175.03603252118,377413.602765209
2542,0.008873382077414615,-0.004138043556271853,3.505764203115236E-20,10563.49700781235,13448.755856578044,276907.7222524184
2543,0.008509421687557093,-0.0040781925632880234,5.761107627307571E-20,-16955.81987689356,-308.69151875188635,355245.81709359365
2544,-0.007172091672801514,0.003687611526807307,2.3438106810897703E-20,-7344.899404809475,1664.4266333236228,226721.23648563895
2545,-0.007758293989505232,0.003682454630413699,5.625029406129527E-20,-19917.51056431705,16299.361216265856,350481.3350081354
2546,-0.00834449630620895,0.003677297734020092,3.424917705048165E-20,-33479.24782447577,-22410.86707815061,271242.00012572843
2547,-0.008930698622912667,0.0036721408376264846,3.972365145592088E-21,-5922.494515690474,-8670.392972247448,92796.69800046207
2548,-0.010103103256320101,0.0036618270448392693,5.850237418501172E-20,15863.863269725152,51038.275185683706,354383.2564316022
2549,-0.01068930557302382,0.003656670148445662,6.269459562112544E-20,19340.752643697677,59370.607844786435,365717.49787955993
2550,-0.007463093431642251,0.0038656015601040757,5.0005552619171365E-20,-2378.149705195131,3458.8168807873103,331317.6448938382
2551,-0.008635498065049688,0.003855287767316861,5.311068162544157E-20,-38960.165747180385,37663.420052221496,337149.80292174127
2552,-0.009221700381753404,0.0038501308709232534,7.688689178648895E-20,46299.3464506762,51448.63114757485,404990.46866100776
2553,-0.009807902698457122,0.0038449739745296456,4.3706083069357733E-20,-26993.458577997408,-20771.808616351373,307893.13677321514
2554,-0.01039410501516084,0.0038398170781360377,2.4266675902185368E-20,-3861.8526209161773,-39083.105595511166,227455.46242860754
2555,-0.008045096949323727,0.004221581626697613,5.32277466209525E-20,-5373.755587224687,-20564.224547198268,341191.5487200597
2556,-0.008631299266027445,0.0042164247303040055,1.2119562069513587E-20,22765.682604245005,17937.41612901288,160527.03355849916
2557,-0.009217501582731161,0.004211267833910398,5.216195080332152E-20,-1911.0261670573623,45767.18873054021,335298.6116520834
2558,-0.010389906216138597,0.004200954041123183,4.0771064181917746E-20,-27235.16883899278,-4046.3988091524925,297919.8458861073
2559,-0.007749896391460748,0.00440472855638799,2.2299530377066165E-20,-1472.6340491332037,-4981.047180499602,221206.8522463573
2560,-0.008336098708164465,0.004399571659994381,7.883250992564427E-21,20893.613365646954,-1638.8997826048756,129879.74125809928
2561,-0.008922301024868181,0.004394414763600774,1.859827705068166E-20,25963.06091424721,-7091.300754247223,200271.93238299855
2562,-0.010094705658275617,0.004384100970813559,6.526069808467201E-20,58661.369115524474,27019.35319505863,372975.8479514781
2563,-0.0077456975924385055,0.004765865519375133,2.8170221368077113E-20,12806.85389749688,-20107.987690855152,247548.820918468
2564,-0.008331899909142224,0.004760708622981527,2.816213901294139E-20,20545.705505457903,-17549.82814770212,247185.95805420104
2565,-0.009504304542549658,0.004750394830194312,2.2153496608685775E-20,-11241.923979665684,22532.93175972189,219099.78238564334
2566,-0.010090506859253374,0.0047452379338007045,2.862198613544011E-20,11002.667293939301,-511.73919486782387,250438.2372187864
2567,-0.008036699351279241,0.0049438555526719035,5.948435250072578E-21,1186.9730486396008,3499.754435109988,114220.65597132422
2568,-0.00862290166798296,0.004938698656278296,4.787832301554821E-20,28185.020870083008,11257.839320989196,322796.3149970189
2569,-0.009795306301390394,0.00492838486349108,2.247491745202569E-20,-24901.867163502917,8439.34618242293,220574.69059503538
2570,-0.008032500552257,0.005304992515659047,3.058889725022045E-20,-29428.481327513335,-31346.40833261884,255559.03860835993
2571,-0.008618702868960718,0.00529983561926544,2.0766204209088943E-20,24171.200731134628,-16081.121626938717,211542.26062547232
2572,-0.009791107502368153,0.005289521826478225,5.84773314311051E-20,-12338.480998053932,-41024.089323780725,355744.09888899134
2573,-0.008323502311097738,0.0054829825489558165,1.692110020032206E-20,-10634.142089121773,-29049.961965995073,190247.01114019306
2574,-0.008909704627801454,0.005477825652562209,3.991047841661452E-20,15042.739243337674,-9806.967011038978,295469.8895374129
2575,-0.009495906944505172,0.005472668756168601,1.015905245077695E-20,5031.646202728926,6836.608164180353,149105.7577240276
2576,-0.008905505828779213,0.005838962615549353,7.746191176124553E-20,-60576.69141885244,27102.77767279457,407021.19051144936
2577,-0.00949170814548293,0.0058338057191557454,4.30856077970783E-20,5710.390746176228,40191.380869173714,304873.85562344745
2578,-0.008610305270916233,0.00602210954523973,7.086029795826152E-20,-5927.108992292904,67716.8396370085,388530.03570121736
2579,-0.00860610647189399,0.006383246508226874,5.534753897802729E-21,7802.563649854762,-10337.69825420601,109471.52335622052
2580,-0.009192308788597708,0.006378089611833267,5.332727931313979E-20,3866.277361406074,24392.45049731758,341279.98058168916
2581,-0.008897108230734727,0.0065612365415236434,6.987111076110154E-20,60953.21317399188,-31045.682621422195,385649.281522316
2582,-0.0052227065498413735,0.006163739188310029,5.275421342956664E-20,-294.5623125839511,21650.248555817197,339639.45483523485
2583,-0.00555456614643386,0.00570540346401416,3.3064034050395925E-21,8131.845751549787,-11630.857462946999,84011.49224291575
2584,-0.005886425743026347,0.005247067739718291,6.907070362402206E-20,-20363.737112678962,38656.107441554755,386960.2053909593
2585,-0.006218285339618834,0.0047887320154224216,3.4049759106030586E-20,3035.1811501309585,44786.060288643166,269708.1699993376
2586,-0.006550144936211321,0.004330396291126553,7.380112370458472E-20,22633.04673290421,-42250.086401110115,399669.41741205717
2587,-0.006882004532803808,0.0038720605668306836,7.310320174370875E-20,-26362.786795111493,-48834.323147942945,396762.98969628714
2588,-0.00555548076527689,0.006067842537334305,3.793391767193115E-20,4581.118580571531,-30479.341840813624,286941.33691117336
2589,-0.005887340361869377,0.005609506813038436,1.6251568857869977E-20,13482.175182652154,-31195.881489474392,185811.6726357493
2590,-0.006219199958461864,0.0051511710887425675,2.5221501770943062E-20,-15016.547516080309,-34274.149043719655,232324.19429530267
2591,-0.006551059555054352,0.004692835364446699,3.283475004052442E-21,1141.823102827852,4367.502463402068,84785.70371560693
2592,-0.006882919151646838,0.004234499640150829,2.4320055260958282E-20,21922.01715872999,-6939.713556800506,229927.92851039756
2593,-0.0062210291961479255,0.005876049235382857,6.655390604565189E-20,-11371.887580870134,-26264.484620362422,381185.417455622
2594,-0.006552888792740411,0.005417713511086988,5.344452292649522E-20,-44382.56322198697,14064.190447830277,339369.6566253945
2595,-0.006884748389332898,0.004959377786791118,7.515681683484863E-20,4704.144009301261,35457.43009790472,404635.7342694742
2596,-0.007216607985925385,0.004501042062495249,3.550652156775418E-20,-1065.4708176108377,24392.659171206687,278136.1842286539
2597,-0.006221943814990955,0.006238488308703002,5.689182284542103E-20,-16932.683081164727,-56664.309243143834,348440.0678876078
2598,-0.006553803411583442,0.005780152584407133,5.32421147940144E-20,13095.330784524194,7341.752796962683,341569.3110767813
2599,-0.006885663008175929,0.0053218168601112635,6.121871256466871E-20,48173.436918143845,22310.433121227474,362752.5827687957
2600,-0.007217522604768415,0.004863481135815394,3.829100589810803E-20,31689.404203647995,37764.38049537614,285725.28892325074
2601,-0.006555632649269502,0.006505030731047422,4.185739201529802E-20,20983.177281041746,-25568.002312985813,301339.37104778585
2602,-0.006887492245861989,0.006046695006751553,1.9925382572825908E-22,-2941.4006600947396,-186.87757528094073,20707.066801649846
2603,-0.007219351842454476,0.005588359282455684,9.960440065562919E-24,-471.6540945735466,-504.4934793220571,4625.100777999199
2604,-0.006888406864705019,0.006409134080071698,9.478060631004233E-21,-7077.577720205425,-1227.9354528525782,144075.81585226988
2605,-0.007220266461297507,0.00595079835577583,7.210945957111461E-20,37175.01002877052,-27122.97498809661,395223.00967873214
2606,-0.007552126057889992,0.00549246263147996,6.422990576012648E-20,46532.88831595962,45588.96639937544,369831.5599347954
2607,-0.007222095698983566,0.006675676502416119,7.695317155381514E-21,8220.546424714717,3345.263260038593,129678.80438386071
2608,-0.007553955295576053,0.0062173407781202505,7.68612036248817E-20,1878.2804948095768,45165.87112259057,408298.8952269905
2609,-0.007885814892168542,0.005759005053824382,2.6663494995951778E-20,-36828.39905374604,22386.421397556678,238082.3609458088
2610,-0.0075548699144190835,0.006579779851440395,2.8089095066872587E-20,23070.16490557161,35304.341129223554,244728.46326002304
2611,-0.00788672951101157,0.006121444127144526,7.496781042474451E-20,-61760.73347505442,10822.868302309058,400827.82270488306
2612,-0.00788855874869763,0.006846322273784815,7.498528742360068E-20,61308.87757427203,36004.725885907144,399471.79957743996
2613,-0.008220418345290118,0.0063879865494889465,6.897612153965482E-20,-22805.966794889766,18735.239443001894,388031.4389600246
2614,-0.008221332964133148,0.006750425622809091,5.815865969050755E-20,43203.4945891838,-29585.07961884084,353479.28449332435
2615,-0.008496881571677788,0.0010754843866657945,4.0879173018004274E-20,26825.17499323058,13543.706111305613,298074.98565083946
2616,-0.008920567257603164,0.0015254926913779413,5.0874948387714574E-20,-12366.012229916776,34590.36042844206,332187.262916737
2617,-0.00934425294352854,0.001975500996090088,5.697620817450466E-20,-43465.297880113314,-2133.447553670902,350997.9027313545
2618,-0.010191624315379297,0.0028755176055143814,7.845783816906232E-20,-51384.77251238045,-6987.082239585803,411786.0119790105
2619,-0.010615310001304673,0.0033255259102265284,1.2112326346588315E-20,-24527.71097657484,-3217.194941566376,161186.5702634528
2620,-0.008551371128021037,0.0013774953828491843,6.011280846111821E-20,65139.07569968244,-15437.80757740226,357069.17729492014
2621,-0.009398742499871791,0.0022775119922734777,1.318721153924392E-20,20516.214991736484,23776.12697748807,167232.7734714219
2622,-0.009822428185797169,0.0027275202969856247,4.6428962993035224E-20,-28736.866229718547,-40321.119058365235,315412.23090933997
2623,-0.010246113871722546,0.0031775286016977717,4.662431324903793E-20,15991.073073207235,-870.056556166935,319544.83615057974
2624,-0.008660350240707538,0.0019815173752159637,7.493624298735955E-20,35111.54560686044,26330.99896704246,403235.68377727113
2625,-0.009084035926632913,0.0024315256799281103,3.570574477373032E-20,4897.4233058336295,4100.538448578027,279915.1236785046
2626,-0.009507721612558293,0.0028815339846402573,5.370589728670102E-20,-34150.058500722094,29806.865762057514,340380.01961156394
2627,-0.008291154111125411,0.0018335200666872063,4.8871148106887824E-20,-27038.26292291552,915.539729437575,326445.203728891
2628,-0.008714839797050788,0.002283528371399353,6.169001509530545E-20,-46480.10973003834,26761.53787175991,364096.2120819493
2629,-0.009138525482976166,0.0027335366761114996,5.9771223684509374E-21,3635.8469054708917,-12967.534059463536,113761.25334596216
2630,-0.007976447537886535,0.0019875337543418387,5.321226151175011E-21,-6082.597200346458,-9301.933531876222,107514.79067630424
2631,-0.00840013322381191,0.0024375420590539857,3.830420195650442E-20,-10659.954006791982,-34658.734434686376,287721.0757525427
2632,-0.00882381890973729,0.0028875503637661327,2.2765745085610607E-21,8491.321300122734,7219.163799950605,69814.66365588167
2633,-0.008030937094229784,0.002289544750525229,5.476410409716131E-20,-259.3937215229335,6459.89040554442,346691.16642896965
2634,-0.008454622780155163,0.002739553055237376,5.2822189562645954E-20,-43962.024751116885,39241.51146731789,335410.89333790145
2635,-0.008878308466080538,0.0031895613599495225,3.090631416346475E-20,-4418.642627094601,-31777.295509722077,258508.4801620644
2636,-0.008139916206916283,0.002893566742892008,1.8111996643959945E-20,-2830.639909003011,12368.414126814881,199008.9879404312
2637,-0.008563601892841662,0.003343575047604155,5.696520864646018E-20,-45199.92358585152,-36814.84860738282,348813.4106516128
2638,-0.007770720077334158,0.002745569434363251,1.789783082577787E-20,-13473.303867696985,608.0419153671567,197771.22873179507
2639,-0.00745601350409528,0.0028995831220178835,6.809577521892772E-20,-27123.689778145756,-38335.87765627052,383798.5874741824
2640,-0.007879699190020656,0.0033495914267300305,3.188278841737131E-20,-44904.882670509316,-4775.150823640245,260692.5175941859
2641,-0.007510503060438531,0.003201594118201273,4.151028142032774E-20,8241.64590883158,-3057.3842513774794,301761.60667624185
2642,-0.008167065137877167,8.850478210374123E-4,1.2326973312062972E-20,-3250.48394640645,22112.55754353569,162987.12807192974
2643,-0.00790684812098154,0.0013410725048754347,2.7842564217926914E-21,3586.8962512231087,-5406.293587768444,77915.64157214656
2644,-0.007646631104085914,0.001797097188713457,3.9525900107582183E-20,-7883.021679639192,26846.957611873815,293253.5761270575
2645,-0.00712619707029466,0.0027091465563895013,7.253024360388034E-21,9346.026854038651,10932.425611225455,125369.15027515183
2646,-0.006865980053399033,0.0031651712402275237,6.509894478100757E-20,10352.72170556234,-55021.926931062975,373888.29730341013
2647,-0.007891738260419796,9.9662225159242E-4,4.6416698861356735E-20,43266.62273370943,-20142.093724385573,315645.1244876297
2648,-0.007371304226628544,0.0019086716192684647,8.555567551749296E-21,9251.767757905345,-470.5890968475987,136741.56592130967
2649,-0.007111087209732917,0.002364696303106487,2.5176982713666182E-20,23157.642271138026,20417.26632151961,233074.79676682432
2650,-0.007601301522400681,7.637464288644131E-4,7.248647783973405E-20,7087.756630700838,-65289.984593321475,393489.01121283916
2651,-0.007341084505505055,0.0012197711127024352,6.991521175249805E-20,24775.620786667227,-60220.79174678605,386343.0431471111
2652,-0.007080867488609428,0.0016757957965404576,2.3806421009599535E-20,-38407.18434952256,9710.850761953916,225163.21127745725
2653,-0.006560433454818175,0.0025878451642165016,1.5380081594957465E-20,-25917.059054584974,-8423.61018494244,181727.5326747282
2654,-0.007325974644943311,8.753208594194207E-4,4.523254284057151E-20,-51417.531184249136,-1063.384099153603,310909.6339308029
2655,-0.006805540611152059,0.001787370227095465,1.774335858431177E-20,-19462.084172861214,-19123.218181181743,195478.23112751046
2656,-0.006545323594256431,0.002243394910933487,1.7636869777125897E-20,26104.147448739317,-3284.4972239909657,195013.31886911782
2657,-0.007035537906924197,6.424450366914135E-4,1.4995063243091555E-20,-13.997398817018572,20238.961881763567,180312.53272904633
2658,-0.006515103873132943,0.001554494404367458,4.894474229541222E-20,53757.58375155505,-19797.888523122136,322766.35703807784
2659,-0.0062548868562373175,0.00201051908820548,1.4624813923284078E-20,14947.479363904318,-22380.60469096962,177158.15120777267
2660,-0.006760211029466825,7.540194672464212E-4,5.508173687572236E-20,-4971.352945108357,-46229.59352533915,344633.2052832114
2661,-0.006239776995675572,0.0016660688349224657,1.00772992396655E-20,-3418.915336424076,-1695.5685792233896,148696.0910946256
2662,-0.006469774291447712,5.211436445184142E-4,8.645137552650177E-21,-3811.330493236488,7104.9358877221175,137534.43362312694
2663,-0.0059493402576564595,0.0014331930121944585,1.2893728204967711E-20,21506.196531519417,-12005.52266773037,166439.22963070008
2664,-0.006194447413990342,6.327180750734219E-4,3.99456086077797E-20,20390.251977527838,-30652.629673395393,293848.08944049134
2665,-0.005934230397094714,0.0010887427589114439,4.481531528020755E-20,-14504.646851312269,-14449.743341113914,313008.74807565665
2666,-0.0056437936590756,8.558669361834369E-4,1.9901402568331334E-20,-14566.392742478081,15477.592267453041,207948.40256811155
2667,-0.005628683798513856,5.114166829004223E-4,2.1584815253217122E-20,-37473.090315018395,12073.162134023696,214103.41922642582
2668,0.007690728135785372,-0.004424106712452573,3.619259688034832E-20,14892.58968062644,49357.355079168905,277135.777002873
2669,0.007200506862991814,-0.004626176434608509,2.928896227925619E-20,14174.609974706982,26742.890071351943,251771.5224583287
2670,0.0067102855901982564,-0.004828246156764446,9.532032910972077E-21,8769.089106811618,6330.486710003916,144260.06657617682
2671,0.006220064317404699,-0.005030315878920381,6.32914831208507E-20,-50122.88144078706,-40055.50636600619,367208.3352668806
2672,0.005729843044611141,-0.005232385601076316,7.75207378622797E-21,-5052.117136679896,6866.657459713485,130181.78409559796
2673,0.007384113146222132,-0.004319178705414209,2.5509179190904224E-20,18097.014624523625,483.88606957854944,235963.16520920602
2674,0.006893891873428574,-0.0045212484275701445,3.3853867486513257E-20,26135.28763431494,-6447.928515837818,271298.3310032602
2675,0.006403670600635017,-0.004723318149726079,7.792957649215945E-20,-55412.45867302184,-9028.039508491122,409811.0203618245
2676,0.005913449327841459,-0.004925387871882016,2.9439468735438704E-20,30286.38305521171,24940.831819821116,251189.43749203713
2677,0.0054232280550479016,-0.005127457594037953,1.0130880043347484E-20,18045.262472440256,14519.14394026726,147330.55709918964
2678,0.006770883167095652,-0.004109322691337478,8.085719939493811E-21,-8363.298278696031,-692.4483798014618,132973.9831840627
2679,0.006280661894302094,-0.004311392413493414,1.1905578600220368E-20,25556.677127027404,15683.692946677247,158871.09565475493
2680,0.0057904406215085365,-0.004513462135649349,1.595292903139415E-20,10599.17599441008,13663.465627186035,186349.7308317447
2681,0.005300219348714979,-0.0047155318578052845,7.418558271465482E-20,4877.668569836363,57314.14515429592,399460.0820116893
2682,0.00695448945032597,-0.003802324962143177,4.490523642433263E-21,-5773.515010273038,2015.2483672177498,99104.59477860504
2683,0.005974046904738855,-0.0042064644064550485,2.029020054683362E-20,-14039.731012112568,-6022.484412737063,210510.11762274124
2684,0.005483825631945297,-0.004408534128610983,1.0213255410039308E-20,-5047.590458498507,25794.564521127566,147420.3193823003
2685,0.006831480743993048,-0.003390399225910511,3.629957736676208E-20,-36301.340460932515,-2182.424833585769,279954.47090395313
2686,0.00634125947119949,-0.0035924689480664454,3.088729177233764E-20,2349.31557183063,-46275.15849413864,256256.28051132517
2687,0.005851038198405933,-0.003794538670222382,1.4663443959988097E-20,-6964.153574226829,-17314.91253918552,178454.01984738492
2688,0.006524865754429808,-0.0032854712188721442,6.858900912734269E-20,-20193.106657976616,-37579.735443968835,385706.6280167712
2689,0.006034644481636251,-0.00348754094102808,6.672316896553075E-20,43168.52479804965,28020.235394949945,379268.2858568394
2690,0.005544423208842693,-0.0036896106631840162,6.712826655438465E-20,55749.74840296206,28563.366773576894,378759.2803558762
2691,0.006401857048096886,-0.002873545482639478,5.94398969656596E-20,-15557.232657325383,-21070.677387603333,360300.46053632384
2692,0.0059116357753033295,-0.0030756152047954136,2.6895812407847683E-20,-35426.339955054966,27472.45901460592,238832.56293586834
2693,0.006095242058533647,-0.0027686174756011133,2.1541032959127528E-20,4974.339539348623,-32843.56239938211,214920.21446995504
2694,0.005605020785740089,-0.0029706871977570487,2.164153128337426E-20,-7706.294074827873,-39623.18033873213,214208.7920682099
2695,0.005972233352200725,-0.0023566917393684464,2.5962149227276163E-20,22929.57305867218,26886.322106649848,236119.08828906665
2696,0.005482012079407167,-0.002558761461524382,4.3524538669231313E-20,-33152.12574694454,31159.40557218915,305760.918772866
2697,0.005665618362637486,-0.002251763732330081,2.179033038532706E-20,-2037.349662164771,-33330.06119665499,216162.99419237403
2698,0.008644098812588312,-0.0016330533427379495,3.866203678512055E-20,-21450.667901140216,12451.38028593556,290290.8039100963
2699,0.008495980640237358,-0.0021437464919246956,3.648475205729422E-20,-13334.58451344339,-8963.26796307135,282569.39377545146
2700,0.008347862467886404,-0.002654439641111442,4.408008643374647E-20,-40238.76837860347,-8200.105377313523,308371.58690743
2701,0.008051626123184497,-0.003675825939484934,6.096520951157964E-22,-1466.467278727729,1560.4152901065654,36522.993021354094
2702,0.007903507950833543,-0.00418651908867168,5.090302213499671E-22,-2510.074940291464,-4204.424931768079,33069.889903141746
2703,0.008402145465722289,-0.001801230861105436,3.3350597604063224E-20,22665.438999862723,17507.281837890936,269076.6424779187
2704,0.008105909121020381,-0.0028226171594789282,4.794987698401316E-20,-32913.93140047485,11346.591283981465,322588.93734633183
2705,0.007957790948669427,-0.0033333103086656745,4.125216029464949E-20,24238.590410092474,-45823.249168219125,296451.2543724808
2706,0.007809672776318474,-0.0038440034578524213,7.785045787064027E-20,41194.67147015646,-63939.504379978775,406371.9353513264
2707,0.007918238771990242,-0.0021375858978404097,9.856629187906384E-21,-4835.903808844378,-5289.997637971311,146932.7466875927
2708,0.007770120599639288,-0.002648279047027156,2.763369756896938E-20,17419.40534834114,-3103.5019223558447,245678.12423027103
2709,0.007622002427288334,-0.0031589721962139022,1.7948623232680835E-20,1448.8171003504715,6916.078467559814,198385.84612479404
2710,0.007824403597475174,-0.0017950702670211504,2.0852653876206446E-20,9369.60673458944,-19724.522438186657,212851.90751279506
2711,0.0076762854251242185,-0.0023057634162078964,2.3993572602636874E-20,-2125.1033323681536,39816.78968033721,226028.5146648443
2712,0.007528167252773266,-0.0028164565653946423,4.718208192950706E-20,26297.468629253493,9390.346068268482,320640.3571660533
2713,0.007488615076094081,-0.0016207321545693779,3.353381598367668E-21,5111.281574812495,-3491.722971960329,85581.30432274495
2714,0.007340496903743126,-0.0021314253037561237,7.571152029708821E-20,17279.654296538545,-19197.808017561118,406890.84869552543
2715,0.007192378731392173,-0.00264211845294287,4.755385893093193E-20,-18378.390813059774,25387.390102143785,321595.92420508026
2716,0.007246661729228056,-0.0017889096729368646,1.0504077155815845E-21,284.0983987460735,8524.709891308054,47259.483862551104
2717,0.007098543556877104,-0.0022996028221236105,3.063417296958779E-20,-5484.682649096716,-28233.577255882738,257742.5903329634
2718,0.006950425384526149,-0.0028102959713103563,5.466007041161183E-20,-10421.072537507365,-11054.061783896288,346088.6618759951
2719,0.006762755035496011,-0.002125264709671838,3.142895998891497E-20,10620.062557970408,-8750.217169184132,262324.3998520349
2720,0.006614636863145057,-0.0026359578588585845,7.45989441259363E-21,7391.931290188068,-8101.463303443382,127507.67282227342
2721,0.006668919860980942,-0.001782749078852579,1.9637927063417905E-20,22843.999422268644,-2998.216046810858,206361.2514250925
2722,0.006333131339599849,-0.0016084109664008062,4.150394399749284E-20,6974.298135317048,14519.389879769094,301436.51412530564
2723,0.006185013167248895,-0.0021191041155875522,6.326275798360275E-20,41680.99122644212,10993.077877147474,370185.74871983635
2724,0.006091177992733826,-0.001776588484768293,3.872121396640769E-20,29014.911436535738,-36653.794087511735,287799.37234485877
2725,-0.004587668123653197,0.006151424217573978,2.119374774498474E-20,-29499.331135578333,-212.95503447167457,213685.30364224667
2726,-0.004070673238483392,0.006340194219711202,3.7649499358563105E-20,16916.293973936343,39862.86735032449,284228.1621524452
2727,-0.003553678353313588,0.006528964221848426,3.006384697921716E-21,-8542.569211538492,-6068.485393160648,80565.6881276306
2728,-0.0030366834681437834,0.006717734223985651,2.645189268860577E-20,12780.091014454138,26404.98954358046,239197.73979869683
2729,-0.002519688582973979,0.006906504226122875,4.2452561990942737E-20,19631.28260213165,45352.07385971185,301270.56205859786
2730,-0.004285403912900538,0.0060432125958622025,1.9644440553763196E-20,15041.737022037021,-23862.26574828478,205753.35412458653
2731,-0.003768409027730733,0.0062319825979994265,1.2512570397746351E-20,29978.536712272733,-2633.726929797428,162991.3216100805
2732,-0.003251414142560928,0.00642075260013665,6.887109001227068E-20,59760.32946188627,-32888.49318065205,382826.2906715495
2733,-0.0027344192573911246,0.006609522602273875,7.904349934992095E-20,24484.86371724061,42830.49569519419,413653.0088243816
2734,-0.0022174243722213193,0.006798292604411099,1.8586125527274086E-20,-14790.29645719459,32944.859044079494,198752.1527932053
2735,-0.003680875491395218,0.005826789352438651,2.110615955834364E-21,1647.8136795847722,-9581.81351170648,67375.15395931598
2736,-0.0031638806062254136,0.006015559354575874,6.620053560838062E-20,22772.592094610995,-2700.2585005375854,380551.8975167302
2737,-0.002646885721055609,0.006204329356713099,2.6585216819721412E-20,27820.97049655482,-29513.773974560463,238167.50749058524
2738,-0.002129890835885805,0.006393099358850324,4.8732319961193087E-20,-331.1405646594383,1193.629369620433,327096.37804893614
2739,-0.003895606165812364,0.005529807728589651,6.179642101663275E-20,55454.70515392634,33417.8883644031,362607.5982393852
2740,-0.002861616395472755,0.005907347732864099,7.069270752230339E-20,-11113.384195114502,-10613.96459809404,393665.0554048169
2741,-0.00234462151030295,0.006096117735001323,4.580404563696299E-20,-27113.48895446652,31397.033111720877,314393.91364859795
2742,-0.003808072629476849,0.005124614483028875,2.869066671173184E-20,28632.6395122446,-6043.369168432611,249269.07457306937
2743,-0.003291077744307044,0.005313384485166098,4.3926366351929127E-20,1789.9845310813232,50918.04728421731,306343.0862397423
2744,-0.0027740828591372403,0.005502154487303323,3.771330127164516E-20,47879.67358910392,5141.958046865287,283693.55619399704
2745,-0.003505808418724189,0.005016402861317099,7.069871179593809E-20,-50536.62134344592,-35501.48911131678,389110.80188737216
2746,-0.0029888135335543855,0.005205172863454323,7.659255218540676E-20,15311.185563386065,-68155.99211246632,404081.6342964277
2747,-0.0024718186483845806,0.005393942865591548,7.531407380502063E-20,59267.06082011837,14857.074103094146,402021.61803238105
2748,-0.003418274882388675,0.004611209615756323,1.3752845670507014E-20,16947.17960669241,22904.733581897646,171414.86759414547
2749,-0.0029012799972188705,0.004799979617893548,1.507072340690136E-20,-1094.4635523095976,-25192.27696184214,180145.7500436246
2750,-0.003116010671636016,0.004502997994044548,7.211405404524188E-20,-53077.19742789827,-2064.1230825011144,394344.39561021765
2751,-0.0025990157864662113,0.004691767996181771,5.913812608455145E-20,24371.272515916713,-5557.899435102332,359464.915617395
2752,-0.0030284771353005016,0.0040978047484837715,7.173132430338348E-20,51413.71318389311,-36705.86955461433,391788.16406406445
2753,-0.002511482250130697,0.0042865747506209955,1.559179748662818E-20,-247.46335987784818,-11759.076406594744,184645.71541388574
2754,-0.0027262129245478424,0.003989593126771996,3.5649103207032065E-20,-16228.510698950773,-11875.4377781251,279042.1589597776
2755,-0.00487061961757396,0.005935722308762947,7.32410450038958E-20,-12316.577669384651,52280.809412284325,397389.3755865504
2756,-0.004480821870485786,0.005422317441490395,7.733646266829097E-20,-39709.60309950335,-10020.231317282436,410021.53661164606
2757,-0.004091024123397613,0.004908912574217844,5.3916838380572046E-21,12742.880631156115,-11856.041045012316,107399.72052851171
2758,-0.0037012263763094386,0.004395507706945291,5.299211147626455E-21,-9401.820014828767,5473.440278269997,107313.86969945091
2759,-0.0033114286292212653,0.003882102839672741,2.0084969225978817E-20,7055.230877805054,17176.195110845892,209170.99025735498
2760,-0.002921630882133091,0.003368697972400189,1.916356595801454E-20,-19798.802180770304,-8276.993033589777,203994.66978177827
2761,-0.004851306900742066,0.005611808778240141,5.298211566212032E-20,6835.342984292721,-10229.522224661729,340841.2846868776
2762,-0.004071711406565717,0.0045849990436950365,4.590045508294833E-20,-50481.84261653755,-28967.82275425341,312071.4132547378
2763,-0.0036819136594775435,0.004071594176422486,6.546280353027673E-21,21472.14026674706,1661.418559724214,117935.54922523338
2764,-0.0032921159123893698,0.003558189309149934,1.5718793325734754E-20,20838.181727671785,11081.504206102996,184266.57813704901
2765,-0.005202479214166447,0.005477386584467078,7.444869873265839E-20,-53718.00505813067,3789.929057680868,400692.8400288851
2766,-0.004812681467078274,0.004963981717194526,3.353702447715768E-20,11635.938419641681,-19889.111073299537,270371.59908387763
2767,-0.0044228837199900995,0.004450576849921974,1.2463639057803028E-20,10768.810276944596,-7880.262342973972,164882.75747645381
2768,-0.003643288225813752,0.0034237671153768716,1.9051422115538987E-21,-581.3118395294202,-10544.338949091314,63806.67186563797
2769,-0.005183166497334553,0.005153473053944271,4.466624826723079E-20,-8475.239288697832,39063.65101194135,310593.90842328506
2770,-0.004793368750246378,0.004640068186671719,3.426328392449692E-20,3806.4365404845207,-47699.519498424386,270067.711259329
2771,-0.004403571003158204,0.004126663319399168,1.1598204304474056E-20,-16298.823132898999,16114.325817115778,157920.7780538082
2772,-0.00401377325607003,0.003613258452126616,3.904851410126811E-21,12066.980219345689,5836.693602134958,91616.43326941467
2773,-0.005534338810758934,0.005019050860171207,1.9151954633154153E-20,23537.538390423008,-22180.333978188806,202491.60594103843
2774,-0.004754743316582587,0.0039922411256261055,7.131678183552429E-20,48463.42905635507,44060.63828536094,390241.55470575637
2775,-0.004364945569494413,0.0034788362583535537,5.075334321500443E-20,25192.45663558128,-471.3183645801637,332860.2088001492
2776,-0.005515026093927039,0.004695137329648402,1.4140136086694327E-20,-11107.322505159285,-29398.07430355499,173371.22489193187
2777,-0.005125228346838865,0.00418173246237585,3.7001342807083995E-20,20832.5354460231,11996.554540217923,284006.8572420754
2778,-0.004735430599750691,0.0036683275951032985,1.3107983961784164E-20,12147.656249234517,21294.46322486272,167863.1972959825
2779,-0.005866198407351421,0.004560715135875338,6.425593912992114E-20,54779.170713452535,-27212.317303081254,370587.2847869751
2780,-0.005086602913175075,0.0035339054013302364,7.480937392504672E-22,-1398.047669353532,3922.2244994412868,40312.90118642127
2781,-0.005846885690519526,0.004236801605352533,3.910833708382596E-20,36788.16492745685,15127.337472865594,290312.90255035035
2782,-0.005457087943431351,0.0037233967380799807,7.2091073000321E-20,41851.24946968924,5413.2567050632015,395597.8586649954
2783,-0.006198058003943908,0.004102379411579469,6.348118652782137E-20,-60869.9671356279,19221.6972017184,367832.27412348025
2784,-0.005808260256855735,0.003588974544306918,6.951299541147614E-20,54353.43544160535,-17502.495706440986,386468.122557499
2785,-0.006178745287112012,0.0037784658810566638,1.3106729543743797E-20,-20230.63270183323,11236.49959303207,168049.93657658392
2786,-0.005010955606969312,4.121927071261952E-4,2.698403121969725E-20,-23393.125449344887,-31881.077282273553,240168.2761643208
2787,-0.0053165022055501705,9.89518783137217E-4,3.280011694411142E-20,6987.317361109266,-23692.890168518144,267214.690979537
2788,-0.005622048804131029,0.0015668448591482386,2.6210106374186962E-20,-13972.70635096222,29402.732880808016,237666.7943643495
2789,-0.005927595402711888,0.0021441709351592603,1.3291931658239019E-20,-16886.827677287725,-17997.849097508108,169038.01106758925
2790,-0.006233142001292745,0.002721497011170282,6.932281334457578E-20,42538.41934079165,-7883.7554722115,387722.8667240038
2791,-0.006538688599873604,0.0032988230871813036,3.352717214292133E-20,-10545.971375413332,-31023.465866231592,269325.9536202303
2792,-0.0049741008914629984,7.787203768079822E-4,1.6821293315732355E-20,-26084.231695654275,17073.33024217339,189630.94429394254
2793,-0.0052796474900438555,0.0013560464528190035,7.795871424827788E-20,25737.6894969503,50157.053417809126,409857.21011584706
2794,-0.005585194088624714,0.0019333725288300256,1.7285141943935E-21,7286.2259055915,3748.984247019381,61056.32523762781
2795,-0.005890740687205574,0.002510698604841047,2.7132737092769813E-20,19226.127845293257,-9116.982364870448,243142.27939023974
2796,-0.006196287285786432,0.0030880246808520687,5.425917898490278E-20,-23022.506322192057,-24973.062977936,343473.860040176
2797,-0.00459484486186951,9.344496401605346E-4,3.6104344599299264E-20,-4160.938172286395,-38017.200298787524,278936.9009682987
2798,-0.004900391460450368,0.0015117757161715562,3.026684730872397E-20,9715.132847367215,2452.5779685957855,257588.01197803646
2799,-0.005205938059031226,0.002089101792182578,4.764872896691153E-20,-30852.190223241596,8697.941111204656,321849.34655245976
2800,-0.005511484657612085,0.0026664278681935998,2.3413148107817083E-20,919.7132921575345,-34765.848220253756,224042.24850228493
2801,-0.005817031256192943,0.003243753944204621,3.487190085159178E-20,2273.1897484631168,7620.869154124533,276585.06245938817
2802,-0.0045579901463631955,0.0013009773098423215,3.446630231099894E-20,-26790.399403291365,-32828.25461387533,271802.5313425531
2803,-0.004863536744944054,0.0018783033858533432,5.537101204851773E-20,-16117.474997406769,-59067.22680662594,343249.6743949918
2804,-0.005169083343524913,0.002455629461864365,4.264246969226984E-20,-14662.211979716247,-19505.82212819665,305004.3291527627
2805,-0.00547462994210577,0.0030329555378753865,1.9587345232249834E-21,2611.09668996724,-6529.277599567865,65199.90067270504
2806,-0.004178734116769708,0.001456706573194874,3.4972221738704235E-20,-769.5331480617524,-19463.33171567853,276411.6249452476
2807,-0.004484280715350566,0.002034032649205896,1.753041670610317E-20,17128.41848097622,-7942.446148602439,195274.73505520797
2808,-0.004789827313931424,0.002611358725216917,7.73590923181028E-20,5767.700925232032,25311.344451099554,411303.62470679573
2809,-0.005095373912512283,0.003188684801227939,5.731817195909926E-20,18793.50147631006,38264.441945097664,352174.3051513901
2810,-0.004141879401263393,0.001823234242876661,4.7614926744163024E-23,-1121.052253974452,1363.9892594666817,10070.906965624004
2811,-0.004447425999844252,0.0024005603188876823,2.3359354162323288E-20,34440.525932418896,16613.76556805392,223213.27378142145
2812,-0.00475297259842511,0.002977886394898704,7.085670165656779E-20,-60212.37320637545,2989.7827072372997,389787.02538836
2813,-0.0037626233716699055,0.0019789635062292133,3.753293130037632E-20,21395.984598990563,44098.91751740095,282846.9999899254
2814,-0.004068169970250763,0.0025562895822402354,1.0297918048600372E-20,-26187.872653154707,8262.445584256966,147835.7047115196
2815,-0.004373716568831622,0.003133615658251257,6.285078966871455E-20,-43030.3932653019,25458.241251530413,368091.58433452045
2816,-0.0037257686561635913,0.0023454911759110005,5.48755873716168E-21,15148.4970151111,7429.625402514043,108459.51944520246
2817,-0.004031315254744448,0.0029228172519220217,7.283949582712846E-20,-41519.73991471616,-53291.38697598502,394154.56614304875
2818,-0.003346512626570103,0.0025012204392635524,4.6320591031736897E-20,20740.101646914856,-31378.66743339431,316676.1256706685
2819,-0.0036520592251509617,0.0030785465152745745,3.511607626233058E-20,-30903.841661903534,-35468.06194331155,273652.3464314984
2820,-0.003309657911063789,0.00286774810894534,2.2636993530383053E-20,-22895.90192296424,-6574.641647817899,221659.45814037626
2821,0.001077547827027105,0.007756691573039658,3.7450613993142504E-20,-10160.141985670296,-33058.602265010646,284654.3480272934
2822,0.001010038949375316,0.007102525324601952,7.807665418155932E-21,-756.884840524332,19904.8925479818,129403.42984027923
2823,9.425300717235265E-4,0.006448359076164244,5.261735296109446E-20,28665.827255950295,-29639.433133039034,337376.75061762886
2824,8.750211940717374E-4,0.005794192827726539,3.546256964496068E-20,-26035.330503690406,-28135.5795361083,276387.27681211365
2825,8.075123164199483E-4,0.005140026579288833,3.9701588672964777E-20,9580.009798841824,22927.235377391542,294191.870661707
2826,8.48758167121885E-4,0.0074970296471025795,7.322291636318896E-20,64559.798238058036,28377.01073966503,394702.7649491026
2827,7.812492894700958E-4,0.006842863398664873,5.53245758641592E-20,-32617.613962055406,-19534.288580355427,346441.33686396276
2828,7.137404118183066E-4,0.0061886971502271675,5.07688817552807E-20,6959.09392346598,-48809.66593281701,330203.1246629242
2829,6.462315341665174E-4,0.005534530901789462,1.1003867800056355E-20,-19329.868242061682,-3846.3389350052016,154178.36821047385
2830,4.586877249632343E-4,0.007631872043666131,6.169922997195677E-20,-23571.25142660729,-46540.41933736655,364336.7250077412
2831,3.91178847311445E-4,0.006977705795228424,6.298070617563218E-20,-35152.02791017648,-57267.097186115185,365733.78535888187
2832,3.236699696596557E-4,0.006323539546790716,2.654559580504489E-20,18639.556154367325,22604.276835522724,239631.91590588042
2833,2.561610920078666E-4,0.005669373298353012,2.041021262657929E-20,651.1995397391188,36079.52456789814,208588.65921177843
2834,2.2989806505801415E-4,0.007372210117729052,1.7917228367903978E-20,3077.7117769465576,-21747.309325775692,197118.05800216267
2835,1.6238918740622496E-4,0.0067180438692913454,1.2885905181028233E-20,-1047.265861380333,17255.548450591315,167310.01097899152
2836,9.488030975443574E-5,0.00606387762085364,1.0306095883837179E-20,-10772.91975931148,-16357.875563297752,149143.51190008942
2837,-1.6017237710063664E-4,0.0075070525142926035,6.914802632230101E-20,-39244.62081745217,-39108.2949296337,385677.7702940272
2838,-2.2768125475242603E-4,0.006852886265854897,4.606853129458316E-20,4050.626159738041,-34441.95255569045,316136.8052344574
2839,-2.9519013240421517E-4,0.0061987200174171905,5.290240594557138E-20,32955.32162683601,2877.196654977536,339197.30174417875
2840,-3.8896203700585657E-4,0.007247390588355524,5.696509691978625E-20,13530.982215010554,52807.3720710846,349424.11232878396
2841,-4.564709146576459E-4,0.006593224339917818,2.985448991045599E-20,38759.745234731796,6781.796201148971,252978.90590519374
2842,-7.790324791645077E-4,0.007382232984919076,4.5208387225107834E-20,12338.171304174757,56210.19467770949,309749.6453975117
2843,-8.465413568162969E-4,0.006728066736481369,2.865482946404892E-20,19150.670673112225,35150.82039688337,247609.39310518742
2844,-0.0010078221390697273,0.0071225710589819975,6.357297495731334E-20,-7266.89285837742,-7776.246657412487,373448.0622857717
2845,-0.0013978925812283781,0.007257413455545548,6.816534461814234E-20,-4381.56280797867,32483.643731346103,385467.3092314655
2846,6.20087816861679E-4,0.004805545477576156,7.32612493174548E-20,19379.965898255978,60001.215519950514,396070.60888815817
2847,3.343132510331369E-5,0.004544492874053196,2.539530757578328E-20,-15315.513219732396,29791.638500581248,233739.6746094931
2848,-5.532251666550517E-4,0.004283440270530237,1.1923868966743942E-20,17725.44964094702,-19217.00466151685,159674.10358540885
2849,-0.0011398816584134172,0.004022387667007276,4.728348606316127E-20,16146.473245377332,-34163.61421981712,319976.1697889338
2850,-0.0017265381501717825,0.003761335063484316,2.576835311654294E-20,-2459.1664865453154,-24493.0862709269,236578.56695437108
2851,-0.0023131946419301472,0.0035002824599613563,7.34269868412253E-20,-16980.78345088096,-14281.554300517597,400898.02751473297
2852,2.71382535049979E-4,0.004865568698364109,2.2912579029189358E-20,6373.776536003031,-5308.991479243683,224135.25201280872
2853,-3.1527395670838615E-4,0.004604516094841148,1.6713472116402129E-21,5370.641590374757,-7994.344527128702,59805.96294041959
2854,-9.019304484667516E-4,0.004343463491318188,5.51480814561691E-20,6214.541155250719,9963.865464848679,347766.72999536933
2855,-0.0014885869402251168,0.004082410887795229,7.230480494684834E-20,-9005.196998096784,39073.479892069794,396408.7804508547
2856,-0.0020752434319834825,0.003821358284272269,7.850125993721704E-20,28994.573088240173,20075.60837527317,413652.6953990456
2857,1.6062846318494432E-4,0.005246667743462972,3.0028779806492985E-20,40281.03170419424,-22503.73869578272,252587.24707669846
2858,-4.26028028573421E-4,0.0049856151399400115,6.1114835882095024E-21,-11926.693956195053,15403.808418985365,114186.1239065746
2859,-0.0010126845203317864,0.004724562536417052,4.62327572573667E-20,51663.16638530873,-12154.233587514382,314147.88061759644
2860,-0.001599341012090152,0.004463509932894092,6.77901487049296E-21,-17457.349038917877,-3028.0833520055153,120704.83000734467
2861,-0.002185997503848517,0.0042024573293711325,5.188467871504286E-20,-26815.70696941509,-13698.156966468203,336166.57272483525
2862,-1.8807681862675557E-4,0.005306690964250924,7.487304380323878E-21,-14037.301063017894,-6887.074116655844,127256.3671867274
2863,-0.0013613898021434861,0.0047845857572050045,1.2925494647127251E-20,10759.885014420468,4038.2252843576052,168066.43993446004
2864,-0.0019480462939018514,0.004523533153682043,9.126933007926121E-21,-4777.103929210777,-3105.6629603417655,141442.78322440753
2865,-2.988308904917904E-4,0.005687790009349788,6.929441899510755E-20,-7207.512229790145,30122.078493483965,388817.5195778449
2866,-8.854873822501558E-4,0.005426737405826828,6.115058174280567E-20,-44737.58805880047,9539.383220683765,363546.1960402534
2867,-0.0014721438740085213,0.005165684802303868,8.651810879675823E-21,6025.390528308565,-19096.226711326104,136361.31107909165
2868,-0.002058800365766887,0.004904632198780908,2.6455452923537485E-20,-20015.93208057985,13349.430651546141,239802.17830609943
2869,-6.475361723034904E-4,0.00574781323013774,1.9684160039673406E-20,24146.44348815939,7414.387785642117,206347.48850122464
2870,-0.0012341926640618557,0.005486760626614779,7.088354935434083E-20,-60661.50077542663,-30919.773256366687,388576.23291895364
2871,-0.0018208491558202207,0.005225708023091819,8.367124545084196E-21,-14806.23871406392,-10034.973889185716,134351.82693622194
2872,-7.582902441685252E-4,0.006128912275236603,3.440052499097799E-21,12349.330558662665,1425.9624333672066,86012.94606522532
2873,-0.0013449467359268905,0.0058678596717136435,6.935955078148546E-20,20526.609102960036,11005.500065153947,389536.76031557313
2874,-0.0019316032276852557,0.005606807068190683,5.568396743560734E-20,-26835.599439530233,-12988.840294192072,348378.09060826997
2875,-0.001106995525980225,0.006188935496024556,4.9751441059512256E-20,37645.956505158036,-21870.784487705736,327621.0325136061
2876,-0.0016936520177385905,0.005927882892501595,6.375395075887569E-20,23287.215866732768,-63603.89869609352,367948.8021109377
2877,-0.00121774959784526,0.006570034541123419,3.589293684151454E-20,2496.1377809219753,-39502.91209145212,277916.4472669938
2878,-0.001804406089603625,0.00630898193760046,1.9844418516950616E-20,-31860.67788217753,4590.037333659903,206235.28313371434
2879,-0.0015664548796569598,0.006630057761911372,7.218512609501689E-20,-19110.650545928802,62323.89119314266,392728.2883037026
2880,-4.600469177001608E-4,-0.004369707719621927,1.4727171157726417E-21,-5084.97960053026,-6972.733303481419,56204.36457644503
2881,-9.171287251983469E-4,-0.004374968307006817,2.807669658611204E-20,-34809.418951738786,14033.083036582098,245427.8006868023
2882,-0.001374210532696533,-0.0043802288943917056,4.523147048804954E-20,28237.316984886176,25248.822910160383,312845.79309597093
2883,-0.0022883741476929054,-0.004390750069161484,6.96378487180456E-20,-46317.23198818419,50642.11643966859,384944.73967443954
2884,-6.834444138279597E-4,-0.004163221364909455,2.9891862144416965E-20,17415.982969111963,-32757.833957114617,253480.3688072565
2885,-0.001597608028824332,-0.004173742539679234,2.3050815355685383E-20,22108.95257401046,1899.0430324319195,223867.1756308457
2886,-0.002054689836322518,-0.004179003127064124,7.511644044899151E-20,-43830.54180504813,12133.955491462999,403549.7972449584
2887,-0.0011302394060835575,-0.003750248655484512,4.5527782300281583E-20,27230.21987748305,27234.81750710976,313806.7590722491
2888,-0.0015873212135817435,-0.003755509242869401,2.4040498152031226E-20,-25965.6802938376,19484.443006863745,227437.79133106858
2889,-8.965550947131702E-4,-0.003538501713387151,3.3811439797663257E-20,19686.215712332425,16053.129961378745,271272.94725792407
2890,-0.0013536369022113563,-0.0035437623007720403,7.105201847485661E-20,-16741.704089776653,-33088.72999890269,393220.1286681662
2891,-8.862682794705818E-4,-0.0031202684165773185,6.802428042765981E-20,27203.85275772665,-55830.931669655605,381434.893651313
2892,-0.0013433500869687678,-0.0031255290039622083,7.863980743596007E-20,76660.85040998174,-852.8360814725594,408385.6508715333
2893,-0.0011096657755983808,-0.002913782061864847,6.933204777378861E-20,-22103.52071902593,35308.44969215146,387924.8823685531
2894,-0.001566747583096567,-0.002919042649249736,3.5808303327139304E-20,-11226.033732989648,8111.499731434756,280047.54288806964
2895,-0.0015564607678539787,-0.0025008093524399046,3.84742188307116E-20,-22232.876959886446,-31785.86837934034,288039.78143228404
2896,-0.0013227764564835913,-0.0022890624103425435,5.0334066933467317E-20,-4332.9775500596925,57965.35432086256,327309.4991600011
2897,-0.004750559276424388,1.2353554906530104E-4,2.00664795555674E-20,25377.43632344906,-17446.781497399996,207625.38841323627
2898,-0.0043938929234817,5.711843488090205E-4,2.3858666178119718E-20,21676.793716361477,7632.854949735752,227715.7141050623
2899,-0.004037226570539012,0.00101883314855274,1.3918704067520088E-21,-5350.119870398803,-1162.3275175015217,55008.45216500339
2900,-0.003680560217596325,0.0014664819482964598,6.222979745000818E-20,-8008.817462156169,34859.93488937441,367897.24925662787
2901,-0.002967227511710949,0.002361779547783898,7.396426887670381E-20,42638.60305977663,40180.7403391365,398696.1448950962
2902,-0.002610561158768262,0.0028094283475276183,5.324167048488118E-20,-28025.880723321636,-48647.299487656994,337256.57599469763
2903,-0.004453308230373148,2.0140606068619387E-4,7.369421986987949E-21,9194.274458489668,-1474.4856094553033,126858.72682448817
2904,-0.004096641877430461,6.490548604299133E-4,4.519377596742254E-20,-17095.193360811354,26450.633434376068,313420.9599351327
2905,-0.003383309171545085,0.0015443524599173524,4.345282870532998E-20,-44779.915901076434,-2319.2940936929394,305600.47404150234
2906,-0.0030266428186023976,0.0019920012596610723,9.106774852265962E-21,22200.489929752493,-2506.8758434633833,139624.93550415497
2907,-0.0026699764656597097,0.0024396500594047912,4.154831973228987E-20,21535.659812293386,-31254.61647594361,299633.47333703766
2908,-0.004215472491213357,-9.050171581573991E-5,6.95037689481217E-20,-36051.77027979613,26480.87879791285,388068.31737268734
2909,-0.003502139785327982,8.047958836716993E-4,5.554812836020333E-20,-11752.856361098226,-58314.084117326274,344120.9846193284
2910,-0.0031454734323852936,0.0012524446834154186,1.7921367764820672E-20,6106.50096764909,-20175.652891694062,197237.64455044543
2911,-0.002788807079442607,0.0017000934831591379,1.5748409993667736E-20,21271.483666170025,-12551.135546071222,184299.2644720311
2912,-0.002432140726499919,0.002147742282902857,4.102352282596043E-20,-43981.84536023647,24213.989208188603,295884.9846212737
2913,-0.00356155509221943,4.3501759554887237E-4,5.643601394084319E-20,-50081.15453190058,20242.47970715268,347835.33002032305
2914,-0.003204888739276742,8.826663952925919E-4,7.27536486370874E-20,27202.582186108444,7373.361341560801,398671.3628487753
2915,-0.002848222386334055,0.0013303151950363116,3.6460064555483417E-20,5566.2564561970585,-34749.26055320636,280732.8214019939
2916,-0.0024915560333913667,0.0017779639947800312,8.577917924233295E-21,-4606.179189464642,7140.603475882983,136970.57532427416
2917,-0.0033237193530596394,1.431098190469385E-4,7.412450542425623E-20,-6335.702686012974,-36219.54170144257,401734.945574551
2918,-0.0029670530001169515,5.907586187906581E-4,3.536602016674135E-20,8502.170998167021,-2096.734340977046,278515.1971406573
2919,-0.002610386647174264,0.0010384074185343776,2.799770916511429E-20,32647.701825683776,12017.35891490244,245478.55169863912
2920,-0.002253720294231576,0.0014860562182780967,2.6000535722815497E-20,25489.029567619473,-21625.071674569303,236575.16371167364
2921,-0.0030264683070084,2.209803306678315E-4,6.687753713132525E-20,-32690.415651691383,-45086.320765010874,379118.14589763765
2922,-0.0026698019540657126,6.686291304115509E-4,1.4123017945035886E-20,-2762.3025766364344,13644.783249604267,175538.6198423723
2923,-0.0023131356011230246,0.0011162779301552707,7.487699471157341E-20,-29887.21786491654,-32792.00713783448,403021.73116310383
2924,-0.003145298920791297,-5.185762455778218E-4,3.0600850036481095E-20,-244.6611120014883,-6322.353715769893,259124.0355072448
2925,-0.002431966214905921,3.7672135390961727E-4,1.6763173562789802E-20,-21805.815042766255,-7169.5651761619665,190465.95633163804
2926,-0.002075299861963233,8.243701536533367E-4,1.1617300608061944E-20,-12188.002403672077,15860.258038533755,158449.12985749118
2927,-0.002848047874740057,-4.4070573395692904E-4,1.5954594336596654E-20,-23255.62844429277,14031.458775638084,185178.84629662236
2928,-0.0024913815217973696,6.9430657867904E-6,6.580665615213572E-20,-5458.247160883965,-10041.597723422825,379934.50434263493
2929,-0.0026102121355802673,-7.326135104588627E-4,1.3413835251525615E-20,-17869.319480313614,26138.072381883212,168665.55415389076
2930,-0.002253545782637579,-2.8496471071514317E-4,7.757842484556373E-20,7287.288472068597,316.1899445425237,412641.4294070585
2931,-0.0018968794296948914,1.626840890285765E-4,6.823980168545004E-20,-21788.476698612354,29110.493139993923,385357.9454223027
2932,-0.002312961089529027,-6.547429988379702E-4,7.430431399142205E-20,-19624.82527373426,68691.51423852722,397535.00530028756
2933,-0.002075125350369236,-9.466507753399037E-4,5.3465850740943605E-20,-22000.013733129326,48979.04919456056,338383.29643893597
2934,-0.0017184589974265484,-4.99001975596184E-4,4.0467474802389666E-20,-48398.58912428018,-20779.216563051625,293383.06352623994
2935,-0.0017778743043179964,-8.687802637190109E-4,2.1881650560882213E-20,-21398.472118735914,-22877.032669093285,216934.8459469279
2936,-0.00257522969625332,-0.0042910889675325465,7.064177733438728E-20,-29718.802943396324,-61201.03445983063,387901.7229219701
2937,-0.0029787145344363783,-0.003986845075260841,6.936760637385583E-20,60657.28941862275,12709.8691145215,385302.724009638
2938,-0.0033821993726194355,-0.003682601182989135,4.68882401788316E-20,-4580.737113663092,49763.64526835948,316934.42673077923
2939,-0.0037856842108024936,-0.003378357290717429,5.84677565480314E-20,6254.59394760208,7713.485698860402,358147.2297469751
2940,-0.0026284009334433473,-0.003979680923806246,1.8181715174748774E-20,598.4011659455881,16294.034525572673,199130.06656806683
2941,-0.003031885771626405,-0.0036754370315345403,5.965096744962969E-20,25709.53486277208,-50365.8593038362,357446.6885227738
2942,-0.0034353706098094626,-0.0033711931392628354,5.333930753891312E-20,34010.83433260025,28133.765639225272,339352.5123690248
2943,-0.00383885544799252,-0.0030669492469911296,4.6757705782633245E-20,-54372.35365696252,14912.138805479844,315403.7363542818
2944,-0.002734743407823402,-0.0033568648363536467,5.83406244707064E-20,1343.118902931095,-47754.44271927093,354692.32084269874
2945,-0.0031382282460064594,-0.0030526209440819413,4.827583224268634E-20,32262.754740528482,-39775.84232251025,321509.46723226336
2946,-0.003541713084189518,-0.002748377051810236,5.023217107335681E-20,10208.569946688456,-50208.47849854291,328118.0323637288
2947,-0.0023844298068303716,-0.0033497006848990526,1.8494636494412375E-20,-29858.045196554045,-3554.5946143652977,199252.4261100157
2948,-0.003191399483196487,-0.002741212900355642,6.858946058370854E-20,-42441.35945042266,-20952.643200616425,385162.70580891863
2949,-0.0020872874430273684,-0.003031128489718159,6.120801698292458E-20,7117.5701675715,21263.186491200562,365898.355230023
2950,-0.002490772281210426,-0.002726884597446453,1.8656466197900485E-20,4494.988028046176,-32010.03189476842,199790.1982418494
2951,-0.002894257119393484,-0.002422640705174748,8.794051340923905E-21,-14409.52659995629,-964.5270336738448,138199.52190164453
2952,-0.0025439435184004535,-0.0024154765537201537,1.3830349017452085E-20,-15219.62483928791,-14158.729370530626,173011.40253587777
2953,-0.001843316316414393,-0.0024011482508109654,6.846966986351792E-20,23822.016724095185,727.8403950401582,386987.8157066206
2954,-0.002246801154597451,-0.0020969043585392605,1.3501875303845449E-20,-3786.525566158306,-26799.247554285703,170033.34482812756
2955,-0.0018964875536044204,-0.0020897402070846663,3.0379542841993013E-20,-26762.43908279358,-39722.87262486515,253781.94417918505
2956,-0.0043878741971184075,-0.0028170761987601975,7.631903041066502E-20,-38052.25114811125,-6396.040009999819,407519.6067190646
2957,-0.004472595475867916,-0.00229591910086941,3.9905853779276424E-20,-15812.468936962667,21673.52916763546,294779.55596887716
2958,-0.004557316754617423,-0.0017747620029786224,7.79581905324456E-21,12754.364187853365,17704.244871508658,128995.74427852205
2959,-0.004726759312116438,-7.324478071970467E-4,3.21911690718088E-20,-28978.317908584617,-19194.577970771206,263569.2039274438
2960,-0.004811480590865946,-2.1129070930625928E-4,7.430452384298799E-20,17190.53844554432,70238.56864274347,397377.9409373163
2961,-0.004236265744258234,-0.002552874847620077,4.613178477563198E-20,-57849.2813371421,-433.7609806933252,312949.3297359765
2962,-0.00440570830175725,-0.0015105606518385016,4.207551806155417E-20,49234.48581290265,23503.939366163315,299001.4491148687
2963,-0.004490429580506758,-9.894035539477145E-4,3.252657098842403E-20,34597.52116292718,11265.58672233434,264743.99884321
2964,-0.004575150859256266,-4.6824645605692667E-4,5.290281262940508E-21,-19225.250828876324,543.0380008072699,106042.95530361432
2965,-0.003933048838537887,-0.0020244721453398368,3.4287366698010435E-20,-32253.154695619156,-31156.67999456459,270680.94073224126
2966,-0.0040177701172873954,-0.0015033150474490487,1.3469939248724805E-21,-8516.289432981932,3412.0347039661965,53602.307623302186
2967,-0.004102491396036903,-9.821579495582612E-4,8.816751014724131E-21,15851.940191369931,19581.483950030357,136831.25400440767
2968,-0.003696719106928207,-0.0022814278920905043,4.817363273538873E-20,-24130.300584492106,22507.823688448785,323539.9271010187
2969,-0.0037814403856777142,-0.0017602707941997166,7.362955677823687E-21,4941.328532418315,6931.414302810245,126858.9260340752
2970,-0.0038661616644272228,-0.001239113696308929,2.9119306875552065E-20,12748.920828870183,-1636.2349295125675,252521.88913114992
2971,-0.0033087809224583526,-0.002274182287701051,7.995524140127909E-20,-75936.11468783999,-2926.959787009064,412031.1513939742
2972,-0.0033935022012078595,-0.001753025189810263,9.136677551189324E-21,7407.005255338959,-18080.841630637406,140278.7964909321
2973,-0.0034782234799573676,-0.0012318680919194756,3.16196721947113E-20,23326.771744886424,6638.5201618398705,262362.2495454671
2974,-0.0031571724695981787,-0.0020099809365609306,6.02350386703417E-20,14690.775251523737,-20026.271034445785,362810.29828038433
2975,-0.0032418937483476872,-0.0014888238386701433,3.865010405519111E-21,13648.241060786362,9895.024848257153,90562.63806362715
2976,-0.0033266150270971945,-9.676667407793553E-4,2.899248153100358E-22,-3108.246686896761,-924.5032310695663,25020.493774314622
2977,-0.0028539555638778316,-0.00148157823428069,3.879506572293438E-20,32305.604179393435,-561.6517630611042,290055.2034567857
2978,-0.00293867684262734,-9.604211363899028E-4,6.401745757622457E-20,10737.21471175497,-28129.19960427136,373692.4800144815
2979,-0.0026176258322681517,-0.001738533981031358,4.471791375425349E-20,-49214.92974099125,13418.062961868725,309156.35862530593
2980,-0.002229687647798297,-0.0017312883766419048,3.1328329094522943E-20,-25365.9712375147,19865.521696501775,260277.6068100943
2981,-0.0023144089265478046,-0.0012101312787511172,6.91689059706294E-20,7371.4823467352835,52945.17965966173,386011.98509566917
2982,-0.002078079194938124,-0.0014670870255017842,4.111565026097536E-21,-8272.240269856875,7109.021634512255,94382.88651473366
2983,0.004304701319614917,0.0027090952515354816,5.506856307764962E-20,26208.472496755392,30910.70869608494,345344.25777698844
2984,0.004450843772044536,0.002073608380566872,6.63394109824848E-20,32264.59210372062,38538.193600991246,378317.77414051833
2985,0.004596986224474156,0.0014381215095982628,7.802713180955745E-20,62650.66924073116,29729.06247682026,408047.03255233116
2986,0.004743128676903775,8.026346386296537E-4,2.3074877490383975E-20,37594.01912531172,-16525.499641036135,221303.7536055933
2987,0.0050354135817630135,-4.683391033075645E-4,2.783305978389731E-20,-39302.72797853811,5459.83942152026,243995.90319235245
2988,0.0051815560341926335,-0.0011038259742761733,5.1618392285399105E-20,-23918.390564980025,19656.93186557018,335218.6763602478
2989,0.004212798856265529,0.002397694666155446,4.855358012570452E-20,50108.503193649674,-23007.047307965127,321808.886113
2990,0.004505083761124767,0.001126720924218228,2.348295771072212E-20,-25976.67945592837,-8782.93500107084,225401.3773250324
2991,0.004651226213554387,4.912340532496187E-4,3.276649579508471E-20,-7332.629515402365,-29492.525502950535,266489.1626019494
2992,0.004797368665984007,-1.442528177189908E-4,2.5993167461230527E-20,5981.995359790262,5516.268797626932,238752.490353373
2993,0.004943511118413626,-7.797396886875997E-4,6.828765454892097E-20,-25651.789338272978,2060.6337794008423,386349.2029744429
2994,0.004028993929566752,0.0017748934953953762,7.215570073362776E-20,9946.185190050011,34053.89505032245,396436.3683078978
2995,0.004175136381996372,0.0011394066244267672,4.8044506312532637E-20,4823.4009925222335,-44132.09396087802,321733.66247828765
2996,0.004321278834425991,5.039197534581578E-4,4.227609047298842E-20,-23511.171464571165,29699.393348488273,302297.6527894094
2997,0.0046135637392852305,-7.670539884790601E-4,4.2138520602320825E-20,-49824.12034843888,4767.496039213687,300019.14709128323
2998,0.003790949013787746,0.0020989797809839506,3.601379739537863E-21,7942.36951675968,3195.3598303813123,88508.04906754654
2999,0.003937091466217365,0.0014634929100153416,6.320846647107269E-20,-22888.05222596659,-8601.696870880882,371723.8093172991
3000,0.004083233918646984,8.280060390467322E-4,1.6958716825559093E-20,-959.7446980643964,15681.22044609786,192319.20701978938
3001,0.004375518823506223,-4.4296770289048676E-4,7.218783210970704E-20,10025.282976601953,-68684.57519363816,392011.29674860154
3002,0.00346100163465935,0.00211166548119249,4.347278637639206E-20,12816.618252896169,-32345.963935343745,306978.1106309345
3003,0.0036071440870889693,0.0014761786102238808,5.521652437910454E-20,-34238.44250556051,-8426.18044998645,346390.812396881
3004,0.0038994289919482084,2.052048682866621E-4,2.151422827069268E-20,-18026.960608857768,-11057.764739409731,216305.44632949028
3005,0.0040455714443778275,-4.3028200268194666E-4,2.278389619129754E-20,-8205.737538401656,4267.837628453117,223466.65341663934
3006,0.003369099171309962,0.0018002648958124548,4.270772570510738E-20,-39640.55115080605,13239.082318019955,303347.52943435375
3007,0.003515241623739581,0.0011647780248438455,6.441443384650496E-20,-16878.746376616287,9319.162806023718,375569.49411142623
3008,0.00380752652859882,-1.061957170933729E-4,7.331629404440142E-20,-32229.89061646708,-36816.38471240575,398213.883014894
3009,0.0030391517921815664,0.0018129505960209939,7.176224701000836E-21,7614.926767767432,4649.871016096795,125204.09357140544
3010,0.0031852942446111854,0.0011774637250523846,6.965346302843341E-20,-34956.70496734675,-4197.693757702234,389470.2201889677
3011,0.0034775791494704245,-9.35100168848339E-5,7.176260887408149E-20,-11279.92724974409,-47385.06216034546,393934.9714000783
3012,0.0029472493288321784,0.0015015500106409588,4.046647038006328E-20,3067.1221854246896,21969.50972494752,297243.2495926171
3013,0.0030933917812617983,8.6606313967235E-4,3.880660491427075E-20,40104.555142546524,-35590.36663697185,286925.5543076133
3014,0.003239534233691417,2.3057626870374065E-4,3.758025893670585E-20,393.93588990518407,-15778.560142867169,286809.5525745517
3015,0.0027634444021334024,8.787488398808892E-4,2.751521608325969E-21,-8580.884275348717,2726.0619773369244,77201.08490879933
3016,0.002909586854563022,2.4326196891227966E-4,5.257399196015989E-20,-42507.434708703746,-13283.488107933388,336815.62295342475
3017,0.0025253994863543945,0.001202835125469463,6.249722156480697E-20,-60224.471076553185,19164.416367981885,364993.99855316256
3018,0.002195452107225999,0.0012155208256780022,7.254785183474355E-20,16548.726052857266,-43605.4923436822,396366.0803505647
3019,0.0023415945596556185,5.800339547093933E-4,2.091894977990587E-20,-21619.036439893418,-3378.65952762123,213188.97212931578
3020,0.002103549643876611,9.041202402979673E-4,2.1624974530076046E-20,14351.994019116422,33186.92032704645,214874.58580170776
3021,0.004042117139540116,0.00300016373823064,7.912552854811438E-20,-6867.464026170044,-74264.6292349767,410073.7398580149
3022,0.003549958989982702,0.0026516630388638946,3.4396781462589226E-20,5441.073049127596,48792.19831443601,270386.97538347635
3023,0.003057800840425288,0.0023031623394971492,2.5623277108820414E-20,15180.7624313808,15623.467287675272,236182.78774298876
3024,0.002565642690867873,0.001954661640130404,2.3435823333044022E-20,18499.78145606182,26957.738070129493,224466.61649634162
3025,0.002073484541310459,0.0016061609407636592,7.832278684778499E-20,43527.448102633134,-50398.48137745183,409299.1310471366
3026,0.003687630496115926,0.002979831639545763,3.7979051769041376E-20,12691.606872040697,38672.782347621265,285880.6399071718
3027,0.0031954723465585123,0.002631330940179018,5.51145258286891E-20,15178.859972872697,20887.39559013855,346899.472545737
3028,0.0027033141970010974,0.0022828302408122725,8.765893322416515E-21,1672.6587283557562,-8832.502186389394,138437.85517081284
3029,0.0022111560474436845,0.0019343295414455278,3.816628355591795E-20,26575.964945725915,-28301.722750573477,286859.2090249277
3030,0.0017189978978862698,0.0015858288420787824,5.603950428724809E-20,-6866.576393053773,-22238.73023652995,349992.90781066427
3031,0.0029786572092675473,0.0029391674421760093,7.641464086216223E-20,3228.076429181813,3219.01513560563,409573.24896036315
3032,0.0024864990597101328,0.002590666742809264,5.059621639058606E-20,32136.4472386882,-18493.429085342115,331226.6069560895
3033,0.0019943409101527186,0.002242166043442519,8.472338059272728E-22,881.3937098850195,1640.7087444685637,43089.04046666804
3034,0.0015021827605953047,0.0018936653440757736,4.423472480901418E-20,29518.86723222557,36357.73548554465,308100.1481862106
3035,0.0031163287154007723,0.003267336042857878,5.863408110518847E-20,-20907.707273193988,62028.922785865005,352772.6004027408
3036,0.002132012416285944,0.002570334644124387,3.398484778186795E-20,-33478.981255156614,-24457.031611858278,269992.5865105367
3037,0.0016398542667285293,0.002221833944757642,3.074449033204221E-20,38936.407966458275,21309.19308393214,255989.33496977334
3038,0.002899513578109807,0.0035751725448548693,4.0316751756721457E-20,-47037.344141367576,6722.06750929788,293699.1753385411
3039,0.0024073554285523927,0.0032266718454881235,4.219307660968656E-20,-13922.866904412202,24291.64273346768,303071.79032902926
3040,0.0019151972789949786,0.0028781711461213794,5.727863083914871E-20,19179.71835683624,-11450.871930617966,353918.5026108749
3041,0.0025450269346856172,0.003554840446169992,2.5167152293411812E-20,36312.501141014836,19097.819493354666,231456.4635488425
3042,0.002052868785128204,0.0032063397468032476,1.774596409694663E-20,985.2593174826624,-20250.09818128354,196343.8115502751
3043,0.0015607106355707892,0.002857839047436502,9.430298052509354E-21,6121.458365548134,-9414.313289359308,143451.99392950363
3044,0.002328211797394652,0.0038626769481669835,1.6754852609729585E-20,11513.9915908546,26338.112489307707,189630.27085412128
3045,0.0018360536478372383,0.0035141762488002386,2.128941866458884E-20,13996.068946944737,-13688.598596943231,215310.11634427588
3046,0.0019737251539704635,0.0038423448494821068,2.799950767017423E-20,3564.860877790388,-29144.49782574562,246194.7347081338
3047,0.001481567004413049,0.0034938441501153614,2.3714093294642967E-20,-2277.366574824505,5404.1224948607605,228102.57414132738
3048,0.001756910016679498,0.004150181351479098,3.80011421333886E-20,21594.513990280506,-1965.039055043743,288032.4930320663
3049,0.001264751867122084,0.0038016806521123537,4.2480720843818695E-20,-20097.170016570442,-47305.12906282438,301042.0264037236
3050,0.001402423373255309,0.004129849252794222,3.3553216768820235E-20,-47337.49432919399,-1404.0713706995693,267253.6517138994
3051,7.996221451398373E-4,0.0044465030213875975,7.823223662124616E-20,-42024.44462786956,53966.74862902398,408758.0635924068
3052,8.787657762975775E-4,0.0038104979187087384,1.0364743193855993E-20,-2253.9958924029897,-19702.582703734042,149542.3456216785
3053,9.579094074553177E-4,0.0031744928160298783,3.179762471687168E-20,-3778.800584824566,48776.893169445764,259652.44979327015
3054,0.0010370530386130576,0.0025384877133510187,1.8074985754559604E-20,9062.95376576592,27305.485671576098,197120.72950671753
3055,0.001116196669770798,0.0019024826106721587,4.8153099759328445E-20,55149.99088391754,-5141.44450344588,320396.5061775969
3056,0.0011953403009285382,0.001266477507993299,1.29342039436555E-21,7820.84495186103,-4778.470921017902,52495.280033558396
3057,6.304511916062956E-4,0.004147483785986991,1.721865737848266E-20,-23988.08302280474,-12971.110482223654,192511.11761634363
3058,7.095948227640357E-4,0.0035114786833081316,3.772103109819001E-20,20759.377571114583,12852.956892150021,286743.3653263292
3059,7.887384539217759E-4,0.0028754735806292716,7.821399194033732E-20,7696.468733256175,75814.37423557305,407326.04471619276
3060,8.678820850795163E-4,0.0022394684779504124,1.2815441700794483E-20,-4460.87847739756,14054.427696754112,167090.87033402218
3061,9.470257162372565E-4,0.0016034633752715522,2.079953573776615E-20,-1074.1605197619506,1177.8852100954548,213690.4695992541
3062,2.1296565338147202E-4,0.004185450417864637,2.246825601081642E-21,-384.1872327853922,-12495.723964053523,69113.67847593107
3063,2.9210928453921216E-4,0.003549445315185778,2.486133045845505E-20,27444.714660037745,-274.5280937630791,232014.41407867376
3064,3.712529156969524E-4,0.0029134402125069177,5.515396880800483E-20,-18294.4236415234,33433.77931702162,345890.18483011116
3065,4.503965468546926E-4,0.0022774351098280585,7.496519384491903E-20,-4986.461926194692,-14327.09274208829,405411.63149721257
3066,5.295401780124327E-4,0.0016414300071491985,2.769759907102415E-20,-20178.447827014556,-39621.42434732767,242557.37291791933
3067,4.37946998479304E-5,0.003886431182464032,6.507659541606297E-21,-4250.187516369027,-9073.932002637059,119110.92786861843
3068,1.2293833100567058E-4,0.003250426079785172,5.647997261729924E-20,38673.24708046695,50824.22524589995,346302.0180099965
3069,2.0208196216341085E-4,0.002614420977106312,9.761416934871977E-21,6398.180429166935,-12258.716254555153,145740.68465828407
3070,2.812255933211509E-4,0.001978415874427452,3.2438477993057216E-20,3471.932973734886,-13106.205213906127,266525.8872662029
3071,-3.736908383768935E-4,0.003924397814341678,2.742024085386946E-20,8162.74805689534,26956.432741153552,243739.36188071274
3072,-2.945472072191534E-4,0.0032883927116628183,1.4690613849970352E-21,-719.5693495037036,4507.627368587202,56608.69062761424
3073,-2.1540357606141303E-4,0.0026523876089839587,4.4191021402111157E-20,-25983.953614905797,-2650.71194316507,310388.1525811292
3074,-1.3625994490367292E-4,0.0020163825063050987,4.4600530014207244E-20,35790.40609917484,25082.33773227275,309858.0496316986
3075,-5.428617919104349E-4,0.003625378578941071,1.1753068305596474E-20,-6004.76083563482,-24723.401007202578,158609.58755305078
3076,-4.637181607526947E-4,0.002989373476262212,2.4371447956688047E-20,15001.91900899722,9534.36244657305,230634.9055246953
3077,-3.8457452959495464E-4,0.0023533683735833515,8.471170793390583E-21,19825.301345931588,-418.7731972452452,134927.97451238206
3078,-9.603473301352591E-4,0.003663345210818718,9.323333025528283E-21,-12365.410566496486,5756.628350861845,142420.8139581201
3079,-8.812036989775188E-4,0.0030273401081398585,4.839989801552837E-20,-15682.046073671938,53226.77276187726,321223.7775333219
3080,-8.020600678197785E-4,0.002391335005460999,6.385407119287567E-21,4467.720796200041,-1664.4816395910455,118307.53423441395
3081,-0.0011295182836688002,0.003364325975418112,4.333034229772807E-21,8687.2611136956,-12042.470990491212,96399.43907455758
3082,-0.0010503746525110601,0.0027283208727392513,7.130886158403257E-20,29862.946011155258,-46700.39600195226,391775.9603873529
3083,-0.0015470038218936243,0.003402292607295758,1.4359536260980384E-20,9242.376202298448,-28184.828125501062,175063.12050100294
3084,-0.001467860190735884,0.0027662875046168983,1.146675473190035E-20,15950.343076113055,20264.41756872727,156558.72000360434
3085,-0.001716174775427166,0.003103273371895152,4.8061058468932334E-20,40747.610016351566,-27247.59305111119,321118.3555547828
3086,0.0011226711499476834,9.231881901196873E-4,5.3143316078538234E-20,-42396.39510748402,28486.136381637116,337741.251675464
3087,7.304057625736499E-4,5.828899819142696E-4,5.584893068109066E-20,-9885.928456873342,36951.86458250054,348073.50352636137
3088,3.3814037519961645E-4,2.4259177370885174E-4,3.610224156545525E-22,-2038.3964571445824,2772.7128864434267,27942.718108462028
3089,-5.412501217441712E-5,-9.77064344965659E-5,8.610911108585268E-21,-3196.450339478302,-7122.243344127314,137275.7724866634
3090,-8.386557869224842E-4,-7.783028509074012E-4,3.010183241110352E-20,-31652.08319413101,4328.492885335632,255086.44914191944
3091,-0.0012309211742965176,-0.0011186010591128191,5.736658606924518E-20,63212.75737113883,-9263.43630633002,349097.0284653284
3092,8.016874142755471E-4,9.168847395243291E-4,2.0077924636426552E-20,34916.304492730065,9745.791169967253,206803.54376621323
3093,4.094220269015135E-4,5.765865313189114E-4,5.055195642836338E-20,3740.0190949663843,-43648.785212393115,330256.6348369892
3094,-3.7510874784655365E-4,-1.0400988509192431E-4,4.8269004431533415E-20,24816.896094405292,-45982.71137421183,321319.2520054509
3095,-7.673741352205873E-4,-4.4430809329734227E-4,6.645747270209138E-20,-58998.19549933944,9753.63973637752,377271.54989535455
3096,-0.0011596395225946206,-7.846063015027597E-4,4.581221788350468E-21,3079.54572440879,1493.8339029988615,100232.3873866533
3097,5.519853303053074E-4,0.00124457604653903,3.0451021591344523E-20,-18872.461122415658,-6143.852923658205,257803.0786412123
3098,-2.3254544444275977E-4,5.639796301281945E-4,1.2518151441861242E-20,-9874.593469801961,18978.765868558985,164396.99611724587
3099,-6.248108318167932E-4,2.236814219227767E-4,6.497739776221225E-20,-20529.448556013485,-59546.81028163244,372414.96848781867
3100,-0.0010170762191908263,-1.1661678628264075E-4,5.371891792304194E-20,-10539.563292387687,-53399.45035535059,339085.8844968916
3101,-0.0014093416065648601,-4.5691499448805847E-4,5.819212243544898E-20,-22861.680110164216,-20700.624819069453,356106.3320582109
3102,-1.612637927408626E-4,8.97974387738254E-4,7.723154833033345E-20,-24955.330735081476,70559.40657937372,404923.6680150416
3103,-5.535291801148963E-4,5.576761795328361E-4,1.848878831067088E-20,3249.674452910046,34248.0985244236,198517.84494225142
3104,-9.457945674889297E-4,2.173779713274184E-4,4.494839043889142E-20,13224.192686060711,42689.745823296864,310947.79892848455
3105,-0.0013380599548629636,-1.2292023687799958E-4,5.2143594238310716E-20,-1084.641813194439,21186.387154594348,337687.8805127091
3106,-4.1096587671110254E-4,0.0012256656947529552,6.912907601746951E-20,-103.44050820700751,23110.77014612549,388897.43775688915
3107,-8.032312640851361E-4,8.853674865475373E-4,6.629154713053728E-20,-25573.08767380432,-14743.912967555809,380360.4633504493
3108,-0.0011954966514591695,5.450692783421197E-4,7.110962102948737E-20,-47751.10019766374,-38220.548380751476,390362.27874110104
3109,-0.0015877620388332029,2.0477107013670205E-4,5.332226430151206E-20,-2779.9319132399482,13699.762898883631,341870.6520764303
3110,-7.319496123832388E-4,0.0012193622441575968,1.0019566476309909E-20,23534.20866034687,7357.533612544979,146254.38360787096
3111,-0.0011242149997572723,8.790640359521789E-4,2.5449156526631268E-20,-22421.852727685306,18539.15450541236,234580.7531450805
3112,-0.0015164803871313057,5.38765827746761E-4,4.396838847468445E-20,-11593.567046235024,45696.943255857856,307101.90116740257
3113,-5.893863089794451E-4,0.0018873517593777154,4.7883295568835865E-21,3216.999228884462,16568.933021879802,101133.97528306913
3114,-0.0013739170837275122,0.00120675534296688,3.169419801084034E-20,24622.43336703662,-36449.86671776077,260097.91488318625
3115,-0.0017661824711015456,8.664571347614622E-4,7.961885159228077E-20,4902.595607921163,12494.993304736707,417882.53789380356
3116,-9.103700446515817E-4,0.0018810483087823575,1.6867718322700644E-20,25911.548742501902,19746.88465781588,189663.80994474996
3117,-0.001302635432025615,0.0015407501005769398,1.1855307941299305E-20,-28746.314615270803,2912.083965604452,158726.00630415918
3118,-0.0011600721286218207,0.002208739615797058,3.115926892620581E-20,40729.94582893106,15568.880740726769,257895.34290945332
3119,-0.0015523375159958543,0.0018684414075916401,4.4507696042187076E-20,44823.72212893389,-15189.229134051584,308995.7747378271
3120,-0.0019446029033698881,0.0015281431993862224,2.3598749050487234E-20,6771.556428158635,-6829.227183910192,227419.08556029008
3121,-0.001481055864293958,0.0022024361652017,5.913882808762939E-20,11444.405536621403,57746.996442419826,355493.6370076307
3122,-0.001730757948264197,0.0025301274722164006,2.5775004812957062E-20,-16738.81716754174,-2182.0863763063653,237286.81306407496
3123,-0.0021230233356382307,0.002189829264010983,2.4098701326087655E-20,-28929.541459971355,-18838.417275424377,227415.4608865226
3124,-0.002051741683936334,0.0025238240216210427,6.265824655916941E-20,15799.74150144899,-19345.844538513218,370060.16127404507
3125,-0.015224568919770674,-0.001692751121744489,4.336678526550488E-20,-22922.92200257242,40048.36193126395,305096.74978966074
3126,-0.014520292239719628,-0.001599430756453217,6.124949339715162E-20,27295.145778106038,6304.353483674974,365637.36439311254
3127,-0.01381601555966858,-0.0015061103911619444,6.424045295020814E-21,236.55233295451146,17316.03000637332,117491.84810824075
3128,-0.013111738879617533,-0.001412790025870672,3.020490896570726E-20,-9128.850713161983,-7554.826226135674,257246.15393902073
3129,-0.012407462199566486,-0.0013194696605793995,4.258367092074195E-20,-27122.37903796343,13243.656868086162,304274.5236311468
3130,-0.014903280244463944,-0.001837639643309365,1.3858395828798042E-20,-10071.406120648026,8852.22668161465,173916.1714469978
3131,-0.014199003564412897,-0.0017443192780180925,1.7776563965907363E-20,14425.428797453284,-5629.225871991277,196950.0736526397
3132,-0.01349472688436185,-0.0016509989127268204,5.571372042047277E-20,-55459.941665857485,-14444.408908182668,345017.43574192736
3133,-0.012790450204310803,-0.0015576785474355481,1.3079388576719743E-20,9826.474859109585,-3994.3717411783973,169126.50851777595
3134,-0.01496497957390153,-0.0022207370517303895,3.4548746127398845E-20,17102.44564466556,-16492.499284631343,274387.5871504838
3135,-0.01426070289385048,-0.002127416686439117,7.103007420372259E-20,-60289.780605340784,25581.522004928756,389435.18974289217
3136,-0.013556426213799433,-0.0020340963211478444,5.920691953674175E-20,42795.02398052872,44303.73977471223,355241.7171681509
3137,-0.012852149533748388,-0.0019407759558565723,1.2679568432022049E-20,-22061.15817146302,-17869.1383246813,164415.53965341503
3138,-0.014643690898594797,-0.002365625573295265,1.2585518800742857E-20,9996.54404782179,-368.4862811553943,165927.4369497588
3139,-0.01393941421854375,-0.0022723052080039926,4.129219868252305E-20,39338.21819383042,8378.626790136224,298397.1088262952
3140,-0.013235137538492703,-0.0021789848427127205,7.493298386502363E-20,12388.248470405038,21887.388532655496,404827.7125000497
3141,-0.01470539022803238,-0.0027487229817162893,6.800488985959549E-20,-36711.317811373876,-13253.023522711104,384426.5658382156
3142,-0.014001113547981331,-0.002655402616425017,4.231130081076442E-20,7359.123418956809,4463.810086452254,304666.9054694585
3143,-0.013296836867930286,-0.0025620822511337447,6.811806425745066E-20,1253.9539549526767,19114.29664620212,386249.5273404001
3144,-0.01438410155272565,-0.002893611503281166,3.170597920054669E-20,6759.959485865028,531.6846686747886,263753.0446887739
3145,-0.013679824872674603,-0.002800291137989893,1.5563373839803292E-20,21020.6653051212,17578.683968784386,182808.89929024345
3146,-0.014445800882163235,-0.00327670891170219,4.3409109886222675E-20,-11742.781724570475,-7057.979882681981,308412.9951221451
3147,-0.013741524202112188,-0.0031833885464109175,4.397031849512187E-20,53800.140894150165,18341.589152697572,305462.87414699746
3148,-0.014124512206856505,-0.0034215974332670656,5.863404677013481E-20,1484.4019176593952,-33147.19613533684,357256.5068342773
3149,0.004937130924059537,0.01473678297595544,5.636546360756448E-20,33109.93129414661,33394.731118086995,348627.20140505035
3150,0.00538824012420061,0.015116946122037128,7.61176293453015E-20,-3730.3626261322142,44998.04802921524,406300.6160352776
3151,0.005839349324341681,0.015497109268118817,3.980620468480266E-20,-29486.653542487515,13909.884679944089,293824.8321031573
3152,0.006290458524482755,0.015877272414200505,6.506103466269147E-20,-33767.430642319625,29957.73755458617,375241.4047073615
3153,0.006741567724623827,0.016257435560282193,6.72331355373263E-20,21109.898178219955,-64334.766273121626,378190.62145935965
3154,0.005241506066252832,0.014744550097116156,1.6772805419068077E-20,6133.645538745881,29178.1063707605,189568.8275130682
3155,0.006143724466534977,0.015504876389279533,1.4505677489735057E-20,5505.416018246325,-15010.0022273217,177741.8098231348
3156,0.006594833666676048,0.01588503953536122,2.6471666767097547E-20,26458.988237342845,26939.747268233055,238104.3880262219
3157,0.00539914715049835,0.0143799211933559,5.1745357614953175E-20,-13308.358328004217,37762.97908742718,334672.44739114854
3158,0.005850256350639422,0.014760084339437587,7.826052961854774E-20,53775.12910085111,-37336.23387275103,409314.03318128735
3159,0.006301365550780494,0.015140247485519277,3.82393392618607E-20,38765.19899943262,-16725.281484103816,286659.0238067072
3160,0.005703522292691644,0.014387688314516617,4.2191263999075005E-20,30939.015945994164,-31723.93553112632,301112.65297575196
3161,0.006154631492832716,0.014767851460598305,6.967755622368261E-20,-14772.176715509826,30507.20303688881,389654.5072528661
3162,0.006605740692973788,0.015148014606679992,3.5555679777233656E-22,-1484.8416239220394,-4612.661909357653,27516.488385036613
3163,0.005861163376937162,0.014023059410756362,6.686397728823374E-20,47246.60685063052,-23511.15184323486,379496.00914261304
3164,0.006312272577078233,0.01440322255683805,4.825891387719984E-20,26077.600732979576,39269.67015935725,322074.5991098057
3165,0.006165538519130456,0.01403082653191708,1.1569234083266703E-20,-11434.808170767192,-27003.770245873282,156654.81681281273
3166,0.006616647719271528,0.014410989677998767,5.459959654285787E-20,-16598.333431268395,-37071.25779801302,343839.4940273932
3167,0.006323179603375975,0.013666197628156825,5.0875025999734085E-20,5455.497725665798,-42614.46997950348,331439.59300967626
3168,0.006774288803517046,0.014046360774238513,5.699416835147503E-20,-28495.1760701619,27726.193991885728,351499.6823720733
3169,0.0066275547455692686,0.01367396474931754,6.01223949151522E-20,-5775.183034038896,33571.79525198478,361718.7466016108
3170,0.004362533752157108,0.01491157646022157,4.496356324236498E-20,3702.3799222813063,45530.00484713425,310857.60537866165
3171,0.0037760936601448957,0.01487423443800943,4.7399843687298386E-21,-906.7033392048725,-13486.623295967547,101114.31528252758
3172,0.0031896535681326826,0.014836892415797288,3.61968712403164E-21,-7880.51224864748,2921.3392875832574,88749.78411709193
3173,0.002603213476120469,0.01479955039358515,7.588546706298781E-20,-2018.9376473652453,-58362.59408029059,403978.888407652
3174,0.0020167733841082564,0.014762208371373008,1.839692499266435E-21,-1594.1697002041976,10889.48203072119,62593.87226320657
3175,0.004092311722447976,0.015094137065648418,1.651468426190422E-20,13738.464901093954,16365.115270941964,189214.28828873683
3176,0.003505871630435762,0.015056795043436278,3.43123065884413E-20,12238.786415637232,36516.06064226981,271754.89357970405
3177,0.0029194315384235493,0.015019453021224137,3.5465806428258934E-20,-8982.243359608376,33522.76420681593,276879.08211038605
3178,0.004138307755041922,0.015496600298714257,2.9280784979274686E-20,-20481.40775115298,41879.1522150774,249226.194985015
3179,0.0035518676630297095,0.015459258276502116,7.925699989298483E-20,-8705.749670594862,69917.03506531096,411153.6659212461
3180,0.002965427571017496,0.015421916254289975,1.6737458811588038E-20,20994.16014651201,-2073.109073980513,190532.58650233469
3181,0.0023789874790052824,0.015384574232077834,5.356028660615521E-20,-3398.6775386676227,-31739.411565113845,341430.22575165035
3182,0.003868085725332789,0.015679160904141103,2.2794190583446264E-20,28181.314861377927,14053.25562111034,221480.9584503339
3183,0.003281645633320576,0.015641818881928962,4.53092704294059E-20,-6109.300255884035,46991.27255074048,311821.5011621266
3184,0.0026952055413083623,0.015604476859716821,5.0436745903577577E-20,31418.53242982904,40740.11998072723,328768.6403271578
3185,0.0033276416659145224,0.0160442821149948,5.2381985680202063E-20,32685.40863245686,16868.74627833353,337125.5701868872
3186,0.002741201573902309,0.016006940092782657,5.707981768596614E-20,23594.839971536803,-40541.52335733505,350885.24905881094
3187,0.0036438597282176027,0.01626418474263379,5.227797845830468E-20,40100.34844365761,37930.770041424075,334262.4836562885
3188,0.0030574196362053887,0.016226842720421648,2.5567619766432113E-20,-36684.485994997274,21712.110224417214,233061.13478768233
3189,0.0036898557608115493,0.016666647975699625,4.434379060287561E-21,-7551.68875507137,8477.269190469642,98015.07921104693
3190,0.0031034156687993362,0.016629305953487484,1.238712273738687E-20,14946.174043861238,15279.305379074929,163522.3219646535
3191,0.003419633731102416,0.016849208581126474,1.0586493375081834E-20,-6441.008802916163,-6462.187949529873,152183.44108182206
3192,0.006618043467876998,0.012919870937460777,7.036639701153439E-20,34127.943162546355,-24139.565311199724,390825.38164264715
3193,0.006028676651359427,0.012547978105619079,4.9841055864430893E-20,42901.020108849916,34966.53752717111,326135.99358790985
3194,0.005439309834841855,0.012176085273777375,7.274077111856989E-20,-5899.6233337819085,-51593.61559536434,396242.6311425059
3195,0.004849943018324283,0.011804192441935674,6.582804662294062E-20,-9785.876843936592,-57106.84635932817,375727.1110239083
3196,0.00367120938528914,0.011060406778252272,5.847425371308984E-20,-5303.393628230813,-12042.586744897553,358063.08221686154
3197,0.006293250021693693,0.012895034933124529,1.442866624707356E-20,13510.560757445079,-2753.3466015378435,177450.1719288148
3198,0.005703883205176122,0.012523142101282829,3.7850831612134056E-20,26900.18908867172,-40859.64744413713,284094.62936511374
3199,0.00452514957214098,0.011779356437599425,1.4744368233799836E-20,11183.24134244691,19997.078858197587,178456.9052430341
3200,0.003935782755623407,0.011407463605757723,2.1260857834977325E-20,20586.499350740876,30860.415983189578,212844.63417808726
3201,0.006233029945844655,0.013217255756293728,3.089558068879345E-20,-29506.18592532634,10792.415451216748,258544.57691256425
3202,0.005643663129327083,0.012845362924452026,5.0053885307539415E-20,-20867.1184396517,6387.498501396813,330785.24774761935
3203,0.00446492949629194,0.012101577260768624,6.094061257811535E-20,8157.182918982881,-52541.93223468934,361897.9133775107
3204,0.0038755626797743682,0.01172968442892692,8.283400020162668E-22,3557.1582435405176,3237.421573133375,42373.55094626213
3205,0.0059082364996613495,0.013192419751957478,6.439977181827951E-20,-41478.06801271027,-3654.806376521035,373708.7168863532
3206,0.0047295028666262074,0.012448634088274076,4.069236035177589E-20,-29214.783213452647,-28517.076700121863,296099.37205069716
3207,0.004140136050108634,0.012076741256432372,6.86373966164085E-21,1869.6717354505047,16586.976852177937,121618.16201493582
3208,0.005848016423812312,0.013514640575126675,6.060389712923393E-20,-8149.147700380976,-15415.145028998497,364354.20772623573
3209,0.005258649607294739,0.013142747743284975,6.214627654250256E-20,-55093.168146799246,12958.20003454355,365022.18728174473
3210,0.0040799159742595965,0.012398962079601573,1.0950735571807244E-20,10451.329031115896,9499.191729917968,154412.7216851351
3211,0.005523222977629006,0.013489804570790425,8.67410286210295E-21,12148.784993255533,-8920.048040723765,137175.65738895777
3212,0.004933856161111435,0.013117911738948725,7.814762363548622E-20,38580.02319965434,18665.20434012829,411993.98040835874
3213,0.005463002901779967,0.013812025393959624,4.4235970111971526E-20,-14502.24084474837,44121.59967388493,308163.3549120276
3214,0.004873636085262395,0.013440132562117922,1.6998573305342286E-20,-8636.830794170959,19826.355521678313,191972.201984203
3215,0.004284269268744824,0.013068239730276222,5.2324490444260356E-20,-14284.47896340977,46144.08756070567,335480.2300207179
3216,0.005138209455596662,0.013787189389623374,7.953375483018013E-20,74231.97010701698,-16844.25979985613,410883.2299772742
3217,0.005077989379747625,0.014109410212792571,2.747180986899448E-21,13095.140822510475,1160.8190711381812,76542.21260462508
3218,0.004488622563230051,0.013737517380950871,7.877263311844247E-20,29689.41065201036,-70369.08802752063,408796.7790299725
3219,0.004753195933564319,0.014084574208456324,4.7675709864542005E-20,48190.824293121106,13309.744726375859,319647.0652655376
3220,0.001958237608094662,0.01433995876140477,5.339039526506032E-21,8352.264086380712,65.65054175754943,107945.81736137353
3221,0.002446937684771507,0.014371077113248221,9.388380398995717E-21,3244.6234021587697,-13185.019665098927,142927.15628172492
3222,0.0029356377614483515,0.014402195465091671,7.31503809254046E-20,3289.22340802042,-34335.09997080019,399267.482967156
3223,0.003424337838125196,0.01443331381693512,2.12411665636301E-20,-13810.133144194591,31384.764829384578,213213.628508373
3224,0.00391303791480204,0.014464432168778569,4.1144982361998653E-20,20947.912518539266,-37932.233562864094,297418.2969806945
3225,0.0022159198943841494,0.01413761177907552,3.381893168748134E-20,-26686.799942413858,-23299.119851447616,270177.12043963635
3226,0.002704619971060994,0.01416873013091897,7.088143646550205E-20,60829.23458206146,-17218.256191348122,389391.87948501593
3227,0.0031933200477378383,0.014199848482762421,5.035338072388068E-20,-35416.79573020192,-37428.78139131377,328477.405949177
3228,0.0036820201244146824,0.014230966834605872,1.0145265171408374E-20,19327.489164483795,-7103.049718634137,147818.49694166635
3229,0.0022425843902862787,0.01370179946257357,5.793253127829846E-20,962.1139639066994,7287.155985953162,356565.4534909824
3230,0.002731284466963123,0.013732917814417022,5.585776700629751E-21,-9666.729803074895,-17317.973698465405,108951.48935235837
3231,0.003219984543639968,0.01376403616626047,2.123472561612171E-20,-33270.998207363205,-9197.03664037029,213143.35197544654
3232,0.003708684620316812,0.013795154518103921,3.877790302914304E-21,-1498.73148779669,-10251.938338662483,91686.90052511684
3233,0.002500266676575766,0.01349945248024432,2.6090046042749646E-20,-34945.87101337639,4163.410041089481,236734.2765062496
3234,0.00298896675325261,0.01353057083208777,7.013196943430465E-20,-24495.800156782458,2311.7064998317355,391627.1600362088
3235,0.0034776668299294545,0.013561689183931223,7.989125924884381E-20,59670.396353198885,-5407.869452304281,414504.83014280745
3236,0.0039663669066062985,0.01359280753577467,3.2099496430633987E-21,-5366.300811642566,3951.258365026827,83684.86752420598
3237,0.0030156312491547393,0.01309475851558582,1.647958276986918E-20,13824.99724615493,17400.868121682117,188911.67768226448
3238,0.0035043313258315842,0.01312587686742927,6.02712765093935E-21,6906.430710593679,-2319.413802437775,114802.91435289248
3239,0.003993031402508429,0.013156995219272721,2.078660385934938E-20,-13063.630737210642,33083.24171692736,210648.06267288598
3240,0.0027846134587673817,0.012861293181413122,7.872833507437898E-20,-7496.232291617072,57702.205456119744,411661.3662042718
3241,0.0037620136121210707,0.012923529885100022,9.487325223427891E-22,-482.60283964831075,-7328.872286924919,45044.791017785494
3242,0.0028112779546695115,0.01242548086491117,2.8151481591752096E-20,-26926.087791346436,-18262.11836584167,246473.33003462208
3243,0.003299978031346356,0.012456599216754622,3.7310238581783256E-20,-15603.25249105822,-7662.097216519118,285681.3419878564
3244,0.0037886781080232004,0.012487717568598072,2.9825877444450155E-20,-16390.1453502559,38797.25171205826,252408.3083920959
3245,0.0035576603176358424,0.01225425223442537,1.1788836284945546E-20,10523.845641692778,14357.409147506894,159893.55330581186
3246,0.0030956247368611276,0.011787321566079971,4.2112931100860905E-20,16166.391797034363,-34917.80283128523,301628.70019652304
3247,0.003584324813537972,0.011818439917923423,4.2314376293301634E-20,-12065.440300497115,11361.24043575568,304348.6574079698
3248,0.0033533070231506145,0.011584974583750721,6.472078752058044E-20,-21620.61370323605,-38186.548587123616,374394.3508916236
3249,-0.01565092581548852,-0.0012457004426331972,6.757184942486762E-20,5795.0930907657,2914.509675257483,385115.9774410463
3250,-0.016141754296473042,-9.361279225972743E-4,4.7901301022108085E-20,-10078.708288384541,16800.348791855697,323705.4405456492
3251,-0.016632582777457557,-6.265554025613511E-4,7.768532480753939E-20,-31872.29646675329,68356.53946264672,406044.8205741903
3252,-0.01712341125844207,-3.16982882525428E-4,3.2055090863224994E-20,7468.8028968422805,-14962.946187492187,264761.142704043
3253,-0.01761423973942659,-7.410362489505189E-6,4.9164482797616715E-20,-58770.104382528116,6269.089249188855,323185.9783440841
3254,-0.01575599403589963,-9.435382850867817E-4,1.0948236118437186E-20,-19090.30471891206,-14231.224817292386,153200.19063107204
3255,-0.01673765099786867,-3.243932450149354E-4,6.063302436915987E-20,12137.812360316684,57941.749486388784,360024.16722323874
3256,-0.017228479478853188,-1.482072497901243E-5,1.7539271135533636E-20,29312.5242397493,17721.72410952153,193222.26572779636
3257,-0.015475301995737338,-6.487864900298731E-4,1.731002264142603E-20,22509.72571150245,-13648.272757653418,193162.73175462603
3258,-0.01596613047672185,-3.3921396999394985E-4,1.5477356910858695E-20,20204.075967375862,-16597.82092612731,182475.824395498
3259,-0.01645695895770637,-2.9641449958026703E-5,5.3819874221175023E-20,36358.41316177795,-22308.058557076234,341092.20163811167
3260,-0.015580370216148444,-3.4662433248345713E-4,2.2294698375525012E-20,26003.817504104776,-27800.536137666626,217944.4282332311
3261,-0.016071198697132968,-3.705181244753414E-5,5.360249531261343E-20,-9964.078342059927,-13338.282428499271,342649.99391331355
3262,-0.016562027178117486,2.725207075883891E-4,4.6804082049882993E-20,29348.239985995806,40940.29263337392,316579.5880870816
3263,-0.015299678175986153,-5.1872537426548516E-5,6.705470023062182E-20,32250.542647962324,-63297.80193097664,377060.030138344
3264,-0.01579050665697067,2.576999826093746E-4,1.2764466299547737E-20,-11377.9802726009,-20667.622412195306,165735.50579905297
3265,-0.015404746396397268,2.502896201198672E-4,1.85411617200655E-20,-21968.192025388656,19295.89727773638,199631.86631729672
3266,-0.01589557487738178,5.598621401557903E-4,1.1575292307487785E-20,24761.943665802715,-2508.730006553615,157462.83234698419
3267,-0.01512405435623497,5.45041415176776E-4,9.680895251765119E-21,24873.66240300702,3603.9191151996197,143607.39654206947
3268,-0.015614882837219488,8.54613935212699E-4,2.9403496020934697E-20,-9029.839200646238,-3795.944714217164,253890.7580472089
3269,-0.015229122576646084,8.472035727231914E-4,6.647144987115152E-20,-10698.95307258326,25895.78443162308,380992.6127798648
3270,-0.015599879643266406,-0.0018547754565822934,3.3150822738779203E-20,34700.96382455425,-24539.113693719497,266416.0820442049
3271,-0.01534029029739726,-0.002382761386568194,3.8633535337362506E-20,6894.000941496035,35986.90497688606,288926.90831841016
3272,-0.01508070095152811,-0.0029107473165540937,2.774520422148756E-20,-1591.9937802194163,-20881.402711634102,245920.83598155496
3273,-0.014821111605658965,-0.003438733246539994,5.255246441676798E-20,-15355.622804893252,21222.685884218376,338665.96366484434
3274,-0.015653901691455408,-0.0021616883129849736,1.2955396023655149E-20,-3715.1836023501655,9288.437392365033,168356.712272586
3275,-0.015394312345586258,-0.002689674242970874,3.2579231467834034E-20,1364.3789559245376,-32807.42075229817,265425.5383444381
3276,-0.015134722999717114,-0.003217660172956774,5.778888742486384E-20,52094.617359781056,18117.076643353055,351902.6831541359
3277,-0.014875133653847968,-0.003745646102942674,1.7344861102706086E-20,15425.20297502754,556.7143613643325,194532.89273973714
3278,-0.01576194578783341,-0.002775514025790334,3.084019325676511E-20,-11839.542272668405,7276.915840612171,259841.59811429054
3279,-0.015502356441964259,-0.003303499955776234,4.585087986235629E-20,11650.335313715505,1028.4147079177915,317065.42875074025
3280,-0.015242767096095115,-0.0038314858857621346,1.1618512347362978E-20,19500.409547590436,16124.033101215102,157697.91359495217
3281,-0.01607555718189155,-0.0025544409522071138,2.122219250290865E-20,17802.299396905324,2297.523826240098,215109.07914493317
3282,-0.015556378490153263,-0.0036104128121789143,5.780923710746708E-20,-10269.117081071197,-13353.555213605003,355863.0104990611
3283,-0.0164431906241387,-0.002640280735026574,3.5523489586041806E-20,-43238.09509033631,26941.174059533147,274586.54044599883
3284,-0.016183601278269556,-0.0031682666650124742,1.6746762619334336E-20,-6797.051711089799,-14182.02031203525,191104.20278834453
3285,-0.015924011932400405,-0.0036962525949983745,7.04607938818226E-21,-16910.365935478134,-2333.1041685457376,123201.17959441668
3286,-0.016237623326458558,-0.0034751795214151542,2.7802944840501915E-20,4266.100577610477,-29031.41641511039,245318.92278675144
3287,-0.01686484611457485,-0.0030330333742487146,6.913321906671653E-20,45560.87527587219,-23100.317950484703,386231.8133702626
3288,-0.016605256768705706,-0.0035610193042346144,2.834117226279501E-20,-31712.863092290707,28657.743163622654,245758.2599447588
3289,-0.01691886816276385,-0.003339946230651394,6.545253328758803E-20,1825.4792589804395,55826.522212412114,374944.57244735194
3290,-0.014936613734295464,0.0048458728214178124,5.535396369470564E-20,-44436.40624481576,-44568.01537445346,342885.8656243514
3291,-0.01527148140769679,0.005317630185434033,2.6977715868272367E-20,-21877.812020024074,-25871.528463780785,241003.3237440434
3292,-0.015606349081098113,0.005789387549450254,2.1551430907435352E-20,17592.37412128086,-34990.499782323146,213969.96194677023
3293,-0.01594121675449944,0.006261144913466476,3.879724668365397E-20,-30887.989600371588,-27031.78559688069,288956.7296349825
3294,-0.016276084427900767,0.006732902277482697,6.544307294915004E-20,-2077.4581193868567,-53148.55404826447,375304.55662727775
3295,-0.014917734250394403,0.005162230680345095,7.762169000431275E-20,-25906.103170773436,6747.182771731121,411952.05204009626
3296,-0.015252601923795725,0.005633988044361315,3.235489255580149E-20,-25179.51598423134,-9798.206525327356,265153.44210501853
3297,-0.015587469597197052,0.006105745408377537,5.417309393684896E-20,-20090.255932609005,51646.55192406663,340393.8818940853
3298,-0.014545107609190951,0.005323189034183439,6.179761340802872E-20,18668.94755170317,57700.09963748376,363319.4692147699
3299,-0.014879975282592276,0.0057949463981996595,5.488349720137284E-20,61293.35699552894,1632.63097026781,341671.11798425997
3300,-0.015214842955993601,0.006266703762215881,7.230301680055289E-20,-33584.89221103622,39320.07989184037,395056.7200177136
3301,-0.015549710629394926,0.006738461126232103,3.241685592987521E-20,5649.622073774222,33711.56072938446,264582.7204502386
3302,-0.014526228125289888,0.005639546893110722,1.5322610571446998E-21,-760.03915147868,4517.573611054322,57819.99194275929
3303,-0.014861095798691213,0.006111304257126943,5.087854048607986E-20,-6180.556213474403,6526.966117823121,334103.0902978776
3304,-0.015195963472092537,0.006583061621143164,3.784171045238987E-20,6278.340240655599,-12185.465002784584,287914.8493082199
3305,-0.014488469157487763,0.006272262610965287,4.2638967280654084E-20,46160.42677592484,-23176.277868038578,301575.0053475153
3306,-0.01482333683088909,0.006744019974981508,3.7178586824388736E-20,10051.526861974613,2020.1947500148942,285520.2933799445
3307,-0.014134722000185375,0.0061168631058763495,1.784557030802462E-21,-7024.907084065898,8742.096225271245,61581.56740863937
3308,-0.014469589673586698,0.00658862046989257,7.844623934398763E-20,-72801.44701585943,-8836.832688410077,408476.8389615128
3309,-0.013762095358981924,0.006277821459714694,8.89007500951812E-21,-7457.892799555552,5931.586602447743,139383.25691133403
3310,-0.014096963032383251,0.006749578823730915,6.655810213240272E-21,8937.965313380764,-10921.934581608988,120057.93586929448
3311,-0.013743215875080863,0.006594179318641976,4.365115649214872E-20,11545.890757677547,22326.429536457206,308554.5789843973
3312,-0.015116219025342298,0.004255468498100281,2.2434809795818284E-20,-7753.034340633466,5082.018101137819,221744.279311232
3313,-0.015058668080967293,0.0036369069381695764,7.721857585122735E-21,-10637.550298077653,-14609.41776898091,128945.87396729052
3314,-0.015001117136592286,0.003018345378238872,3.100419107484544E-20,28961.966222209456,1957.8994179352242,259284.05004481686
3315,-0.014943566192217279,0.0023997838183081677,5.876760321779649E-20,14773.383474782266,1506.5586595542954,358895.3284603193
3316,-0.014886015247842273,0.0017812222583774642,6.741205014941541E-20,-11124.192713704688,-13084.84701453171,384331.3520169983
3317,-0.015276944832488072,0.003981422033710032,5.043295742948583E-20,-6343.308848131544,-1463.3687414592853,332693.558235562
3318,-0.01516184294373806,0.0027442989138486236,2.8371385598710073E-20,15872.729050164788,-12946.483183790637,248738.56509199477
3319,-0.015104291999363053,0.0021257373539179196,5.0245271635909306E-20,22210.019876802635,-37838.90172504725,329226.7374252753
3320,-0.015655947391154626,0.004051890664860238,3.556238024485193E-20,-33023.44951038743,-15289.229962555402,277045.4925834767
3321,-0.015598396446779614,0.003433329104929534,7.503515105234638E-20,45891.11051091586,-43935.991741926235,400881.4653448811
3322,-0.01554084550240461,0.00281476754499883,2.1635274117349806E-20,421.07221122518644,-12654.595049507152,217579.26391206213
3323,-0.015816673198300397,0.003777844200469989,8.0268295291088E-21,1494.0382088106248,6866.854146550747,132566.2947081694
3324,-0.015759122253925388,0.0031592826405392855,7.319861364697267E-20,24491.73437664614,-12615.349740548394,399938.92713664257
3325,-0.015701571309550376,0.0025407210806085807,4.6434797417566766E-21,-11370.310797168737,3870.5504476347423,100253.03592190708
3326,-0.016195675756966944,0.003848312831620196,3.3181128154349874E-20,-23443.005336983864,-751.7205499940661,268887.0595593227
3327,-0.01613812481259194,0.0032297512716894915,2.6307730314463885E-20,-42468.9434982739,-1496.3170268494123,236545.44827735284
3328,-0.016356401564112718,0.003574266367229947,5.533105346091332E-20,5537.706166737799,42931.82464100663,345843.18858645944
3329,-0.01629885061973771,0.002955704807299243,6.448321187074817E-20,-34821.143447882554,-12365.710914922014,374445.94451205904
3330,-0.016735404122779268,0.003644734998380154,7.832492168209136E-20,63594.967436087834,-2461.6873130947156,409774.00075835956
3331,-0.016677853178404263,0.0030261734384494495,3.9889540693085323E-20,24506.009747944063,-7407.707231578972,294827.963481936
3332,-0.01689612992992504,0.0033706885339899054,6.414564393333354E-20,45824.3763210065,-40909.80465489255,370216.91082389845
3333,0.007321179908477134,-0.013449526690437159,1.2609467902114853E-20,-4676.465141528043,-9890.084570479015,166026.74201250036
3334,0.007694481900921594,-0.013020621793363054,1.4620634460933375E-20,-12691.774926905799,-25856.3475475624,176834.72832373847
3335,0.00806778389336605,-0.012591716896288952,4.022655487739926E-20,45676.295250327996,-1653.946705760288,293649.13354318694
3336,0.00844108588581051,-0.012162811999214847,1.9261801600650545E-20,23100.30927653574,-10806.483429097352,204057.84008779298
3337,0.008814387878254967,-0.011733907102140746,2.8068458329996757E-20,-29132.695915889122,23495.810228242604,245406.95579176626
3338,0.007645865211912705,-0.013404698250839881,3.247190190050329E-20,33858.66568304807,32458.091974153795,262856.08598473796
3339,0.008019167204357164,-0.012975793353765778,7.011105140502218E-20,20482.041200390722,-68295.52534162308,385807.59671334457
3340,0.008392469196801623,-0.012546888456691677,1.1425352733903796E-20,-1626.3448574297029,9371.491360830682,158095.93091234085
3341,0.00876577118924608,-0.012117983559617573,2.5800743949760898E-20,-22332.198314632504,37786.15105116847,233923.00458998448
3342,0.00792193382633939,-0.013743946268719434,2.2548344373266654E-20,-23747.663012217203,-19253.286205861586,220388.4992955225
3343,0.008295235818783848,-0.01331504137164533,5.901084079826621E-20,-16923.108389495734,-44481.90238828272,356784.7872263422
3344,0.008668537811228305,-0.012886136474571227,2.285627594850157E-20,17257.868730076512,21177.890807905897,222340.8847398754
3345,0.00824661912977496,-0.013699117829122158,1.899175641932739E-20,-5596.009520254553,-30595.35392287066,201816.05819913294
3346,0.008619921122219418,-0.013270212932048053,4.518700739643785E-20,29511.504581734127,15252.44816819364,313219.0176779616
3347,0.008993223114663877,-0.012841308034973952,5.106337130656286E-20,57270.532561654494,-4444.404701770545,329866.35362288577
3348,0.008522687744201644,-0.01403836584700171,2.4499983819769684E-20,-24841.212452301726,-5818.12717570602,230520.47630076617
3349,0.008895989736646103,-0.013609460949927606,1.5860129913940144E-20,23228.570918417274,24262.42081910234,183557.29219357108
3350,0.00926929172909056,-0.013180556052853504,6.962057911487808E-20,-36667.758142531085,36124.40812948035,387562.83259429265
3351,0.008847373047637217,-0.013993537407404435,2.2657896178946842E-21,67.41186579136664,-8725.406222974048,69989.21513325148
3352,0.009220675040081675,-0.01356463251033033,6.502654772246288E-20,-47045.47111777305,21771.746569780425,374273.7162702584
3353,0.009123441662063901,-0.014332785425283986,2.290828064570368E-20,2629.391198877762,37654.99851429976,221068.25129848244
3354,0.00949674365450836,-0.013903880528209882,3.6657933628504054E-20,22520.919710234015,-55.92021273741326,282801.42312758183
3355,0.009448126965499471,-0.014287956985686712,6.195391138960419E-21,-21454.432765128946,1230.9967823656973,114631.62039197279
3356,9.99195522816583E-4,-0.015337723802317188,2.8717220995139836E-20,-1722.1765636589632,-10908.153237098248,250854.07925707637
3357,7.463215809356013E-4,-0.01590031792694298,1.130308442709669E-20,14379.98318353295,-6636.94014618013,156733.90090418415
3358,4.934476390546195E-4,-0.01646291205156877,5.444367062669197E-20,5988.715922994854,-55579.40240889326,341186.3202538722
3359,2.405736971736378E-4,-0.017025506176194565,4.7559559289751874E-20,32050.77108287756,34081.82255247003,319734.1333985273
3360,7.340213362282608E-4,-0.015488418227763335,1.2756818603206908E-20,-11117.293394224991,4885.817396761232,166914.9804190215
3361,4.81147394347279E-4,-0.016051012352389125,1.2787087180618212E-20,11626.946454664407,26980.705877386757,164958.74492150574
3362,2.2827345246629758E-4,-0.01661360647701492,2.6535211600204213E-20,-14944.758589897498,7211.324624482683,240798.03484889574
3363,-2.4600489414684003E-5,-0.017176200601640712,6.79288516166253E-21,2360.9339053240665,6953.286432814137,121902.07069538397
3364,2.0367296305161676E-4,-0.01578980707865563,7.461888562913956E-20,23455.559312675658,-61222.863563836036,399412.0531922302
3365,-4.920097882936496E-5,-0.016352401203281422,4.7845686169545475E-21,-5134.672632565175,16325.384409671833,101053.54654862346
3366,-3.0207492071034655E-4,-0.016914995327907217,5.448872577364441E-20,-26527.43862603266,-10791.278290757964,344690.8807272659
3367,1.9137271834427633E-4,-0.015377907379475989,7.207801072426577E-20,-14728.633547185082,65887.09546284201,392035.42640356434
3368,-3.143751654176869E-4,-0.016503095628727572,2.775440355999217E-20,-8516.784237675167,-39904.482020266165,243456.19560531434
3369,-8.610171295138614E-5,-0.015116702105742494,5.76200293311679E-20,31446.702832827432,38614.22443834206,352174.5149193196
3370,-3.3897565483236784E-4,-0.015679296230368286,4.9250791188818776E-20,27773.181920085528,-39012.53429015339,325328.4014589988
3371,-5.918495967133494E-4,-0.016241890354994074,5.841916657503152E-21,-10615.069615195389,16763.6722277842,111500.89436480566
3372,-6.041498414206897E-4,-0.015829990655814433,1.151789178024981E-20,10519.972607962516,8180.374088459999,158462.54388513695
3373,-6.287503308353707E-4,-0.015006191257455148,8.12030634275268E-21,11541.923407600752,13789.992037103279,132306.69028699986
3374,-8.816242727163523E-4,-0.015568785382080938,6.841447255732319E-20,30119.179189329727,-8228.022707627362,386304.9765910103
3375,-8.939245174236925E-4,-0.015156885682901296,5.895729174781819E-20,27763.62424710716,12798.724102316994,358480.4328133049
3376,0.0010543658555675307,-0.014897546667576322,7.580132891165639E-20,30776.529758745168,5626.0075779761755,406750.09035567986
3377,5.117172376835461E-4,-0.014787035819288976,6.411920000697561E-20,-900.2647257593394,-47122.22798961012,372229.32888395287
3378,-3.093138020043854E-5,-0.01467652497100163,5.167539678668111E-20,2897.3451383912648,-45943.86908916366,333670.4466118216
3379,-5.73579998084423E-4,-0.014566014122714282,4.913921090721029E-20,21070.120279079445,4341.10537623594,327756.1941113132
3380,-0.0011162286159684068,-0.014455503274426932,2.8244812910409295E-20,-4097.995511744681,3826.1832234054727,248960.0381342046
3381,8.443620017301559E-4,-0.014608063958281606,6.084625810319601E-20,50491.03050522261,-25126.25409419281,361122.503834031
3382,3.0171338384617165E-4,-0.014497553109994258,2.960690725334645E-20,-5268.712072695799,41966.665613249956,251424.1446114895
3383,-2.409352340378127E-4,-0.014387042261706909,1.6838185973221318E-21,5468.786623423784,4099.697593477215,60416.66013093752
3384,-7.835838519217971E-4,-0.014276531413419564,2.9543757233999914E-20,-9141.722282164505,-15401.105589074807,254054.41852054617
3385,9.67002911939392E-4,-0.014139609387979516,5.1305920155137696E-20,31164.20630327965,-22160.10140280974,333439.2362925673
3386,4.2435429405540735E-4,-0.014029098539692168,1.3658193892750248E-21,4760.159116273408,-8153.535392839454,53940.42376623251
3387,-1.1829432382857726E-4,-0.013918587691404822,1.8095472037465757E-20,7508.062412696582,25948.71772200912,197483.11350792449
3388,-6.609429417125617E-4,-0.013808076843117476,2.909731096802373E-20,6208.947640694725,10817.23487283061,252445.36108944102
3389,7.569990581020173E-4,-0.013850126678684797,6.535865167924683E-20,13559.9005157487,58179.41987553549,374070.21987697855
3390,2.1435044021803312E-4,-0.01373961583039745,3.332510569224001E-20,22041.637353538605,-8951.597355151822,269444.8613147315
3391,-3.282981776659515E-4,-0.013629104982110103,3.345845844377177E-20,14091.405071934741,-28605.60685815006,269151.3151515899
3392,8.796399683112531E-4,-0.013381672108382711,1.5993345829026956E-20,-16138.540576138545,-30737.83655009967,184143.21724294146
3393,3.369913504272686E-4,-0.013271161260095362,6.240574315833738E-20,9684.865156482536,37031.84449953312,368169.6385753014
3394,-2.0565726745671578E-4,-0.013160650411808018,4.263652546168635E-20,-27370.67146820762,-37522.81705050198,302411.85846886225
3395,6.696361144738788E-4,-0.013092189399087994,1.844137007450924E-20,-3305.2558149380784,-30254.056948705864,198903.2083375984
3396,1.269874965898943E-4,-0.012981678550800645,2.011362536252058E-20,-1060.3119472930448,-20173.114597176347,209170.11714280726
3397,7.922770246831144E-4,-0.012623734828785906,7.024865628768399E-20,35368.854115639275,-41590.730515677,388912.1568735378
3398,2.4962840679913003E-4,-0.012513223980498558,3.3795949414621824E-20,25596.715322533764,34007.08235507554,269051.25680170394
3399,5.8227317084574E-4,-0.012334252119491188,3.491710360306653E-20,39245.96439027691,24782.003670750833,272960.4231656936
3400,7.049140810549758E-4,-0.011865797549189101,5.609658018214237E-20,-16575.86435735964,42241.60959533546,347998.48519713106
3401,-0.0014481574257525017,-0.014309103745358494,4.842190960288865E-20,-1707.2684520907155,56544.403645941806,321110.3766747962
3402,-0.0017712136160048437,-0.013795437026066391,5.933039117619301E-20,-12602.806929527143,70.55201035980156,360698.1611216061
3403,-0.002094269806257186,-0.013281770306774288,6.767749289075291E-21,6910.864273463479,4027.750253056058,121634.15421096653
3404,-0.0024173259965095287,-0.012768103587482186,2.6129929804810696E-20,-10007.722946452132,-31484.358521934795,237229.45106704455
3405,-0.0030634383770142127,-0.011740770148897978,1.0641176080527297E-20,15467.92967069356,-1329.7552799774246,152059.45878549368
3406,-0.0033864945672665552,-0.011227103429605876,5.9475439476582E-20,-62667.02786452936,321.5563819623714,355883.6857352309
3407,-0.0014474414714899856,-0.013983732355282684,2.1702052506480084E-20,-4658.606837924336,-29720.86971489599,216200.44828257165
3408,-0.00209355385199467,-0.012956398916698478,4.7883840285567556E-20,-488.7353750834731,-7271.260367722489,324156.7500038648
3409,-0.0024166100422470123,-0.012442732197406374,3.972563286086778E-20,-48570.05625932196,-2907.2657638427854,291292.943237789
3410,-0.0027396662324993552,-0.011929065478114271,5.651881112020253E-20,12674.112526714363,-59952.65924219223,346892.0961176782
3411,-0.003062722422751697,-0.01141539875882217,1.3887301205399232E-20,27024.98954466387,16941.675654266197,171676.21331030136
3412,-0.001446009562964954,-0.013332989575131064,6.342833069596712E-20,-44117.97877522618,-15387.563959766414,370237.74596086546
3413,-0.0017690657532172963,-0.01281932285583896,3.0793397286383465E-20,-24720.592130213638,-17504.919104150642,258245.0624954347
3414,-0.0020921219434696385,-0.012305656136546857,1.1866303785527853E-20,9231.21931622217,16780.05658321521,160268.9364754604
3415,-0.002738234323974323,-0.011278322697962652,3.1936166532462774E-20,-27913.024228187056,39875.68577042129,260284.12474318332
3416,-0.0011222374184500959,-0.013521284904347357,5.25000361909328E-20,-38371.89573127594,-3023.062728158779,337319.1119038768
3417,-0.001445293608702438,-0.013007618185055254,2.7079656894485106E-20,-3993.272299214459,28503.937557701727,242128.00585612436
3418,-0.0017683497989547804,-0.012493951465763148,4.107846204464037E-20,13315.81634214004,-31897.63993428764,298319.450744137
3419,-0.002414462179459465,-0.011466618027178943,5.305847257091181E-20,4012.327132140176,-25157.854938299333,340356.833533929
3420,-7.977493196727219E-4,-0.01338420884348784,7.703912349646835E-20,17801.434949195354,16531.18017303205,410550.76354153844
3421,-0.001120805509925064,-0.012870542124195736,5.750007929380943E-20,22072.71542427681,41297.355280281445,352208.47771017125
3422,-0.0017669178904297486,-0.011843208685611532,4.7032584870376734E-20,-4042.380248284639,-20526.861030064047,320661.90183154255
3423,-0.0020899740806820904,-0.011329541966319428,2.1839678830839765E-20,28236.347005562067,7968.719164301237,217000.0884611066
3424,-7.970333654102059E-4,-0.01305883745341203,5.352872659937334E-20,-36803.42487240794,30871.614771585562,339435.8563389316
3425,-0.001120089555662548,-0.012545170734119926,4.3196315675507594E-20,-54259.730838275034,-1012.0282275608996,303140.1390264012
3426,-0.001766201936167233,-0.01151783729553572,5.089619603980933E-20,15571.656944067043,-6077.630742839567,333863.78175922437
3427,-4.7254526663283186E-4,-0.012921761392552512,3.2428548881169913E-21,9086.222808711162,-2216.177129557486,83859.05146447018
3428,-7.956014568851742E-4,-0.012408094673260407,1.1119690200372079E-20,6804.266531993523,-1785.0592453855706,156090.40729576757
3429,-0.0014417138373898587,-0.011380761234676203,8.668165117554351E-21,8493.901667993732,-14460.327184610343,136930.77548767935
3430,-4.718293123703161E-4,-0.012596390002476702,4.9988052620079793E-20,45142.312691611136,2558.9087395564156,328186.231532167
3431,-7.948855026226584E-4,-0.012082723283184599,2.775682579491279E-20,28924.426123648613,3976.373525202415,245129.97902549212
3432,-0.0011179416928750005,-0.011569056563892495,7.159215579828471E-20,43717.75667228141,-49324.38177822546,390946.25005339144
3433,-4.703974038452846E-4,-0.011945647222325082,4.645753123750702E-20,-17924.981190875234,11030.361441397059,318678.87327263097
3434,-7.93453594097627E-4,-0.011431980503032978,5.801330553893902E-20,-46731.706568766196,23675.940891295424,353023.9240758221
3435,-1.4662525933042617E-4,-0.012133942551541373,1.7531886013406496E-20,14005.35170623233,-16920.40347398086,194960.15826335477
3436,1.778628394469477E-4,-0.011996866490681856,7.742333871348891E-20,35548.95422399859,44219.52382231926,408370.6194224229
3437,-1.4519335080539467E-4,-0.011483199771389754,3.789879602910808E-20,-46320.73544235218,-12155.628451615064,284455.3165486997
3438,1.7857879370946353E-4,-0.011671495100606047,3.346804998273119E-20,31370.816986834514,-31991.059334108933,267343.938383089
3439,-0.004767996957684086,-0.014218821350542334,6.750179292758083E-20,10570.604229118708,-47775.17667658523,381848.6310762525
3440,-0.005230380812548353,-0.013923802241480817,6.5841210613247E-22,1792.0780750690162,-6267.336927839762,37457.68088661632
3441,-0.005692764667412621,-0.0136287831324193,1.1351301956859718E-20,26692.951870221586,-7115.421358737439,155431.87916728077
3442,-0.006155148522276889,-0.013333764023357784,3.1991641525962225E-20,12347.49417347846,-20805.57537677357,263919.49070705473
3443,-0.006617532377141158,-0.013038744914296265,3.6626567667513775E-20,34255.49665595212,-24269.664790217237,280450.5644724943
3444,-0.004857581888285419,-0.013886313579438026,6.411722814216742E-20,-10422.16831596096,-32010.261678273913,373682.19168406166
3445,-0.005319965743149686,-0.013591294470376507,2.1908861146010602E-20,2506.403877828708,27771.38142765776,217541.23915453567
3446,-0.005782349598013955,-0.01329627536131499,4.465562182787809E-20,12574.483200471932,-20155.678152010965,312215.7502968533
3447,-0.006244733452878224,-0.013001256252253473,6.822819050227488E-20,-42285.07202794857,26375.36816395372,383814.70075778215
3448,-0.004574367894623818,-0.013516317146290924,5.917725921401565E-20,-32253.460275144567,58015.01345564475,354287.68724941637
3449,-0.005036751749488086,-0.013221298037229405,7.113438231781652E-20,-29874.437525930854,-16850.899918661562,393702.4459400214
3450,-0.005499135604352353,-0.012926278928167886,7.6200941534723E-21,-2365.610620512077,7221.599139908245,129121.87232002782
3451,-0.005961519459216622,-0.012631259819106372,7.958573594466312E-20,63701.69254559562,-26342.806483602053,412288.0306819226
3452,-0.00466395282522515,-0.01318380937518661,2.6836736736155235E-20,31774.65437679094,-10062.336678042338,240437.46096097387
3453,-0.005126336680089419,-0.012888790266125097,7.542749328683518E-20,41240.021432306145,-17327.988054100028,404478.3258581592
3454,-0.0055887205349536865,-0.012593771157063578,7.66829453302558E-20,42906.82139291217,62763.02857179307,403211.98739942134
3455,-0.00438073883156355,-0.01281381294203951,1.5410413521408632E-20,-2974.092902536346,-14302.55245761976,183359.57542941213
3456,-0.004843122686427817,-0.012518793832977992,5.2574815230050463E-20,-14333.153728828647,14424.928713209214,339140.6589995468
3457,-0.0053055065412920864,-0.012223774723916475,1.9044915567769882E-20,-29313.94830573295,-23392.44130071675,201015.69922804955
3458,-0.004470323762164883,-0.0124813051709352,6.509361511797334E-20,-3135.4224688960126,-40134.92003842755,375891.8807113276
3459,-0.0049327076170291514,-0.01218628606187368,7.283154547539713E-20,13056.87927992511,-59726.240867567634,395179.10060202144
3460,-0.004187109768503282,-0.012111308737788096,6.893349078438703E-20,65604.7418193325,1601.2214986549936,383457.1366643135
3461,-0.0046494936233675505,-0.01181628962872658,3.038541695413129E-20,34870.65148033431,-25788.4608647555,254619.91221091035
3462,-0.0042766946991046155,-0.01177880096668379,4.034280598573028E-21,-8747.63691212494,7269.551883032289,93424.0281115547
3463,-0.004445207362506693,-0.014360808287898343,7.624077827303105E-20,-39726.751634360095,10860.945482943653,407054.2138448998
3464,-0.004283849809956468,-0.013775388117688832,6.910532329182397E-20,-53540.064865335575,43365.88154098735,383374.55232707097
3465,-0.004122492257406245,-0.013189967947479323,4.6618915813236143E-20,-22390.440832036165,-12661.973867357083,318891.6211742331
3466,-0.003961134704856022,-0.012604547777269812,5.99210524287592E-20,55544.44754611235,-6587.7699817119665,358371.6385256141
3467,-0.0036384195997555763,-0.011433707436850793,4.219319562527835E-20,-10368.43487419786,16224.278114648348,303753.13968653657
3468,-0.004212002697930632,-0.014170287454150044,3.871755952654194E-20,476.10658094011245,29924.296304701526,290017.46633916383
3469,-0.004050645145380409,-0.013584867283940535,5.260658541899715E-20,-36591.60765439144,-15214.408539294336,337534.04719957133
3470,-0.003727930040279964,-0.012414026943521514,3.4794111505141934E-20,-1465.002039316548,-2904.6898289660826,276371.4332029542
3471,-0.0035665724877297403,-0.011828606773312005,5.469002299947837E-20,22250.165774263267,29222.34132896116,344564.7975167759
3472,-0.003906950921328737,-0.014374665956862955,1.2910203190146379E-20,15944.537956615874,17927.580589356814,166640.9650204543
3473,-0.003745593368778513,-0.013789245786653446,6.714593319104753E-20,5943.445888229585,5229.641187562958,383873.1650022284
3474,-0.003422878263678067,-0.012618405446234424,7.642507838787715E-20,47404.75948237358,30187.078394224463,405752.97141464957
3475,-0.003261520711127844,-0.012032985276024913,2.613465332269536E-20,-40680.83280344628,-4133.022253832512,236024.55476189504
3476,-0.0036737462567526767,-0.014184145123114656,2.6443064124600877E-21,1155.0825122215858,1096.422139425873,76178.33756201653
3477,-0.003351031151652231,-0.013013304782695636,3.974944934486607E-20,-20725.555851212313,-9305.462260718336,294542.4094049938
3478,-0.0031896735991020077,-0.012427884612486123,1.6963777853400427E-20,23399.16925186335,13257.38235175709,191105.5508792756
3479,-0.0033686944801507804,-0.014388523625827564,4.100532532623262E-21,-2504.1179825641348,-3680.5818148203516,94778.99508704912
3480,-0.003207336927600557,-0.013803103455618054,4.790594831333991E-20,20439.68664563609,9350.84527893196,323533.65906000236
3481,-0.0028846218225001114,-0.012632263115199034,1.8731960306622696E-20,-8204.277962858007,12334.344274927458,202255.46776656382
3482,-0.003135489815574721,-0.014198002792079265,3.890581349362685E-20,16008.03128092059,-11789.221385254777,291588.5737953968
3483,-0.0029741322630244984,-0.013612582621869753,3.1778952004888074E-20,31640.45844527128,33200.48323304398,260131.6436949769
3484,-0.0028304380389728243,-0.014402381294792174,3.1837546482059524E-20,-43263.38370089854,-14629.13018459152,260412.70545652063
3485,-0.0026690804864226017,-0.013816961124582666,1.1524100064870491E-20,1257.2047674774642,4389.5407449593295,158999.20763262286
3486,-0.0025077229338723787,-0.013231540954373155,2.115218949966695E-20,-25327.90313731938,1452.5326159338406,214001.89185595652
3487,-0.0025972333743967658,-0.014211860461043875,7.313853270284247E-20,-47199.58903662092,-2857.07310837171,397922.43441219965
3488,-0.002292181597794869,-0.014416238963756786,5.0054815408092145E-20,48727.96805097826,-140.49007325342325,327906.5787109909
3489,-0.002130824045244646,-0.013830818793547275,1.5059276263734995E-20,-15985.810280438216,-4733.355254981381,181066.99460337745
3490,-0.00205897693321881,-0.014225718130008485,7.710960062571243E-20,65736.83736034798,-37804.12768791069,404408.64402967866
3491,-0.004979865962403433,-0.014591556249529907,3.4598896353875834E-20,-22571.473095037964,-5417.715738084682,274634.8989627549
3492,-0.005421843913501204,-0.01500725674224121,4.6561064065774367E-20,-48166.00671178514,30170.765955888015,314636.72493046004
3493,-0.005863821864598977,-0.015422957234952515,7.082781255802505E-20,-60500.876926299534,26618.08903638108,388762.25141504715
3494,-0.006305799815696749,-0.015838657727663817,4.119552326187854E-21,-10297.715402564681,-7920.460824551238,94211.76791991181
3495,-0.0052813198977241125,-0.014631783377413169,2.0399804539906238E-22,-455.3191587204149,-1124.4990277906763,21128.504268000284
3496,-0.005723297848821884,-0.01504748387012447,7.898179302433702E-20,28309.125223725514,49059.2440782166,412551.9087715183
3497,-0.006165275799919657,-0.015463184362835775,2.6939714504669224E-20,3569.2005757345987,-40104.44792831154,239845.86173410568
3498,-0.006607253751017429,-0.01587888485554708,2.942184751676289E-20,-42328.14349417259,412.7653752241647,250609.0849863025
3499,-0.0058842277683654725,-0.014712237633179692,1.419358342289123E-20,3070.494768807046,-6572.534917606724,176380.04558814518
3500,-0.006326205719463245,-0.015127938125890994,6.559031105771399E-20,43368.58151089719,3658.5421785518647,376976.97833536257
3501,-0.006768183670561018,-0.0155436386186023,1.6511200804623454E-20,-256.7884193821513,28254.74825282651,188288.51404055613
3502,-0.00574370375258838,-0.01433676426835165,6.519391571261254E-20,-17737.00551269503,-43262.27216418433,375432.1994242106
3503,-0.006627659654783925,-0.015168165253774258,2.713762040010642E-20,-12916.830569135387,26899.649629970092,242262.70287147825
3504,-0.005904633672131968,-0.014001518031406873,4.757007086961282E-20,-41003.77468264805,-33762.22657998192,318779.8922039033
3505,-0.006346611623229741,-0.014417218524118173,1.2561794868684274E-21,1012.6217479433113,1818.3488351772432,52475.3102654074
3506,-0.006788589574327513,-0.014832919016829479,6.378210394434251E-20,-25443.614203037432,29047.583165437085,372215.98972089414
3507,-0.00664806555855042,-0.014457445652001437,7.605775414386562E-20,73700.45984320804,17354.831383266974,401565.0939087816
3508,-0.006367017526996237,-0.013706498922345356,5.3645147383636686E-20,3156.575016144797,8436.153456897036,343072.4739455996
3509,-0.00680899547809401,-0.01412219941505666,4.9082001623544943E-20,-17233.42092721343,-45304.284637799254,324671.9020651773
3510,-0.006668471462316916,-0.013746726050228617,2.265375270464413E-20,-14692.542032917207,1257.6067078287338,222530.23752712645
3511,-0.004385323701892074,-0.01476372591760659,6.482825002014097E-20,-38827.05578926414,-43664.404863865755,372717.86960310314
3512,-0.0037394159724785264,-0.014780355120364122,3.943830738701377E-20,-28095.024577884215,-30441.921531168282,291328.3494430346
3513,-0.003093508243064979,-0.014796984323121654,5.2130780194775494E-20,5542.447775048249,41969.83145590769,335652.83399715665
3514,-0.002447600513651432,-0.014813613525879185,1.7647494028228963E-20,-1528.4637533341754,-8563.327331322764,196647.06492377073
3515,-0.001801692784237886,-0.014830242728636716,7.619698596651866E-20,-16722.897605331305,38027.42315499294,406899.76690493803
3516,-0.004092235376701395,-0.014976122713566532,4.057082525028256E-20,4996.410011806379,5086.313216756627,298368.7250576704
3517,-0.003446327647287847,-0.014992751916324064,1.9314135495609263E-20,-23863.80496759865,10041.657177084888,204290.45832565395
3518,-0.002800419917874301,-0.015009381119081597,3.7049518035934966E-20,-34663.37407092734,16338.16458561683,282621.8181904646
3519,-0.0021545121884607543,-0.01502601032183913,7.690189908587301E-20,-42537.26447073029,-51838.03632430687,405393.9059662746
3520,-0.0041519664557335845,-0.01538428710272889,1.2073855501109719E-21,5962.483106790822,5931.294895567212,50794.97616365025
3521,-0.0035060587263200374,-0.015400916305486423,7.51577445739809E-20,-33351.04174254079,40591.722558588386,402804.53412925085
3522,-0.0028601509969064898,-0.015417545508243952,3.8479815460201605E-20,44426.80232573299,25673.901197523177,286096.0600572648
3523,-0.0022142432674929434,-0.015434174711001487,6.88593841676202E-20,-8708.329293229752,15310.187869723593,388423.7137201808
3524,-0.0038588781305429055,-0.01559668389868883,2.081889071135255E-20,6536.4873510271,-9840.036965192834,213469.20286196083
3525,-0.003212970401129359,-0.015613313101446364,7.54570250695736E-20,-2426.8388471468634,7633.917923135849,406945.1883885713
3526,-0.0025670626717158116,-0.015629942304203896,1.9735790404502283E-20,-17325.86553371793,24995.011262207474,205926.51612653115
3527,-0.003918609209575095,-0.01600484828785119,3.4561392840679416E-20,11909.05719820271,-30679.944823488928,273491.72894978226
3528,-0.003272701480161548,-0.01602147749060872,2.7501315817792926E-20,38138.35777142184,4435.7286654495365,242705.47833513923
3529,-0.002626793750748001,-0.016038106693366253,7.480751684101628E-20,3571.575981143436,18505.475609445948,404829.9984248197
3530,-0.0036255208843844165,-0.016217245083811133,5.852241173505698E-20,29147.29534754333,-43629.5205426139,354591.24826525274
3531,-0.00297961315497087,-0.016233874286568663,1.985743153377481E-20,20607.71546719567,-27620.647684368447,205937.2615380756
3532,-0.003685251963416606,-0.016625409472973487,5.719155917387887E-20,-318.8695732708444,-57087.68147371567,349724.2009547197
3533,-0.0030393442340030594,-0.01664203867573102,1.8352407242040135E-20,-24833.543249450322,-13642.914364329738,198722.32840874998
3534,-0.0033921636382259275,-0.016837806268933435,7.854412554362218E-20,-7644.264773588764,-34103.224695067336,413793.3249939079
3535,-0.0034518947172581175,-0.01724597065809579,2.3028072184520062E-20,-4756.117240665964,21222.416902544086,223798.97091244272
3536,-0.006870322685222741,-0.012778101471720522,7.631089040538417E-20,-31468.896271850765,-59855.250391305,403695.79999268963
3537,-0.006978877492339067,-0.012174765940143412,2.1485418169536135E-20,-16709.16038729708,-7411.974438630238,216420.66573572473
3538,-0.007087432299455394,-0.011571430408566301,5.203433683879218E-20,-35012.227775537656,-51776.044476033814,332169.6116177174
3539,-0.007195987106571719,-0.010968094876989192,1.3746428400174556E-20,-4530.118715330262,18428.74763511717,172686.59609475097
3540,-0.007413096720804372,-0.009761423813834972,7.457445430650462E-20,-13063.666695268752,35132.663199274204,402896.8561471738
3541,-0.007521651527920698,-0.009158088282257861,1.6579263696290908E-20,-15368.700765397001,26386.817117304956,188329.32531700924
3542,-0.006750314069041389,-0.012479969367101988,6.420806266798829E-20,-36847.792826459794,35368.44196542669,371970.96999698796
3543,-0.006967423683274041,-0.011273298303947767,6.085137550601542E-20,33029.007698419606,57424.35506665991,359461.95783978107
3544,-0.007075978490390368,-0.010669962772370655,2.764722739053529E-20,6161.0896264655275,26694.92363330336,244846.7589823003
3545,-0.007184533297506694,-0.010066627240793545,2.151475016035981E-20,-19604.051779613823,-22817.21157440444,215247.51658586875
3546,-0.00729308810462302,-0.009463291709216436,1.2192307358863889E-20,-10204.821699412205,-8197.460602522891,163086.8907739634
3547,-0.006510296836678684,-0.011883705157864917,2.056881212726086E-20,-11666.794054855258,-2965.555109806895,212166.64983613667
3548,-0.00661885164379501,-0.011280369626287805,5.33644796199476E-20,-32691.288887410316,7315.607668522256,340648.5005673551
3549,-0.006727406450911336,-0.010677034094710696,4.664512682482151E-20,-46854.28079385028,-22455.428100951354,315771.2792429349
3550,-0.0069445160651439896,-0.009470363031556475,5.65407105873188E-20,-54481.67882181743,20653.67754826152,347479.97657706315
3551,-0.006281733413381006,-0.012188908584823492,1.8609105580398362E-20,-5092.999300530336,29916.603995545458,199840.05242003562
3552,-0.006390288220497332,-0.01158557305324638,5.818948921548058E-20,20948.95277785505,-58609.605961643836,351970.40524524427
3553,-0.0064988430276136586,-0.01098223752166927,3.9037067823955924E-20,-19911.544936874765,-14837.015569368552,291703.1127575065
3554,-0.00671595264184631,-0.00977556645851505,2.8630075354438E-20,-17231.87249490839,40356.412936584806,246845.7288912126
3555,-0.005933161373901975,-0.012195979907163531,1.9226275210358566E-20,-19218.232396808482,9575.506550028826,204330.5561875925
3556,-0.006041716181018302,-0.011592644375586419,1.5432998713544373E-20,26530.273764429894,3337.7382588581695,182122.8509737751
3557,-0.006258825795250955,-0.0103859733124322,1.0464007943533725E-20,6910.66215498599,-21217.34159962337,149920.61906145714
3558,-0.006367380602367281,-0.00978263778085509,7.308558866406217E-20,37767.84474428468,14873.953796519194,398515.1728118699
3559,-0.005813152757720623,-0.011897847802544994,5.427695955223204E-20,-38593.383731353344,-1682.4308609775078,343037.52009494073
3560,-0.005921707564836949,-0.011294512270967883,5.963706841210158E-20,48237.509144497475,-12517.242210740527,358401.7028848973
3561,-0.006138817179069602,-0.010087841207813664,1.4139334620586106E-20,2496.575916295051,2835.6249284422493,176150.97981872974
3562,-0.005464580718241592,-0.011904919124885033,7.355946125454108E-20,19286.31566384985,-2525.771573880844,401402.60169311217
3563,-0.005573135525357918,-0.011301583593307922,6.112938571136243E-20,15667.641756066527,29670.28271292457,364809.472209054
3564,-0.005790245139590571,-0.010094912530153701,3.1022182768907713E-20,10607.58975938081,43575.3520818555,257097.29014276157
3565,-0.005344572102060241,-0.011606787020266497,9.741294074576474E-21,-7912.310451564623,-14536.529034306373,145304.72871375337
3566,-0.0054531269091765665,-0.011003451488689387,2.4470878777196178E-20,8657.37982114134,-29904.230535039715,229690.03468988734
3567,-0.005561681716292893,-0.010400115957112278,7.427725935450163E-20,21049.836356659456,-49260.53417895523,400260.7190117932
3568,-0.005104554869697536,-0.011010522811029426,1.6762995196830145E-21,4847.281443144189,200.30745729106806,60471.83860219114
3569,-0.005213109676813862,-0.010407187279452317,4.0743346284957946E-20,-11566.641845212362,-39145.02805428523,296289.3624959675
3570,-0.004875991446399857,-0.011315726237988,1.3291588575330034E-20,7607.045287981458,351.9287578356462,170658.11576891295
3571,-0.0045274194069208264,-0.011322797560328036,2.2598298098074762E-20,19355.20809812627,1261.4129910806296,221899.05616775207
3572,-0.004635974214037154,-0.01071946202875093,5.034026729945801E-22,3386.259757285003,3839.613398718773,32848.59801842446
3573,-0.004407410790739474,-0.011024665455709504,5.645686904614147E-20,10501.643526754451,-40757.54968720233,349544.87911832787
3574,-0.013672369469096111,-0.00698486976928124,4.3145849947512736E-20,-20406.186744590148,-8113.026545268024,306995.20123525936
3575,-0.013740180922744772,-0.006471674233183727,2.9177178301517777E-21,-6892.400588879393,1449.5962549246049,79726.74669658489
3576,-0.013807992376393434,-0.005958478697086216,5.951847434960659E-20,-27240.7831075612,40529.420083961224,358176.2804500289
3577,-0.013875803830042093,-0.005445283160988703,5.058916503162844E-20,-54587.80555297624,-2368.663928788171,328762.68450184865
3578,-0.014011426737339416,-0.004418892088793678,6.396574511267728E-20,24226.16462902897,-16152.567406553617,373619.1380747127
3579,-0.013503696794352517,-0.0067027740718682925,4.015859316472763E-20,29844.103096530598,-41929.66201652387,292439.55577449535
3580,-0.013571508248001178,-0.0061895785357707804,1.1234468443526266E-21,7121.920360414026,2035.213042065763,49109.12913112869
3581,-0.013707131155298499,-0.005163187463575755,4.138092109090249E-20,-34318.730140905056,28271.804602526492,298121.2073787359
3582,-0.013774942608947157,-0.004649991927478243,4.13064735794763E-20,25690.186287158245,14728.965062295863,299688.0783134314
3583,-0.01309853999121666,-0.006651778213139907,7.884595004471785E-20,21791.780080594355,-51438.90551275304,412296.2565301236
3584,-0.013166351444865323,-0.006138582677042395,1.777213940385446E-20,26641.37204564945,-17483.217823890656,194946.0766459457
3585,-0.013301974352162644,-0.005112191604847371,2.3311380771951466E-20,25973.38265270948,31383.228817180894,222534.22586048592
3586,-0.013369785805811302,-0.004598996068749859,5.468176665488226E-20,39979.3652543188,15319.727992453734,343835.34432984283
3587,-0.012929867316473064,-0.006369682515726961,1.2363152273031004E-20,664.5112896063314,30040.73648019707,161990.36887624286
3588,-0.013065490223770387,-0.005343291443531936,5.331554171525536E-20,-33834.50868815991,-23445.869928418077,339649.3954064716
3589,-0.013133301677419046,-0.004830095907434423,5.892000636690217E-20,52261.78823765669,19372.304217009583,355322.9585887821
3590,-0.012524710513337211,-0.006318686656998577,3.820996071956812E-20,-34524.79650498459,-8858.923043805726,287438.5637029107
3591,-0.01259252196698587,-0.005805491120901065,3.1460865014970615E-20,-9018.99392469924,-13490.643350576616,262316.89171132713
3592,-0.012728144874283193,-0.004779100048706041,2.6765890721547814E-20,-19734.1256964982,-32079.34103755014,239472.3096848526
3593,-0.012356037838593613,-0.0060365909595856285,1.039478732612283E-20,9618.560636588907,-20667.811913545404,149340.12594616786
3594,-0.012423849292242276,-0.0055233954234881165,6.500370384458583E-20,43926.883476101735,-46985.306026869825,372264.3622742123
3595,-0.011950881035457758,-0.005985595100857244,3.275272575408558E-20,17517.121464608404,5225.849107803573,267536.2753397562
3596,-0.01201869248910642,-0.005472399564759733,7.402023576983039E-20,10832.776726417836,27490.106294643083,402045.992946274
3597,-0.012086503942755079,-0.00495920402866222,9.661191716774242E-21,2883.514832219212,-1523.0145592988465,145605.21135945292
3598,-0.011782208360714164,-0.005703499403444298,4.551193126536285E-20,-38052.99256801436,32393.451365178244,312130.9577441933
3599,-0.011377051557578307,-0.005652503544715913,3.2731032360262516E-20,36888.69667182061,-3831.6319960519254,265493.37410707696
3600,-0.011444863011226969,-0.005139308008618401,7.226019122809614E-20,25146.34483478562,-43872.164379600246,395085.68092142703
3601,-0.011208378882834711,-0.005370407847302965,4.7798033680473006E-20,42711.68952813188,26493.847977551002,320025.1629302929
3602,-0.01391050629572733,-0.004075241828073071,2.158303628497589E-20,-17167.96947719556,13498.818893269143,216585.79085737403
3603,-0.013539933517242413,-0.0035574865820087605,3.355595820481747E-20,37843.19464976432,25120.62507629044,267600.80323281867
3604,-0.013169360738757496,-0.00303973133594445,7.200812086455029E-20,-59206.55872161302,21705.263960145327,392580.9942225205
3605,-0.01279878796027258,-0.0025219760898801393,4.447547741949274E-20,45139.20294266934,31240.452547958248,307626.42431571754
3606,-0.012428215181787662,-0.002004220843815829,2.84634354689339E-20,36776.410684655006,-27839.241738222434,245692.89731144416
3607,-0.012057642403302746,-0.0014864655977515186,7.630622974851246E-20,-27021.944586181296,-55871.6880065745,404575.3054164412
3608,-0.013573101725722986,-0.003962691406037028,3.3593682432114013E-20,10015.149369938063,-38547.159927555986,268644.71185360715
3609,-0.01320252894723807,-0.0034449361599727174,4.419127468807099E-20,26328.836344549138,-38959.14374745083,307916.4350778203
3610,-0.01283195616875315,-0.0029271809139084066,6.341174664464825E-20,28942.785785696247,18175.452582479447,371557.1543750042
3611,-0.012461383390268237,-0.002409425667844096,5.708206512854342E-20,21553.122124584224,-35820.917797233196,351536.6961210339
3612,-0.01209081061178332,-0.001891670421779786,4.6283319362802424E-20,-39115.77710133769,21517.433464636306,315632.16875249264
3613,-0.013268865364199217,-0.004255345808029251,4.7703246813722436E-20,-27548.433560951595,50072.30674121476,318540.51145543274
3614,-0.012898292585714302,-0.0037375905619649406,1.6856728870050175E-20,-31009.456321333382,-5713.178537211736,189777.11683908332
3615,-0.012527719807229385,-0.00321983531590063,3.9428472149461636E-20,14018.479495807109,41842.389606391946,290894.05501373607
3616,-0.012157147028744469,-0.0027020800698363203,3.012227886471771E-20,13288.32230465529,-34455.713350212376,254501.08446430875
3617,-0.011786574250259552,-0.0021843248237720094,5.016379524624839E-20,38676.44196728988,-29944.394071551465,328243.6503866784
3618,-0.012931460794194874,-0.004142795385993209,9.760125662929442E-21,2642.0339088282108,19479.88215405697,145059.56990098575
3619,-0.01256088801570996,-0.003625040139928898,6.51832950823542E-20,3314.153849270497,63385.91676562958,372938.9842059015
3620,-0.012190315237225044,-0.0031072848938645875,2.0341877793730268E-21,-727.1826671203819,-2252.3688441825343,66787.2359046058
3621,-0.011819742458740123,-0.0025895296478002767,2.6492809603608953E-20,33018.87232875676,2548.197004387878,238891.6244730168
3622,-0.012627224432671107,-0.004435449787985432,6.093816310814527E-20,13973.574607446866,-17744.97179884555,365077.76058715634
3623,-0.012256651654186188,-0.003917694541921122,2.953326591512663E-20,20927.75923138121,-39308.402239850715,250715.49023950368
3624,-0.011886078875701273,-0.003399939295856811,1.149267481648356E-20,-14625.069564756566,17748.364373016295,157174.12085308105
3625,-0.011515506097216356,-0.0028821840497925007,3.02404136624165E-20,25744.932022330897,30964.38913227185,254504.12953133258
3626,-0.012289819862666761,-0.004322899365949389,1.04318213731866E-20,15618.911111506675,-7909.388746575758,150322.8166636911
3627,-0.011919247084181848,-0.0038051441198850783,5.210840908901975E-20,25763.325205395242,21798.68651106311,336551.5744141142
3628,-0.01154867430569693,-0.003287388873820768,2.729087802133851E-20,34314.6866834037,-25255.663066895355,241045.2016435748
3629,-0.011985583501142993,-0.004615553767941613,6.399888394944397E-20,47702.29997725509,32694.314635748637,370361.1786046976
3630,-0.01161501072265808,-0.004097798521877302,5.463758712264085E-20,56933.133954718294,26898.787094421525,340578.7186140433
3631,-0.011244437944173163,-0.0035800432758129916,3.01755575640073E-20,46982.361472581,-6700.579122533187,252980.8548704529
3632,-0.011648178931138654,-0.004503003345905569,2.717467318110594E-20,12009.342798936315,-26854.142665163534,242482.2350019064
3633,-0.011277606152653736,-0.003985248099841259,5.656603083961649E-20,-3151.9868708818994,46598.12903462479,349301.34937801555
3634,-0.011343942569614882,-0.004795657747897793,1.912790079491282E-20,-27036.15920786037,-12034.491076745746,202781.26010080552
3635,-0.010973369791129966,-0.004277902501833483,2.219086679608234E-20,5804.5377313656945,-13273.635065073875,220252.11480503468
3636,-0.01100653799961054,-0.0046831073258617505,4.625561875144047E-20,13750.516783636414,1909.8835586205007,318375.82803772466
3637,-0.008419974351119344,-0.002237648969985191,6.905111165827708E-21,19633.154372630823,8641.645341243322,121244.77177841238
3638,-0.008744533135725178,-0.002684708782022471,6.168402571436252E-20,-35697.28794212702,5710.970920272413,366227.4849211132
3639,-0.009069091920331012,-0.0031317685940597507,2.9199229135686296E-20,-29594.79282046495,-9476.610834269644,251281.37817957276
3640,-0.00939365070493685,-0.00357882840609703,6.221359267430273E-20,43936.043991762606,49472.31106633128,363612.8140802276
3641,-0.010042768274148519,-0.004472948030171588,3.32889658678806E-20,24012.198305727557,-38569.18033648695,266501.37812898547
3642,-0.010367327058754353,-0.004920007842208869,6.389216477781966E-20,-40959.62824462265,31576.48070960475,370948.45939090214
3643,-0.008713794917916528,-0.002336300494385142,2.1839987185125007E-20,2342.1409241616807,-40588.57126962234,215168.74638238954
3644,-0.009362912487128196,-0.0032304201184597016,1.6076985216869065E-20,15501.2533945853,-3654.1005480219014,187200.38355233887
3645,-0.00968747127173403,-0.003677479930496981,5.61188006765004E-20,-37147.53147930735,48870.08510278465,345604.71655012236
3646,-0.010012030056339865,-0.004124539742534261,6.039565545381854E-20,32306.98279037621,-22338.6847922644,362019.42556764354
3647,-0.00897687726690506,-0.0020865437311477645,4.427877257399324E-20,8858.342703927963,-16916.23560389942,311208.9794760358
3648,-0.009301436051510894,-0.002533603543185044,7.242436926978691E-20,40406.76555171555,60451.79441591955,392075.41726226284
3649,-0.009625994836116729,-0.0029806633552223235,3.485130370786586E-20,-40146.76787811674,5341.0259796974315,273636.67608067417
3650,-0.010275112405328397,-0.003874782979296882,6.393423472721094E-20,-2065.2093519074187,46770.82917424369,371723.1701298374
3651,-0.010599671189934235,-0.0043218427913341625,7.475982672664429E-20,6365.612860542805,57432.91468171797,400997.22009609663
3652,-0.009270697833702244,-0.0021851952555477154,7.442630278475928E-20,-48275.80943911486,-8546.744296568006,401250.50536298216
3653,-0.009919815402913913,-0.003079314879622274,1.1408610073843218E-20,-3492.3700617096147,12350.036926495088,157744.45802624442
3654,-0.010244374187519749,-0.0035263746916595544,5.0522126051877676E-20,-57139.54690275235,19625.769420289023,327525.6582449861
3655,-0.010568932972125581,-0.003973434503696834,6.074703269478334E-20,-45719.419666878726,13235.8439502755,362086.7713567063
3656,-0.00985833896729661,-0.002382498304347617,1.2427550806866729E-20,4954.6138433362785,2971.331653733281,165081.1297967169
3657,-0.010182897751902445,-0.0028295581163848963,6.708305064192647E-20,-36720.57417675495,-19995.54336736604,381490.4946228953
3658,-0.010507456536508279,-0.0032766179284221763,1.6623160204417333E-20,10467.523717650329,22376.099465163727,189437.3600259391
3659,-0.009827600749487958,-0.0020340900167102882,4.385121395649203E-20,22569.75113957857,-686.5506706828597,309462.55568310723
3660,-0.010152159534093794,-0.0024811498287475677,8.655593355759567E-21,19248.74592636659,8568.173843615614,136234.19214646865
3661,-0.010476718318699629,-0.0029282096407848473,4.70903149889414E-20,17112.66073694049,-32206.832296167333,319465.7624920881
3662,-0.010090683098476492,-0.0017843332534729101,1.697371148347223E-20,545.6697564757812,-23426.940638069627,191617.5910155906
3663,-0.010415241883082326,-0.0022313930655101896,1.7986840493086337E-20,20465.412636654673,14639.979553535064,197123.3634673449
3664,-0.01073980066768816,-0.00267845287754747,1.7789233584966508E-21,9116.64197245436,6509.3584117334685,61483.405617304656
3665,-0.010384503665273674,-0.001882984777872861,4.346517890291327E-20,-14275.626825237523,-40678.40538233753,305893.54169615876
3666,-0.01070906244987951,-0.002330044589910141,7.217462533046171E-21,-8981.695147106773,11078.522838232318,125071.21240063157
3667,-0.011033621234485345,-0.00277710440194742,2.1436665321494895E-20,-25495.38923810165,13559.858832319218,215014.21965387542
3668,-0.010972144798868044,-0.002080287826672763,5.839971870316376E-21,5806.917055023271,3627.3328145999353,113026.55519501638
3669,-0.011296703583473877,-0.002527347638710043,5.831003543279424E-20,-55109.71161316779,-1069.4393730002416,353530.125937317
3670,-0.01094140658105939,-0.0017318795390354339,3.550937869761174E-20,-9204.034704568143,-48509.40122767932,274816.79479365295
3671,-0.011204488930047924,-0.001482122775798056,5.870954503495705E-20,-22271.35717491361,-58254.67922235056,353566.52793133695
3672,-0.011529047714653757,-0.0019291825878353362,1.443273092864652E-20,2102.0233671652213,-17962.216352160725,177089.08526325287
3673,-0.011498309496845107,-0.001580774300198007,8.008814321595751E-20,-27007.403020269772,-19880.137963874582,417985.287754129
3674,-0.007262336782330923,-0.005231891083128242,2.3731381773431458E-20,-15350.836458461117,6143.767983586944,227661.45634623247
3675,-0.00738139571321966,-0.005873489199520177,7.977323132903557E-20,-56050.58106871999,-38035.73314546081,412984.91107015027
3676,-0.007500454644108399,-0.006515087315912112,3.828849690459927E-20,-21829.499000680466,42439.12791846407,285982.8532219598
3677,-0.007619513574997135,-0.007156685432304046,3.1230064878699226E-20,-36628.68621703425,-2857.088091594798,259262.29545950374
3678,-0.007738572505885871,-0.0077982835486959815,2.3291504239296805E-20,-14654.869782194177,-11461.826596239282,225369.09064396154
3679,-0.00785763143677461,-0.008439881665087915,6.390037290220971E-20,-8516.952551204547,-8065.378763211772,374376.7583236286
3680,-0.007488812198775893,-0.005460486009308805,6.620697170710565E-20,15368.602679171318,58976.79054980472,376357.9465860772
3681,-0.007726930060553368,-0.006743682242092673,6.072331028977666E-20,-3673.336348145608,-58723.187920715754,360358.56224342075
3682,-0.007845988991442105,-0.007385280358484608,1.4139287785746746E-20,-20623.32003777208,-4744.628507568216,174915.71027735792
3683,-0.007965047922330845,-0.008026878474876542,4.1230634577422746E-20,33555.49671692647,-26722.434111793747,297797.42332861223
3684,-0.007822704100777097,-0.005276077745277994,5.506756345687819E-20,1513.7107046541082,-27951.27420930802,346582.24505308975
3685,-0.007941763031665836,-0.005917675861669929,2.6219606841030174E-20,31413.80146889055,8922.370701050431,237696.62466067108
3686,-0.008060821962554572,-0.006559273978061864,1.2443963009746446E-20,5257.814753800902,27604.34909303157,162885.0678394881
3687,-0.008298939824332049,-0.007842470210845734,1.604680953773913E-20,-21145.23234759094,-2352.1232582346925,186490.53528072953
3688,-0.008049179517222069,-0.0055046726714585575,2.7588145878262876E-21,4120.697718663025,2863.0670197891295,77665.34124188946
3689,-0.008168238448110807,-0.006146270787850492,3.8898381867259215E-20,-25010.072089333382,-29260.636878877514,289691.4465413884
3690,-0.008287297378999544,-0.0067878689042424264,9.372018699028496E-21,-2565.374266761037,-17595.697696699754,142339.14390281565
3691,-0.008406356309888282,-0.007429467020634361,5.680064726751279E-20,-54008.97080972942,8751.839251283855,348875.7629271954
3692,-0.008383071419223273,-0.0053202644074277486,2.6077190028901237E-20,-28456.366784076334,-1487.9300750754717,237574.1168417756
3693,-0.008621189281000748,-0.006603460640211617,7.102808390409192E-20,35279.88553351968,40511.0018744382,391227.3731837054
3694,-0.008740248211889488,-0.007245058756603553,7.589045504422254E-20,12976.36365571469,22755.12210565778,407349.948345972
3695,-0.008609546835668244,-0.005548859333608311,3.870553252870726E-20,-49507.37880855179,-3226.932829316479,287259.50225311425
3696,-0.00872860576655698,-0.006190457450000245,7.498233708060569E-20,21676.26964704489,27183.49414421728,404249.3745703068
3697,-0.008847664697445719,-0.00683205556639218,3.892664703128482E-20,35977.84675907635,27722.51774379537,288793.934300716
3698,-0.008943438737669448,-0.005364451069577501,4.574890143124327E-20,9383.187823761431,-15500.898148066388,316409.63136958366
3699,-0.009181556599446923,-0.00664764730236137,4.835127417975892E-20,13829.075837993843,-54478.32459766548,320932.77281160926
3700,-0.00916991415411442,-0.005593045995758064,5.736484312053756E-20,5637.60922002908,43303.601002881056,352192.5439664824
3701,-0.009288973085003156,-0.006234644112149998,4.401485543622312E-21,-5868.766429516803,-13861.458564121827,97144.46166992735
3702,-0.009503806056115623,-0.0054086377317272534,3.213012861956958E-20,-45866.62828071946,-17306.064049967103,261035.69885363316
3703,-0.00962286498700436,-0.00605023584811919,4.255470654011456E-20,10060.93296328493,10754.405822379074,305308.9119361992
3704,-0.009730281472560597,-0.005637232657907817,1.0379453946057179E-20,374.2628501615779,811.3017921270512,150955.90455668094
3705,-0.007332694454493502,-0.004830017574383418,1.52900234569594E-20,-18581.694118682884,-26145.784646382515,180391.07481967547
3706,-0.008005135236628914,-0.004883041568963122,5.638840891632221E-20,-44706.34207045694,979.1822645944337,349003.0982257688
3707,-0.008677576018764323,-0.004936065563542825,6.952086131881138E-21,-5067.776423892816,21773.10311111904,121506.45413376694
3708,-0.009350016800899735,-0.004989089558122529,7.940418579841355E-20,55871.10987526948,-26057.432770265008,412957.7454231315
3709,-0.010022457583035143,-0.005042113552702232,3.2871776373614645E-20,-11297.429446272617,31632.253647432928,266538.86420421023
3710,-0.0076295275431010525,-0.004656738991819158,7.89367439698494E-21,15444.20299353571,10343.375061386952,130327.86511868882
3711,-0.008301968325236464,-0.00470976298639886,2.2890197013671035E-20,-25337.072874825135,-9.570839163239176,222742.7074306076
3712,-0.008974409107371873,-0.004762786980978565,1.222949453617387E-20,7533.492512618425,-5272.403149685175,163602.45956398657
3713,-0.009646849889507285,-0.004815810975558267,1.4340008242501793E-20,32453.122154199747,2882.606436447148,174420.506729192
3714,-0.007550752938180745,-0.004257157832110931,5.477350012624844E-20,-22752.849847934725,50116.802238927965,342385.4635165501
3715,-0.008223193720316154,-0.004310181826690634,4.190379085772748E-20,-789.7000432736039,45883.21511253272,299825.6330247772
3716,-0.008895634502451564,-0.0043632058212703375,5.426519468781255E-20,3161.0067791702095,273.6988100039759,345153.76718307484
3717,-0.009568075284586974,-0.004416229815850041,3.5613408116861564E-20,44624.33195754206,25742.053181767904,274839.1582746613
3718,-0.007847586026788294,-0.004083879249546669,1.8780135771615714E-20,-27363.419698613754,-12587.80088004885,200811.55842867587
3719,-0.008520026808923706,-0.004136903244126373,7.099818355084623E-20,46885.95775418296,18409.19373460683,391588.8538855296
3720,-0.009192467591059114,-0.004189927238706076,6.317642503362778E-20,6200.047604542808,30793.717243473042,371105.6465124141
3721,-0.007768811421867985,-0.0036842980898384426,7.204577615411184E-20,29427.44951602396,-1436.479939714269,396624.5167206235
3722,-0.008441252204003396,-0.0037373220844181456,4.472352702388642E-20,-40418.06881813126,38794.12306236138,308307.52126681316
3723,-0.009113692986138807,-0.0037903460789978495,5.688235340764282E-20,24117.865054578044,-6023.4994895493755,352518.5047562589
3724,-0.008065644510475535,-0.003511019507274181,2.287958456967033E-20,18094.185188945838,22865.299587751382,222222.32025137835
3725,-0.008738085292610945,-0.0035640435018538846,5.803393712791821E-20,45739.3626212477,41436.247758124824,351577.2162148369
3726,-0.007986869905555227,-0.0031114383475659545,7.889137875264617E-20,54684.037002519304,-46311.40697566831,409967.92032821715
3727,-0.008659310687690637,-0.0031644623421456584,2.9915850114769933E-20,-36756.61203538323,21130.073079189668,252752.50236437193
3728,-0.008283702994162779,-0.0029381597650016936,1.900242327045577E-20,4777.274818807512,-26508.512504540086,202472.24064942834
3729,-0.008204928389242468,-0.0025385786052934674,1.802882620273798E-20,-25892.641843537112,15324.033892555284,196666.49125937826
3730,-0.013764497855030554,-0.007576392069037708,6.160512591780709E-20,10251.455470525842,-58793.29413160533,362897.3840461553
3731,-0.013309782813081875,-0.00795801213053654,5.214261502021216E-20,-13709.471912616265,18988.841731850862,337538.8399489795
3732,-0.012855067771133195,-0.00833963219203537,5.794735507956905E-20,20222.01404736091,-562.7656155899289,356112.6935720597
3733,-0.012400352729184513,-0.0087212522535342,2.1238927543452505E-20,16097.2499088245,34495.5448094676,212560.09671697958
3734,-0.013687953566221402,-0.007885818671381231,5.793195798837906E-20,35529.24451402322,3244.547658516746,354850.44450608495
3735,-0.01323323852427272,-0.008267438732880059,5.954604368173308E-20,-38922.405270058014,-41012.56574017159,357125.3102854334
3736,-0.01277852348232404,-0.00864905879437889,3.382496017354728E-20,36358.333372480454,-8765.6372982254,269935.5138663577
3737,-0.012323808440375362,-0.009030678855877721,4.2845408215531494E-20,-27833.901332312973,19290.76483801366,304830.76827430335
3738,-0.013534864988603096,-0.00850467187606827,6.36659184362722E-20,64104.60680965987,3211.1959108495116,368321.98014964175
3739,-0.013080149946654412,-0.0088862919375671,4.6403802168104995E-20,21151.925056896598,-23437.11462250079,317623.2544933313
3740,-0.012625434904705735,-0.009267911999065933,7.581979918693433E-20,-55522.00484863966,-12439.296045271007,404014.36326832074
3741,-0.013913035741742621,-0.008432478416912961,6.623313438828536E-20,43163.87598362951,48307.488760030676,375793.11740473175
3742,-0.013003605657845259,-0.00919571853991062,2.7054915993086022E-20,24690.637158082227,-33677.92954890232,240117.1419117625
3743,-0.014214662206072995,-0.008669711560101172,2.0367405063889352E-21,-9790.557303785235,4674.124519758483,65985.14205146913
3744,-0.013759947164124313,-0.009051331621600002,3.4132541833496646E-20,-2693.74126299424,-37965.41066333236,271091.54213610507
3745,-0.013305232122175634,-0.009432951683098833,4.075581763915425E-21,8181.374001427265,-11731.773536804916,93506.82019104657
3746,-0.013683402875315161,-0.009360758223943524,7.23900637653646E-20,42863.20753607586,30683.380120104186,395166.0609821903
3747,-0.014439744381594214,-0.009216371305632904,7.995321509785761E-20,71871.00401408238,-1335.3284571510922,412762.4706507107
3748,-0.013985029339645535,-0.009597991367131733,4.047860952962758E-20,-2217.6237317476102,-7140.340128199468,298020.7469524284
3749,-0.014363200092785062,-0.009525797907976422,3.9862822196497706E-20,30760.40905198176,-29660.215021920118,292735.9803323109
3750,-0.01352345591733859,-0.007261940520618975,9.362195992747667E-21,-21989.619384290843,-2896.3471099547155,141644.3549679955
3751,-0.01294962643945914,-0.006928848964477643,1.547113089984167E-20,12445.924518437656,-14451.274420920665,183313.14470568355
3752,-0.01237579696157969,-0.006595757408336312,3.424785056188848E-20,2904.590514523546,-36120.7397821774,271807.41859306186
3753,-0.011801967483700238,-0.00626266585219498,5.1073356132230495E-20,6576.887737037366,43856.88325092745,331913.7210649398
3754,-0.010654308527941338,-0.005596482739912316,6.471125309651084E-20,122.0918449713129,-36456.33812330731,375162.3392063449
3755,-0.013205869690837474,-0.007256915574543762,6.886354837519465E-20,-7193.45510444092,25480.910415691502,387932.1310344141
3756,-0.012632040212958023,-0.00692382401840243,5.464867441681288E-20,-53340.40740172634,6849.498979968486,342185.6482733567
3757,-0.011484381257199123,-0.006257640906119767,5.864050597929485E-22,952.5596669710686,-6130.46449198699,35340.97798509726
3758,-0.01091055177931967,-0.0059245493499784346,6.493883601778829E-20,59428.25671365009,-30294.993037005162,371653.0932961221
3759,-0.01314452671571469,-0.007579957238534666,5.1848871835227206E-20,-20572.696643129,-17080.4268151986,336334.79487214494
3760,-0.012570697237835242,-0.0072468656823933345,4.7365055445560374E-20,45063.16465868509,-9513.849595776948,319171.5785818884
3761,-0.011423038282076338,-0.006580682570110671,4.7349401856878706E-20,-10247.897032356692,2807.2517618057796,322249.01969706494
3762,-0.010849208804196887,-0.00624759101396934,3.785284210978117E-20,-16567.368109434927,8090.622583226595,287693.1831681608
3763,-0.012826940489213576,-0.007574932292459455,7.213700006242576E-20,29000.79855569785,-23913.790432633185,396189.87225771
3764,-0.011679281533454672,-0.006908749180176791,6.767603449321216E-20,-17424.144338838538,48933.92057181593,381951.5753208681
3765,-0.011105452055575222,-0.006575657624035459,7.314652351357789E-20,-44891.83403495515,46274.194024698365,395523.94893906836
3766,-0.01276559751409079,-0.007897973956450357,3.2349086578515235E-20,14581.734610758933,-28463.151632474255,264576.7100427598
3767,-0.01219176803621134,-0.0075648824003090274,7.966466936784607E-20,-15546.49002974596,-22156.332111366617,417341.55529595946
3768,-0.011044109080452438,-0.006898699288026365,6.048209375463216E-20,-48256.229920645026,32997.60973606365,359684.7156395868
3769,-0.012448011287589673,-0.007892949010375145,6.689626026750734E-20,-44378.76580078189,39868.187225634654,378568.57792987564
3770,-0.011874181809710223,-0.007559857454233814,1.7397327803952153E-20,3894.3296329840814,7380.966210504846,195260.95681250835
3771,-0.01238666831246689,-0.00821599067436605,2.1465376305962826E-20,17230.510999577775,-16877.17403880765,215745.92882690197
3772,-0.011812838834587438,-0.00788289911822472,4.527443917832969E-20,33286.41185143574,3459.1992066040807,313499.16643047053
3773,-0.011239009356707989,-0.007549807562083389,4.3446014936757456E-20,42889.23571528862,21704.567527529696,305084.7998525529
3774,-0.012069082085965775,-0.008210965728290838,2.162636989343299E-20,25357.824544084728,-19502.37148848238,215541.50606691715
3775,-0.01200773911084299,-0.008534007392281743,2.0863498904380846E-20,-23260.255683614963,-11917.18936468443,212423.00392991182
3776,-0.01143390963296354,-0.008200915836140412,4.5313141679156593E-20,7190.834332881694,-8057.88113218681,315230.096541675
3777,-0.011690152884341873,-0.008528982446206531,6.108521836405067E-20,-10700.915491044529,-38893.195000801315,363988.4484398605
3778,-0.011290430620740127,-0.008940130742897717,2.3095215523312895E-20,24754.979729255137,25273.363513819844,222384.47505598667
3779,-0.011095530344484576,-0.008289022468840695,5.3491218363335977E-20,-40182.32315877398,-44469.90430512494,337416.2224006854
3780,-0.010900630068229026,-0.007637914194783671,7.620569589275903E-20,-7280.656458473654,-20247.79840605643,408471.91109486733
3781,-0.010705729791973474,-0.006986805920726647,7.069466994142969E-20,-37496.290857425105,-31154.367602712187,390942.55523286667
3782,-0.010510829515717923,-0.006335697646669624,1.3872307255912236E-20,1047.8955744339626,-25044.983697027033,172710.2301441752
3783,-0.010315929239462373,-0.005684589372612599,3.873949310831262E-20,30358.34292191605,8095.070803632447,289942.78360577906
3784,-0.011013394307383947,-0.008705195711607097,6.22419137095367E-20,34120.18312804689,33251.7409714896,366584.88609407016
3785,-0.010818494031128396,-0.008054087437550074,4.5596991850501865E-20,10453.575819020014,30245.775342430166,314778.92238440446
3786,-0.010623593754872847,-0.007402979163493049,1.2584513717218733E-20,19815.020920938452,10849.602514803777,164679.766197917
3787,-0.010428693478617296,-0.006751870889436026,1.4444776140904443E-20,-20080.35314924305,2444.071246286795,176931.78193607918
3788,-0.010233793202361747,-0.006100762615379001,4.124230821229799E-20,-11215.224902246704,22505.723744134742,299861.1448612838
3789,-0.010654221956927138,-0.008886433923082875,2.7449539926491756E-20,-7184.023572753252,-36696.87659095963,242627.7240049765
3790,-0.010459321680671587,-0.008235325649025854,3.259944006343548E-20,-41740.19054281358,-20454.14995803233,263462.8203627064
3791,-0.010264421404416036,-0.007584217374968828,2.2025467931493132E-20,-37214.297959316966,13578.800219330642,216306.3778847532
3792,-0.010069521128160487,-0.006933109100911805,7.150935564353556E-20,-28299.327335457845,36274.88005689427,393553.805780463
3793,-0.009874620851904936,-0.006282000826854781,7.688334301231792E-20,-44900.14556649588,-7022.6495516658,408331.65283523465
3794,-0.01037718564357096,-0.008651498891792255,6.667942191957741E-20,33851.56615902441,5584.317661507232,381077.32360828883
3795,-0.010182285367315408,-0.008000390617735229,2.969877775007122E-20,8844.200296401466,-6327.675975624256,255120.57235215802
3796,-0.009987385091059859,-0.007349282343678208,3.988279825515386E-20,-45402.310548291636,14864.627512028716,292030.50608980644
3797,-0.009792484814804308,-0.006698174069621183,1.879879546430112E-21,-4480.052419727724,-6639.959895655903,63743.13521159886
3798,-0.01001801329311415,-0.008832737103268033,2.5149756889504348E-20,11802.125815390067,-26081.804270590615,233233.093842633
3799,-0.009823113016858601,-0.00818162882921101,6.564550601823106E-20,38176.22572670572,53399.02423004884,373922.6702891642
3800,-0.009628212740603048,-0.007530520555153985,2.747159401942053E-20,21170.21011235367,1700.0466900037109,244670.87281772046
3801,-0.009433312464347499,-0.006879412281096963,3.6896267876791564E-20,2213.8167877830906,-26690.618475183794,283354.5852694861
3802,-0.009740976979757971,-0.008597802071977412,6.694724240667383E-20,-37572.93492295091,-57089.451298854,377245.43401023606
3803,-0.009546076703502422,-0.007946693797920389,7.91996785992751E-20,23282.39131655643,52500.59106737302,413022.137837717
3804,-0.00935117642724687,-0.007295585523863364,5.797643927867118E-20,25899.319635012114,14400.174767953578,355543.5453464783
3805,-0.009381804629301162,-0.008779040283453192,7.611271807874651E-21,-12418.816728504706,14729.155462187135,127826.68237366545
3806,-0.009186904353045613,-0.008127932009396167,1.1569264026078288E-21,6724.618926253301,6041.796835410693,49581.77353134881
3807,-0.008992004076790062,-0.007476823735339144,2.5430783463162762E-21,2775.5843351942776,7328.013296034733,74310.30733334416
3808,-0.009104768315944983,-0.008544105252162572,5.351817881106516E-20,-3128.8649686699955,26052.27105555473,341778.5549250113
3809,-0.008909868039689432,-0.007892996978105546,7.320015071130074E-20,48262.300561859454,54504.63669034075,394225.19851915305
3810,-0.008745595965488174,-0.008725343463638348,1.4618206952173698E-20,11827.941963755715,-3479.328203123307,178725.53640752137
3811,-0.008550695689232621,-0.008074235189581327,5.392835633486697E-20,-62899.85341116698,-2800.8799302400917,338285.993482708
3812,-0.008468559652131996,-0.008490408432347728,1.0849793867252679E-20,14678.06899505001,15347.344285114536,152872.9719803147
3813,-0.008109387301675186,-0.008671646643823507,6.521215261657663E-20,42234.567304785865,47806.151166949494,372969.7238417067
3814,-0.010256345085391584,-0.011906957431802244,3.769154654386104E-20,1284.2524330727322,-46729.744783098686,283844.77287355356
3815,-0.010808855847118241,-0.012041751480358623,6.529071077856096E-20,34944.89137954864,-48903.88012005833,373811.90960588347
3816,-0.011361366608844892,-0.012176545528915002,4.220948226356017E-21,-654.1170848853562,-7404.489950751619,95979.154269007
3817,-0.011913877370571547,-0.01231133957747138,6.829781783500508E-20,-12473.592147153455,8592.157588356637,386937.8054816248
3818,-0.012466388132298199,-0.01244613362602776,7.765685741146455E-20,3887.538188833656,-75002.648255828,406026.90158262843
3819,-0.010547321918058586,-0.011759963045028526,6.65011015983071E-20,-40696.62191635569,-7115.057293003359,379866.6772933657
3820,-0.011099832679785237,-0.011894757093584908,7.048676462674634E-21,-7349.96987003609,5246.740671391927,124072.90662762972
3821,-0.011652343441511892,-0.012029551142141288,4.0177049617824406E-20,-19930.789055312725,-35340.32427823079,294217.61969692336
3822,-0.01057676482166593,-0.01133118022292472,6.857792761077942E-20,-38622.38631124097,-45039.1423131285,383464.54604997416
3823,-0.011129275583392583,-0.011465974271481098,7.83746174138415E-20,-55018.7569495357,-35626.11287839088,409607.0513224085
3824,-0.011681786345119237,-0.011600768320037478,2.5743433801955793E-21,5037.852513801568,2666.4180268926566,74963.85284545332
3825,-0.01223429710684589,-0.011735562368593858,6.739830025920431E-21,-16345.672252446017,7154.10184224416,120329.50732001917
3826,-0.010867741654332928,-0.011184185836151004,6.926568575031597E-20,12060.922865710334,62586.1943552924,384724.27664859535
3827,-0.011420252416059581,-0.011318979884707385,2.1699681073585216E-20,-13521.626945292262,-22277.880203973444,216710.22504725665
3828,-0.011972763177786235,-0.011453773933263764,5.585543708717454E-20,-4957.289984234992,30048.154955693943,348862.65843201464
3829,-0.011449695319666928,-0.010890197062603574,1.1739405614772003E-20,21349.990510482097,-12721.531076738227,158608.47577568673
3830,-0.012002206081393579,-0.011024991111159956,9.068427572049267E-21,2759.33226017734,-19657.478763096213,139699.84085159385
3831,-0.011188161390607273,-0.010608408627273483,4.8226751739683196E-20,55858.743963504836,-11403.02992956533,320364.4084642447
3832,-0.011740672152333924,-0.010743202675829861,4.3512947841500624E-20,5773.467185818185,-21356.45802156026,308293.4189206448
3833,-0.011217604294214617,-0.010179625805169673,1.6430297405768688E-20,19853.64130450464,7979.072543380201,188720.69892021557
3834,-0.011770115055941272,-0.010314419853726053,7.928920900702607E-20,-31734.07099645751,63091.4212495488,411211.2064444845
3835,-0.011508581126881617,-0.010032631418395959,5.996545366689733E-20,-63248.00038764303,1867.9959623626407,357284.90188173245
3836,-0.009769358852078438,-0.012316270682618154,5.817934590701366E-21,-8156.479428005324,-10824.032299662867,112204.31592506319
3837,-0.00917435146181434,-0.012520727034170774,5.60369902245567E-20,-41065.315838938266,24277.221787507657,347498.8966169059
3838,-0.00857934407155024,-0.012725183385723393,6.544486413380652E-21,-16099.952451494524,13283.594314428816,118038.15453450374
3839,-0.00798433668128614,-0.012929639737276016,2.3429790250079566E-20,-10173.069022898233,-28554.956013687995,224771.2187859595
3840,-0.0073893292910220424,-0.013134096088828635,2.637116900959173E-20,3088.462510954759,-11136.033943403223,240344.19348369248
3841,-0.00957334945143229,-0.012578589546660352,3.349067220193993E-21,8069.577010368954,3396.116818613994,85301.54097665189
3842,-0.008978342061168189,-0.01278304589821297,7.481841511135092E-20,-24658.889327938166,-24669.919567183428,403794.2522696802
3843,-0.00838333467090409,-0.012987502249765592,4.541895179835599E-20,-58044.103401320805,2639.8757582466587,310391.4853779729
3844,-0.009776338040404089,-0.012898770923192124,1.2668688218682616E-20,-13723.51305432782,18843.44428186235,165139.85698292227
3845,-0.009181330650139988,-0.013103227274744746,9.232106015882154E-21,17321.40168343082,-874.3866739460265,141310.44743427294
3846,-0.00858632325987589,-0.013307683626297365,2.8494982188789912E-21,8478.114387207645,4788.764392535048,78494.40236251344
3847,-0.007991315869611791,-0.013512139977849986,6.922815785151748E-20,-10391.628869788598,-45213.28079515497,387092.55504470906
3848,-0.009580328639757938,-0.01316108978723432,5.2993744477235005E-21,-17799.07693820878,7495.230210737266,106122.53446959084
3849,-0.00898532124949384,-0.013365546138786943,4.954342140484964E-20,51146.98131909055,-28400.71239217493,324579.361312104
3850,-0.00839031385922974,-0.013570002490339562,3.6074691848861466E-20,-27626.853374169026,-38786.09755018515,277372.8673999798
3851,-0.00918830983846564,-0.013685727515318715,1.4290480754088896E-20,-11388.175349963098,20373.7613875631,175586.18281588226
3852,-0.008593302448201539,-0.013890183866871337,1.033916860083065E-20,1004.4236828355855,20234.038108514873,149297.05361890278
3853,-0.00958730782808359,-0.013743590027808292,7.167981312731723E-20,39094.76162632086,6718.789948612601,394717.64501146483
3854,-0.00899230043781949,-0.013948046379360913,3.1337128990883306E-20,-610.7640242311578,-10193.920519856127,262102.14709196953
3855,-0.009790296417055389,-0.014063771404340068,5.0003373846701414E-20,-4801.321088361183,-46740.1674653338,327988.5993617227
3856,-0.00919528902679129,-0.014268227755892687,6.494083755778041E-20,18045.14674332538,11426.487129559278,376993.0086573426
3857,-0.00959428701640924,-0.014326090268382262,3.794262731480107E-20,10858.255310111284,-47728.635322111084,284444.2049530839
3858,-0.011266391897193547,-0.009317104947827148,7.696480369066129E-20,34603.436301475886,58693.97856783723,405384.444698456
3859,-0.01063018323338056,-0.009263408128012306,7.318842087461826E-20,68802.33922430161,5570.57431221015,394870.8216420702
3860,-0.009993974569567573,-0.009209711308197466,2.0540552488959156E-20,-11791.387466165093,27297.032865542464,210269.79345977737
3861,-0.009357765905754583,-0.009156014488382623,1.031135427920157E-20,-26046.512202874208,8370.103573453245,147954.3462874275
3862,-0.008085348578128608,-0.009048620848752936,1.867938926207737E-20,13734.043557793011,-12389.644565539698,201665.9901248733
3863,-0.010965316860290791,-0.009459144121465958,1.5910646538417576E-20,14172.372982323983,23331.35546143322,184897.84719282622
3864,-0.010329108196477803,-0.009405447301651118,1.3857652548090253E-20,9968.37738817697,10169.04150586469,173845.3910188878
3865,-0.009056690868851826,-0.009298053662021431,1.647112782981138E-20,25418.550667358508,-13050.64011934852,188006.80219006134
3866,-0.008420482205038837,-0.00924435684220659,5.829814328781131E-20,-12642.112937336542,-28282.4546948034,356421.02085791575
3867,-0.010999375450298261,-0.009796919288558418,3.507858940501989E-20,4176.9374803352575,9927.532765049866,277309.0895386573
3868,-0.010363166786485273,-0.009743222468743578,6.92203908719572E-21,-13541.211928189912,1415.3507219035953,122524.41278063483
3869,-0.009090749458859296,-0.009635828829113891,3.324839316926823E-20,-29038.652520928477,-27749.488049020914,267179.3324256587
3870,-0.008454540795046308,-0.00958213200929905,2.8284648105922634E-20,6402.871562955521,37708.61060702154,246245.92864284315
3871,-0.010698300413395503,-0.009938958462197228,4.803315175279158E-20,20569.292972270374,-34203.396116172844,322281.8006367796
3872,-0.009425883085769528,-0.009831564822567543,6.889960827334248E-20,13608.96021720357,31940.437097139184,387383.7067474313
3873,-0.008789674421956538,-0.0097778680027527,7.289014045633828E-22,-2402.1293388427775,-1049.1706587785561,39918.16493772474
3874,-0.010732359003402974,-0.010276733629289688,5.231720174680249E-20,50356.02640022884,-113.91958462869593,335154.53585418
3875,-0.010096150339589986,-0.010223036809474846,5.490174972219765E-20,12814.560834478907,23652.554515604825,346143.19533210027
3876,-0.00882373301196401,-0.010115643169845163,7.041717389603346E-20,-24841.30060953011,35133.79951588381,390834.90410162206
3877,-0.010431283966500216,-0.010418772802928496,7.876591955281199E-20,42168.698675167834,36131.04587901994,412128.2381895924
3878,-0.00979507530268723,-0.010365075983113656,3.143701510900125E-20,29483.34122233326,-23969.293865379554,259956.40714724787
3879,-0.010465342556507688,-0.010756547970020958,5.350609794135811E-21,-14622.954778266861,-5738.670662007038,107241.33509855486
3880,-0.009829133892694701,-0.010702851150206116,7.380611681797328E-20,-7674.680456856996,-59522.45285320408,398047.87054424506
3881,-0.009192925228881713,-0.010649154330391274,4.8804534718077335E-20,22425.84001738338,28183.237798554757,325353.5180671756
3882,-0.010164267519604931,-0.010898587143659768,7.3399096403143E-20,-67884.24601044488,-2192.5160205843817,395647.8559643557
3883,-0.010198326109612403,-0.011236362310752226,5.2509095827802286E-21,11105.72160957496,-10272.387634092669,106300.10586904938
3884,-0.009562117445799415,-0.011182665490937386,6.739505702135677E-20,-20860.77384017845,-58641.92247835552,379597.40924028656
3885,-0.009897251072709645,-0.011378401484391036,1.6437015363641255E-20,27029.906840767373,-8749.42642312964,187832.14866533008
3886,-0.00967702434978977,-0.011932908196047424,6.754966784671897E-20,66272.1824670302,26175.570600659255,378458.0961351734
3887,-0.00930783213287207,-0.011399397035501314,4.5596175255559825E-20,54467.62214001867,-11342.610326411317,311468.59337202425
3888,-0.008938639915954368,-0.010865885874955203,6.534033881625756E-20,1411.7036747543261,25223.61593034782,377913.7665705821
3889,-0.008569447699036664,-0.010332374714409091,7.873081330645039E-23,643.1509503873041,640.9162882958105,13116.101125042645
3890,-0.008200255482118963,-0.00979886355386298,4.0546861744245683E-20,-18296.735307297993,-31054.01335625313,296180.68099360296
3891,-0.009388680446854954,-0.011811864573518892,1.585868571640784E-20,23644.508139498834,-9075.291455340208,184869.9993135957
3892,-0.00901948822993725,-0.011278353412972782,6.752900236348459E-21,-2377.8059570885634,17935.332720987877,120411.4551475619
3893,-0.008650296013019549,-0.010744842252426667,1.3834689701849817E-20,-9039.711779585276,8018.110545202286,173863.66974887167
3894,-0.008281103796101849,-0.01021133109188056,3.571781660706836E-20,-8974.91852638687,-25784.85088680333,278701.22363829135
3895,-0.009181184857903021,-0.012103288489007942,5.34535535021501E-21,-13310.022923428745,6232.144138593869,107330.95745512423
3896,-0.00881199264098532,-0.01156977732846183,1.62201959070751E-20,-11360.756205794114,29256.436201594683,186083.43139171335
3897,-0.008442800424067618,-0.011036266167915717,7.772607346346254E-20,-15954.12448632213,-2195.595135103813,412784.4066344626
3898,-0.008073608207149915,-0.010502755007369606,3.387666259318616E-21,11512.120454990785,-378.7097095118868,85469.74849939602
3899,-0.008892840954968204,-0.01198224486647941,7.611790630843727E-20,7311.39128105149,68682.13092510957,402925.3616344903
3900,-0.008523648738050503,-0.011448733705933299,5.54882178791456E-20,-44268.62231989791,44186.86324636807,343386.35501491895
3901,-0.008154456521132801,-0.010915222545387187,1.8184247593548623E-20,-13902.56277926968,-4053.2201912090286,199284.93983103608
3902,-0.0077852643042150985,-0.010381711384841076,3.4988202793434163E-20,23094.73703058377,37544.77647339245,273632.8008833055
3903,-0.00831615314909857,-0.011740157621422347,1.172801309913256E-20,-10631.130808709746,-12208.614526589046,159647.18634993205
3904,-0.007946960932180868,-0.011206646460876237,9.947138026615747E-21,-8069.147776981126,12423.656955911556,147036.9315662543
3905,-0.007577768715263168,-0.010673135300330126,7.443477423901759E-20,-51107.74519775218,-33911.05857284313,399577.5350092237
3906,-0.008397001463081455,-0.012152625159439927,3.932723040282189E-20,18488.93906982831,26601.358703087193,292052.9089192116
3907,-0.007658617029246052,-0.011085602838347702,3.1490136679372634E-20,-4564.931715853832,-11769.21403198308,262637.4028648319
3908,-0.008189505874129522,-0.012444049074928975,3.322565054910102E-20,7413.250466275483,-23800.164317729465,268936.3061500172
3909,-0.007820313657211822,-0.011910537914382863,6.946242143596684E-20,36082.17957381739,-24323.56589598157,388089.7405120767
3910,-0.00745112144029412,-0.011377026753836752,7.731145980664752E-21,-2538.017342397125,9648.761016249116,129901.82395435238
3911,-0.007531969754277004,-0.011789494291854333,5.329970039364617E-20,4380.03982014574,15822.987652203337,341689.71708267916
3912,-0.007693666382242774,-0.012614429367889493,7.313219690151629E-20,-72394.29826452622,-7070.941261129527,394047.439766895
3913,-0.007324474165325072,-0.012080918207343382,2.8812263934326394E-20,-21969.88255550199,13250.657282439639,250200.19440290402
3914,-0.007405322479307958,-0.012493385745360961,7.23864371272892E-20,22832.143309465268,-13386.485248373514,397776.91356567125
3915,-0.003383142741975663,-0.010874028581538962,1.7932673962670462E-20,-6001.8122869096715,-14193.593110157084,197824.10895199698
3916,-0.0030500310758506443,-0.010328470756630324,5.697847000600402E-20,-9848.741392568452,-60877.4183313136,348274.63242331747
3917,-0.002716919409725626,-0.00978291293172169,3.206709116126554E-20,-7953.197690441062,-31713.872053680443,263316.27270567097
3918,-0.0023838077436006072,-0.009237355106813054,5.600068294400022E-20,-27036.706459737525,10935.81317298122,349429.44558198284
3919,-0.0020506960774755896,-0.008691797281904418,2.0631683026707598E-20,14358.72924552588,-26816.325144018723,210647.43732485798
3920,-0.0017175844113505702,-0.00814623945699578,7.893820035231134E-20,2585.8162900121906,-55076.128973611274,412639.6950026091
3921,-0.0013844727452255521,-0.007600681632087144,3.541155361153901E-20,9056.99019251012,-25591.15216038612,277507.5357176255
3922,-0.003056018772169913,-0.010709249062688343,7.316707161847199E-20,-61397.04045552218,13574.855814514189,395837.10375088005
3923,-0.0027229071060448943,-0.010163691237779706,1.0937209796141745E-20,-184.84896999993745,28439.025409608268,152329.39593337374
3924,-0.0023897954399198762,-0.00961813341287107,7.194363295882109E-20,62933.291396490225,16006.50764689408,392094.3500780537
3925,-0.002056683773794857,-0.009072575587962433,6.787760868218188E-20,-17322.027715988395,-69294.6071549706,379375.67505090666
3926,-0.0017235721076698386,-0.008527017763053795,4.3121723960004585E-20,-24870.736808175407,33333.51608846566,304869.87540699635
3927,-0.0027348824986834306,-0.010925247849895736,4.035651434642668E-21,4105.11328039666,-9534.632380272278,93555.67919062969
3928,-0.0024017708325584125,-0.010379690024987101,5.143595912532101E-20,-15523.35794512425,-55713.9915052281,331035.4718649542
3929,-0.0020686591664333936,-0.009834132200078467,2.0065667746437512E-20,-18218.754045013793,-26745.589125627506,207382.91755965032
3930,-0.0017355475003083749,-0.009288574375169828,6.064766841910412E-20,30273.329754087357,29794.37725622226,362422.33089737286
3931,-0.001402435834183357,-0.008743016550261192,2.1295447953537735E-20,26641.129104986096,-20727.184683625906,213578.054716901
3932,-0.0010693241680583385,-0.008197458725352555,2.8964562566961975E-20,-6447.263834708095,44923.80862320639,248058.57020705065
3933,-0.0024077585288776807,-0.010760468331045117,4.1054909661907683E-20,12765.463352452609,8312.009073073941,299842.4727616677
3934,-0.002074646862752662,-0.010214910506136479,5.129277571739283E-20,25205.857244635852,15789.303616402749,334261.13402970356
3935,-0.0017415351966276436,-0.009669352681227844,2.0065507421730263E-20,-13294.60067999303,32600.08097210546,206918.00384742467
3936,-0.0014084235305026253,-0.009123794856319208,5.2780387099222944E-20,-16734.93101108228,-22438.69791342312,339260.5067027195
3937,-0.0010753118643776062,-0.008578237031410571,3.9320953416608274E-20,16136.886233541636,-37959.352341835394,290911.1237492787
3938,-0.0017535105892661801,-0.010430909293343877,5.459451451411713E-20,40706.30946079349,39762.99507148448,341505.670955781
3939,-0.0014203989231411614,-0.00988535146843524,3.5210863491165627E-20,-20012.669204526366,-44177.98317266683,273778.2773524591
3940,-0.0010872872570161433,-0.009339793643526604,6.755667191429594E-20,30520.844697567238,48623.6317849901,380824.48888412217
3941,-7.541755908911247E-4,-0.008794235818617968,9.703211053053408E-21,6821.442652047287,-4146.687138792638,145739.62996524601
3942,-0.0017594982855854487,-0.010811687599401893,2.649743908973042E-20,24414.19939800461,29047.92252822346,238193.77985934433
3943,-0.00142638661946043,-0.010266129774493255,7.652079069531072E-20,-53362.48180096286,-29340.400686027682,405334.0235049472
3944,-0.0010932749533354117,-0.009720571949584622,4.047080714450303E-20,34772.28046712094,-15840.774983878173,295626.61565342225
3945,-7.601632872103931E-4,-0.009175014124675984,6.997264552853627E-20,29263.22051543785,13025.00422743632,390642.3339043638
3946,-0.0014383620120989665,-0.01102768638660929,5.443357829342164E-20,48251.24701526529,-13516.427059375623,342052.6350572517
3947,-0.001105250345973948,-0.010482128561700652,7.869658890894989E-20,38253.625434555244,-14504.391474695498,413651.3042214601
3948,-7.721386798489297E-4,-0.009936570736792017,3.0981285075867173E-20,-14033.576394997237,19089.559083496937,259729.09732245604
3949,-0.0011112380422932165,-0.010862906867758667,5.404736068629759E-20,11905.99984157453,1796.9073141366623,344264.35519610596
3950,-7.781263761681981E-4,-0.010317349042850033,2.1370823156867777E-20,884.2465792621357,19748.536974378756,215707.33368889996
3951,-4.4501471004317945E-4,-0.009771791217941396,6.544086135293553E-20,-36384.450695833395,-42438.72219896271,374903.8088030597
3952,-7.901017688067353E-4,-0.011078905654966064,3.031492452288255E-20,19009.296172633974,-27772.998113707847,255782.80892191094
3953,-4.5699010268171654E-4,-0.010533347830057428,6.294558960199173E-20,52225.44582806183,21353.23704593658,367445.00231685897
3954,-1.2387843655669786E-4,-0.009987790005148791,6.659099201248044E-20,31662.223335480518,13962.128132111246,380795.81344309926
3955,-4.629777990009841E-4,-0.010914126136115445,2.309297241000648E-20,7992.997328402845,25795.392738475573,223544.60747097866
3956,-1.2986613287596535E-4,-0.010368568311206807,4.77352715008248E-21,11073.6351558399,9030.545206776202,101372.00882698067
3957,-1.418415255145025E-4,-0.01113012492332284,7.557180553246304E-20,-50492.578012997445,54903.84334846333,400445.53232483554
3958,1.912701406105158E-4,-0.010584567098414203,4.4103497697991743E-20,-21961.750815320986,7108.3947599695975,310319.17166509817
3959,1.8528244429124772E-4,-0.01096534540447222,1.9440100432994552E-20,-5457.465559553798,-31352.161498107154,204129.18974589952
3960,-0.0011090627737014678,-0.007399733018074105,5.017739987761486E-20,9020.026881253456,-53810.47360617657,327397.87627656554
3961,-6.15944525254234E-4,-0.007342445000943625,5.533579454776629E-20,30021.010377986375,24216.673255737922,346415.96344562055
3962,-1.2282627680699996E-4,-0.007285156983813145,1.6490728611526116E-20,25913.281953174952,-1898.2993093984499,188496.45116047663
3963,3.7029197164023395E-4,-0.007227868966682664,6.631631441687443E-20,-5099.198663912063,-13061.338635070479,381317.7478762614
3964,0.0013565284685347013,-0.007113292932421703,2.8307677906304854E-20,-18360.70640805175,28319.02207820794,247005.00733645872
3965,0.0018496467169819353,-0.007056004915291223,6.962878196542909E-20,-30311.730930264377,-55335.56640593106,385864.7823441298
3966,-8.396404984966518E-4,-0.007579562710119081,5.86693971086592E-20,-22266.573953601106,23817.90735645952,357418.06269176985
3967,1.4659599839781564E-4,-0.00746498667585812,7.962734379555362E-20,-58820.379914993406,-8284.938875109156,413879.3826408111
3968,6.397142468450496E-4,-0.007407698658727641,7.416147283203428E-20,-26161.26035694086,23217.115519870815,401995.87058312574
3969,0.0011328324952922836,-0.007350410641597161,4.912296757737993E-20,50942.87223786715,-15295.100458953368,324071.1940801538
3970,0.0016259507437395172,-0.00729312262446668,4.9623266698419284E-20,53990.90347946949,11445.76716135145,325428.4187794283
3971,-3.0079594808702037E-4,-0.007939222094209036,2.3913164960396012E-20,20842.375118964163,33496.96332872797,225711.74799985206
3972,1.923223003602136E-4,-0.007881934077078556,7.937284277468745E-20,-22592.487106833058,-41448.64229312063,414773.968772061
3973,6.854405488074476E-4,-0.007824646059948075,6.134323428057549E-20,-18991.137267692542,-32109.56992284047,365088.44892091723
3974,0.0016716770457019148,-0.007710070025687114,4.397856890468119E-20,14031.989663676857,14141.369590921793,310096.235902556
3975,-5.244919213294385E-4,-0.008176339803384492,6.582587315579533E-20,-67310.35662571891,8978.44723020855,374047.7893443681
3976,-3.137367288220463E-5,-0.008119051786254014,7.858891562899804E-20,-842.0162183033826,-46218.64813468905,412804.8523834789
3977,4.617445755650292E-4,-0.008061763769123534,3.6639078048119086E-20,-28335.803848278785,-13105.502220780647,281900.28342532815
3978,0.0014479810724594973,-0.007947187734862573,4.635843704535858E-20,-22154.836174743523,33149.464670329246,316531.0563232234
3979,-4.787656193670406E-4,-0.008593287204604932,1.210664287979615E-20,10041.085657476055,-2032.2275923317995,162713.360744683
3980,1.4352629080193293E-5,-0.008535999187474448,1.886052467992083E-20,16111.44576008637,-3738.766287119106,202818.7151271381
3981,0.001000589125974661,-0.00842142315321349,2.730066774644675E-20,-4458.0018285701535,-28687.91096982644,243098.24999271057
3982,0.0014937073744218945,-0.008364135136083008,6.037789547807578E-20,53639.75794828054,24202.667124040636,359303.26621096686
3983,-2.0934334416222486E-4,-0.008773116896649905,2.082894628517753E-20,-13861.859459966126,-16925.459106971055,212725.4278525942
3984,2.83774904285009E-4,-0.008715828879519424,1.3431098069544975E-20,-4241.079200422656,-10665.751303035022,171338.0772593128
3985,0.0012700114011794767,-0.008601252845258466,6.413555644884658E-20,53789.45009227116,-25493.907780062695,370497.8474743283
3986,-1.6361704219982693E-4,-0.00919006429787034,1.5506380012141818E-20,-13005.057891259854,23367.272572577058,182564.17819572406
3987,3.295012062474069E-4,-0.00913277628073986,2.5231484864902352E-20,16757.288228883855,-25868.184162091395,233338.15329818332
3988,0.0013157377031418748,-0.0090182002464789,1.2803749772781982E-20,2094.1248070677357,9868.158742772832,167359.93939611633
3989,1.0580523300498875E-4,-0.009369893989915319,6.583928001032586E-20,42811.231020081854,7999.880123863932,377697.8699003243
3990,5.989234814522225E-4,-0.009312605972784839,3.370772558081805E-20,22513.18327582893,-16610.939681845935,270598.9412460612
3991,0.0010920417298994564,-0.009255317955654357,5.3688358686256134E-20,14858.600120468986,38902.12658222792,340794.0337339986
3992,6.4464978341462E-4,-0.009729553374005271,6.005926222863193E-20,54795.64585301882,13778.773981207682,358705.7881779248
3993,0.001137768031861854,-0.009672265356874793,2.812750235865488E-20,-24395.488639764084,23824.391785102944,246154.8959373769
3994,4.2095381017220244E-4,-0.00996667108318073,8.678587782063116E-21,1456.2173891894902,-18701.794676856312,136756.31740900144
3995,4.6668011213460013E-4,-0.010383618484401166,6.239233994039438E-20,-32464.197701336267,-57288.600595912576,364209.6947756008
3996,9.597983605818339E-4,-0.010326330467270684,6.806489158594026E-20,-27280.628156344614,-6917.4831043771355,385547.40242893767
3997,7.36102387339416E-4,-0.010563448176446142,6.014173850669193E-20,4811.811835619853,-42172.232879846066,360890.13365996466
3998,-1.5877232260817564E-4,-0.004901954233232805,7.509659581125603E-20,14745.58929404443,44566.140783495204,403328.21037008136
3999,3.032260997511674E-4,-0.005350492859589078,1.353988641224374E-20,-20138.50865020599,-5695.8887692141025,171141.2513310955
4000,7.652245221105104E-4,-0.00579903148594535,5.565643039197008E-20,7921.476118032601,-48588.56526584883,346081.0546885258
4001,0.0012272229444698535,-0.006247570112301625,4.665638728982816E-20,-19268.47063287114,-53693.77812468384,314930.94104389806
4002,0.0016892213668291964,-0.006696108738657898,5.3338778391813743E-20,54360.7797552442,-15737.536811875958,337497.3289628354
4003,-8.089522364398941E-5,-0.005227714392131211,3.042587994114853E-20,-21711.006366800008,3713.185500452958,257518.91030611587
4004,8.431016210746967E-4,-0.0061247916448437575,7.591193507583456E-20,-39134.723862237974,-19924.61122198524,405880.2845780576
4005,0.0013051000434340396,-0.006573330271200031,4.0971289921083897E-20,-9146.091138232421,31035.60238733551,298172.94535068324
4006,-3.8713944807496E-4,-0.005430696083571751,4.3161843911341244E-20,29141.522088440684,21442.864278413246,305703.0875967094
4007,7.485897428438306E-5,-0.005879234709928023,7.034474288026237E-20,45664.008211074724,13007.921811044438,390115.32145029976
4008,5.368573966437261E-4,-0.0063277733362842965,7.858444306713833E-20,15522.208948751566,-56340.03945619005,411241.7293033014
4009,-3.0926234911077364E-4,-0.005756456242470157,2.710821533119054E-20,-25094.69175425365,-19447.613725618136,241886.62578322054
4010,1.5273607324856926E-4,-0.006204994868826429,5.0034279566841687E-20,13239.42346252635,-21922.856605819245,330448.44960037695
4011,6.147344956079124E-4,-0.0066535334951827035,7.502187775975776E-20,-55032.35251935573,-14147.789510149722,401851.28211078205
4012,-6.155065735417443E-4,-0.005959437933910696,8.185927903479297E-21,8667.14965275098,-20669.891327477166,132174.69847034063
4013,-1.535081511824012E-4,-0.006407976560266968,1.6205785732214403E-20,-15099.302960258894,-19266.21958664515,187032.71121102013
4014,-5.376294745775581E-4,-0.006285198092809103,8.822079308134495E-21,2795.3304919256852,-1441.8275898097422,139137.76033303476
4015,-7.56310522182151E-5,-0.006733736719165375,5.2773651887238125E-20,-28894.589663926836,8353.532112186937,339060.1396133092
4016,-8.438736990085288E-4,-0.006488179784249642,1.1418505748016634E-21,662.4485032357655,254.5186656063855,50064.68710212419
4017,-3.8187527664918565E-4,-0.006936718410605915,2.167916541460839E-20,-32100.303115569,13162.101697172566,215392.07672071847
4018,-7.659966000443424E-4,-0.006813939943148049,6.316867266338882E-20,-22668.746962194647,56523.30115387377,367396.6769623415
4019,-0.002236309921759297,-0.004818422292745999,9.930898238916097E-21,16647.729084971772,6275.581128478621,146584.89948859965
4020,-0.001664957662386565,-0.004811846558514887,1.0607290137551656E-20,-15527.103440517996,19766.79347171659,150522.05551077603
4021,-0.001093605403013832,-0.004805270824283774,1.8301071204658896E-20,4729.939412783714,-1633.7765988288309,200388.73730327532
4022,-5.222531436410994E-4,-0.004798695090052663,7.400902576050783E-20,-3325.7692107871785,37895.5781028833,401300.74500597524
4023,-0.0019505613844553026,-0.00503434757423315,4.1714716186828907E-20,-15333.000357498811,-32544.3632208971,300486.18397351605
4024,-0.00137920912508257,-0.00502777184000204,1.5543718871360124E-20,-19201.08705081915,-861.0611996096834,183731.85844849117
4025,-8.078568657098373E-4,-0.005021196105770927,6.768087896305341E-20,-53964.23569266746,45820.800969076634,378924.90940547304
4026,-0.0019504165692200454,-0.005472773871438569,1.9193883054745142E-20,-26994.52249130576,13447.315177136543,203055.0522485374
4027,-0.0013790643098473127,-0.005466198137207457,7.288809899259739E-20,-6373.7803361774395,40628.02013286389,397915.9854772882
4028,-8.077120504745798E-4,-0.005459622402976344,2.072351972363401E-20,2131.533691286512,13949.044072847644,212838.30206365485
4029,-0.0016646680319160505,-0.005688699152925722,3.2231052959812276E-20,3936.8677485463913,-38690.76904664094,263157.73206676205
4030,-0.0010933157725433178,-0.00568212341869461,5.750424342266987E-20,29302.573704019018,-30051.397188666717,352832.6845358751
4031,-0.0016645232166807929,-0.006127125450131139,3.5484937366013743E-20,6133.235357218591,-9829.137136622145,278880.36259083916
4032,-0.0010931709573080602,-0.006120549715900027,4.4110843903909504E-20,-54022.73435326607,-3221.038125278213,306460.6565636221
4033,-0.0013787746793767982,-0.006343050731618292,6.565946662586228E-20,-46878.946945256976,-34005.08804480033,375238.2078553867
4034,-0.007415072103122585,-0.008842591951559125,4.8463272558733396E-20,3797.607425361418,37560.678933000076,324002.5396805557
4035,-0.006986779021611917,-0.008499438491040024,2.825133225707736E-20,-7261.806876100892,-12949.277575195474,248608.98953152078
4036,-0.006558485940101251,-0.008156285030520925,6.246684201637628E-20,-41069.92156456186,23036.96032000695,367329.200375235
4037,-0.006130192858590584,-0.007813131570001824,7.619759294603679E-20,-40411.08569675792,-16980.441725659843,406660.91762720596
4038,-0.005701899777079917,-0.007469978109482725,8.00299301554207E-20,-33660.14541955531,-29013.737877299554,416813.75872621825
4039,-0.004845313614058582,-0.0067836711884445245,4.6964046734967876E-20,19380.571645441414,14489.695711073155,320196.36550420005
4040,-0.0070799292550267935,-0.008832299047818962,7.666284148726649E-20,28594.89027558872,54589.77006048063,405608.4940946608
4041,-0.006651636173516126,-0.008489145587299863,3.046906100184313E-20,33521.67004146224,-13313.372570359532,256115.21237856973
4042,-0.006223343092005458,-0.008145992126780762,7.794434201357278E-20,34314.52815633411,-30221.976291305542,411143.1404988731
4043,-0.0053667569289841234,-0.007459685205742562,6.67745685723511E-20,24019.70492652747,48666.600936203184,379025.7946566095
4044,-0.004938463847473457,-0.007116531745223462,2.2883472711448798E-20,21865.42628968397,-21156.794804323035,222071.6343554724
4045,-0.0068379366403458755,-0.00915486670085774,2.0737233436883478E-20,6766.07660205441,-19359.129803566204,212388.35976612873
4046,-0.0064096435588352095,-0.008811713240338638,7.84073846889683E-20,62048.82732054812,-2995.0897420466354,410228.1488088067
4047,-0.005981350477324542,-0.008468559779819538,7.712884815466735E-20,44519.85373742434,1079.0326535022532,409091.5693643855
4048,-0.005124764314303207,-0.007782252858781338,6.673166905594799E-20,-9064.013630081112,-63036.913702168604,377433.35991020687
4049,-0.00469647123279254,-0.007439099398262238,6.193950053780296E-20,-24967.224966384245,-15510.924648274258,367595.4768368244
4050,-0.006502793792250085,-0.009144573797117576,6.217425114161048E-20,30957.7828327424,-59154.799891897645,363384.2509181183
4051,-0.006074500710739417,-0.008801420336598477,1.6963646511193773E-20,10323.413045256955,13538.55230037141,192235.42138172156
4052,-0.005217914547718082,-0.008115113415560276,2.354159050587643E-20,11519.247461908088,38336.60129552698,223794.66276965072
4053,-0.004789621466207414,-0.007771959955041174,4.708517127989793E-20,-40011.51194353827,-14295.582266262474,318703.4964587845
4054,-0.006260801177569167,-0.009467141450156353,5.1936175785557486E-20,-19914.3939023787,-25683.433868304106,336112.3740403214
4055,-0.0058325080960585,-0.009123987989637252,7.122505037923692E-20,-12023.088580449128,14019.648605899929,395013.93678365677
4056,-0.005404215014547832,-0.008780834529118152,9.090688651353815E-21,-4128.162078469753,-25602.119168937712,138875.63044343772
4057,-0.0045476288515264975,-0.008094527608079952,4.4533859730906184E-20,41429.543450197976,36629.50791060792,307762.2181222419
4058,-0.005925658329473375,-0.00945684854641619,7.957297345880821E-21,-9722.943919882004,-6811.833051640822,131641.98078660166
4059,-0.005497365247962707,-0.009113695085897088,3.8396356201513105E-21,9201.187597322674,-6683.594842117853,91108.36308721057
4060,-0.0050690721664520405,-0.008770541625377989,5.3785118976352404E-20,-23638.598754432835,-13080.772693852006,342574.4845053704
4061,-0.005683665714792458,-0.009779416199454966,1.6655033902294713E-20,10081.933938263537,2390.5019385053233,190943.426834016
4062,-0.00525537263328179,-0.009436262738935866,1.5287264640907494E-20,4392.647105426181,29885.187693789736,180696.83017393036
4063,-0.004827079551771123,-0.009093109278416766,5.766973272966317E-20,22484.455052885514,-19326.45816755262,354594.00051016355
4064,-0.004398786470260456,-0.008749955817897665,2.2149372781401392E-21,3620.965386319538,8460.33659614772,69125.18029630903
4065,-0.005348522866696666,-0.009769123295714803,1.5307535515038186E-20,4245.5162431907,-3610.9999856950894,183240.84136116732
4066,-0.004491936703675331,-0.009082816374676604,4.980235046692821E-20,-47915.80370015948,-12361.534882698912,326946.6803074345
4067,-0.005106530252015749,-0.01009169094875358,3.56208472525463E-20,946.9385916426583,51035.60502874782,274956.9974616847
4068,-0.004678237170505082,-0.00974853748823448,4.5501239682290726E-20,-10269.989781041077,-57500.074166457365,310625.0082809398
4069,-0.0042499440889944146,-0.009405384027715378,7.113181671318765E-20,-36713.7656148182,-142.41130606205107,393477.44158848206
4070,-0.004343094322409289,-0.009738244584494318,6.422660414796486E-20,62076.36079851526,-27695.46255801395,369311.90645937476
4071,-0.0045293947892390395,-0.010403965698052192,6.385222797825481E-20,58574.16328434655,25359.1837893213,368938.77732998575
4072,-0.004101101707728373,-0.010060812237533093,6.976499712065747E-20,-43440.864501128424,28045.64163002561,387940.5292992995
4073,-0.004194251941143248,-0.010393672794312032,1.051755123211581E-20,15548.923780319727,-12229.716332918368,150666.340531185
4074,-0.0051042800176981686,-0.006514447948259972,5.374273670548949E-20,15314.36578102731,20005.726759034074,342577.5193788809
4075,-0.005703890331813103,-0.006994862792986713,3.222473959198059E-20,42209.32864489461,-1054.0962100625773,262617.338990347
4076,-0.006303500645928037,-0.007475277637713452,7.206381052691345E-20,10872.476482484903,-14400.343116337997,397357.5970681448
4077,-0.00690311096004297,-0.007955692482440192,1.8706571195304032E-20,-7434.215953437588,-5362.090260883381,202452.36018391795
4078,-0.007502721274157905,-0.008436107327166932,1.474508797901692E-20,-1844.022602708103,14169.180548351142,179357.82448359334
4079,-0.005456396654752629,-0.006578085264854359,1.736645456121477E-20,9975.233983421802,-24295.911317102684,193491.35846839673
4080,-0.006056006968867563,-0.007058500109581099,6.882378040145075E-20,28648.602970335287,36661.99242636727,385927.7196845691
4081,-0.006655617282982497,-0.007538914954307838,5.487188557739919E-20,9920.32925189289,52824.70754292205,342905.7269429161
4082,-0.007255227597097431,-0.008019329799034578,6.448341614936181E-20,53505.756556336826,-5360.6368659180935,372403.0535446461
4083,-0.005561019614746618,-0.006224945053316391,2.74790523140967E-20,-17254.78875594251,36038.707146337365,242352.5588203351
4084,-0.00616062992886155,-0.0067053598980431305,3.501955911982892E-20,-48024.38137082675,15372.88823623914,272661.07879897294
4085,-0.006760240242976484,-0.0071857747427698715,6.916728575281511E-20,63676.87750812801,20626.50521328268,383899.7639536112
4086,-0.007359850557091419,-0.0076661895874966125,1.7311884952067118E-20,-14269.649943789007,22762.076745265847,193098.82901283258
4087,-0.005913136251801077,-0.0062885823699107765,3.728471104399652E-20,44734.17299359597,-6431.246882355448,282519.812744806
4088,-0.006512746565916012,-0.006768997214637517,3.978331359425897E-20,47006.22631259798,-4684.908342438526,291743.35936324624
4089,-0.007112356880030946,-0.007249412059364257,6.053714214965193E-20,59744.99137964924,-28942.878902271852,358474.9739701919
4090,-0.006017759211795066,-0.00593544215837281,7.450929920503525E-20,24426.706715628996,33902.45116142634,402295.60001379915
4091,-0.006617369525909999,-0.006415857003099549,1.1459331874274069E-20,-16762.68486351312,16210.875682958156,156893.64418123488
4092,-0.007216979840024933,-0.00689627184782629,5.076783185199601E-20,-24841.757639991727,-19809.41955329651,332344.8283129758
4093,-0.006369875848849527,-0.005999079474967196,1.7658778028726313E-20,1495.98501886254,-33610.273229334496,194006.7547280884
4094,-0.00696948616296446,-0.006479494319693936,1.027046269436865E-20,-20380.548164150507,13089.507141488077,148197.4597809073
4095,-0.006474498808843515,-0.005645939263429229,4.563757832406699E-20,-17920.864125195214,-32877.6392571353,314319.68862716126
4096,-0.007074109122958448,-0.006126354108155969,3.649166870508531E-20,24952.533293095403,26832.201983297226,280670.9877753363
4097,-0.006826615445897975,-0.005709576580023615,6.338715106506501E-20,-4370.650649206456,9155.93555569996,372915.29432307475
4098,-0.006931238405891963,-0.005356436368485648,2.2141677368624225E-20,-3957.2597941457275,-32447.216431943707,218046.77752195057
4099,-0.0016954550486069809,-0.0073893373304734,2.0795975313920797E-20,16702.24793658346,-6478.452114697511,212925.82173690805
4100,-0.002084085325752836,-0.008025821459533474,3.900311431286918E-20,-44707.681338939525,-17487.406523336158,288666.20926631393
4101,-0.002472715602898691,-0.008662305588593553,7.575649071627412E-21,-12580.12268166106,-11506.307677314002,127835.71517861632
4102,-0.002861345880044546,-0.009298789717653628,7.562040822564786E-20,-60193.278695359186,12139.995033244972,402810.9423499819
4103,-0.003249976157190401,-0.009935273846713702,7.895676549372105E-20,36783.56192252568,-51377.491079178835,411533.312978764
4104,-0.0036386064343362553,-0.01057175797577378,1.1800865156173804E-20,19991.77906660589,-452.1451753844757,159716.52721437925
4105,-0.002012425048307678,-0.007558771334917674,2.5474812620148502E-21,-7430.0992471113495,-11578.553710072638,73510.69911209306
4106,-0.002401055325453533,-0.008195255463977749,6.304301743416985E-20,61038.68491907427,-4229.290088165507,366973.54911169066
4107,-0.002789685602599388,-0.008831739593037825,5.2450525405634044E-20,14892.168249579043,-37400.84879000813,336951.6608570623
4108,-0.003178315879745243,-0.009468223722097902,6.676139779689657E-20,-14746.647069190401,-39625.28600022239,380512.0149765164
4109,-0.0035669461568910983,-0.010104707851157977,7.096147364809925E-20,-55016.046605065676,-26395.258368792536,389967.8821627368
4110,-0.002257734770563218,-0.007261155214746144,6.59744449946419E-20,58089.29503786,-9693.966245421561,376006.51658998296
4111,-0.0026463650477090727,-0.00789763934380622,7.104536074894888E-20,51448.91812309394,8238.050536222696,391494.2456557488
4112,-0.003034995324854928,-0.008534123472866296,1.0261859063535124E-20,-19103.28739594065,5816.496866819202,148766.70391431614
4113,-0.0034236256020007826,-0.009170607601926372,7.490257125670633E-20,54115.216835904044,43617.31131513211,399525.0991878856
4114,-0.003812255879146638,-0.009807091730986447,7.758264522345981E-20,-6933.672769262838,-18134.497021811738,412260.2139381229
4115,-0.002574704770263915,-0.007430589219190417,7.003070522268482E-21,735.9760285772222,9546.15749470079,123627.81304092804
4116,-0.0029633350474097702,-0.008067073348250494,6.61807397890777E-20,1875.6352810935864,-54333.14660454662,377288.427976976
4117,-0.0033519653245556256,-0.008703557477310568,5.093184920689505E-20,40959.0204929245,-34535.42589621322,330079.3534979162
4118,-0.00374059560170148,-0.009340041606370643,3.935696572426219E-20,-5449.926894216762,38336.24363646081,291393.7035090887
4119,-0.0028200144925194554,-0.007132973099018887,4.276028631217422E-20,-45805.957029450496,-15203.10924495018,302576.3517136748
4120,-0.00320864476966531,-0.007769457228078962,4.845120061519573E-20,13588.586355736366,-51721.451008575306,321739.9720325627
4121,-0.0035972750468111652,-0.008405941357139039,1.7681537414978878E-20,-3124.7104426596893,3435.8275142475945,196974.3883806282
4122,-0.00398590532395702,-0.009042425486199114,2.0381844567592312E-20,11118.498439653613,24956.70149474412,209768.07153921184
4123,-0.0031369844922201524,-0.007302407103463159,6.918689412256096E-21,6295.604868580394,-19269.48465474834,121570.13348601956
4124,-0.0035256147693660074,-0.007938891232523235,1.3399545304452553E-21,8707.906429713548,-4601.045944552028,53337.829231950185
4125,-0.003914245046511862,-0.008575375361583312,4.193135246013764E-20,-28892.28229343441,-18516.37175981974,301470.0578109805
4126,-0.003382294214475692,-0.00700479098329163,2.82760999684702E-20,-23684.867650799846,1726.6680695444584,248026.75534424037
4127,-0.0037709244916215474,-0.007641275112351705,4.3882425842667904E-20,27101.144959552825,16755.310815358105,308755.975908723
4128,-0.004159554768767403,-0.008277759241411782,7.613335884577994E-20,-11236.859062324158,-60882.19031056332,404129.3815695237
4129,-0.0036992642141763896,-0.007174224987735903,4.59657832765383E-20,34361.820657827644,-21700.575678068297,315068.08593671746
4130,-0.004087894491322244,-0.007810709116795978,6.4282755893086E-20,35681.36741724573,56152.992331210706,369741.4799259202
4131,-0.00394457393643193,-0.006876608867564372,4.240208752569213E-20,-36210.97031832481,34571.82438204244,300979.8756793284
4132,-0.004333204213577785,-0.007513092996624449,5.277699137658411E-20,-1871.9238373589226,-34128.97016545625,338682.0018162697
4133,-0.004261543936132627,-0.007046042872008646,6.708376146097416E-20,23913.309280568148,57851.135295589855,378637.2673176875
4134,-0.004506853658388167,-0.006748426751837116,3.7862042203940336E-20,26052.20540317042,12838.971808719269,286851.784063009
4135,-0.00671718958580931,-0.004971662548125716,7.805795894162441E-20,-62438.972992818155,-23926.868628176442,408543.5911491951
4136,-0.006217913842627837,-0.0045872588267162435,5.15575154795986E-21,1062.6251188351016,11931.41992871498,105717.36140189723
4137,-0.0057186380994463624,-0.004202855105306771,1.7688250209212014E-20,13337.0740826829,-6413.481158254079,196510.06666810683
4138,-0.005219362356264888,-0.003818451383897298,6.0749235097200824E-21,-9975.714606657919,8283.011533123201,114758.88651593516
4139,-0.00639851780573267,-0.004940028939303752,4.0000888107149663E-20,22143.842385990887,45063.95215283972,292065.5822202008
4140,-0.005899242062551196,-0.00455562521789428,1.4599346711919002E-20,4591.099986420587,-4111.153808477258,178928.5756024213
4141,-0.005399966319369722,-0.004171221496484807,1.525925561228909E-20,26382.69853126243,-9456.088603744032,180877.87307971387
4142,-0.004900690576188247,-0.003786817775075335,3.210459923987487E-20,8436.934633769062,47982.715100999085,260985.26784404917
4143,-0.0057611742455793875,-0.004876761721659825,2.220880526372717E-20,34498.77717639498,-8750.586930517968,217930.08581320173
4144,-0.005261898502397913,-0.004492358000250352,7.230237173919393E-20,47460.48227981427,15243.029006958262,395294.27281596133
4145,-0.00476262275921644,-0.0041079542788408805,3.3697433392661765E-20,-17668.058391120645,-6585.443058130527,271345.5887331568
4146,-0.00594177820868422,-0.0052295318342473335,2.2362522590553956E-20,-37158.61591692631,2649.6621377121573,218426.1184720452
4147,-0.0049432267223212725,-0.004460724391428388,3.576963264251756E-20,21778.825625576,14043.20229332066,279037.6586288618
4148,-0.005803710391712413,-0.005550668338012879,5.0048959274235064E-20,-31317.507692601586,51984.381730114954,325885.1628635058
4149,-0.005304434648530938,-0.005166264616603406,4.287729077660705E-20,22699.48985878373,11875.956287090854,305748.83652734035
4150,-0.004805158905349465,-0.004781860895193934,4.931200007330887E-20,36965.49801228687,34948.13019767635,325082.2398197942
4151,-0.0049857628684542975,-0.005134631007781441,5.8085507937722785E-21,-3183.126753245636,4318.951007047256,112801.18886781736
4152,-0.0053469707946639635,-0.0058401712329564604,4.384518973672574E-21,7306.152772080395,11663.31729800632,97144.04411114995
4153,-0.00484769505148249,-0.005455767511546987,2.4972598308392284E-20,-31316.91305574618,6938.532744298771,231946.9258116596
4154,-0.0050282990145873235,-0.005808537624134496,3.700695906784952E-20,48772.61398540759,-13771.373107242522,280502.61837145156
4155,-0.002594493893158186,-0.0049002116736039806,3.728567448780632E-20,44003.96499248958,24620.47803233989,281637.26702585263
4156,-0.0023657792111267846,-0.005423692936558037,1.0865857351299883E-20,-21980.499404868744,11111.656309693324,152478.81488740307
4157,-0.0021370645290953827,-0.005947174199512093,4.152853735734083E-20,44925.757953204724,-25107.949694894258,297537.7090006778
4158,-0.0019083498470639805,-0.006470655462466149,2.0897324961733315E-20,-4687.698383846253,-16073.730494224945,213542.7791484214
4159,-0.0026669293272530803,-0.005197926335949115,7.0581358833072E-20,22905.547211581328,49829.75779640978,389815.5985603036
4160,-0.002438214645221678,-0.005721407598903171,3.88363604809559E-20,5483.505695821842,-32997.0495885124,290082.3650803427
4161,-0.0022094999631902764,-0.006244888861857228,2.990072902640472E-21,5896.573524121378,1167.9469472828412,80800.27998510582
4162,-0.003040514877474269,-0.005269874397685329,5.3320043668928536E-21,347.4375722076673,-12803.959066907631,107436.28857574295
4163,-0.002811800195442867,-0.005793355660639385,5.835685854376851E-20,32452.544146930242,-23362.37510463178,355704.38213452185
4164,-0.0025830855134114654,-0.006316836923593441,7.150828188990412E-20,61997.07378024102,22259.551622662802,390717.07749355887
4165,-0.0031129503115691626,-0.005567589060030463,5.464396065946618E-20,39599.441596703255,49551.698648159494,340513.28424591763
4166,-0.0028842356295377606,-0.006091070322984519,4.128668759942534E-20,-33461.46333284623,33139.06267799333,297369.40757964284
4167,-0.002655520947506359,-0.006614551585938576,6.946409133806786E-20,33829.72903789177,-33612.68524308643,387603.67563946696
4168,-0.0032578211797589496,-0.006163018384720733,2.888584907073899E-21,6082.184280426933,-8776.596954196431,78917.53015946387
4169,-0.003029106497727548,-0.006686499647674789,7.971691107294955E-20,31594.89055872185,10197.959309000742,417036.00923920743
4170,-0.0035589712958852457,-0.005937251784111811,5.0035625167197884E-21,10902.497627149887,-7668.481615020306,103960.76955218325
4171,-0.003932556846106435,-0.006009199845848025,4.963989179122596E-20,-30373.33448278974,35379.01435602846,326820.9997441994
4172,-0.0037038421640750332,-0.0065326811088020804,5.621220094863538E-21,1484.8468748370144,18269.544178269254,109570.16573015209
4173,-0.004004992280201329,-0.00630691450819316,5.978923789078014E-20,-23433.210141315998,35453.00058820511,359810.2025496337
4174,-0.002805227066563006,-0.004624303288528727,3.036826016389112E-20,11688.89003139966,-6029.452890747618,257879.14604003204
4175,-0.0032512480508790887,-0.004993966012610074,4.961460747974785E-20,-29101.377399713365,-30733.013239293046,327321.3392569787
4176,-0.0036972690351951714,-0.005363628736691423,6.974815932683748E-20,41749.658263191996,10471.712693966425,388949.69128474774
4177,-0.004589311003827337,-0.006102954184854118,5.3407342172248927E-20,45014.87755142008,13727.344271571055,339179.8438086698
4178,-0.0030883956740627196,-0.0046461095657986074,7.613601021720037E-20,-2600.9322720440236,40263.30152909905,406855.4878643464
4179,-0.0035344166583788023,-0.005015772289879955,4.6671260712414263E-20,-45789.67380478995,28120.01085589808,315564.60396078654
4180,-0.004426458627010969,-0.005755097738042652,5.68358871702731E-20,56892.48627447902,-5343.823988763823,348597.0747194035
4181,-0.003208711904746064,-0.0043200593962570205,5.74485487540953E-20,49511.044318598855,20981.08771438356,351053.8441575627
4182,-0.0041007538733782295,-0.0050593848444197165,5.643878648461943E-20,-22602.071420115153,10043.872765995215,351143.34824690525
4183,-0.004546774857694313,-0.005429047568501065,3.5968198696661924E-20,20579.668828937178,15991.753196698755,279803.9376714909
4184,-0.003491880512245777,-0.004341865673526901,3.8184949073440515E-20,-1258.1445097211815,31872.358662556177,287782.9492210478
4185,-0.004383922480877943,-0.005081191121689598,6.679520877264362E-20,-30271.378457342187,-55018.72584723407,377766.90828304936
4186,-0.0036121967429291217,-0.004015815503985315,4.55945318958249E-20,43423.53459847123,-23333.62445330493,312529.0256195844
4187,-0.004504238711561287,-0.004755140952148011,4.296345469610463E-21,-14035.369203150602,4881.325006246089,95979.0131482464
4188,-0.0038953653504288353,-0.004037621781255196,5.630582761802241E-20,-37900.7870797251,40956.17506773028,347142.0320734453
4189,-0.004341386334744918,-0.0044072845053365435,2.034304254076391E-20,6224.736320254906,8093.174629253738,211091.60028225335
4190,-0.004461702565428263,-0.004081234335794957,3.6334879075767543E-20,-11463.031867112399,-1489.4889519960082,282207.26871927
4191,-0.0042988501886118925,-0.00373337788898349,7.857177574652845E-20,45874.511896710734,7946.414085101651,412722.0264198883
4192,0.001404988076608391,-0.014914996232990925,5.865687385044091E-20,-39665.879018880536,-43372.819479529186,354017.91750198614
4193,0.0013321856235849422,-0.014283381833326923,7.508863906794662E-20,-39861.71400137303,12511.972403940148,403874.0442317263
4194,0.0012593831705614935,-0.013651767433662918,7.779394254548045E-20,-18109.216737645438,19731.174537301453,412410.07117216924
4195,0.0011865807175380444,-0.013020153033998913,2.4498274670860413E-20,-12189.376830588226,22090.72690386566,230543.47269438222
4196,0.0011137782645145955,-0.012388538634334909,7.273329908042658E-20,11989.247778100564,61550.601149505484,394659.7342070397
4197,0.0015456064438118776,-0.014642963089110814,7.199149704691066E-20,-52710.69170372039,47623.32828076777,391169.36941614613
4198,0.0014728039907884285,-0.01401134868944681,7.296132939642666E-20,65594.52117962291,30868.953225697176,393616.10589981615
4199,0.0014000015377649794,-0.013379734289782804,2.1620391201853406E-20,-6207.25585692581,-13533.719975259073,217363.02482970178
4200,0.001327199084741531,-0.0127481198901188,4.130676808009477E-20,13286.432247410887,-25211.936423363917,299797.1780306627
4201,0.001899645631242299,-0.014730511201014592,4.243799163306002E-20,1781.0908121058233,52304.64798172193,300724.4771997049
4202,0.0018268431782188501,-0.01409889680135059,7.765976690188539E-20,-33989.6039079135,54501.44300448769,407895.8720322907
4203,0.0017540407251954012,-0.013467282401686584,6.798273945219706E-20,42711.832947543975,-22785.450037661634,383294.97605820646
4204,0.0016812382721719523,-0.012835668002022581,6.073881824178642E-21,-14298.941936271669,-13897.057240040689,113744.67104530366
4205,0.0020402639984457853,-0.014458478057134485,1.0189693062112225E-21,-140.5705350663141,-1988.3194218238646,47256.88125763613
4206,0.0019674615454223364,-0.013826863657470477,1.0841952990974432E-20,22767.257442745682,-10110.970087345331,152260.75528989735
4207,0.0018946590923988875,-0.013195249257806475,4.765064315008899E-20,-42796.08263846192,-11941.600178563169,320381.9749036746
4208,0.0018218566393754386,-0.012563634858142467,1.3372324329074087E-20,-28788.262291950756,10050.590747874508,168610.98242874086
4209,0.0023215007328527583,-0.013914411769374257,2.179277286549253E-20,-13684.288176973661,-4543.688711703226,218263.46813444974
4210,0.002248698279829309,-0.013282797369710253,6.765083461038733E-20,8347.815231799008,-6577.086237506415,385249.0934867616
4211,0.0021758958268058605,-0.012651182970046249,7.176904511449173E-20,-8665.836857243701,20509.422030692254,396327.8193780233
4212,0.0025349215530796935,-0.01427399302515815,4.571290555907584E-20,10732.76818214236,8381.858174096662,316510.5035569675
4213,0.0023893166470327957,-0.013010764225830142,1.5484050782242445E-20,2879.9741938740767,31601.05454774679,181628.45194393318
4214,0.002888960740510115,-0.01436154113706193,4.523818956366113E-20,-8102.818081723673,-34005.20683759092,313209.325493111
4215,0.002816158287486666,-0.013729926737397927,3.907383238571542E-20,-48780.33968904417,2552.900284519772,288794.0299163981
4216,0.002743355834463217,-0.013098312337733923,3.7619686614016924E-20,43134.970255475695,-22596.765523407114,283238.7031229042
4217,0.0029567766546901523,-0.013457893593517813,7.752525623569655E-20,57273.619960523836,-45874.013511241574,405986.11771631276
4218,0.003383618295144022,-0.014177056105085597,1.904621722996249E-21,9273.230478541502,7397.035313418255,63568.55096775972
4219,0.0033108158421205737,-0.013545441705421594,3.1411753892215356E-20,23781.44707093565,-12833.999656078839,261219.0602169449
4220,0.0035242366623475093,-0.013905022961205488,2.712644642606027E-20,35128.25843421424,-12029.313069652308,241202.03379067907
4221,0.006679494380879219,-0.013314864803107196,6.502046608869353E-20,-34338.67659758391,34627.62361494859,374668.56091845705
4222,0.006126658467312578,-0.01343201761410292,6.546928824277786E-20,-57133.17194761514,32270.82789819243,373409.3540841987
4223,0.005573822553745936,-0.013549170425098645,3.017480274382481E-20,-26082.14983469737,-23418.25472141599,254992.55389579013
4224,0.005020986640179293,-0.013666323236094366,4.657398383797552E-20,17973.943508608445,-17436.88903314056,318791.10092487355
4225,0.004468150726612651,-0.01378347604709009,3.2984688464883777E-20,-27308.25642519662,-39671.79025607223,264763.11721301347
4226,0.006362494156716876,-0.013135374476179964,8.820280677132136E-21,18348.34201168271,-9056.429831930684,137646.57473611712
4227,0.005809658243150234,-0.013252527287175684,5.0305335625040524E-20,47859.14324976049,34332.44237525634,327074.8698265562
4228,0.005256822329583592,-0.013369680098171407,5.168080854843376E-21,5440.04517779292,-8243.914398056506,106062.0652596826
4229,0.00470398641601695,-0.013486832909167131,6.341584929786239E-20,-47363.25379129273,37187.55687815113,368246.61054309364
4230,0.006281329621958831,-0.012659241011329767,7.810309702166384E-20,-45982.76440277939,35549.117349235006,409999.91945106484
4231,0.005728493708392189,-0.01277639382232549,5.491534089346741E-20,35690.4665266327,50651.59241510976,341656.5741004581
4232,0.005175657794825547,-0.012893546633321214,5.992148271105482E-20,-12263.479409436573,-50073.010718934296,359029.33173498354
4233,0.004622821881258905,-0.01301069944431694,5.82100248048462E-20,65365.7200008944,-1946.6299178934946,351462.2747330624
4234,0.0059643293977964884,-0.012479750684402534,5.398937649463293E-21,7527.158383695055,6554.142546526568,108415.67151412355
4235,0.005411493484229846,-0.012596903495398257,5.878530485071078E-20,47004.08898069679,-36464.609086177064,354296.756705657
4236,0.004858657570663203,-0.012714056306393978,2.6520001596486825E-20,-10212.591051218089,-23853.136522576075,239900.76981957458
4237,0.005883164863038443,-0.012003617219552338,3.6252378207449034E-20,46491.43111041648,8205.88093477573,278144.99630595895
4238,0.005330328949471801,-0.01212077003054806,1.7445260326007005E-20,20107.912850091532,-25865.70084158807,192946.52299257976
4239,0.00477749303590516,-0.012237922841543784,5.898778355817811E-21,-383.69930275350674,8576.953179906342,113478.10586009597
4240,0.0055661646388761,-0.011824126892625103,5.663877253960768E-20,-55811.35060236202,-8103.8898869415025,348097.5154690393
4241,0.005013328725309457,-0.011941279703620827,4.663391191948717E-20,-32727.372774090953,13462.068311644396,318015.94258078595
4242,0.005485000104118055,-0.01134799342777491,6.808426705665636E-20,67437.53592009787,20099.08240545473,380170.5260722663
4243,0.004932164190551413,-0.011465146238770634,4.8810618351182695E-20,55571.23482696962,-3841.360491003829,322587.2959782171
4244,0.005167999879955712,-0.011168503100847675,6.785292426596048E-20,-1349.6536747434413,25446.48741649557,385128.7542025594
4245,0.005086835345197666,-0.010692369635997482,2.925973957497196E-20,-26803.667996164284,-25411.65454058351,250752.17443812167
4246,0.0041070100718410725,-0.01376837350787058,2.8282946198702806E-20,-34683.84155811078,29060.685444191393,245048.49431724646
4247,0.003620615779563338,-0.013385119764138288,7.028533525582277E-20,8364.177249708957,-66885.00994824737,387001.77820104524
4248,0.003134221487285604,-0.013001866020405999,7.439446888468826E-21,5272.598925972438,-5806.332843484623,127562.03933878778
4249,0.0026478271950078694,-0.012618612276673708,7.62470348880574E-20,59234.984288770975,-12288.32126935344,404652.02129113296
4250,0.0016750386104524007,-0.011852104789209127,6.077123295683675E-20,-2712.8626047366756,-3495.14560935897,365247.6416110291
4251,0.0011886443181746665,-0.011468851045476836,1.2231480317620042E-20,18930.831596409305,20653.14311822401,161461.28843507956
4252,0.003981705106473793,-0.013456627830728115,9.015022867363287E-22,-2945.0183554294495,2872.4725909340114,44298.51510452572
4253,0.003008916521918325,-0.012690120343263531,4.146265270288802E-20,45590.920537844395,7262.386328390999,298163.53695457237
4254,0.0025225222296405897,-0.012306866599531242,5.418940799909386E-20,9607.541645537542,-62107.04765981378,339153.6634187829
4255,0.0020361279373628553,-0.011923612855798951,1.9087041892139235E-20,-6206.409851690563,2872.2824257625525,204596.05467722708
4256,0.001549733645085121,-0.011540359112066662,3.263573517480513E-20,577.3161938732509,19183.551252214424,266991.79528171633
4257,0.0037310951757392337,-0.012833136476443182,7.41744679178057E-20,-61160.238169043354,7997.11121246616,398808.3857780827
4258,0.0032447008834615,-0.012449882732710891,7.218278044883358E-20,65653.81598721375,-8110.533746331296,392560.3629521842
4259,0.002758306591183765,-0.012066628988978598,7.407488834355063E-20,25331.02060140689,-2928.6823250530715,402472.0973359265
4260,0.0017855180066282963,-0.01130012150151402,2.1871602118547057E-20,-14906.627230816493,-37125.93932651816,215451.5629827439
4261,0.004092184502649689,-0.012904644543033007,1.5555101012492294E-20,-10122.674388882913,18803.393222421637,183564.0835050306
4262,0.003605790210371955,-0.012521390799300716,3.589009388017982E-20,-5716.147819917489,-1320.2510782938434,280648.5403569128
4263,0.00311939591809422,-0.012138137055568425,1.3767284670440273E-20,23209.28339327133,19988.049481984526,171138.53729210733
4264,0.002146607333538751,-0.011371629568103841,1.5291225876520974E-21,-4852.188327312859,-2993.514977439407,57660.576652642056
4265,0.004327968864192865,-0.012664406932480365,5.876290044892638E-20,13525.665968745461,26638.517156910235,357943.4313272913
4266,0.0038415745719151293,-0.012281153188748072,7.2659231789182E-21,-11532.39169022933,-10413.692890541119,125344.20116036267
4267,0.002868785987359661,-0.011514645701283492,1.997658761434216E-21,6615.523660427854,-8504.479090579187,65344.04839941906
4268,0.0023823916950819267,-0.0111313919575512,5.436065515762418E-20,-59682.390628751346,-6980.7724055258905,340205.90476449346
4269,0.004202663898825584,-0.012352661255337898,7.157855592124479E-20,-30570.805487334725,-21857.362231438394,394640.25377627125
4270,0.0037162696065478496,-0.011969407511605606,1.261601182329863E-20,-18285.676671207413,19906.998592212396,164220.20289557736
4271,0.002743481021992381,-0.011202900024141024,1.510717519064793E-20,25052.76927630196,-20174.227805946954,179258.83650787425
4272,0.00443844826036876,-0.012112423644785255,3.910928613871368E-20,62.01248308128766,-41915.28018756506,290015.4753156368
4273,0.003952053968091025,-0.011729169901052964,7.080584728599164E-20,6809.93468013858,63274.55556879452,389110.1346199188
4274,0.0029792653835355562,-0.010962662413588382,3.012019742999962E-20,4808.8181859442175,44963.7787985175,253150.4329023001
4275,0.004313143295001479,-0.01180067796764279,4.763048096427122E-20,-24391.43622805731,45646.17392489652,319211.42559847364
4276,0.0038267490027237465,-0.0114174242239105,2.5536335085534482E-20,-16826.666632077337,35400.03646591987,233515.89639560747
4277,0.0033403547104460113,-0.011034170480178207,3.298779277249355E-20,9230.322289523512,-19340.72390841622,268266.01203970204
4278,0.0040625333642669206,-0.011177186613357856,7.048736749739285E-20,-432.20592569960854,-14372.357560488916,393129.4408331487
4279,0.0035761390719891866,-0.010793932869625565,5.383830480884623E-20,-50770.11558423063,11752.39833759067,339835.57081212616
4280,0.004423622691177376,-0.01124869467994768,2.020447393092186E-20,9653.168042032248,28917.04294375131,208399.3738735846
4281,0.00465940705272055,-0.011008457069395038,3.9881926418715576E-20,-42047.472784016834,-30674.203363761037,291295.95357611845
4282,0.004173012760442817,-0.010625203325662747,3.522835303703591E-20,21958.8067126548,26290.199390243237,275992.35754052334
4283,0.004534102087353271,-0.010696711392252572,4.5927194659149355E-21,9653.857452126482,5805.073826388601,99782.73576455082
4284,0.006805003112354685,-0.013742437830710922,4.949598585160454E-20,-9545.23891502625,-8616.645829813822,329400.776243656
4285,0.006783364547860696,-0.014369533121744667,6.07419581438741E-20,-525.2207690319794,33312.80554146702,363663.4745254721
4286,0.006761725983366706,-0.014996628412778414,4.773558575866122E-20,-4488.085950128622,-4932.518029768602,323667.6352925259
4287,0.006740087418872716,-0.015623723703812159,4.3537970727989673E-20,-7664.648067043083,-39628.958848046284,306528.95584552403
4288,0.006718448854378725,-0.016250818994845907,2.809025737377174E-20,6341.9687165350215,26857.624940460548,246802.85458495576
4289,0.006613511619667808,-0.01399052053138741,9.103964226648898E-21,35.94496401196417,-20625.375456830887,139866.688590707
4290,0.006570234490679828,-0.015244711113454901,4.889758583058131E-20,36414.12054594947,14386.257402349898,325305.1940163415
4291,0.006548595926185838,-0.01587180640448865,2.05336415085772E-21,9205.205358433954,7385.824870229107,66098.05656473918
4292,0.006252167198788044,-0.013859590641706644,7.880913334279432E-20,69340.735244941,1221.0999330432182,410144.5902873913
4293,0.006230528634294054,-0.014486685932740391,6.338925729469807E-20,9500.640592850328,66393.49817053805,366980.9477380399
4294,0.006208890069800062,-0.015113781223774136,2.975461230919455E-20,5671.9026568043555,-11300.806721156428,255279.20770571675
4295,0.006060675706101166,-0.014107673342383135,1.0995708446870442E-20,7252.1059481359225,20370.28038528114,153863.4193138461
4296,0.006039037141607175,-0.014734768633416878,6.861884696591709E-20,42770.25148692821,-43422.19484781318,383327.9660068145
4297,0.0060173985771131856,-0.015361863924450625,2.499312856094763E-20,4641.697420189396,-34884.67479638676,231592.006966035
4298,0.0056993312852214005,-0.01397674345270237,4.7835911636242276E-20,-14821.239684407697,-43508.408367311655,320800.2944915723
4299,0.005677692720727411,-0.014603838743736112,6.645564279013916E-20,-38226.86260950221,48185.747819179276,376991.46668831113
4300,0.005507839792534525,-0.014224826153378856,3.677071036315172E-20,-15401.707552660873,21397.933519993214,282906.9829686854
4301,0.005486201228040532,-0.014851921444412603,3.236241947335658E-20,45921.6385535716,7140.562190538273,262474.9546571349
4302,0.005146495371654758,-0.014093896263698093,2.7826259853248757E-20,38888.13940602779,-13394.038777866766,243725.04568502036
4303,0.0051248568071607685,-0.014720991554731836,3.1789755991574667E-21,1183.8441254897755,-5649.391486063998,83344.13527596976
4304,0.004955003878967882,-0.01434197896437458,2.1780894196349097E-20,-266.28188302584095,-16737.832347399923,218037.93342292568
4305,0.0016120498037174948,-0.015277709075439648,2.727098560419548E-20,-550.2144854048895,15732.362481424994,244185.6895476422
4306,0.0022056388692781844,-0.015056327037068048,5.731961458235125E-20,57126.38668065585,-20389.231563987683,349525.5740677276
4307,0.002799227934838874,-0.01483494499869645,1.878044738466121E-20,3723.2183188619674,4278.472200192668,202980.31418377135
4308,0.0033928170003995634,-0.014613562960324851,5.08904672494869E-22,2419.494811079065,5192.861435122464,32931.74542794657
4309,0.0039864060659602525,-0.014392180921953254,8.995208770665908E-21,-12272.976429145883,-13979.05427289419,139295.66181461778
4310,0.0019597298980300847,-0.015368388774008255,1.781349259916126E-20,17944.477472160634,31408.822969742803,194426.52192969274
4311,0.002553318963590774,-0.015147006735636655,3.7203861406814504E-20,-11888.763792792783,41504.36712001689,282521.65998083306
4312,0.0031469080291514633,-0.014925624697265058,6.497669051678087E-20,19635.55644510517,-35676.10183387991,375500.0632770964
4313,0.0037404970947121532,-0.01470424265889346,2.251464469913785E-21,-4525.7828871785605,9244.696720426946,69550.1901956011
4314,0.002061501021094575,-0.015771130209517068,3.855620229606188E-20,2494.3212072380434,2808.228428994996,290925.1583271963
4315,0.0026550900866552643,-0.015549748171145471,4.14372042726871E-20,-51109.671335763756,-1879.0200361134898,297256.06295390584
4316,0.0032486791522159542,-0.015328366132773871,1.0993649917930928E-20,22242.8440191849,13466.619076532894,153169.44747698726
4317,0.0038422682177766433,-0.015106984094402275,4.886166922342772E-21,13794.468626588829,6344.247113452546,102455.98263660625
4318,0.0024091811154071646,-0.015861809908085674,7.723344385828918E-20,-10073.909670925366,57189.92831923575,407672.1298449902
4319,0.003002770180967854,-0.015640427869714073,4.8729936847138284E-20,51291.68660901556,29706.210715448076,321675.37466210226
4320,0.003596359246528543,-0.015419045831342477,3.9089636491337975E-20,-24376.388769923982,-36337.12752563983,289669.0073959241
4321,0.002510952238471655,-0.016264551343594492,5.291685264373538E-20,30144.46295617369,53135.495382231784,335333.8481328341
4322,0.0031045413040323446,-0.01604316930522289,3.3031453044115954E-20,21710.30677049148,-18412.71611262989,267789.85754125036
4323,0.003698130369593034,-0.015821787266851295,2.909467886579435E-20,-12340.44374340072,19545.294302428727,251682.61759020542
4324,0.0028586323327842453,-0.016355231042163097,2.767962203351161E-20,25318.020269041408,18624.575988639725,244507.1777714339
4325,0.0034522213983449344,-0.016133849003791497,4.101396853447326E-20,10214.771167904295,43153.22583330624,296784.64398400736
4326,0.002960403455848736,-0.016757972477671912,4.7137642121501226E-20,19487.090024578167,4637.93127946165,321078.10246915865
4327,0.0035539925214094254,-0.01653659043930031,6.542283567016127E-20,-30964.926903425003,-7977.20046269329,377644.94014059426
4328,0.003308083550161325,-0.016848652176240517,7.827672578293987E-20,-3386.7417557323647,-12168.174557356797,414366.699095223
4329,0.014840241722743659,-0.0048145860398661495,3.319301700908694E-20,-7981.839411028458,-34755.47412205297,267590.8071313092
4330,0.015199127049697819,-0.005292599572101453,2.509395968805289E-20,-25108.484134373066,-34446.31098202354,230819.7081151375
4331,0.015558012376651977,-0.005770613104336757,7.284408494870266E-20,57448.65427317939,38344.56843334765,393904.9434817471
4332,0.015916897703606134,-0.0062486266365720635,3.377881839535041E-20,12399.965997445088,-34164.987047252835,269891.89509409614
4333,0.016275783030560296,-0.006726640168807368,2.0573515431386283E-20,14289.68587782618,-14014.4639511156,211587.62220611869
4334,0.014845078495054955,-0.005130937958337207,6.193031182569047E-21,-10551.042382807756,-14415.348572876252,115229.80636525487
4335,0.015562849148963274,-0.006086965022807816,1.38635700159084E-20,6107.671800269742,-5413.074884674375,174273.87898635244
4336,0.015921734475917434,-0.006564978555043121,2.9035529927096054E-20,-34066.41246180413,8001.461760456201,250048.07060749643
4337,0.014495866712723387,-0.005285628263044017,6.98419800262733E-20,60783.92508552977,34112.58829137365,385333.8621045185
4338,0.014854752039677545,-0.0057636417952793215,6.121992561062241E-20,-62567.45709933001,26541.37068301776,360265.7408145789
4339,0.015213637366631706,-0.006241655327514626,4.014820951088506E-21,6183.766410372692,14112.221021885001,92613.70525414718
4340,0.014500703485034678,-0.005601980181515074,5.77341983593259E-20,37925.207548033475,-50261.09632877477,350418.32881189085
4341,0.014859588811988839,-0.006079993713750379,4.962196207657968E-21,4691.511244541687,-6640.449784656058,104060.48500779644
4342,0.015218474138943,-0.006558007245985684,3.819285019742641E-20,-6370.869226538019,-19248.72973368906,288864.503957372
4343,0.014151491702703111,-0.005756670486221886,5.976325222167903E-20,29943.821557619787,-55902.99251285316,356637.88778379327
4344,0.014510377029657271,-0.00623468401845719,7.339893873896948E-20,-37677.339584091715,-46074.827101916526,396998.0933552389
4345,0.014156328475014407,-0.006073022404692942,5.267520508638351E-20,-33324.03903010678,-29614.427822657297,337139.15212349803
4346,0.014515213801968565,-0.006551035936928248,3.996515606862017E-20,6271.891753275895,11190.888663765609,295939.84235095483
4347,0.01380711669268284,-0.006227712709399754,7.209167845278724E-20,50452.434449725275,52104.93234385348,391177.0102994773
4348,0.014166002019636999,-0.00670572624163506,2.7343475010023424E-20,6475.683085723154,-41763.93166341386,241345.09239423118
4349,0.013811953464994135,-0.006544064627870811,1.1545082608160251E-20,-3500.965585840688,7937.058358861128,158972.98821192022
4350,0.01501771202240154,-0.0042460686928533576,4.178306712456554E-20,-9393.690956037122,27589.613885360923,301474.4133184075
4351,0.015000887218943909,-0.003686894072249113,2.637878769194636E-20,42381.696805810025,-1187.788940720544,236892.35781839315
4352,0.014984062415486277,-0.0031277194516448684,6.301918528608244E-20,-30944.477503862185,-22282.075243287225,370009.21319015505
4353,0.01496723761202865,-0.0025685448310406238,2.0439500789439E-20,10336.635541919755,-1495.7471191303234,211581.20154769687
4354,0.015200019094370713,-0.003993903264311624,7.93465552845644E-20,29597.480436042584,1659.0120286317149,416328.4489705561
4355,0.015183194290913082,-0.003434728643707379,7.919874604284508E-20,-22523.980255113336,-20818.10446641657,415864.0372927112
4356,0.015166369487455453,-0.0028755540231031346,1.6426635598271065E-20,-9966.007586096035,31756.970297240852,186969.1652876446
4357,0.015149544683997826,-0.002316379402498891,5.055378977224668E-20,-9840.12438975601,2494.3933734430357,333000.9372094582
4358,0.015564633238309067,-0.0034895724072281555,5.280499856329455E-20,20208.990379932315,-23378.736629772076,339087.4683131766
4359,0.015547808434851436,-0.0029303977866239114,7.503089704782277E-21,-1553.6484042173736,13951.7765075375,127578.41499450523
4360,0.015530983631393807,-0.0023712231660196676,4.8536268442024194E-20,-8966.924419417071,-34706.79838687755,324465.97589115344
4361,0.015763765113735867,-0.003796581599290667,7.483533413803515E-20,-19457.298224712376,-67854.32308728677,399150.1153031154
4362,0.015730115506820613,-0.0026782323580821776,2.5775930599981734E-20,-10369.696678149327,-11348.573522804434,237393.5404329857
4363,0.016145204061131853,-0.0038514253628114427,7.410234815299563E-20,-32497.41685480544,-63193.50663230369,397045.1037883846
4364,0.01612837925767422,-0.003292250742207199,9.22822269140145E-21,-18361.9012664125,-1786.4124190459906,141140.21893772655
4365,0.01611155445421659,-0.002733076121602955,2.3403365089142986E-20,32541.624646514207,408.6204481059892,224329.748214115
4366,0.016310686329643397,-0.0030400853136654652,4.40721083904244E-20,-6270.9537852650465,-16845.221456620347,310546.02464555326
4367,0.016708950080497005,-0.0036541036977904865,3.3318120075228333E-20,-17691.15581195772,43006.90233169964,266436.8412012967
4368,0.01669212527703938,-0.0030949290771862424,2.1452139095879012E-20,31411.922234318186,21430.612541190952,213665.6091017331
4369,0.016891257152466182,-0.003401938269248753,7.318599558559382E-21,5882.24225296457,19395.282102403085,125129.87287372873
4370,0.01310433986598685,-0.007157168129858592,5.0522189196261094E-20,-11350.981846933806,-5989.634993805077,332804.10692754824
4371,0.013413160386172655,-0.00768163795603666,4.5007770261540673E-20,11194.381639989444,28030.909275417594,312897.989355711
4372,0.013721980906358455,-0.00820610778221473,5.880034465898334E-20,15671.449330281768,-13417.970339551743,358709.67094048817
4373,0.014339621946730061,-0.009255047434570863,7.738111634227755E-20,-55054.379037662715,-49938.997776215554,405423.32018155215
4374,0.014648442466915863,-0.009779517260748933,4.656210981295902E-20,-3429.2968268514114,48068.05587586477,316079.9042550696
4375,0.013095149831642703,-0.007460891022432753,3.4818766025780146E-20,-45134.953924477486,1406.3202463822051,272775.98983302846
4376,0.013712790872014309,-0.00850983067478889,2.4614550243507528E-20,-27162.580495979073,20354.297978800314,229978.38582339996
4377,0.014021611392200114,-0.009034300500966956,4.390468767762701E-20,-16754.68778660285,27650.17231837583,308786.4799537657
4378,0.012767949242768606,-0.007543866981403006,7.574534685821038E-21,7327.53430365551,-14944.046770206758,127879.47726548383
4379,0.01307676976295441,-0.008068336807581074,6.412546269872397E-20,12070.730683221842,-24141.511572413536,374247.5423495719
4380,0.013385590283140212,-0.00859280663375914,5.296821656162099E-20,11401.93225249933,9892.466981923813,340684.26067311555
4381,0.01400323132351182,-0.009641746286115277,3.521161657963977E-20,51037.08413157098,3312.3393105793984,273299.5502448987
4382,0.012758759208424458,-0.007847589873977165,1.0849663091786935E-20,27859.974013844527,-4325.472076366719,151743.06330275917
4383,0.013376400248796065,-0.008896529526333302,6.612031834385822E-20,-50522.56153084628,1628.7537417284348,377643.1216939485
4384,0.013685220768981867,-0.009420999352511368,3.2280578574831594E-20,36319.36715085952,8621.100085701446,263590.1780195082
4385,0.012431558619550365,-0.00793056583294742,2.4809964289348586E-21,-8847.523623727691,-2314.250937693288,73235.83673279837
4386,0.013049199659921969,-0.008979505485303555,5.1281673735185465E-20,-3290.0955386520686,-30204.87751991069,334167.03752735537
4387,0.01335802018010777,-0.009503975311481621,4.674858249761064E-21,7833.315754187624,3955.162479909301,100929.80171605806
4388,0.012422368585206215,-0.008234288725521578,3.043643955230187E-20,8375.336801152871,16167.436399680611,257861.9717303211
4389,0.013040009625577822,-0.009283228377877715,5.011081307839888E-20,847.8717266573434,52639.14792901888,327488.1753531013
4390,0.012095167996332118,-0.008317264684491833,1.5881990039791338E-20,-25636.1607344178,15695.664459837515,184298.50571577507
4391,0.012712809036703725,-0.009366204336847967,2.9605653527989426E-20,-33484.29381365249,5316.928394501149,252687.23866024707
4392,0.012085977961987971,-0.008620987577065992,4.3503280579658066E-20,37098.02312047139,39248.680857788284,304296.4283684065
4393,0.012394798482173775,-0.009145457403244059,5.0466483271582284E-20,46568.750305883674,-15189.917761847033,329243.9942328712
4394,0.012067597893299678,-0.009228433362214312,7.809579380934147E-20,19959.753083780517,53764.18773352356,410089.1053176242
4395,0.011749587338769728,-0.009007686428610405,6.701051419660272E-20,-65391.05644187511,-2331.7543982226343,377945.1498654142
4396,0.011061883622498127,-0.009491998125046463,3.6086188046602436E-20,16118.283736672369,-31387.288256239975,279255.42309748236
4397,0.01133400627255418,-0.010084378744180953,4.7626874303813024E-20,38561.53692844541,12318.823803959269,320823.60493903764
4398,0.011606128922610232,-0.010676759363315446,6.398390676604233E-20,-31796.700393088337,50608.0759856945,370009.107768853
4399,0.011878251572666285,-0.011269139982449935,1.412427439389786E-20,11729.708254563962,6311.407819559297,175593.15515515066
4400,0.012422496872778393,-0.012453901220718917,9.827549097675868E-21,5555.087437800583,25028.441493395287,144635.65877198888
4401,0.011028581083974717,-0.009810357903542016,7.036009403395279E-20,46418.194560468284,44250.99719053772,387769.61732665263
4402,0.011300703734030769,-0.010402738522676506,7.11862478014104E-20,-61144.501690115154,-9130.167821607592,390473.959537084
4403,0.011844949034142876,-0.011587499760945488,2.8398359317622314E-21,-6224.036341168782,-6227.7549717032425,78469.38508103162
4404,0.012117071684198932,-0.01217988038007998,3.7843561380984285E-20,39094.85136894084,5013.341723464738,285540.51614836097
4405,0.010689853356871847,-0.009854696841398631,4.969737876219601E-21,9012.567886708166,-5642.56415511368,103914.30831443552
4406,0.0109619760069279,-0.010447077460533121,1.7828174242919423E-20,-21096.977918055647,27027.869981893084,194850.80630089855
4407,0.011506221307040005,-0.011631838698802105,4.2650303074973786E-20,36772.87686889292,-37388.440247717175,301479.94447487226
4408,0.011778343957096059,-0.012224219317936593,2.6594858105938774E-20,32270.608703057762,-18076.84456772543,238792.4499828675
4409,0.010656550818348437,-0.010173056619894183,7.748830168978867E-20,-9087.53276269902,-71829.45249761223,406061.8574264161
4410,0.011200796118460544,-0.011357817858163165,6.559582022018971E-20,-36451.99066295624,13390.875864864034,377504.82557885465
4411,0.011472918768516596,-0.011950198477297655,4.014853691396211E-20,-6480.378981626112,22486.135270325933,295972.90477157314
4412,0.010317823091245567,-0.010217395557750801,4.907710033792714E-20,-5225.407759785988,-1988.8459638953157,328206.17253233097
4413,0.010589945741301617,-0.010809776176885288,3.901703348544252E-20,-25158.796801271557,5195.367985370383,291553.37363666645
4414,0.011134191041413725,-0.011994537415154273,6.317573809641246E-20,-12751.430742177183,57386.9418031706,367761.7791665261
4415,0.010284520552722156,-0.010535755336246351,3.3410812582419427E-20,26912.43479275305,-37038.97125852585,266942.88930097566
4416,0.01055664320277821,-0.011128135955380843,4.546998259852701E-20,-2828.4575302726903,-46386.15260820651,312524.12008590816
4417,0.009945792825619287,-0.010580094274102966,5.51115669688376E-20,-61996.07679876983,-11975.242154605749,342070.912044393
4418,0.010217915475675339,-0.011172474893237458,7.74310967983654E-20,69901.82490523215,-27306.596331223456,405426.6580577924
4419,0.010490038125731392,-0.01176485551237195,6.122338090402835E-20,-19467.8046241949,34167.98210099666,364515.6716119801
4420,0.009912490287095878,-0.01089845405259852,2.3191078552343796E-20,-40210.457384108515,5202.112860054727,221975.07646305874
4421,0.009573762559993005,-0.010942792990455136,1.2160771517284849E-20,-2312.2061444163783,4405.923950554382,163323.8320279057
4422,0.009845885210049057,-0.011535173609589625,2.842060319004302E-20,2711.611374819279,17155.303714196438,249192.3563097212
4423,0.009540460021469596,-0.011261152768950688,2.7574937131167156E-20,-35095.088652417835,-1501.3020529242067,243532.0889488011
4424,0.008307501577666089,0.0020152820186219566,5.50448385001361E-20,62274.39431265699,7511.4450808109705,341933.3300915488
4425,0.008642108005422292,0.002487746532164371,5.739583703186106E-20,-3286.7998583766935,816.2046257804935,354969.22606073186
4426,0.008976714433178493,0.0029602110457067855,5.3230801716559636E-20,-2495.0198489212694,23796.628075690584,341024.3985758552
4427,0.009311320860934695,0.0034326755592492004,2.290247589635607E-21,-2648.273992040691,-7923.963504659246,70416.7829299049
4428,0.009980533716447098,0.004377604586334028,4.7978446944450504E-20,10366.017076650644,11191.568268663073,324200.1161838237
4429,0.0103151401442033,0.004850069099876443,6.795685028647924E-20,6768.08534326146,-47845.37702249945,383231.8990894748
4430,0.008597931628184915,0.0021202940631622064,6.946265808178374E-20,25637.773476573962,25710.846542849704,388830.78936848295
4431,0.00926714448369732,0.003065223090247035,1.0968823895195229E-20,-9637.116157907443,-10883.526486013048,154502.88663610825
4432,0.009601750911453521,0.0035376876037894497,2.2214507322769852E-20,-12590.8207539935,28484.65104719269,218638.68742695844
4433,0.009936357339209723,0.004010152117331864,9.471464506685222E-21,-12015.473797724724,-6950.800665938787,143534.92046031225
4434,0.010270963766965926,0.004482616630874278,4.305834381236164E-20,32225.852751975388,41299.99222224643,302971.89559984894
4435,0.009178791729222568,0.002330318152242705,3.007848407084242E-20,17569.62390865449,21461.65078728611,255478.23883710612
4436,0.009513398156978768,0.0028027826657851195,7.993000006765357E-20,-53861.8815714284,9982.761833233404,415317.1731524855
4437,0.009848004584734971,0.003275247179327534,9.35206765568654E-21,-16522.084561818137,7540.323738423595,142137.19632620388
4438,0.010517217440247376,0.004220176206412363,7.983540447596123E-20,-28720.72979906806,-59688.68820858818,413393.0390606229
4439,0.009134615351985193,0.0019628656832405404,6.70608865382893E-20,-27731.02462903364,-20083.99172239678,382180.8228199737
4440,0.009469221779741395,0.0024353301967829544,7.722556891458491E-20,15043.021585558543,-69150.95912819676,405639.3714529856
4441,0.009803828207497596,0.002907794710325369,3.835289802025471E-20,8338.078591903626,-49374.47975026371,285828.3244497222
4442,0.010473041063009999,0.003852723737410198,5.3082607153990484E-20,-52820.57383657179,-15517.706029835013,336918.33824582293
4443,0.009380869025266643,0.0017004252587786248,5.548333134453435E-20,53001.3129972357,22902.61884728334,344212.1161787968
4444,0.009715475453022844,0.002172889772321039,1.9091956669339333E-20,-1511.3240821713107,-2911.6124899608512,204710.390768926
4445,0.010384688308535249,0.0031178187994058684,7.76567475581842E-20,-37248.43045447226,-17213.7074986028,410870.24293184315
4446,0.010719294736291449,0.003590283312948282,1.9665781796822665E-20,-32933.69765615063,-37.80917990075407,205164.1535172876
4447,0.009671299075785468,0.0018054373033188744,5.4722142584198094E-21,5156.879790476076,14206.879456178112,108563.4627481773
4448,0.010005905503541669,0.0022779018168612884,3.206100801618708E-20,20573.89193822225,-198.28485773693808,264514.2763989359
4449,0.010675118359054072,0.0032228308439461177,3.7102184670781E-20,-24991.854670090783,16658.684834831573,283825.83414359693
4450,0.00991755274906692,0.0015429968788569588,5.049946690005275E-20,-20820.07420293689,27304.350211507586,331201.4545168153
4451,0.01025215917682312,0.002015461392399373,1.2121091781952587E-20,-1572.944070428024,-16544.296134938937,162284.09141227117
4452,0.010921372032335524,0.0029603904194842024,5.152935900388591E-21,-15268.794984513133,-8624.586589749455,104909.23216440085
4453,0.010207982799585746,0.0016480089233972086,3.4185925615997244E-20,31617.703793412406,38909.76464986303,269337.72458452254
4454,0.010542589227341947,0.002120473436939623,2.0742093917155524E-20,15721.610040477703,-15693.691275116407,212241.79949630104
4455,0.010877195655098149,0.002592937950482037,7.02778369114554E-20,48105.62650719769,5860.443001629779,389806.3383070641
4456,0.010788842900623397,0.0018580330124777075,6.444544224120735E-20,-8525.708566044912,-26704.065370722652,375108.609490396
4457,0.011123449328379598,0.002330497526020122,3.578107991162635E-20,40628.29222819554,-16481.31002230855,276832.7741731316
4458,0.010744666523386024,0.0014905805434755424,5.815509254448525E-21,13029.61130045887,-1817.2375376931086,112227.88544082396
4459,0.010990920196667472,0.001228140119013627,3.4784556410771804E-20,38344.577483707355,15000.896454147725,273268.07435491105
4460,0.011325526624423673,0.0017006046325560413,5.789585663943054E-20,47978.73157554991,-43375.44441135296,350612.3823384728
4461,0.011281350247186298,0.0013331521635538764,2.806831870707564E-20,4027.0366386751843,24169.63948663117,247031.6700089017
4462,0.0089982090928981,-0.0011510817722897584,3.7612115695327044E-20,7991.707329472291,-41044.39259969245,284306.6490078404
4463,0.00885337898751359,-5.885574725477301E-4,1.638187432222497E-20,11886.629955576982,-5903.975627263853,189184.7544253213
4464,0.008708548882129078,-2.6033172805701738E-5,2.673520170109286E-20,-12779.87643693248,26793.155908474866,240451.5120839282
4465,0.008563718776744564,5.364911269363267E-4,6.070136146897255E-20,-43511.49240308117,-45968.50637190242,359535.33432087867
4466,0.008274058565975542,0.0016615397264203831,5.437463408987827E-20,-5611.843114099657,-20049.721146938038,344888.3640836443
4467,0.00911036602634187,-8.372877202090542E-4,2.54906924801398E-20,42671.62590036179,10065.639640832891,232472.74768928374
4468,0.008965535920957356,-2.747634204670258E-4,5.317710888709045E-20,-13251.840414114888,19324.525303684648,340885.922387367
4469,0.008675875710188331,8.502851790170308E-4,7.335936572409976E-20,6630.395842788958,10849.402525022702,401125.17029678426
4470,0.00853104560480382,0.0014128094787590592,1.686567530042223E-20,901.2568660621973,9724.599904052091,192181.7967169126
4471,0.009479509998613913,-7.722239157896735E-4,4.5246755962765216E-20,2689.3159188024174,-23532.420736152897,314292.68511608883
4472,0.0093346798932294,-2.096996160476454E-4,1.0237763317951812E-20,-3162.384256363432,16162.972013751607,149017.29427478364
4473,0.009045019682460376,9.153489834364115E-4,3.505490320846045E-20,-9877.90625216484,-33436.8570591132,275224.8780556728
4474,0.008900189577075866,0.0014778732831784397,6.062034111683319E-20,-8141.061345210355,6737.710254476363,364667.5933932346
4475,0.009591666932057678,-4.584298637089694E-4,1.898030870942011E-20,30015.3568101615,-7487.416938099789,201779.57135013005
4476,0.009302006721288654,6.666187357750872E-4,8.507760625777951E-21,-4922.487430705051,20469.499547801817,135040.28771873657
4477,0.009157176615904143,0.0012291430355171155,2.648223088069259E-20,-18441.224058873366,20230.68129904885,239569.11803955358
4478,0.009960810904329723,-3.933660592895889E-4,2.842584685014367E-20,38756.982922167415,17771.538403246053,246154.5633454346
4479,0.009815980798945209,1.6915824045243954E-4,7.798224142678274E-20,-7556.3943997715805,14504.278913023576,413455.2851466977
4480,0.009526320588176186,0.0012942068399364962,5.402650066924472E-20,34520.082232911394,-52157.995229104636,338681.3199971348
4481,0.010072967837773488,-7.95720072088845E-5,5.98379878421456E-20,4637.848175205812,-18008.796560416664,361981.5163971402
4482,0.009928137732388978,4.829522925331436E-4,5.203671119984843E-20,-8355.387170735834,-18199.519939086513,337412.86836144334
4483,0.010442111810045533,-1.4508202789504053E-5,6.794892180150147E-21,-8652.62308034653,2823.032836989069,121801.502983256
4484,0.010297281704661022,5.480160969525243E-4,5.899462730104783E-20,56179.98215819641,-2130.7832100608593,355477.2674824371
4485,0.01015245159927651,0.0011105403966945526,5.1462381405324615E-21,6967.860258813443,9859.681675634374,105607.75070310925
4486,0.0105542687434893,2.992858492912E-4,5.554127184992027E-20,45120.367969508836,-30265.01346761891,344950.7816503522
4487,0.010923412715761345,3.6434965371058065E-4,1.7676396413697555E-20,22243.093596405197,2837.8838588194935,195720.16337257504
4488,0.01077858261037683,9.268739534526089E-4,7.667867542550101E-20,16065.716299539708,39054.972869309124,408126.606597989
4489,0.01103556964920511,6.78143705791285E-4,1.6131981581924428E-20,-27370.368648557498,-9939.549447306868,185931.27694233975
4490,0.00864519483491046,-0.0012753141930950246,5.3935396327520715E-20,26312.18858325977,-28738.502252197202,341904.77274744096
4491,0.008067452966663344,-0.0012691535990107389,3.1399148897363124E-20,36839.48154761843,10469.679150863105,259752.24709368407
4492,0.007489711098416229,-0.0012629930049264531,7.428836779125828E-20,30920.78264433773,-17429.917504943474,402296.94395183783
4493,0.0069119692301691125,-0.0012568324108421674,4.9175302590077673E-20,-29677.709860516483,43962.13019948452,324272.60621026484
4494,0.006334227361921996,-0.0012506718167578812,6.068570896654429E-20,26538.764926938762,-888.6736178762588,364050.2009885893
4495,0.008404337510366585,-0.0010857525618195867,2.2250750829230786E-20,1881.803750357416,35027.54166428459,218224.38873739922
4496,0.007826595642119467,-0.001079591967735301,6.5273851149473E-20,31019.366776743263,774.949608967489,377290.6852304248
4497,0.007248853773872351,-0.001073431373651015,1.484632364893465E-20,28095.393494030883,3012.8111732176803,178317.78880962436
4498,0.006671111905625237,-0.0010672707795667292,1.4337756391939632E-22,2694.7278696168364,-1106.5209574099877,17501.56985920864
4499,0.008500364729525948,-7.127898933529964E-4,1.0354853738089822E-20,-6088.026220243113,-864.6645412263697,150654.11049169803
4500,0.007922622861278832,-7.066292992687106E-4,2.955854923480814E-20,9147.573809609235,6826.695595552221,254492.84313390532
4501,0.007344880993031716,-7.004687051844246E-4,6.777718079123642E-20,-26469.569343888033,32910.374796172655,383436.40209110786
4502,0.006767139124784601,-6.94308111100139E-4,7.515350993310517E-20,-8554.350752568133,14354.726739095906,405860.7400029511
4503,0.008259507404982071,-5.232282620775584E-4,3.442161971748297E-21,7493.580402575019,4318.934790347834,86501.96931594785
4504,0.007681765536734955,-5.170676679932726E-4,1.365752339102141E-20,-9357.937022452244,-20679.060405085074,171669.48600673352
4505,0.00710402366848784,-5.109070739089869E-4,2.7832727106981206E-20,-6481.888583355856,28262.16330336955,245493.42130758034
4506,0.0065262818002407245,-5.04746479824701E-4,5.437223844455217E-20,-27439.95578251625,38184.81549047426,342293.9916993822
4507,0.00777779275589432,-1.4410499952668209E-4,2.9991018819751094E-20,-3466.347940607852,32403.8041748735,254527.73811294534
4508,0.0072000508876472035,-1.3794440544239632E-4,4.243251529432886E-20,4521.935735300685,46127.51621107255,301685.16787833313
4509,0.006622309019400089,-1.3178381135811067E-4,3.9786692598040854E-20,-27139.88106165593,45390.63219109995,290785.5867754407
4510,0.00811467729959756,3.9296037664470065E-5,3.1619093331839584E-20,35624.30404786764,29767.57540290431,259356.29495229194
4511,0.006959193563103328,5.161722583304162E-5,3.050599684530087E-20,-26878.51836682626,29648.98855654328,255686.38400831408
4512,0.008210704518756922,4.122587061310605E-4,5.996440776228465E-20,24207.168943537446,10950.90642696575,361867.50942273095
4513,0.007632962650509808,4.184193002153463E-4,6.696882856052186E-21,-5894.350275728487,-5975.613927557959,120966.14845286819
4514,0.007055220782262692,4.2457989429963203E-4,1.4328208869857814E-20,29931.351430993007,-8324.145317581366,174622.2911828838
4515,0.007392105325965931,6.079809314907841E-4,3.043237265099367E-20,5590.4182668682015,-42573.99725083882,254895.27584483795
4516,0.008065874413372412,9.747830058730888E-4,1.4774694177985807E-20,12700.386348230377,23265.380783075234,178145.49970575006
4517,0.007488132545125296,9.809435999573745E-4,7.679539146603738E-20,61713.308251905444,32918.26378206972,404616.89840636955
4518,0.007825017088828537,0.0011643446371485267,7.402266664754994E-20,-2440.816664122851,72181.33828109739,396614.76186479314
4519,0.007720979226130188,0.001804176813552534,2.580278344565141E-20,-2351.5944198521497,-9496.32788289578,237813.49816317658
4520,0.007349912000819384,0.0013272936372744687,5.414869490616302E-20,18733.46364551783,-55844.1731830156,339729.15138509264
4521,0.0069788447755085815,8.504104609964034E-4,1.2150839855063438E-20,-1867.0349136095917,-14352.036628124253,162690.38217067852
4522,0.006607777550197778,3.7352728471833844E-4,4.052453855958272E-20,29066.52562185508,-32348.786315624504,295096.2552463106
4523,0.005865643099576171,-5.802390678377913E-4,4.365212396611612E-20,43907.26479519094,-26725.703590677356,305283.0133829328
4524,0.005494575874265369,-0.0010571222441158564,6.083666351013278E-20,-18741.26569389024,48298.94195520466,361780.38572443003
4525,0.007424886925113113,0.0016980836530233602,2.3052925095963536E-20,-32088.69094516733,5672.467134268103,222602.10136727907
4526,0.006682752474491507,7.443173004672301E-4,2.0659614789648158E-20,-10726.220618188137,-6927.670166730921,212593.30197591387
4527,0.006311685249180703,2.6743412418916485E-4,2.190648393550698E-20,31567.265070619793,13141.95161212685,216627.09913665778
4528,0.005940618023869901,-2.0944905208890045E-4,7.51058369311602E-20,9664.65505043565,-45510.9625177671,403401.6044695087
4529,0.0072037695483897655,0.0019627805082430777,7.260941054006238E-21,-7829.026854655326,1239.816031612567,126011.27170422372
4530,0.006832702323078962,0.0014858973319650127,5.836616260339965E-20,-22441.154557942617,-27241.009600294714,356229.3152548361
4531,0.006461635097768159,0.0010090141556869474,2.7786019217583164E-22,1628.5652154308502,2512.9921686651546,24517.041059639865
4532,0.005719500647146552,5.524780313081804E-5,1.6725241467520507E-20,-2424.405713683912,16269.930800212498,190919.635009139
4533,0.00534843342183575,-4.216353731472471E-4,6.044301007331266E-20,-16796.85829867294,811.4458979214874,363898.3349872133
4534,0.006907677247372691,0.0018566873477139044,1.3979772683634138E-20,19507.924911385617,-19497.65735623552,173009.82462822308
4535,0.006165542796751083,9.029209951577743E-4,1.0465982878188528E-20,10275.708376112696,-6911.133441968873,151079.80316667215
4536,0.005794475571440281,4.260378188797092E-4,6.381766725150787E-20,-23344.318388242456,-36741.20653684007,371778.28009403317
4537,0.005423408346129477,-5.084535739835639E-5,6.3361749186333E-20,-53208.686611786085,-34801.409200011236,367519.6285902405
4538,0.006315492645338539,0.0016445010266555574,6.14563898972665E-20,-14813.626557910215,39564.66579368814,364890.24917689443
4539,0.005944425420027737,0.001167617850377492,2.1498328543283812E-20,-29480.682341289717,20615.303744496596,214257.5127369727
4540,0.005573358194716934,6.907346740994269E-4,2.84002541214091E-20,-32274.810108361475,-28981.285187246493,245911.02530749762
4541,0.006390467569632268,0.0020152910424044482,4.3743967385219474E-20,-11421.69709767298,16197.306532881752,309271.18667729845
4542,0.006019400344321463,0.0015384078661263834,9.701462594364677E-21,-7781.397077758939,-14578.452919602341,145006.36737406382
4543,0.005648333119010661,0.0010615246898483185,6.206990831463561E-20,42348.4728951652,-8022.915103689929,366631.88624706573
4544,0.006169350192908919,0.002279987897624166,7.118887247303669E-20,-1251.6278807204133,28456.240148567984,394317.5896576232
4545,0.005798282967598117,0.0018031047213461014,7.617704416420215E-20,-50840.17168904914,11583.260914125429,405623.57260764035
4546,0.005427215742287314,0.001326221545068036,6.155284499738097E-20,9459.738918980154,49053.60098351656,364205.6125219239
4547,0.005873257891891844,0.0021738947370949922,5.522483598093969E-20,-19758.00798209245,-31372.257376077116,346227.5514264578
4548,0.005502190666581041,0.0016970115608169276,3.9459350225239583E-20,-9607.798790304843,30865.5926733673,292556.7532167113
4549,0.005131123441270239,0.0012201283845388626,2.5457877661747484E-20,12.076959584315446,2302.2970240195637,236407.31024584727
4550,0.005281073289857695,0.0019617084160366456,6.22370009316726E-20,41469.070795928536,3986.0593914165024,367298.22380285984
4551,0.004910006064546892,0.00148482523975858,3.983879526270695E-20,26766.72721980035,43192.61245280019,291351.11789107387
4552,0.005356048214151422,0.002332498431785537,3.473991723590691E-20,-29841.791896394927,19208.5880997257,273885.4956271774
4553,0.005134930837428075,0.0025971952870052543,7.233249869434813E-20,-26082.981717941813,-61619.56264327729,392850.17717040726
4554,0.004763863612117272,0.002120312110727189,6.45161682641692E-20,-31486.38878868002,-11373.036029586778,374869.05239934404
4555,0.0048388385364110005,0.0024911021264760807,7.435321763977464E-20,20675.104918312554,58692.08277185642,399215.33958171704
4556,0.007076375080297592,0.0051224282537069964,7.291875487445171E-20,66407.57817458794,26356.66681226423,393689.0374619926
4557,0.007199397276662848,0.005754004198443031,6.091227550096496E-20,-273.5617191168146,-51501.12997155992,362053.36311633216
4558,0.007322419473028105,0.006385580143179068,1.8828144362895374E-20,-5844.347867669445,26952.88641619122,201438.03408743543
4559,0.007445441669393361,0.007017156087915103,5.124675082950933E-20,-351.8193185102402,37047.42652545434,333378.8509631749
4560,0.007568463865758618,0.00764873203265114,7.571021046438076E-20,13573.566230819946,-68274.56256145303,401719.7675882689
4561,0.007691486062123873,0.008280307977387174,6.988316722946372E-20,48341.95744441283,15994.616196268451,388378.93187859573
4562,0.007312908881434922,0.005350931135094514,1.8836374700380678E-20,18741.372497594068,-14201.559423025941,201997.63059687265
4563,0.007435931077800178,0.005982507079830551,2.5593797025447535E-20,8365.615471908848,22056.275961053743,235872.14774526117
4564,0.007558953274165435,0.006614083024566586,6.299347483266594E-20,-46294.01423976116,42117.91738545768,366588.82489407656
4565,0.007681975470530692,0.007245658969302622,5.1607361869974845E-20,-35164.49723846503,-34898.28048629157,332943.5325113422
4566,0.007804997666895949,0.007877234914038658,4.447604368812194E-20,-30858.092031771852,15928.884904267792,310552.4472579145
4567,0.0077859764837095845,0.005807936897869553,7.045698467445912E-20,-11297.097083148732,57483.48657117335,388920.077356885
4568,0.00790899868007484,0.006439512842605589,2.131950289377529E-20,-33878.73678708763,15.140131164873152,213681.99704035572
4569,0.008032020876440097,0.007071088787341626,7.527340156466396E-20,-11661.111974753125,68598.31197963476,400529.26407195075
4570,0.008155043072805353,0.00770266473207766,4.6395042825205536E-20,-16464.252576611565,-17589.45200674376,318247.6114517235
4571,0.007899488088481657,0.005404863834521037,1.9588676553883577E-20,-9513.769946124896,-26242.127323316712,205495.76957470615
4572,0.008022510284846913,0.006036439779257073,4.300186461693504E-20,16711.510539131963,-46877.867621619276,303208.43221650977
4573,0.008145532481212171,0.006668015723993109,5.775018232647441E-20,-24404.66553213655,6460.000958412095,355183.44328725117
4574,0.008268554677577427,0.0072995916687291435,5.00725354286005E-21,-1208.7437291813094,11553.662558480934,104204.9293016905
4575,0.008249533494391063,0.005230293652560039,6.753080914925898E-20,12891.621813134821,7630.412700102428,384762.0968546503
4576,0.00837255569075632,0.005861869597296075,7.612202569625117E-20,-30261.613175211787,-21732.145141556342,407112.43101366976
4577,0.008495577887121577,0.0064934455420321115,6.009261760765591E-20,-34796.752854236525,-15269.69183704873,361236.0935255079
4578,0.008486067295528395,0.005458796533947558,4.0743183409916584E-20,-14602.024805567926,-7123.107124759237,298645.59493053006
4579,0.008609089491893651,0.0060903724786835955,4.102265206003276E-20,48623.01398131018,12567.404582987097,295879.3591221447
4580,0.008732111688258907,0.00672194842341963,7.453429534450176E-20,-41827.622930314785,-51581.62699309488,399039.4159860289
4581,0.008836112701437799,0.005284226351986562,1.3397429676366024E-20,9629.789330293466,12501.077562071652,170779.24860607923
4582,0.008959134897803056,0.005915802296722597,4.501172593994464E-21,-14471.893833765898,-4735.190232472563,98237.66015787625
4583,0.009082157094168312,0.006547378241458634,4.307187394878361E-20,122.67784751519763,17051.772566026066,307042.4927421578
4584,0.00907264650257513,0.0055127292333740805,2.5932157912113885E-20,24241.63174078829,33557.25887861692,234992.06400270862
4585,0.009195668698940385,0.006144305178110116,7.517508341399665E-20,12421.872769247399,-13477.267975704633,405849.23425496503
4586,0.009422691908484535,0.005338159051413082,1.788409313623921E-20,947.0879954988056,-127.03090539023486,198152.1734522097
4587,0.00954571410484979,0.005969734996149119,7.225186267126201E-23,-368.86274289525807,1039.0622693659993,12546.553154145782
4588,0.009659225709621865,0.005566661932800602,6.715421313410556E-20,48541.90586828923,26299.645396690532,379988.7779998262
4589,0.007100769361952895,0.004746144305559552,7.437072925705493E-20,6833.034274745067,14050.167954856577,403781.44782096794
4590,0.00768734856899963,0.004800077004986073,6.790201830777434E-20,-55767.2174482045,37008.210510263285,380265.30209341337
4591,0.008273927776046366,0.004854009704412595,3.5433450449607145E-20,-18494.89727539648,-7197.80556887207,278211.3839788164
4592,0.009447086190139838,0.004961875103265639,6.1717216549608E-20,22596.806524128777,-4550.302313906536,367384.0401289164
4593,0.010033665397186574,0.005015807802692161,4.727524407600164E-20,-2768.6508916840394,-35255.8378262711,320224.7261733604
4594,0.00736169744474553,0.004598363238799627,3.808844570589161E-20,-46777.304057769754,8791.923315290445,285235.28077959444
4595,0.008534855858839003,0.004706228637652672,2.0665612041992652E-20,17263.483646762543,17332.359478485774,211597.93271970833
4596,0.009121435065885737,0.004760161337079194,6.385318795864791E-20,-170.10855487741415,60622.495102504516,369481.84535525925
4597,0.009708014272932473,0.004814094036505716,6.268111178428753E-20,45905.268540451485,40398.92361663639,365895.136792258
4598,0.007883553610330798,0.004302801105279779,4.5391768558476664E-20,-46845.20537080474,-6176.927665164447,312132.4264585659
4599,0.008470132817377534,0.0043567338047063005,1.2999683457069321E-20,-13538.272397041535,-5416.094588913621,168311.2474957616
4600,0.00905671202442427,0.004410666504132823,2.6024051629473295E-22,-3035.5871983387005,-2414.3652138364955,23586.52267543647
4601,0.007557902486076696,0.004101087339093333,6.558031001695911E-20,-10600.457225935374,-2095.863763662113,379298.2217444845
4602,0.008144481693123432,0.004155020038519855,4.1742039521913436E-20,54058.54814130764,12838.019626564608,297588.69466505747
4603,0.00873106090017017,0.004208952737946378,3.5176060403964236E-20,10.124060148343233,-35174.99024076849,275668.37834362313
4604,0.007493179444615229,0.0037515925061469622,7.590942003708938E-20,6613.837819649302,63237.97831060729,403260.4809952345
4605,0.008079758651661965,0.0038055252055734837,2.7952108152205526E-20,-14377.466434520113,-4489.877415804971,247271.14567379974
4606,0.008666337858708703,0.003859457905000006,1.427043076722916E-20,9205.351459078873,20172.302784285577,175612.0939288626
4607,0.007754107527407863,0.003603811439387038,2.7180850121805553E-22,4292.466417648826,173.11775273255313,24048.09174555325
4608,0.0083406867344546,0.00365774413881356,5.180567542529954E-20,-10416.263433196196,26315.711269140953,336065.7921483861
4609,0.008927265941501335,0.003711676838240082,6.683509006308457E-20,-6501.878152333478,60086.248249884324,378267.3427231226
4610,0.008275963692993132,0.0033082493058671893,2.852828013806801E-20,1523.209509217578,43029.97249360805,246538.02473082062
4611,0.008862542900039868,0.0033621820052937117,2.623889514384524E-20,37603.682334648205,-11126.165160706438,236792.3999298124
4612,0.007950312568739031,0.0031065355396807438,5.582604358921897E-20,16586.93905359993,-39880.12372153643,347422.7044175058
4613,0.007885589527277564,0.0027570407067343725,7.48266423632468E-20,55188.40976044738,24119.7999400399,400820.41090212314
4614,0.0084721687343243,0.002810973406160895,1.136117710241783E-20,-1809.8348119221257,-28943.560288014876,155251.0484715582
4615,0.008146517610070198,0.0026092596399744485,3.4269853270307776E-22,-895.0835649338601,978.696466126337,27397.968961041675
4616,0.006755440795946331,0.004570119710076695,6.942978627444403E-20,51221.83635969892,-30739.720372560023,385832.79766704986
4617,0.006990886845543731,0.003973388630429141,7.437962153218416E-20,29116.885569760114,-24028.661420646476,402340.5384287616
4618,0.0072263328951411325,0.003376657550781587,8.903854905512019E-21,-21332.483568896158,9559.626032346541,137848.79086057155
4619,0.007461778944738534,0.002779926471134033,5.82647042200458E-20,-18060.69016633973,4187.864515925623,357181.3559332127
4620,0.007697224994335932,0.0021831953914864797,1.8545558291414406E-20,-23251.14054373,-17142.289874120896,199707.2716314519
4621,0.006671040312732401,0.004246314047833912,3.071554966007637E-20,27890.04338478255,19770.59088636088,257426.48301170056
4622,0.006906486362329801,0.0036495829681863585,6.080090714897243E-20,-33512.35934717122,49867.03625194477,360389.7425427522
4623,0.007141932411927201,0.003052851888538805,3.212169828551309E-20,36955.77285486061,24363.945441993594,261849.27613912002
4624,0.007377378461524602,0.0024561208088912513,6.270564568356803E-20,-37524.09629313236,17218.339657135683,368738.32701417577
4625,0.006266793296707139,0.004195433802995903,3.239695479121923E-20,-530.8441476052682,33225.23976817651,264621.4494555489
4626,0.0065022393463045405,0.0035987027233483487,4.506065535926598E-22,-3124.158665311649,4396.3909380638615,30987.663137316213
4627,0.006737685395901941,0.0030019716437007945,7.416834916250651E-20,21757.63223813666,60328.07383458695,398404.75916363625
4628,0.0061823928134932095,0.0038716281407531203,1.8517526435731438E-20,15535.447191586787,-5150.176130800018,200967.7800160382
4629,0.006417838863090611,0.0032748970611055665,2.93228835648249E-20,-31291.25190664873,11326.019351361701,251539.37166252598
4630,0.00665328491268801,0.002678165981458013,5.835741486294612E-20,466.5149046587947,65801.53842250677,351846.1837262248
4631,0.005778145797467949,0.0038207478959151105,3.866357005543306E-20,22867.635808568863,-45397.79511587566,286885.6856304261
4632,0.006013591847065348,0.003224016816267556,3.0183968723329553E-20,-22664.81076213499,13320.110908529612,256083.77723618198
4633,0.00624903789666275,0.002627285736620003,6.278462877529491E-20,-63925.88222701892,16954.72851772259,365338.07845958055
4634,0.005693745314254019,0.0034969422336723287,5.035314026830541E-20,-22550.487666216828,-15423.904331190439,331369.4615604691
4635,0.005929191363851418,0.0029002111540247745,4.0713338062025086E-20,27946.20177995311,-35562.07913794662,295536.7506308977
4636,0.005289498298228758,0.0034460619888343185,6.125523004313281E-20,67956.84764794617,-2313.920273068425,360367.2567490676
4637,0.005524944347826158,0.002849330909186765,3.8371026046992226E-20,24613.24236030261,27561.72578075404,287888.0583264075
4638,0.005205097815014828,0.0031222563265915367,5.198407463375641E-20,41116.66787275913,26841.006214900834,334248.25113792304
4639,0.004552933610096981,0.007023331671353849,2.990092170257244E-20,7279.619926053912,-35437.11364109817,253652.90893107033
4640,0.004381454253116137,0.007694064589260749,3.719313171041596E-21,7021.419249964735,-14521.062761193776,88914.18350656655
4641,0.004209974896135294,0.008364797507167648,2.2828780450121826E-20,30048.11669873316,-27763.075389286558,220108.52115363433
4642,0.004038495539154449,0.009035530425074547,1.7255298925978367E-20,-11712.817792425745,-922.7012189665545,194284.88006164544
4643,0.0038670161821736052,0.009706263342981448,2.3196858569747663E-20,19285.18991008395,36055.134355940696,221940.70465455388
4644,0.0036955368251927615,0.010376996260888347,2.1802656480678733E-20,25090.663534909036,11910.78414793794,217018.7504811429
4645,0.004670355063354026,0.007357710899402275,6.162162130565863E-20,23448.17573482386,-2363.8490855706,367065.4799698501
4646,0.004498875706373182,0.008028443817309175,5.566417459169421E-20,-9133.37584065389,28774.885520320975,348283.340007651
4647,0.004327396349392338,0.008699176735216073,3.2658547299448236E-20,33344.696848809486,6497.855250728341,265610.5317857624
4648,0.004155916992411494,0.009369909653122973,4.184249131043406E-20,22878.374651776805,3182.261253283927,302213.7839019958
4649,0.00398443763543065,0.010040642571029873,6.370315836771552E-20,14639.896911978465,-65159.95615582731,367970.6625480645
4650,0.005076677326848958,0.007355736437592227,7.557079013740285E-20,-39976.463160820436,19527.516749560447,404893.67241581547
4651,0.004905197969868114,0.008026469355499126,4.5274358228835905E-20,-48960.58425235928,11447.952714535932,311244.76940182137
4652,0.004733718612887271,0.008697202273406026,6.253609789766622E-20,-16812.86551602029,28866.27757081855,369031.57128330617
4653,0.004562239255906427,0.009367935191312926,6.665778190959982E-20,31890.462937637447,16819.078093076747,380853.8372379861
4654,0.0043907598989255826,0.010038668109219826,4.154914722125169E-20,9899.595976509487,-12088.463782056138,301626.4873303747
4655,0.005194098780106003,0.007690115665640653,4.124626067917011E-20,-9370.342809773098,-34970.97684213558,298742.1970359317
4656,0.005022619423125159,0.008360848583547553,8.625250755687865E-21,-14482.731018202603,5723.638762352238,136728.03312998766
4657,0.004851140066144314,0.009031581501454453,4.755703798537105E-20,-17781.386651049805,33327.13926751481,320914.82836549793
4658,0.004679660709163471,0.009702314419361351,4.294912104701003E-20,4063.7993940605234,5239.380544784747,307005.53173335374
4659,0.005600421043600937,0.007688141203830605,5.06459907104095E-20,879.5235602029207,112.97144454950451,333458.12062728347
4660,0.005428941686620092,0.008358874121737504,2.4459771615606577E-20,9757.696792612813,15955.203411008253,230981.72640178748
4661,0.005257462329639248,0.009029607039644404,3.093722221353989E-20,44623.26794008588,1109.867460157708,256771.00122066872
4662,0.0050859829726584045,0.009700339957551304,6.885076465229829E-21,-10275.327925242396,-15402.676557094639,121546.78826747232
4663,0.00571784249685798,0.00802252043187903,7.097422853018024E-20,-8675.14797626623,10476.922259301555,394514.136414932
4664,0.005546363139877136,0.008693253349785929,6.065273582278073E-20,34190.421379457264,-54604.832132968964,359185.99411944835
4665,0.005374883782896292,0.009363986267692831,5.175708202036857E-20,-22733.024486543844,-42008.55825173494,333696.02036543685
4666,0.006124164760352913,0.008020545970068982,5.918813265794973E-20,19056.31910575655,-6294.108870747977,359926.2517929141
4667,0.005952685403372069,0.008691278887975884,4.462281699042297E-20,31957.037056551384,-14559.693133536995,311026.98067686387
4668,0.005781206046391226,0.009362011805882782,6.69846016528222E-20,61446.908216234246,-4964.819016699449,378505.87824462535
4669,0.006241586213609957,0.008354925198117409,5.69277873894102E-21,-7572.726656187576,5366.166880946925,111411.713968633
4670,0.006070106856629114,0.009025658116024307,4.850295541114068E-20,-25229.64925355911,-53478.21370791943,320926.070354866
4671,0.00664790847710489,0.00835295073630736,3.1989796343490955E-20,-1043.3728676277674,-41084.847064773094,261812.38642489346
4672,0.006476429120124046,0.009023683654214262,4.686730572980546E-20,14419.522370522887,-8340.530317333116,320345.72734536935
4673,0.0067653299303619355,0.008687329964355789,7.605528239782911E-20,-18398.332537823753,-17900.964311818312,407827.29512353305
4674,0.007171652193856868,0.008685355502545738,7.436539523326423E-20,-6164.475082432898,57768.40829003001,399870.79714073706
4675,0.004743667235886169,0.006700030305885663,5.422469672028673E-20,33522.43386801238,21904.600313049974,342707.90788401884
4676,0.0052674109526381465,0.007032435072124042,9.60385557760114E-21,-13968.683949535833,18746.246844745416,143314.62683108507
4677,0.005791154669390125,0.00736483983836242,2.751816535574407E-20,-3323.9218273142474,-10917.935278672532,245533.91468784583
4678,0.006838642102894078,0.008029649370839175,1.0009086696911326E-20,-4462.982413952206,-4371.609100825114,148109.07824970738
4679,0.007362385819646056,0.008362054137077553,2.6985617322857123E-22,995.582422787103,2629.471524143691,24177.969728110937
4680,0.005051822314932401,0.006711108168465903,7.16850479557053E-20,16583.282227919477,-63148.776864788335,391310.9783845992
4681,0.006099309748436356,0.007375917700942659,1.7973604636883595E-20,9151.273585721332,-27287.069467609686,196553.7910297283
4682,0.006623053465188334,0.007708322467181037,6.094613498028851E-20,42279.90303776615,19352.20798501452,362832.35857406433
4683,0.0051443887562728895,0.006400859127388005,3.1159949219958207E-20,-17945.24700124035,17961.34331041256,260323.21890750132
4684,0.005668132473024867,0.006733263893626384,4.676918323069567E-20,43691.26250787808,-28820.20255983938,316139.0679562306
4685,0.006191876189776844,0.0070656686598647616,2.996872071337354E-20,-16854.716374868432,-42340.22025555106,252429.5139748722
4686,0.007239363623280799,0.0077304781923415175,5.911279827570824E-20,-28964.240666044592,10041.278641685212,358949.17766921833
4687,0.005452543835319123,0.006411936989968245,2.13691109853403E-20,-35702.0908650365,-7111.216770338201,213521.59743908938
4688,0.0065000312688230765,0.007076746522445002,6.5313496108953105E-22,-5354.821625224566,1372.4286127599128,37462.31523434794
4689,0.007023774985575054,0.007409151288683379,2.7701681904049135E-20,13538.8997480226,31740.624054541313,244191.11603880432
4690,0.005545110276659612,0.006101687948890348,1.1114430545583436E-20,9379.971970303082,15813.235030787975,155126.10897723472
4691,0.0065925977101635655,0.006766497481367104,2.3042934602886766E-22,-208.58877155923176,3225.3892615157547,22259.15037812734
4692,0.007116341426915543,0.007098902247605483,2.985653554603973E-20,-13081.446912797775,-33665.29127380625,253469.23403896738
4693,0.005853265355705843,0.006112765811470587,5.297333738062868E-20,-41177.1548843175,-5251.95709387207,338499.2352206755
4694,0.006900752789209798,0.006777575343947344,2.2392524122795476E-20,-35059.988111037856,-1879.1852163632057,218931.2404100691
4695,0.005945831797046332,0.00580251677039269,4.081643494058769E-20,-13844.636125951996,47036.42071891035,295313.1839267441
4696,0.006993319230550287,0.006467326302869446,5.2533060546035E-20,35496.49925172696,36525.1305038743,335773.9477952096
4697,0.0062539868760925635,0.00581359463297293,2.6166471889276118E-21,-5173.873489701629,-1564.5717076262063,75602.4585186056
4698,0.006777730592844541,0.006145999399211307,3.593449050567662E-21,3865.1565682563833,-2705.2493171498054,88697.78111223203
4699,0.006870297034185029,0.00583575035813341,7.687146917621505E-20,-37948.29518445906,-16709.703206973783,408723.28380034346
4700,0.006654708396479286,0.005514423454475272,2.5058059610842607E-20,22171.908128634266,20327.72719252904,232617.90996087293
4701,0.0015968637757062226,0.008092442132093333,5.65436014540035E-20,-4034.231518822562,-1714.240542328911,352312.7803117083
4702,0.0019469135303766478,0.00854194154072168,5.517334257849819E-20,7406.889071972013,18152.088590804156,347492.01277034107
4703,0.0022969632850470723,0.008991440949350029,6.084439561938409E-21,741.6273597432108,8517.837282033037,115262.8062099276
4704,0.002647013039717497,0.009440940357978376,2.279379583265735E-20,349.1910622471723,-29942.054542700258,221693.43740497166
4705,0.0033471125490583463,0.010339939175235072,9.49975493790988E-21,-9210.64104819851,-10407.031912958291,143749.53598642902
4706,0.0018873900644801205,0.008168530765209932,5.223200753675036E-22,-586.6774572986099,2231.5201801917283,33785.34889172924
4707,0.002237439819150545,0.00861803017383828,4.263097051913907E-20,32929.92132731862,-39276.054499247424,301613.7652176319
4708,0.0029375393284913945,0.009517028991094975,3.890903280241361E-20,4928.891850461256,-21040.57303579623,291477.6279405997
4709,0.0032875890831618195,0.009966528399723323,7.380163600688474E-21,19895.230266943727,12261.493750797968,125128.99175762782
4710,0.002118392887357491,0.007871208622814782,7.80191468236592E-21,11482.714766474604,-6231.505918223182,130225.63091206335
4711,0.002468442642027916,0.008320708031443129,5.202482846906179E-20,-21493.094285131854,-18234.926225414925,336790.62363820645
4712,0.0031685421513687655,0.009219706848699823,2.4733418813261E-20,5370.036030819029,34851.33739960952,230346.8871141828
4713,0.00351859190603919,0.009669206257328172,8.341959989109622E-21,-3731.8819637614356,21481.596462968544,133565.3515931056
4714,0.002408919176131389,0.007947297255931381,7.0038526877000415E-22,2777.7430848290815,-5765.210911674102,38688.10003209169
4715,0.0031090186854722387,0.008846296073188077,4.3124838736578445E-21,1416.4854268791394,48.562052409329134,97294.46843150047
4716,0.003459068440142663,0.009295795481816423,4.68647147162923E-20,-39166.610649991475,-32848.804786763765,316670.3587074376
4717,0.00263992199900876,0.00764997511353623,7.91905003718695E-20,-39896.34883953999,-12917.195251387653,414857.7400478302
4718,0.0029899717536791843,0.008099474522164576,6.970545790212636E-20,-42168.98562018721,37387.64980174397,387123.6766243309
4719,0.0036900712630200346,0.008998473339421274,3.70818772418614E-20,35417.62512590752,15288.239761755913,282712.72443992883
4720,0.0029304482877826575,0.007726063746652827,6.683411912570048E-20,13656.358246017637,11290.386997730471,382652.20959867386
4721,0.003280498042453082,0.008175563155281177,4.226730406821036E-20,-4773.199130612732,-44500.01252959072,301324.3677990973
4722,0.003161451110660029,0.007428741604257679,1.7887845575054547E-20,7132.66923760373,-11909.61486009775,197688.44594560537
4723,0.0035115008653304534,0.007878241012886025,2.3075946473946073E-21,6809.920155681764,-3085.780538121204,70784.99089984389
4724,0.003861550620000879,0.008327740421514372,9.143445539690294E-21,-2191.7397151371024,-6213.867862162745,141532.2041746363
4725,0.003451977399433926,0.007504830237374277,6.521922310304007E-20,25489.158244261544,4012.2388029656377,377525.2705477313
4726,0.003682980222311297,0.007207508094979126,3.101230353022078E-20,-30776.199292717098,36693.67348467459,256505.4747005972
4727,0.004033029976981722,0.007657007503607473,4.897534194397371E-20,7034.117887054525,29770.335714578014,326483.3629841756
4728,0.003973506511085195,0.007283596728095725,4.194989326317368E-20,20425.444775219305,-4425.013822877256,302763.5102936082
4729,0.006516670171259176,0.004888698541358275,2.1599192195020374E-21,-10690.687359178799,-4763.772745257912,67861.6286756117
4730,0.006028022672019985,0.004514012634277483,4.6081194411864606E-20,-47181.88136938235,-11627.72136016114,314343.1306586715
4731,0.005539375172780793,0.004139326727196691,5.712020779954761E-20,-13800.809371111236,14850.91699211374,353551.20616653527
4732,0.005050727673541602,0.0037646408201158998,2.6172025131600652E-20,-37492.53564225419,21599.951063695116,235774.05603688097
4733,0.0045620801743024115,0.003389954913035108,1.829854174550604E-20,25460.583406690617,-11940.137247704632,198454.84606040566
4734,0.006193499063358091,0.004883471710397075,6.823088870853467E-20,-17151.56718780877,-29550.991794754314,385533.2651351953
4735,0.005704851564118899,0.004508785803316283,4.369954997922252E-20,12122.738289420977,8838.298419489358,309384.677316743
4736,0.005216204064879709,0.004134099896235491,2.529587031646866E-21,7099.923525442624,1459.7509873036506,74170.51252098709
4737,0.006035804346795111,0.005247703955555465,4.9405890340191805E-20,-7287.511025264009,-43023.52074531805,326447.99069530936
4738,0.00554715684755592,0.004873018048474673,6.395651770475466E-20,68131.95729522256,10260.717822120476,368336.21572818025
4739,0.005058509348316728,0.004498332141393881,2.8623130558514885E-20,9240.534293112927,36709.29272802875,247810.7830283712
4740,0.004569861849077538,0.004123646234313089,6.336676178931185E-20,-11225.69050470228,19458.832368450196,372316.1598121661
4741,0.005712633238894026,0.005242477124594264,7.03375826755638E-21,-8197.840452596738,-10632.381492525627,123542.02082122034
4742,0.005223985739654835,0.004867791217513472,1.861329297712185E-20,29162.221499961743,-16718.189844254568,199339.53180811528
4743,0.0047353382404156435,0.004493105310432679,2.4574218834838992E-20,-22054.506688451627,-15327.19020689259,230721.2345397356
4744,0.0050662910230918545,0.005232023462671862,2.817478863864054E-20,-31590.87071778481,-13088.48755046042,246352.3927434676
4745,0.004577643523852663,0.00485733755559107,3.609233846067875E-20,-10552.127528653284,-44513.427507559325,277757.5616970765
4746,0.005231767414429961,0.005601482538791454,7.089005220255119E-20,-38989.91712922696,17254.526120789113,392203.6253878506
4747,0.004743119915190769,0.005226796631710661,2.0881449887554174E-20,22118.215302502438,26705.87622394169,211290.2843887325
4748,0.005074072697866981,0.005965714783949843,5.50107015696499E-20,-39794.87200743748,36885.38318178132,343269.2996669141
4749,0.00458542519862779,0.005591028876869052,4.945182846948716E-20,-17775.561907904426,-39312.52936675165,326667.774565508
4750,0.0047509015899658965,0.005960487952988642,4.605497238031704E-20,27578.754520894498,8374.518098864553,316677.5110024642
4751,0.0014614280581350288,0.0077608961490956314,6.380401646224258E-20,37131.47025635422,2756.89864385268,372421.3281519782
4752,0.001982957169786297,0.00753966263981708,3.702007483794986E-20,7609.187213640525,-37605.89452966196,282501.0276303218
4753,0.0025044862814375657,0.007318429130538528,3.1100410914509674E-20,40747.54511318379,-3706.4741795078476,258085.25951114396
4754,0.0035475445047401027,0.006875962111981424,7.66576655999334E-21,-1175.3752110377147,18456.569514501745,128407.37734003732
4755,0.004069073616391371,0.006654728602702872,2.2489085297917545E-20,-31196.471829782942,16413.479251687277,219392.35068798054
4756,0.0016165186293377323,0.00750543879921453,1.2085774975598906E-20,-3583.718315668998,29949.15918052602,160078.0424432487
4757,0.002659576852640269,0.007062971780657425,5.70433770323814E-20,30394.02478555764,-254.7963626373661,352586.04800391744
4758,0.003181105964291538,0.006841738271378875,2.96583508613016E-20,-37951.544504249876,-15642.139165162567,251855.1387228494
4759,0.0014051706600918708,0.007215757608730877,3.135749167704195E-20,-4300.570444462787,-3840.7047229546374,262322.8652445229
4760,0.0019266997717431397,0.006994524099452325,4.8042084927723387E-20,-39203.86829611877,7217.260548439976,322318.33344892104
4761,0.002448228883394408,0.006773290590173773,3.4468210417454383E-20,28581.24836403498,-27981.738955483306,272169.72585717076
4762,0.0034912871066969456,0.00633082357161667,1.2240855251350958E-20,-7866.432086949161,8445.368005185355,163529.98007505172
4763,0.0015602612312945745,0.006960300258849776,6.237322630398023E-20,52011.02322243396,-31629.007473728674,365016.5809699036
4764,0.0026033194545971115,0.006517833240292672,7.680726050058528E-20,-63022.96746903786,-38189.81010196298,403983.51670530107
4765,0.00312484856624838,0.00629659973101412,3.9433057854847554E-20,21852.28423890386,38242.556870613545,290923.88552235346
4766,0.0013489132620487134,0.006670619068366123,3.696676452711155E-20,12435.144905462645,23848.528810627064,283616.82571582915
4767,0.0023919714853512506,0.006228152049809018,1.4313909980872566E-20,-32450.08676349182,-2827.0232310810957,174257.6478277098
4768,0.0029135005970025193,0.006006918540530467,4.542930025129072E-20,-7345.640124888793,15575.531680870581,315349.2125106436
4769,0.001504003833251417,0.0064151617184850206,3.935743986600738E-20,25167.227550726733,13358.924849501815,292572.81228198874
4770,0.0025470620565539543,0.005972694699927917,3.859053689318441E-20,-28403.80263804773,19607.984637822738,289025.4128471823
4771,0.0012926558640055557,0.006125480528001367,3.435468844999133E-20,31537.156662404246,31005.01837736312,271055.4929191204
4772,0.002335714087308093,0.005683013509444264,5.245691155244468E-20,34195.65946787044,-43592.70183124435,334815.4359671411
4773,0.0014477464352082594,0.005870023178120266,7.87020865004653E-20,-13184.350114601944,-32850.65937009229,414174.1130797344
4774,0.0019692755468595276,0.005648789668841713,5.2086372706744525E-20,2303.8445944681403,62657.27669145775,332304.4842622017
4775,0.0017579275776136666,0.00535910847835806,6.898149106346663E-20,-52743.65855818032,-38658.72341995855,383633.8325475914
4776,0.0013914890371651014,0.00532488463775551,6.072987639257008E-20,-44351.17506011978,-37952.52859041673,360454.1503619935
4777,0.004208331432385678,0.003320133782818994,5.13038702217687E-20,-37800.003902327124,8513.279177697881,333373.9420244214
4778,0.003637029651670523,0.0036076381861311086,7.81261255311362E-20,-36512.589717676485,14266.299768273637,412300.8023776464
4779,0.003065727870955369,0.0038951425894432237,6.935889241745784E-20,16681.747260148997,13402.84460468791,389643.41127887275
4780,0.0024944260902402143,0.004182646992755338,5.0309165203591284E-20,41920.73208767868,31939.914038286814,328143.39356111945
4781,0.0019231243095250601,0.004470151396067453,3.100243170639413E-20,-45464.519022366745,15192.226128243004,256454.98329837216
4782,0.0013518225288099057,0.004757655799379567,1.34799978923964E-20,11251.495436227378,26772.30317828052,169565.594187839
4783,0.00402005908180705,0.0036197717287224716,6.29284614951389E-20,-59168.13078250629,-16415.424543067198,366594.2558722703
4784,0.0034487573010918964,0.003907276132034586,5.916796072733682E-20,4465.871046910282,-60219.478331617465,355329.4922803117
4785,0.0023061537396615876,0.004482284938658815,3.118102894357179E-20,8720.176629163598,45546.62237908043,257504.49516438277
4786,0.001734851958946433,0.004769789341970931,4.949648162396125E-20,18970.80371677219,55321.39447564764,324424.0588469046
4787,0.00421481616136495,0.003931543217217311,3.455602095544714E-20,-2737.970839161632,34100.05173167429,273310.64066180243
4788,0.003643514380649795,0.0042190476205294265,2.8101945082712996E-20,-7006.227367386564,-7280.970890218557,248186.9510168122
4789,0.0030722125999346405,0.004506552023841541,4.310992625609774E-20,-17044.5170015246,-17713.345614101385,306667.7963760713
4790,0.0025009108192194864,0.004794056427153656,3.017758178937876E-20,6944.649463259834,-25095.159220142454,256082.02211644407
4791,0.001929609038504332,0.0050815608304657705,5.064446589398228E-20,-51309.328505429236,33690.50846874245,327756.0971272323
4792,0.004026543810786322,0.004231181163120789,5.912558081789437E-20,16219.028252587534,20965.726721366285,359318.40004737274
4793,0.002883940249356014,0.0048061899697450184,5.4034839663557345E-20,19003.095137024888,54632.612373275944,339543.2191276676
4794,0.002312638468640859,0.005093694373057133,5.712815749008121E-20,-16999.246545745802,-39265.7311836245,351562.440026565
4795,0.004221300890344222,0.004542952651615629,6.259339464834586E-20,38152.75178653935,-29874.663097813525,367529.4600165546
4796,0.003649999109629067,0.004830457054927744,8.799785373599778E-21,8310.95475586963,8047.2080000643455,138515.09800272243
4797,0.003078697328913913,0.005117961458239859,1.0350511463668969E-20,9913.091697992832,-26067.08876730365,148145.79505484793
4798,0.002507395548198759,0.005405465861551974,9.313511263815643E-21,7925.5087628026995,7289.514178469011,142591.0784417337
4799,0.004033028539765594,0.004842590597519107,2.3992119179821924E-20,-11003.141248246238,-21263.48152371288,228259.47176660548
4800,0.00346172675905044,0.0051300950008312226,2.735757034456398E-20,-14213.612293793663,33272.04993236787,242395.3481574286
4801,0.004227785619323494,0.005154362086013948,7.68930864220993E-20,-27548.343983675415,48536.96673501903,407070.9065582438
4802,0.0036564838386083393,0.0054418664893260615,2.0172671988741222E-20,-8225.780432535066,26526.577690980517,208610.96075651186
4803,0.003085182057893185,0.005729370892638177,4.9667792619558333E-20,-40416.16382369865,-42713.92966591958,324945.3663853637
4804,0.004039513268744867,0.005454000031917425,1.849031246590037E-20,21717.02569135733,-10490.98791769375,200036.20600141978
4805,0.0034682114880297114,0.005741504435229539,1.8100592148047305E-20,-14661.465314864561,-23914.96688937937,197366.77598084128
4806,0.004234270348302764,0.005765771520412265,4.064358618797919E-20,-8172.475326842958,43161.25651869547,295473.85086605675
4807,0.0036629685675876105,0.00605327592372438,6.241112949546296E-20,43276.148820462644,-47786.206398677285,364512.71060831647
4808,0.0040459979977241385,0.006065409466315743,1.0615259034305094E-20,2236.724723420363,13188.920886358947,152076.46667252338
4809,0.002231273669229269,-0.006557313078214238,4.375619692995945E-20,-13678.793814159173,-23685.01331074496,308739.7543773424
4810,0.002207954473183532,-0.005952163053457863,2.227443479031218E-20,40578.55946909383,868.8513764896921,217386.70223073327
4811,0.0021846352771377957,-0.005347013028701488,6.056114874374102E-20,-28226.81196036909,-58719.650016454216,358774.88521316403
4812,0.0021379968850463215,-0.004136712979188738,4.1906042550861606E-20,-28424.427400108394,-48598.515569665826,298054.4969797043
4813,0.002114677689000585,-0.0035315629544323624,7.154039428016281E-20,52055.3724872984,-38013.145688067765,391043.0950262381
4814,0.0023892046482341853,-0.006295738950312714,2.66468628818549E-20,30646.65195674191,-28153.4301393013,238269.47800276123
4815,0.0023425662561427116,-0.005085438900799962,7.291878461260686E-20,-15363.302728498351,24954.73135906622,399045.1029222562
4816,0.0023192470600969747,-0.004480288876043587,5.1655267330151084E-20,-6388.520724027758,-43921.10008596794,333827.99393151083
4817,0.0022959278640512382,-0.0038751388512872124,5.623076281554203E-20,20995.14611670969,7920.7923287838,350646.72527889756
4818,0.0027050666062440176,-0.005772590694509662,2.7770430221622815E-20,27097.948476430443,5712.993861308217,245365.18191543402
4819,0.002681747410198281,-0.005167440669753286,6.551639119782088E-20,614.5230495111216,67971.95789033601,373125.9878582501
4820,0.002658428214152544,-0.004562290644996911,7.875332697903143E-20,-11424.781847669072,42742.66730677956,413458.85853592766
4821,0.0028863167812946708,-0.006116166591364511,6.016185203150516E-20,-29951.947900398,9604.95789554812,362074.7503752658
4822,0.002862997585248934,-0.005511016566608137,1.0877439426032023E-20,-23663.74592247885,14566.009076148746,152018.70814823432
4823,0.002839678389203197,-0.004905866541851761,4.375421953942735E-20,-35719.138894266296,25199.904901914728,306843.75775948906
4824,0.00322549793535024,-0.006198168360317836,1.7163997767729415E-20,17885.102454794178,-4546.181184024285,193245.06830683257
4825,0.003202178739304503,-0.00559301833556146,7.900438385239629E-20,12663.140839452457,-38744.4808421798,414482.08933044237
4826,0.0031788595432587666,-0.004987868310805085,5.659082584902999E-20,-41354.826329818745,18883.802985830655,349543.09021650127
4827,0.003383428914355156,-0.005936594232416309,8.30501811615828E-21,18271.42229204026,-16938.856176181223,132714.77729151116
4828,0.0033601097183094198,-0.005331444207659935,1.1212472079456637E-20,5892.519698275245,-6503.308044686604,156653.72962977676
4829,0.0033367905222636825,-0.004726294182903559,7.404733036198519E-20,-765.3996197962679,55052.8345488127,399427.2425301723
4830,0.003699290872364989,-0.005413445976613258,9.057499343160237E-21,6392.085779394206,-10823.245449028016,140456.68798818986
4831,0.003675971676319252,-0.004808295951856883,3.785068399186895E-20,-36219.83759117133,11226.91983068718,285770.2659996106
4832,0.0038805410474156417,-0.005757021873468108,4.99550463534584E-20,21524.87374962152,15162.06768212857,330128.61754168535
4833,0.004219722201471211,-0.005839023642421431,2.3507762464930766E-20,-12428.65342211151,39654.33959568821,223350.0176200637
4834,0.004196403005425474,-0.005233873617665056,7.035378463330749E-20,-27611.119593792908,-27847.66319384496,391057.9968621399
4835,0.004377653180476127,-0.005577449514519907,4.0057465380239864E-20,37621.08825864764,-16024.89306289902,293726.8931587056
4836,6.202184824890538E-5,-0.00463315981533603,5.1581988391259706E-20,-42883.6905132992,-12887.75150157825,333534.127623112
4837,4.96037235353364E-4,-0.004355518411984653,3.95016694776615E-20,292.2180934943245,-17345.261685370042,293983.7043087799
4838,9.300526224578228E-4,-0.004077877008633276,3.2178311357737653E-20,-12446.617620696748,39475.19667198393,262555.6340362037
4839,0.0013640680095622817,-0.0038002356052818987,1.2291343318383483E-20,-24618.365072281314,-10012.09530762915,162110.46186818212
4840,3.606931180701726E-4,-0.004690125556337662,1.693689567888849E-20,-6919.940840991945,27314.334506030995,190765.9078659045
4841,7.947085051746314E-4,-0.004412484152986285,7.786810544276854E-20,-6184.827577132657,-16254.757407478446,413109.7766689571
4842,0.0012287238922790897,-0.004134842749634908,3.0035521000742994E-20,17551.685494881036,42332.250861826375,252673.73543121153
4843,0.0016627392793835487,-0.003857201346283531,3.345128562908787E-20,-3959.42704819064,19284.51976667056,270288.6622835145
4844,9.580356577127071E-4,-0.004804057038340926,4.145897696300961E-20,53581.48628308336,12021.556152546154,296663.4547657199
4845,0.0013920510448171657,-0.004526415634989549,5.728731178288849E-20,29927.48056405253,-23489.982576231017,352603.05795036495
4846,0.0018260664319216247,-0.0042487742316381725,4.746296382680455E-20,-38316.94526549139,-7123.656090546769,320449.2552359569
4847,8.226915404295157E-4,-0.005138664182693935,1.560042123676413E-20,15759.907545431819,-27170.45256002997,182386.13683061436
4848,0.001690722314638433,-0.004583381375991182,5.50021136658767E-20,48193.84751157021,-27747.367568300026,343025.5924459602
4849,9.860186929675913E-4,-0.0055302370680485775,6.812896526703304E-20,19208.150472054454,-6090.239685732673,386229.87400775997
4850,0.00142003408007205,-0.0052525956646972,1.5348378281438548E-20,-18415.315379277174,-10689.995646990661,182330.8575463805
4851,0.0018540494671765088,-0.004974954261345823,6.28369185116908E-20,43164.61589228179,8278.25473920255,368821.0719457114
4852,0.0017187053498933173,-0.005309561405698831,2.1514568063355808E-20,27010.543680986364,5456.83669860496,215584.53347876773
4853,0.0014480171153269346,-0.005978775694404851,7.531329911742056E-20,19423.4197696722,-28438.07474700563,405175.27605903515
4854,0.0018820325024313932,-0.005701134291053473,5.632777710002428E-20,37151.506661610125,-30550.465220324564,348362.01549179334
4855,0.0017466883851482017,-0.006035741435406482,2.1782749942241277E-20,37497.834379936074,-4061.067666566983,215411.84009993763
4856,0.002300580925653212,-0.003232064346307306,3.499152891714028E-20,44018.61167681397,6840.571486269866,273570.389221501
4857,0.00288160983165683,-0.0029387185466885116,2.09950767808002E-20,8196.179026540205,16508.275861614664,213905.99573900554
4858,0.003462638737660449,-0.0026453727470697173,4.305129590107791E-20,-1663.5656080179604,-17519.097185897874,306938.1115368325
4859,0.004043667643664066,-0.0023520269474509234,1.151145468972819E-20,-8832.734917212589,-22310.61668840712,157156.14033193947
4860,0.004624696549667686,-0.0020586811478321295,5.898535675784457E-20,-46232.727961847886,-24718.865111372706,356028.05664627947
4861,0.005205725455671302,-0.0017653353482133352,6.625287896476403E-20,-69101.09192352067,2183.444462698846,375074.42235975293
4862,0.002667734337356492,-0.0032761416350370986,2.2968832897874507E-20,-17295.53118641912,1367.5145871252162,223892.6606850219
4863,0.00324876324336011,-0.0029827958354183047,5.45389575478417E-20,-62647.81592503426,-5246.039585440377,340279.2613758925
4864,0.0038297921493637287,-0.0026894500357995104,4.8428753487443585E-20,40318.463623630625,9918.105274997755,323424.08228498255
4865,0.0044108210553673475,-0.002396104236180717,5.3431330331515536E-21,5445.2930134106355,8352.532680757236,107850.06049757382
4866,0.004991849961370965,-0.0021027584365619226,4.2280302790569294E-20,4219.541502546196,51420.21663654703,300276.71424221323
4867,0.002821012254759434,-0.0036576420121154796,4.4688845140526466E-20,15212.537213835178,-32710.622875290075,311150.4146688312
4868,0.003402041160763052,-0.003364296212496685,7.65922992772742E-21,-5992.0319223071465,23251.151865990418,127434.72478269775
4869,0.00398307006676667,-0.003070950412877891,7.587886231161267E-20,17527.14832160413,-8220.57759749986,407700.7860913956
4870,0.00456409897277029,-0.002777604613259097,1.85987354653665E-20,-12389.209951459747,6615.614416267293,201586.114503656
4871,0.005145127878773907,-0.0024842588136403027,8.873236145187511E-21,745.8341987906715,18815.199452597237,138300.24519915736
4872,0.003188165666462714,-0.0037017193008452723,6.203152140978339E-20,1086.1197649485102,-41058.452374720386,366749.839051
4873,0.0037691945724663326,-0.0034083735012264784,7.656614700208738E-20,45095.797613834846,-48617.898438997596,404606.3944195472
4874,0.004350223478469951,-0.003115027701607684,3.8370674022171056E-22,-3701.828778798136,-415.24776947031864,28784.836924993986
4875,0.004931252384473569,-0.0028216819019888898,4.557360742773595E-20,38819.73374827429,-7685.835381198759,313835.0985230344
4876,0.0033414435838656563,-0.004083219677923654,2.351773282296231E-21,3992.0045012480773,-6729.428956218931,71429.59174217243
4877,0.003922472489869274,-0.003789873878304859,1.8425683032370886E-20,16667.5025069885,-6587.936111584284,200332.40105997134
4878,0.0045035013958728935,-0.0034965280786860642,4.520326177771602E-20,13223.740526581116,17751.28012699961,314253.7684049668
4879,0.005084530301876512,-0.0032031822790672708,2.77181433504171E-20,-1331.5330929905058,35902.05173156315,244060.40560171273
4880,0.0037085969955689365,-0.004127296966653446,3.4633834829184284E-20,11637.23639283898,22403.34613300184,274595.20068351756
4881,0.004289625901572555,-0.003833951167034652,2.8692691645529445E-20,-23429.204619211232,3048.078836013103,249875.26744317156
4882,0.004870654807576173,-0.0035406053674158578,1.1511469204592691E-21,-1170.5151152009068,4870.610131382819,50022.93533219273
4883,0.0038618749129718786,-0.004508797343731827,1.6414373938212673E-20,30123.313711321323,12631.957494397024,187006.40077073354
4884,0.0044429038189754974,-0.004215451544113033,7.31132726352812E-20,-11838.997521162233,-30447.34941478711,399318.8771260029
4885,0.005023932724979115,-0.003922105744494238,4.1586584425761257E-20,4544.391298157381,32439.77504532264,300386.20976400847
4886,0.004229028324675159,-0.00455287463246162,1.1963535682778001E-20,-11714.391740439976,-20988.98727725714,160276.72745535604
4887,0.004810057230678777,-0.004259528832842825,3.8494155752759136E-20,-242.34272579769092,-34950.05209406586,288606.5926030131
4888,0.004382306242078101,-0.00493437500954,1.454229391171694E-20,6050.681098659606,-24750.580628391694,176858.5632905388
4889,0.004963335148081719,-0.004641029209921205,4.716267516209831E-20,22493.830992857194,22035.281073909264,320243.40712819254
4890,0.004749459653781381,-0.004978452298269793,4.6188765410824415E-20,-27725.904110117554,17621.9028510608,316748.88513032196
4891,-1.6301451949927916E-4,-0.004275407056043171,2.2037956209202827E-20,2060.7805408027434,20112.003303946447,219035.19318899926
4892,-3.761252003844897E-4,-0.003650687404520867,6.626053931831859E-20,10067.263385489925,-5802.334867060208,381237.9208636091
4893,-5.892358812697001E-4,-0.003025967752998563,1.1235316240704148E-20,-2570.441969821971,-18774.216849892946,155911.7783076696
4894,-8.023465621549108E-4,-0.002401248101476259,5.772546478739519E-20,8722.432230756456,22328.373080990044,355195.28777945205
4895,-0.0010154572430401212,-0.0017765284499539557,2.0108701391523447E-20,-33184.39758542827,-11828.551939337229,207143.15603133346
4896,-8.937961742619645E-5,-0.003974620037751944,4.052563062209423E-21,6864.730737336767,-7200.610346948423,93800.76262751529
4897,-5.156009791966175E-4,-0.0027251807347073364,2.402801362110868E-20,11217.095771631148,-24470.293426333734,228100.37317500106
4898,-7.28711660081828E-4,-0.0021004610831850327,5.593390660143435E-21,-5502.319968220283,-16695.16209343737,109414.33952839317
4899,2.710008676051795E-4,-0.003997765652691794,3.665033991423521E-20,29002.68626753278,34959.50092668989,280006.86613320064
4900,5.7890186719968944E-5,-0.00337304600116949,3.838797312735167E-20,-33912.389122611195,8331.623704153832,288206.06581826333
4901,-1.5522049416524152E-4,-0.002748326349647186,7.827035314345432E-20,8640.07451979052,32923.075265282314,413142.4992710504
4902,3.446357696782622E-4,-0.0036969786344005664,4.0494516498725896E-20,-12239.193663937343,24998.12291556268,296871.1643807843
4903,1.3152508879305167E-4,-0.0030722589828782627,4.303239778363884E-21,-1713.3144215230816,9828.100686624144,96687.12224365654
4904,-8.15855920921589E-5,-0.002447539331355959,6.202148354661195E-20,10576.572963588515,3855.662230405752,368840.9577612362
4905,7.050162547096383E-4,-0.003720124249340417,3.57826479105626E-20,-40249.423841262185,31661.330287475823,275571.5210720912
4906,4.919055738244277E-4,-0.0030954045978181127,5.369534757777086E-20,-28739.683327469418,-54651.44136283009,337753.3446389232
4907,7.786511567827209E-4,-0.00341933723104919,4.182910037187752E-20,35473.710790066696,21397.919544977853,300201.70317601686
4908,5.655404758975102E-4,-0.002794617579526886,6.677867250073231E-23,-544.0612473782601,147.13619722336358,12095.349314408337
4909,0.001139031641814097,-0.00344248284598904,6.148387006215599E-20,39206.60946451035,-47332.36743820672,362232.6912964544
4910,9.259209609288865E-4,-0.002817763194466736,2.950089301296145E-20,4694.424675643182,-9140.977997854534,254292.56315724758
4911,0.0012126665438871795,-0.003141695827697813,9.592726407572739E-21,-10987.955945138394,-2691.7353125580876,144683.1469814667
4912,0.0020761132666971506,-0.002908103557767735,4.155242394404153E-20,-43423.32305224748,-4601.601964171661,298869.71280575026
4913,0.002006145748364277,-0.0023198923151545128,2.6112308554649283E-20,-16339.374889431208,-10519.878017810632,238648.06871854523
4914,0.0019361782300314043,-0.00173168107254129,4.728454574272671E-20,-28440.86849934216,51401.568066179796,316802.6715567286
4915,0.0018662107116985314,-0.0011434698299280675,4.764809468937273E-20,-3862.162618891702,-29084.228421307143,322106.05784002494
4916,0.001726275675032785,3.295265529837771E-5,2.5664107580091515E-20,-20842.42079733449,-33713.777317732594,234041.61378270623
4917,0.0016563081566999122,6.211638979116001E-4,2.21623408367798E-20,15567.879332122346,36102.38076274283,217054.15357019202
4918,0.0022187990194443698,-0.0026282200579579584,3.6839583961952846E-20,26093.118819189804,-6343.324825551867,283128.188258424
4919,0.0020788639827786235,-0.001451797572731513,1.8933167892935526E-20,33180.08910066596,-1381.7520023954355,201160.76045544576
4920,0.0020088964644457506,-8.635863301182902E-4,6.560407913086272E-20,-26817.655842660253,-8338.786375990243,378480.33927526424
4921,0.001938928946112877,-2.7537508750506733E-4,4.9406283107387524E-20,52684.74813135914,-13671.029439267695,324824.1129813599
4922,0.00257413804327168,-0.002656664300951626,5.1263941545490274E-20,43462.106739712406,-18796.61050798656,332128.844549857
4923,0.0025041705249388073,-0.0020684530583384036,1.5944891275619745E-20,21989.1415230267,20342.69100085451,184689.63256582204
4924,0.002434203006605934,-0.0014802418157251807,6.482203188052551E-20,4805.2049242640205,-48415.77473600776,374101.45879903034
4925,0.002294267969940188,-3.0381933049873595E-4,2.284011188368506E-20,-22801.163029322524,-12822.454295520907,222400.55970438523
4926,0.0022243004516073147,2.843919121144868E-4,5.0948612301114114E-20,-24788.08031093904,-51033.809146843516,329606.76868634485
4927,0.0027168237960188994,-0.0023767808011418493,2.5471497248776938E-20,-27362.721901653676,-8332.735594531528,234745.53518508378
4928,0.002576888759353153,-0.0012003583159154033,8.102991321598084E-21,-21653.19319557584,9008.864847383962,131302.71885372524
4929,0.00250692124102028,-6.121470733021811E-4,6.371085237938322E-20,-62024.73899424747,-29699.806248529057,367627.93783870066
4930,0.002436953722687407,-2.3935830688957962E-5,5.910050868791706E-20,-861.643525872567,48586.75577864407,356925.5793706262
4931,0.0030021953015133378,-0.0018170138015222942,2.256145523161241E-20,-8762.298801538946,21760.882160683177,221323.75075473162
4932,0.0029322277831804644,-0.0012288025589090716,6.087715900603852E-20,-3924.257914466615,41916.02288803366,363160.60740356805
4933,0.0028622602648475915,-6.40591316295849E-4,3.3982757499694486E-20,11612.596708689734,-33097.05691265258,270887.6676650957
4934,0.003214848572593429,-0.0021253415443257396,5.316947323399403E-20,-14619.326235103254,48319.55541770444,337915.65836913034
4935,0.003144881054260556,-0.001537130301712517,1.5681534014900752E-20,-5837.898033525753,-1113.102553558685,185456.40227261785
4936,0.0030749135359276827,-9.489190590992943E-4,7.935731013796237E-20,41234.84895547056,-39266.95650221139,413508.8228485634
4937,0.0035701875964207403,-0.0021537857873194072,4.101978605123422E-20,-4710.507064603651,-50488.58172825672,295785.65569001675
4938,0.0035002200780878674,-0.001565574544706185,6.511025439504564E-20,-66652.5715660265,-20697.126026988364,371592.44401362474
4939,0.003430252559754994,-9.773633020929624E-4,6.661709082510778E-20,-13964.402456075495,-64994.61509019632,376617.6910205106
4940,0.0037128733491679595,-0.0018739022875096305,1.3211223674799718E-20,-20155.941492396203,23137.06550391822,167523.59103904848
4941,0.0036429058308350866,-0.0012856910448964078,6.34288418175569E-20,28350.65407147327,45081.475668740124,369356.4468819651
4942,0.0035729383125022132,-6.974798022831852E-4,2.732267015575279E-20,-4077.093418656884,-13945.40732177999,244493.02481068912
4943,0.003998244854662397,-0.001314135287890076,5.2631518618736673E-20,18104.46419462843,-9956.944858862691,339304.4154035306
4944,0.003928277336329524,-7.259240452768532E-4,1.7087025661676542E-20,-22790.607278124688,-9394.64681918432,192113.33846009604
4945,0.00421089812574249,-0.0016224630306935213,3.21644101477027E-20,35056.93432051507,-23801.778226043207,262340.68791488925
4946,0.004566237149569799,-0.001650907273687189,7.9379032356858E-21,389.62347573970476,7040.6138845695305,131826.57274023496
4947,0.004496269631236926,-0.0010626960310739664,5.123501338905293E-20,-21603.39965586622,20212.38422075604,334085.43305805034
4948,0.00470892290231702,-0.0013710237738774119,7.355947222727488E-20,29003.074965262847,-19706.165346744558,400340.9832969854
4949,-9.698979342447158E-4,-0.0014166682491349176,2.4759489052700627E-20,-24011.028780384597,30942.703663367338,229839.9424778377
4950,-5.122549823083432E-4,-0.001019653672895264,7.14585647794273E-20,36857.59797958916,47802.455302106435,391466.7886652796
4951,-5.461203037197074E-5,-6.226390966556099E-4,4.912215553210799E-20,38516.266003755736,41122.7050146846,323534.9945136944
4952,4.030309215644018E-4,-2.256245204159558E-4,4.5034302142939785E-20,-6231.803698858,34248.768669832134,312510.21732100256
4953,8.60673873500774E-4,1.7139005582369817E-4,3.053223323428491E-20,-18299.255868604814,-34021.876503845044,256012.29720432963
4954,0.0013183168254371465,5.684046320633521E-4,1.82151183174375E-20,11196.195670730785,15913.486133920254,199031.1057144999
4955,-6.375930424910168E-4,-0.0013807406815469572,6.377960869430088E-20,36170.47145216307,49582.95463853426,369139.04125153826
4956,2.776928613817282E-4,-5.867115290676492E-4,3.431666709302819E-20,22999.232152568828,-4778.79166841688,273480.7212579248
4957,7.353358133181004E-4,-1.896969528279955E-4,7.051565649602243E-20,-28187.967364011332,-17564.833844734138,392067.00094714813
4958,0.0011929787652544732,2.073176234116587E-4,5.64313933494055E-20,36955.640881753,4577.979272187366,350014.96376771416
4959,-4.3062621091999125E-4,-0.0017059001226106903,4.849407812316005E-20,-28338.686920663622,-19371.087139066534,324487.57546063745
4960,2.7016741016381096E-5,-0.0013088855463710364,3.6697050306738957E-20,7993.847687630733,36366.11115970891,281395.3203080351
4961,4.846596929527537E-4,-9.118709701313822E-4,6.183445114233724E-20,-51610.42260924378,13438.67569771816,364575.7980886584
4962,0.0013999455968254986,-1.1784181765207432E-4,1.0796021111571922E-20,11672.78080469801,22642.314641035,151835.9112203169
4963,-9.832131916629249E-5,-0.0016699725550227296,9.449244468868477E-21,20786.90185918451,7598.383586460997,142324.77983857848
4964,3.5932163277007994E-4,-0.0012729579787830758,6.886319342221208E-20,3299.547456012214,61790.805707282816,383878.3542692753
4965,8.169645847064523E-4,-8.759434025434218E-4,6.693827335389365E-20,56228.81152783944,-32110.729149712646,377852.588105698
4966,0.0012746075366428249,-4.789288263037677E-4,2.223623576007272E-20,23657.589528174427,33160.62132051915,217166.2427039485
4967,1.0864551240473301E-4,-0.0019951319960864627,5.835755829562559E-20,27785.739417687517,24057.344123004543,356055.2048011262
4968,0.001023931416277478,-0.0012011028436071547,3.950726994839548E-20,-13043.964970219598,-14546.35613237527,293867.1747621559
4969,0.0014815743682138505,-8.040882673675008E-4,2.755520565270069E-20,13103.38190986827,-41274.50756299826,242122.26812366318
4970,4.4095040415843205E-4,-0.001959204428498502,4.026254593226893E-20,5924.835292912568,-47697.65457673219,293407.09403243626
4971,8.985933560948042E-4,-0.0015621898522588482,3.4247436903992985E-20,26828.501082544797,29455.810939078558,271300.7478743809
4972,0.0013562363080311768,-0.0011651752760191943,6.308320918843167E-20,12767.106813678034,-33994.953364341774,370381.9381736964
4973,6.479172357294577E-4,-0.002284363869562235,6.354880962854011E-20,-31511.098480482626,48745.43314610531,368991.34218410624
4974,0.0015632031396022024,-0.001490334717082927,3.333411213417766E-20,-2631.608822470469,-36637.7688015379,268024.29116325284
4975,9.802221274831562E-4,-0.0022484363019742745,5.274293813483943E-20,-39990.6571351392,-32033.926667420557,336412.839942045
4976,0.0014378650794195287,-0.0018514217257346202,4.6985330674223884E-20,-7541.750162678443,40758.92629333312,318496.2038496221
4977,0.0011871889590541818,-0.002573595743038007,5.791390755791824E-20,32532.263661717672,-51031.718518372334,351410.6962649334
4978,0.0016448319109905543,-0.0021765811667983537,1.9981478068911397E-20,-4294.024168319971,32123.24111611146,206929.3145851613
4979,0.0015194938508078808,-0.0025376681754500467,1.0206699854924006E-21,347.79118760164096,5064.098191064788,47065.42117158247
4980,-0.01405408602139007,-0.007036443006647012,1.077727889511242E-20,11901.868164878544,-2858.4074513146543,153336.55132251867
4981,-0.01461184390966276,-0.006960710269822498,6.04783807043103E-20,-56736.74928232662,31356.68541044001,358580.7413130298
4982,-0.015169601797935452,-0.006884977532997984,5.971033167116102E-20,-7427.415994769598,-22504.62582344322,361295.6497439116
4983,-0.015727359686208142,-0.006809244796173469,4.109523360848753E-20,29429.516450452636,-19718.78883976994,298280.3388882354
4984,-0.01628511757448083,-0.006733512059348955,5.940530675264237E-20,43528.02925204059,-4305.807937263877,358487.44676464604
4985,-0.01426712989894043,-0.006805920546599837,1.1238077465404936E-20,-9374.367761741603,-22617.72450841429,155158.5742212394
4986,-0.015382645675485812,-0.006654455072950808,2.6235056544668278E-20,-3888.2248313189352,-22995.831239545914,238864.21836276868
4987,-0.015940403563758504,-0.006578722336126294,5.71851624321617E-20,13191.027627596786,-1695.4371994570192,354083.60570786573
4988,-0.014135459765768464,-0.006420608363329997,3.266618797449886E-20,35238.313284627366,15891.181405653144,265001.0425276212
4989,-0.014693217654041153,-0.006344875626505483,1.4833237900359915E-20,-21383.043707453457,9531.802429714582,178938.09516707459
4990,-0.015250975542313841,-0.006269142889680969,3.338962122658872E-20,-14939.28883076965,-44546.769581593784,266646.85879979207
4991,-0.014348503643318822,-0.006190085903282821,1.5823071575731117E-20,-17408.664731495544,-6403.5059074447145,185461.8065013005
4992,-0.014906261531591513,-0.006114353166458307,1.725912576528138E-20,31325.05126089427,6457.024309726288,192015.90059719523
4993,-0.015464019419864201,-0.006038620429633792,6.912305236444414E-20,-2890.017108434087,50358.47646061538,386287.17558781157
4994,-0.014216833510146857,-0.0058047737200129824,6.951174847126726E-20,18535.36268438758,-54529.3443139802,386391.6359026709
4995,-0.014774591398419542,-0.0057290409831884685,3.161881334608561E-20,20173.588909829185,-25341.482475598375,261478.6954643898
4996,-0.014429877387697217,-0.005574251259965806,6.956249105219827E-20,-35231.413588794865,-37292.18301036421,387420.8989339498
4997,-0.014987635275969906,-0.0054985185231412916,3.8029869254229755E-21,2298.923736758274,2965.508207982063,91299.0865497156
4998,-0.014298207254525248,-0.005188939076695967,8.120416369203875E-21,-1692.9221622072425,19634.668101793868,132061.71128264396
4999,-0.014855965142797939,-0.005113206339871453,3.567385634058919E-20,2342.8506062628035,40834.603696396174,276857.9231839263
5000,-0.01451125113207561,-0.004958416616648791,3.17915785044094E-20,-19020.52432464499,34056.00727484065,261300.57918814057
