% Model,※磁场聚焦光电阴极模型（30纳米-毫米尺度）.mph
% Version,COMSOL 6.4.0.293
% Date,"May 9 2026, 18:36"
% Dimension,1
% Nodes,1000
% Expressions,6
% Description,"粒子位置，x 分量, 粒子位置，y 分量, 粒子动能, 粒子速度，x 分量, 粒子速度，y 分量, 粒子速度，z 分量"
% 索引,qx (µm) @ t=0,qy (µm) @ t=0,cpt.Ep (J) @ t=0,cpt.vx (m/s) @ t=0,cpt.vy (m/s) @ t=0,cpt.vz (m/s) @ t=0
1,0.010379575140296856,0.012467165023264774,6.248568413666455E-20,-49493.41684209811,-30185.65340103134,365826.15812745213
2,0.010458959992168743,0.014089731576525995,3.643191916270415E-21,-4297.800555456133,1325.5322079550988,89322.66456028302
3,0.010893217573500093,0.013183232078660642,7.274142586175277E-20,-8032.025585809036,-26889.150180531888,398646.2431103479
4,0.01182278892567125,0.012970466096482012,7.824993976546954E-20,-8123.987167710681,-405.1985901061846,414408.4011190547
5,0.0140581345654134,0.007287396045980582,9.940130716021335E-21,-2282.7721464250894,16208.178058547765,146819.67417376963
6,0.014539564705999168,0.008308782940653096,5.3322449735990325E-20,12232.397942593272,-57177.18005747964,337123.8643920134
7,0.014567682670169342,0.0076245647336831476,7.966071995507775E-20,-71519.36724095464,11162.696090803336,411895.9497925134
8,0.015094024227251618,0.007271462136726026,1.8160105910465728E-20,17760.997538162115,7526.941503228285,198743.76786538877
9,0.015614896843851386,0.007614683902118328,5.705939993148209E-20,4141.109998901572,-10669.342194766508,353758.36113477976
10,0.014344175017166947,0.010247231608759419,4.891599527566789E-21,9691.433742127245,-9537.841327656462,102736.54844176967
11,0.013144109849838291,0.010013745985685312,4.0167012148223046E-20,-12448.775578209139,-28436.00030255384,295338.0552578927
12,0.013708662322690078,0.010483337593617303,5.084171871497372E-20,39216.70876669143,-25329.177766582394,330825.20242422685
13,0.01249867113771291,0.010241705898381675,2.6495063453507113E-20,11716.941192681028,34525.14905478441,238414.81348162648
14,0.012397932863142305,0.010922965274686983,6.365323826953494E-20,33038.9739499601,52350.745435594305,368674.354123078
15,0.01296248533599409,0.011392556882618974,9.635992951688429E-21,-4854.525247817301,11368.43956089377,144925.426144263
16,0.01717783444303641,0.003976030837562505,1.510703361561923E-20,-24788.26581015597,839.8385276776448,180424.21371804064
17,0.015992064626523948,0.004213867564589774,6.920047421089732E-20,-27996.053812163147,65949.82429959519,383143.4903601569
18,0.01668515009028152,0.0044354659230521065,3.112852183055005E-20,-31601.527508074905,-31779.802566344242,257556.22238610112
19,0.016873263389884346,0.005112771900167099,6.421106074316242E-20,-48120.659592935,38275.77321780742,370401.1861864832
20,0.01634371560292986,0.0055610245851458765,6.012494422597983E-20,7819.767595854502,-49219.10104091037,359892.7593556682
21,0.015795542634130022,0.0012927456303743789,3.690689063232833E-20,41112.61595369611,-6489.457358663533,281599.13621418294
22,0.016623156453416315,0.00207791241006623,7.277543814072367E-20,-53288.383922883775,38291.177608611666,394303.40588828025
23,0.016389974251932712,0.001426429043311352,3.4975614139611603E-20,28741.725125884892,-34794.52058298275,273410.86771298625
24,0.016738444770996935,9.073704779694579E-4,3.597834801887965E-20,-25245.63670950288,21649.102007980382,279080.20333483
25,0.017345655286054515,0.0010423125024304207,3.939659248506187E-20,14018.782698290608,740.1762106740571,293767.9144123072
26,-0.012507447333387411,0.010343205513737123,6.07935170678623E-20,9649.330190833389,-59468.26015836882,360339.78042606986
27,-0.014099802154056632,0.010449867585528834,2.297852281361079E-20,-18788.381217957773,6553.078376247552,223728.08826236136
28,-0.013203373233721947,0.010875032760220242,6.558667714646354E-20,7433.9362193631205,37483.00534549414,377541.5785235426
29,-0.012980536674012649,0.011813696519031337,2.4428501087488975E-20,11714.914219719993,-9790.462064810336,231085.67921788053
30,-0.003959922643215431,0.0171758400852503,3.7355380125239376E-20,28191.188346007562,41578.95272290463,281942.4689697048
31,-0.004149434787201527,0.015984087195379502,1.729436768312049E-20,7480.820842779648,24618.259716765173,193153.85476568475
32,-0.004403249534357973,0.016681161374709305,3.138792627805524E-20,18328.316431827316,44051.988948736784,258141.1375589326
33,-0.004589034211507128,0.015477120673438639,6.882760368288025E-20,53581.05676410647,-42612.93590540167,382657.3547876787
34,-0.005274993449295297,0.015642652708027845,5.956740125007942E-20,-40898.02949072368,-39692.281975497914,357119.35909211665
35,-0.005528808196451743,0.016339726887357645,3.1931982646384386E-20,-18500.443791451442,9572.757344919844,263958.2217641255
36,-0.0014920227518845192,0.016195669225184096,6.469738211265793E-20,56422.97677315164,-35691.202689102785,370928.5534890826
37,-0.002571311655563792,0.017368692359361733,3.5596231065633746E-20,15935.663625984154,-29947.756266890134,277492.3799812483
38,-0.0016272216802653105,0.017044912979700656,1.5336371953904397E-20,10100.056976186996,8793.147621703396,183008.8810780108
39,-8.154987574186408E-4,0.017541624835732652,5.963777027349429E-20,-46605.75260254387,-37024.56756253967,356922.88445190486
40,-0.012066759082117837,0.012843416428505035,2.4621874000187997E-20,12076.667294111845,27890.246489847697,230509.28177625837
41,-0.011181978009600736,0.013619371468146544,7.741362852102217E-20,28607.721046692626,32728.740090245497,409969.225749167
42,-0.011394734673329148,0.01294567610545419,5.802985240575685E-21,1322.1588650309977,-7003.389848485383,112649.362518206
43,-0.010485515384327479,0.013691853092150173,5.241482390814266E-20,23494.064224931433,-53339.14564242505,334187.9749045302
44,-0.010018101567105682,0.013110491388758468,4.4522012940939124E-20,11772.926430121157,6893.728916148562,312351.6856471606
45,-0.01024715037515714,0.01245664806136313,1.8754886188761343E-20,-16603.270911350803,-942.6290494562405,202238.71513615805
46,-0.007254444050433546,0.014032534145781034,6.771677741875497E-20,-44158.9291936532,-4154.3682690184505,383023.91302298533
47,-0.008289953228911927,0.01452493589478068,4.8788609251185317E-20,4091.7932108908476,-1112.2983695306086,327260.11065792764
48,-0.00760102759400669,0.014549396656146225,7.939038479132063E-20,46498.80221113744,-54709.10509686073,411277.454854475
49,-0.0072526324249848565,0.015079395416033125,2.1183841806503672E-20,11947.781186701794,-19563.275507193033,214439.83962513314
50,-0.007605269046247735,0.015607582438242154,7.97888897192722E-20,-16506.628199370538,-73227.6935650025,411757.8609532059
51,0.009328900298731804,0.01495305826953794,3.139057867275788E-20,23.02425539740017,47998.01815405041,258099.5252741975
52,0.00830370479427789,0.014267818397811176,7.338393353337824E-20,17273.428556094997,-1986.4237582548865,401017.07708495844
53,0.008649465632857794,0.014924564168504949,2.404659670931397E-20,-22446.286710112545,-4970.864749799573,228619.01346780692
54,0.008309738727873946,0.015541491326321903,2.995115243774472E-21,4888.893830125718,-107.50092275239841,80944.28187337656
55,0.007612144828930719,0.015479023689757399,6.754030607397148E-20,59482.547389634114,11342.698875390977,380289.7695623892
56,0.0029231518597601235,0.017376623101877063,7.292511537623602E-20,28917.098842513526,59782.67597221766,394587.75488918094
57,0.0023182030900744236,0.01632656777011414,1.9843609037755595E-20,34655.04471988095,7591.659659326271,205690.98318392385
58,0.0023329997745312856,0.01708207262682281,4.4731657063972876E-21,79.77517687103325,18034.022993712202,97446.2573213441
59,0.0017267923933215966,0.016019238397805,2.556745333351724E-20,14823.283865985497,-32921.76597359042,234159.60794694923
60,0.001147661157977654,0.01644185608769476,3.999459910917725E-21,-3113.3050191618167,-16194.441239848738,92244.3159025193
61,0.0011624578424345162,0.01719736094440343,3.122424111204541E-20,33850.70341841242,-24975.164724266873,258426.67470810257
62,0.004824620717848853,0.015542554200489932,1.837428248098235E-20,10843.438892771832,-16508.88669413048,199878.2183020379
63,0.0042724425254440064,0.017032761372371346,4.736981562843357E-20,-6578.8730318906,-2657.4472759200653,322415.5800536485
64,0.005022076854086879,0.016374524263284944,7.499148004413223E-20,-26341.017171059426,-19472.17532112819,404442.1079965631
65,0.005960780518584653,0.01652060964134385,5.248889129384406E-20,-37206.058698243985,-41112.82142495411,334912.97473803995
66,-0.01631584507753579,-0.0016181233248111204,2.3177913491526807E-20,-31287.731436411923,15756.619773263274,222846.9875528655
67,-0.017398736322449655,-0.0026028367987954502,2.3896978887140702E-20,-29022.409390109333,16479.250259035816,226611.65312460435
68,-0.017105000905876504,-0.0016902719667286142,2.710053136343126E-20,-42195.606821634196,-5261.847982014177,240191.72813244845
69,-0.017571668798820574,-8.47023900650292E-4,1.008619767023076E-20,-23351.663171829547,-10722.695937488801,146575.413665293
70,-0.016067894606584705,0.007251287481128607,5.2800360040804075E-21,-7741.407530391142,14436.16224077161,106415.16580891341
71,-0.015547408620863767,0.008306767518124893,2.1833669094452377E-20,-3323.802796972481,7339.281900370834,218796.07591361954
72,-0.015490858278841153,0.007606202409432594,4.1935090982315E-20,-4121.096301299183,23534.101858997874,302488.32437515707
73,-0.0149363987575887,0.00864352321335967,7.805580412970085E-20,71315.89927475012,-27750.67619362633,406839.2775793155
74,-0.014291487575978692,0.008291819955281622,1.7690223380672863E-20,16046.914845268193,9211.079756919002,196207.0367987118
75,-0.014257586257643748,0.007603361001968795,8.611979777291302E-21,-1850.5571486231363,-8835.664722081514,137209.45353860708
76,-0.015693539109424472,0.0047557935049317174,7.208331993739871E-20,-8966.990983344145,49571.78949397029,394618.4294662727
77,-0.01707050759960498,0.004255235722214734,5.952843633246685E-20,-6400.845343068614,57882.676245346425,356798.87736571726
78,-0.01645001671775221,0.004987663247628322,7.381498432967316E-21,-14980.717406321666,8838.585741485262,126110.3371895543
79,-0.01655835586857748,0.005943573715355392,2.9345488608635406E-20,-8254.34964640201,-27339.515084970037,252217.21488532043
80,-0.01762113670954802,5.527515334590136E-4,2.171463683103178E-20,-19942.68067292048,19354.660143038047,216570.96411819104
81,-0.01754418508373206,0.0017270693001277544,3.941064643177295E-20,8808.271364389053,-25917.595085229164,292879.17336470896
82,-0.017225234889422864,0.0011038249182193725,6.170667054023658E-20,-40775.74481856305,-38921.551144223136,363732.9394198988
83,-0.016497603977733637,0.0010303953095473599,2.4126852118648397E-20,-39698.354418345814,-8505.282791735093,226546.02859862207
84,-0.016088923260353594,0.0015802100827837287,5.0895149001714817E-20,15173.021924517388,21097.86060362438,333266.8596378268
85,-0.00933417745288112,-0.014967672340042612,1.696906326341502E-20,-25737.29115903433,3245.9570516582003,191267.5372551787
86,-0.008324813410875135,-0.014326274679829854,4.350480029541707E-20,-22966.687424511387,-30436.08072661434,306696.18746438844
87,-0.008660019941156415,-0.014953792309514291,1.527837362520252E-20,3523.9590682443268,-19196.539818406665,182107.98506463497
88,-0.007644602821460691,-0.014301070137457697,6.154000749706905E-20,16033.681108599612,-31364.661888252016,365885.8626962638
89,-0.007287492606948057,-0.014880734201082303,5.806358942181472E-20,-56342.53551369067,20022.66762362644,352001.85359850904
90,-0.007622699137229341,-0.015508251830766737,2.106667799341739E-20,-4313.154671265408,33896.22727612404,212332.57188367486
91,-0.004855058214659861,-0.015424096378391214,2.489356898005256E-20,12441.753461236778,-38973.116315598585,230176.1409759902
92,-0.004280051899646758,-0.017003146916846668,3.708301538355772E-20,-23849.739763842943,-15096.017997634042,283937.35577771027
93,-0.005037295602492385,-0.016315295352235585,1.4243242363710404E-20,19883.938444882133,-2723.1794981040084,175695.15633549396
94,-0.005968389892787413,-0.01649099518581917,7.547501369378926E-20,-69608.7534475414,7681.496391493548,401003.32076511486
95,-0.0028951871995612183,-0.01738686414539932,2.926354198144449E-20,-20557.439457606528,35096.02559911355,250189.62960159278
96,-0.0022063444492787985,-0.016367531944203158,3.1839667966468825E-20,23779.381116155593,20297.04032588584,262540.9262499556
97,-0.002277070454133477,-0.017102554713867322,2.7271350301973184E-21,-389.7047244439429,3064.666669663728,77317.42894832842
98,-0.001586969092327066,-0.01607044361541627,6.947346332789459E-20,64405.475987743215,-9553.213606734615,385087.15872678434
99,-0.0010358025171820309,-0.016482820261783777,2.418630453136296E-20,-27667.128116448774,-14476.990801048281,228313.11598745716
100,-0.0011065285220367093,-0.017217843031447938,7.588468326030472E-20,12536.497683918877,-21430.148148579592,407420.02267260576
101,-0.014363222946243717,-0.010230656079045337,3.847807702967848E-20,36778.09485369182,25019.52447285261,287230.61098095914
102,-0.013220301566145377,-0.009947443866828982,2.5112536101309648E-20,14441.256849116611,-17932.231376295542,233677.96710486594
103,-0.013746758180843621,-0.01045018653418914,2.034665176729902E-20,-18088.84349740595,10292.76293025644,210329.94913265138
104,-0.01364682401249326,-0.011164313584531575,2.7539389850175396E-20,-5893.620256821958,17395.71795431882,245206.86446058346
105,-0.013000581194147634,-0.011359405823190807,2.4395210190986686E-20,-23265.12038164669,-15746.402113697533,229720.2149093704
106,-0.010437719431889316,-0.012659141572754296,2.933582830511184E-20,-30924.953859330046,-1676.8702080340765,251890.3186693516
107,-0.010473496065066864,-0.01413772571389837,2.3169850200925698E-20,18519.986493264743,32014.674330389982,222491.21450115892
108,-0.010922289719296324,-0.013279220353405402,1.1741783077160476E-20,-15456.868522616507,-18049.539635170862,158791.77298096134
109,-0.01183732499856937,-0.01301846023385439,2.9396846811883474E-20,-11605.208652646752,-5545.000066974204,253725.12238316066
110,0.007320243049476065,-0.014010082672491278,4.792752070797799E-20,-38785.59156410632,36993.355809453395,319927.7732075356
111,0.008327552656936231,-0.014512106481472243,5.975545821172574E-20,33368.88846963707,-43934.99802423766,357982.51532603736
112,0.007648026879037063,-0.014533359889510685,1.6661960515280194E-20,-16324.70659619676,31002.29913934322,188027.44787885706
113,0.007290231853009155,-0.015066566002724695,3.635553859247953E-20,-1555.4070053621397,-7551.079236010166,282418.98453205335
114,0.007624068760259889,-0.015601167731587933,4.22275738457084E-20,29638.896499728937,-23438.070466419063,302133.03818061907
115,0.0013739988440774006,-0.01577796415301334,4.217725874485406E-20,-12916.778570869692,-23755.525181605342,303101.5397540473
116,0.002124342817896525,-0.016613111607063923,6.309244201187857E-20,48633.162035700414,16769.493742100232,368612.6783114189
117,0.001484467053099224,-0.01637741819399223,2.4894087201646556E-20,-14589.713574070709,6638.838803361651,233235.84792111386
118,9.538008857997557E-4,-0.016728399924644546,7.897274135332593E-20,38464.539685232405,-10440.597273589467,414486.3005324893
119,0.0010655277063455698,-0.017340632862878323,3.832593261354253E-20,-17450.064685170742,-39520.24209955041,286844.27139032667
120,0.003975586021931987,-0.01717188223782449,4.2568026856456185E-20,-16126.317526085375,-6350.498327958667,305220.03471999726
121,0.004212088302067728,-0.015968255805676262,6.440559174368936E-20,16743.346422144135,-42296.29046547703,373276.6464947988
122,0.004434576291791082,-0.016673245679857684,6.244350532578951E-21,-5233.684968894067,-12621.994567468924,116288.44478815961
123,0.005112327084536583,-0.01686731118467243,5.85648220910807E-20,45735.87077730622,-18981.85074162673,355146.56985905604
124,0.00556013495388485,-0.016331811192506016,7.335049756694494E-20,-23784.956532851596,-67932.12475492926,394795.0175315673
125,0.015352073857743048,-0.004655416536570929,6.20619586083592E-20,-41299.47344345307,30213.64267181918,365569.05746509327
126,0.016303938368084844,-0.004330274561706278,6.935819063477915E-20,-52195.160499604455,22264.825902130324,386080.6999157784
127,0.015876934639320307,-0.004815083929638066,3.489859101113373E-20,5262.308262753526,-37544.044336813786,274196.81590133114
128,0.015962503880733173,-0.005455833223800046,7.036378713814306E-20,-264.7237849242126,22959.103467132427,392376.0868029662
129,0.01649965247371031,-0.005619228083704125,5.615748538795975E-20,-56596.74342920821,-14695.951348438888,346232.02573313855
130,0.017399842567367086,-0.0029233524927122024,7.961852518100031E-20,45426.10136905845,54614.23150736376,412018.2206887188
131,0.016419445632074228,-0.0023190056218827327,2.497076697958779E-20,25962.4358727497,33498.65811518613,230278.1790408982
132,0.01712851155780286,-0.0023334010404354433,7.740764576779937E-20,25236.127973932376,-24965.65653277458,410720.1683795223
133,0.01755346757671236,-0.0017565863951874057,5.637494796952006E-20,-13502.181905154242,31125.428969310502,350174.4182292715
134,0.01724379987538347,-0.001162859108338675,2.3961007638273304E-20,16181.46972408843,-10709.329925994994,228540.4887416809
135,0.016080735418546613,-0.007244326282347007,2.784391591074793E-20,38058.85504932154,12372.795905278626,243989.31848212564
136,0.015560249432825675,-0.008299806319343298,7.963784728361374E-20,-56413.89296054068,35487.898346130256,412802.3294520521
137,0.01551653990276495,-0.007592280011869418,5.821645734569771E-20,-9632.294125888428,31715.973755163453,355974.2070115249
138,0.014897310345078721,-0.00722665435622821,5.524562208553178E-20,-26078.66389812426,4774.193881575045,347261.9497318333
139,0.01432179031745322,-0.00756855500806088,5.54694536227617E-20,-6103.095420380741,20053.042462777314,348347.2531571606
140,0.01019598261160928,-0.014339041136306793,2.1107418148226838E-20,18252.011159348913,4561.615847049635,214448.55059602516
141,0.009808749997084766,-0.013123574326397653,5.535981055605167E-20,-55346.67037620539,20314.173469589943,343611.0249177864
142,0.009421517382560248,-0.011908107516488511,7.651969716871853E-20,-47287.917008401586,43718.190845895246,404789.15007969434
143,0.010380839599317028,-0.013698394560969763,2.8788097172958087E-20,-26786.97720870033,-8946.036023178256,249815.4523897808
144,0.011129640117095514,-0.013622642202556334,4.9321433711952725E-20,-35599.569244719496,-37477.108476158166,324984.81714691623
145,0.010717969286086435,-0.012377397339701668,2.0270199425634853E-20,-11111.67445788625,24978.647226761015,209180.73211084135
146,0.011290058888318695,-0.012952217574273775,6.826460064630713E-20,-62585.83067332619,8946.520241111255,381942.8296333502
147,0.012818393331399,-0.012048936053977851,7.54452945716934E-20,-17059.200594234982,50884.239968978334,403438.441090267
148,0.012264222013638384,-0.01085602874354735,9.72210674610079E-21,-13403.808512463596,-20764.48199281589,143994.53889505722
149,0.012895629911242134,-0.011359088617049156,7.401481955286444E-20,-31406.37192754376,-4277.059868895305,401867.5036844467
150,0.012331532575833012,-0.010158035234457134,5.536066243061556E-20,31242.918056537117,48650.32791827174,343807.1436327758
151,0.013010399000334374,-0.00994680945454568,2.0491107130750278E-21,-1853.7864008212873,-6423.749262120669,66739.7904769176
152,0.013641806897938124,-0.010449869328047484,6.229644838540417E-20,-47225.64317651746,-20499.447877138948,366228.87357267324
153,-0.017190525757904335,-0.003970639045587634,4.1621571593559836E-20,22513.599375617167,-2479.268807731575,301444.3101379362
154,-0.016042829885995643,-0.004192300396690293,3.895366338170798E-20,-37677.10932098909,31417.066533267487,288301.22897456714
155,-0.016710532720017372,-0.004424682339102366,2.4036828599074454E-20,-1158.9118444072221,23792.154150795966,228487.07336338412
156,-0.016885954704752272,-0.005107380108192227,7.810707436216494E-20,45171.892578260406,-5115.646740894964,411606.79171670094
157,-0.01636909823266571,-0.005550241001196132,3.296026306500257E-20,-26537.76524971512,-36572.28999540793,265186.13807222375
158,-0.014501902247550847,-0.007663944448884171,6.930994801098791E-20,29714.426711805107,-54897.65897918589,385065.8979115546
159,-0.015090087838002534,-0.00904421323751541,4.6784983432103044E-20,-12248.36195585379,-35839.18384936704,318250.9405662824
160,-0.01517974911902774,-0.008070003047608763,6.63108467209422E-20,-19724.408963012724,53603.41676641703,377260.44338309503
161,-0.015921777119881207,-0.007488232031624794,9.970325223543833E-21,678.9579251505812,-10268.313420241278,147595.14472977386
162,0.01060609414918447,0.011519352596723272,5.141385448225134E-20,-2905.4350143602437,-32388.910910162132,334400.1981689096
163,0.012030979272195442,0.012000320130231364,5.125675914343926E-21,3527.6993786878584,-1201.3641253420217,106017.58503122021
164,0.011334036483033036,0.01127271819910487,3.2434890727732495E-20,-7808.333468260648,-45703.48507566295,262796.9195621804
165,0.011365036027719197,0.010298481870359977,4.437414501004967E-20,-15515.567136343003,-46563.2258376605,308246.9542547576
166,0.013472826837821257,0.007556038771088831,6.057586905182372E-20,-27245.59797661817,-44348.622320777846,360953.4104172561
167,0.012752793316883034,0.008346033037159022,7.544365343169372E-20,-71853.12224222539,-10689.33455404856,400452.3213682823
168,0.013389517540422495,0.008157814798773153,7.209941153809234E-20,-40553.29180729126,29183.550328988345,394715.7897236384
169,0.013942932466563189,0.008571372588071608,5.751273041507488E-20,-21345.439504673326,-326.1575737124429,354704.84897627326
170,0.013859623169164424,0.009173148615755931,6.94151153200492E-20,-7107.4081872745355,52241.82492301298,386812.1256870542
171,0.014164677526333935,0.006490278522345434,2.329369453549866E-20,30023.987274439354,-1079.9157355079274,224141.849077881
172,0.015701525251325503,0.006457298041928993,1.1888419432816927E-20,13897.09812369401,-25084.96569215437,158993.98917986912
173,0.014773218917447848,0.00602629430128636,5.566623815833073E-20,-29134.13253853255,-41892.03287656632,345851.8296370033
174,0.014453453974684106,0.0051313063395846525,3.3216253748616526E-20,17972.39740962964,-36396.32319827744,266982.7905661838
175,0.015361692894147322,0.0017630281351867097,3.90874080818097E-20,-28014.680024605837,36211.87696955892,289347.04792160523
176,0.015003045811066137,0.0027885004972187807,1.5986290644568173E-20,-3194.235015938805,-24166.204434832092,185753.31239172159
177,0.015513755507130729,0.002366154978586687,7.022320749539859E-20,56702.64364072311,33009.68568585549,387133.96605134336
178,0.016176527816178732,0.0025469363033545707,5.197492949772303E-20,-40164.44179566071,21129.53193233275,334743.47704942786
179,0.01632859042916214,0.003150063146754548,4.8507088133108843E-20,-47719.14032625986,4852.257442975,322797.7849836146
180,0.014301706980998809,-0.0038718186187899004,4.60304443216165E-20,20682.930681068287,-4042.000612019874,317202.4473727739
181,0.01274267508134223,-0.00339050866248494,3.0212288184283214E-20,-6010.309532439152,32894.03200334361,255370.42742642574
182,0.013768009011565259,-0.00324540311618471,6.538674349926698E-20,10270.56750800631,60129.015780614944,373949.1123279658
183,0.014259644972354737,-0.00247388206727929,7.524242695401711E-22,-4555.674352195089,5000.470786106022,40077.64127438153
184,0.015468743655699066,7.129942249036953E-4,5.1980447066855635E-20,-39403.489388159294,-33187.84223184902,333872.55214852054
185,0.016398866895311098,3.263604609747845E-4,4.6957486976524134E-20,6852.543644063881,27699.432649488717,319816.59148938925
186,0.01572785703023422,2.660871580206581E-4,1.3928604952561347E-20,-20256.41350867534,-4436.153510941189,173639.78462158563
187,0.015315960539692499,-2.4109321181650534E-4,7.375957821093749E-20,-54911.316017637626,43588.51640628617,396265.7466511379
188,0.015575073914227654,-6.880002786995422E-4,6.153229593217586E-20,-16062.203678158738,25465.92984616284,366319.3231460221
189,0.01402874847552994,-0.004730332655274994,1.1562481239342362E-22,-210.09157708314524,1191.6268455856928,15886.931209989507
190,0.01316781095047926,-0.005907938213219666,2.8268810216244525E-20,-36811.31614726958,6769.034189756749,246301.29511781444
191,0.01322209200062752,-0.004962431189154898,3.897475804524176E-20,-42105.41464659668,30891.239919076892,287825.25026865915
192,0.012469716575873362,-0.004249022698970034,7.975969388795294E-20,52654.167887700845,36749.76518485002,413512.0226518754
193,0.011057973760365826,-0.006124382832685168,7.981810441046963E-20,-27662.16063407758,11235.2226205866,417554.8063616225
194,0.01172702289708233,-0.004597535243322577,4.4404375851961833E-20,5883.872422213364,30150.82089441546,310721.3100894601
195,0.011736704643045463,-0.005659456277859985,7.589654096003435E-20,25772.708874847383,48443.517892401156,404502.80209964176
196,0.01242511727168823,-0.006256450757572207,3.3523184065828485E-20,-31745.02400613915,24543.989381436673,268311.8191553486
197,0.010498367776002259,-0.009301489032222662,2.272840126740931E-22,3485.4282491254066,-511.1896152829163,22059.038765879508
198,0.009754307244749698,-0.010026886464926998,2.3504692681288294E-20,16869.66868664582,22501.283917873872,225420.79567224951
199,0.009901549390982981,-0.009429339717894414,7.891237187509964E-20,-22988.599323009825,65502.439958480725,410409.3465667637
200,0.009451973152196985,-0.008959643656533584,5.639942790247138E-20,26387.208764965686,-24483.932927366237,350044.60173179803
201,0.00885515476717771,-0.009087494342205337,5.561262256305379E-20,16614.481497305307,-10671.222516642938,348869.0260242895
202,0.010954281262016217,-0.00706405352231279,4.4511158293912E-20,-24208.03811316857,13821.101788014732,311366.04998112534
203,0.01232142477333862,-0.007196121447199832,3.9565497571025194E-20,12656.20799425125,-19121.08516000913,293839.58751452813
204,0.011529319646346242,-0.00753879765711523,4.358382960801399E-21,6642.5260849469605,8827.878144662804,97195.37526918936
205,0.010094693326895336,-0.007279829686012666,3.4448127354965236E-20,26796.21740326924,30168.447009033298,272036.68801450654
206,0.01045266496856301,-0.008571994165532943,1.745208862518683E-20,23188.46569755665,-1491.4107609239459,194362.51156223676
207,0.009810143776104481,-0.007970349984514978,4.66007276647334E-20,-39055.39894528285,4370.621760112888,317441.5918701123
208,0.008883073032855102,-0.008059226101999327,2.487613403022359E-20,31885.856053090552,-21043.889835442722,230557.8554659532
209,-0.012305476536755466,0.009520171316571726,4.3186273042266806E-20,-5146.815039221989,-16067.674070168128,307461.18077020376
210,-0.012695993914471574,0.008551004200179187,7.478649379149402E-20,-63549.52222473493,26891.554921896008,399292.72734814486
211,-0.012784542613985298,0.009216745257647168,2.154237985039358E-20,7146.756861480012,19865.60549448306,216451.7983178468
212,-0.013352157390728854,0.009579060256190583,6.243673072531122E-21,2486.9824513154854,-20041.45799946426,115327.25646355172
213,-0.013831223467958686,0.009275634197266023,4.412429074516003E-22,-4734.443457922652,-3192.115212217486,30596.749783469262
214,-0.012991748610866785,0.006268412262830719,6.165776260984154E-20,31828.031499247172,10392.472690222821,366402.50226484734
215,-0.012320596456937729,0.005120887993642926,6.430362293142907E-20,10587.451252216362,-31351.316202861977,374280.5039247339
216,-0.012985534629059608,0.005620728499342772,2.0613654982512865E-20,-13891.306532953127,-8832.735152470252,212101.54274130802
217,-0.013644258819374304,0.005472885241554673,5.63647949634864E-20,-36566.95854516027,-6944.68067926524,349807.8931428847
218,-0.013638044837567129,0.004825201478066728,4.675464568081471E-21,-9905.874247152862,11317.278893067476,100194.57615778888
219,-0.014482299683842662,0.004068537235447333,4.425169758162836E-20,-1621.929857361952,-38805.68409297455,309269.6271623377
220,-0.013158637321406088,0.003716539987535585,7.703385615919177E-20,-21372.277950672353,-24652.387598566358,409958.5605563166
221,-0.014009106149488802,0.003607559508404137,2.3958476998410213E-21,-5753.581272395004,11003.627266020505,71456.22031525936
222,-0.012685443787052228,0.0032555622604923894,3.8167323509751043E-20,-29828.37558760671,26476.530519516444,286717.66569896723
223,-0.013062719080781078,0.002685604054317745,3.79217082307508E-20,-30880.003336139296,-28705.943120694592,285448.5868660466
224,-0.013913187908863792,0.002576623575186297,9.855582763781197E-22,830.1153546920578,3769.3551723431847,46356.59267750181
225,-0.015057023984076165,-0.0011643990902381704,5.597261195170863E-20,-21168.636885369906,3820.9204762698187,349895.9438375952
226,-0.014764317617824195,-1.6954250256596325E-4,7.421712463295587E-21,-10847.478112340563,-539.7260248198277,127187.62513281663
227,-0.01456819037307493,-7.809355802967281E-4,7.422993165520088E-20,-45063.253990479745,57749.04306177576,396999.7237783677
228,-0.013883229517324422,-0.00100886514808605,4.143311962923975E-20,1320.3555153695033,-2714.748089170329,301593.7914185306
229,-0.013394395906323185,-6.254016381446074E-4,9.561838256400777E-21,-16225.01898901387,12926.359450482758,143398.1713551332
230,-0.013964794422217713,0.0013832458427656773,1.0143369785137873E-20,18050.457827395454,6462.781384095371,147995.1526387228
231,-0.01273705030040615,0.0020621845280717694,6.383472376009199E-21,296.7084589185389,-5692.511513490454,118248.31138857754
232,-0.011509306178594584,0.0027411232133778616,6.665459030814659E-20,-15010.587042248051,-65829.49823800239,376541.738051972
233,-0.013261850348113934,0.0013297845226943458,5.2060294422732486E-20,-47106.0188027653,-15111.283619942604,334444.20852030796
234,-0.01308370632171794,5.439231972455904E-4,3.473632227235145E-20,10720.9979316021,30661.235582327427,274244.09396375733
235,-0.011855962199906374,0.0012228618825516828,3.2317028658355426E-20,-38732.14362916437,11545.589591091848,263286.4402174448
236,-0.01238076224761416,4.904618771742593E-4,4.027296122914582E-20,-1301.881028789526,2466.4353807800635,297343.2052743059
237,-0.00912285827033897,8.67397353156541E-4,3.4619659001691237E-20,-3627.16806885601,-29133.005683011357,274129.2533100772
238,-0.010316885663501514,2.4915263175465547E-4,6.662413262818388E-20,-43539.14394170284,-21946.79039327236,379339.335631849
239,-0.01151091305666406,-3.690920896472298E-4,4.268105547595421E-20,-6187.797251054899,-17241.66812299427,305568.733412071
240,-0.009803324525343403,9.61321315830677E-4,4.019003454948779E-20,9353.32507611034,17395.984934593762,296392.62217577273
241,-0.010997351918505947,3.430765944287918E-4,4.2366655639447446E-20,-2725.4949600411014,45870.64357252904,301506.21017977316
242,-0.009970229642189724,0.0017674139625808343,7.57075839193609E-20,25686.00381526259,6215.326666939241,406841.8138918303
243,-0.011164257035352268,0.001149169241178949,4.386963231200519E-20,-15672.771162498342,-43903.52798044728,306829.3026930851
244,-0.010650695897194157,0.0018613379252549705,1.133823790186772E-20,694.3797995751347,5072.848256866819,157693.73296947693
245,-0.00880526356516512,2.4378394600759362E-4,2.685661939276032E-20,-28878.156559156596,25445.587536645766,239756.7083021351
246,-0.008699850821494328,-7.270396660149548E-4,8.144970923042105E-21,-1530.2932727581601,12450.179601066558,133136.18381723572
247,-0.009168135114995707,-2.859054984672176E-4,1.3502456307738396E-20,1477.6418886372414,-22752.327498857278,170661.35935389114
248,-0.009999290958327666,-3.744607753942918E-4,6.353254920202554E-20,-19707.882200692173,11688.079720594867,372777.3666276105
249,-0.01036216250815825,-9.041502198691029E-4,1.8029428585357602E-20,26617.82155136192,-21350.90012751409,196009.99188163172
250,0.00956557375730716,0.012252563213737173,6.698650344641359E-20,25521.09160372335,43962.38777964047,380114.75849720807
251,0.00858713545688196,0.012645469862888956,3.155736595812784E-20,28554.22625834446,-26608.279357107695,260311.38715287487
252,0.009252995699278418,0.012739139433132672,1.2190294909109186E-20,-17730.121732272826,-18953.603534671303,161526.0226109781
253,0.009606277883646135,0.013319385222771887,1.1655479204142917E-20,8674.16114641217,-1317.9252680988209,159728.10173199236
254,0.009293699825617396,0.013805961442167388,7.473343346062689E-20,65521.34281484351,-17140.77279195825,399365.78657380556
255,-6.223819402256136E-4,0.015667446834988906,2.365620327642674E-20,-20338.718116350163,-22231.82334652261,225898.55735334428
256,5.6973930169244185E-5,0.016984649926713977,7.645276816819054E-20,-45291.82378040674,4544.469115719272,407164.2629561848
257,1.1394786033848741E-4,0.01596929985342796,5.118067384523047E-20,19664.323739532258,17072.43641156003,334201.83406021615
258,9.072515910718314E-4,0.01525580279858099,2.4851992299912285E-20,-10975.81980898584,31803.955904953338,231152.57640180038
259,-0.0019015502900641898,0.015481003508328052,6.503661466259174E-20,56026.907841734166,8240.641162310938,373608.457778009
260,-0.002812427919387421,0.015064385506759885,6.473575749377824E-20,56520.58254129812,-32651.103309118953,371307.1365753963
261,-0.0024443888393386654,0.015596413200106254,7.971809716722426E-20,-24453.005176823088,-14631.436440506093,417386.92386764265
262,-0.002619188308564385,0.01624385058523082,4.906215583658483E-20,-15318.493654742855,20218.70596441297,327222.0784078842
263,-0.00316202685783886,0.016359260277009017,1.0840137767057556E-20,1983.0989493699108,25561.950431142857,152126.87440649618
264,0.014560609941924844,6.24252577233851E-4,3.9063175861865905E-20,8405.155406658912,51592.68927159055,288153.0522909956
265,0.014331435267914996,-8.068785778464499E-4,1.2192389882637986E-20,-24478.496517679363,-329.83190058585603,161770.04129738436
266,0.013911589602685773,8.860386268096951E-5,4.480152746558367E-20,47259.26838754825,-8573.351453677424,309929.74012544245
267,0.012842723598217488,4.484375886555077E-4,6.135800512305628E-20,-21976.554823748218,-53396.82075382517,362463.1067883544
268,0.014708328732646327,0.0014626554150022353,7.231471699353703E-20,41677.2986918403,53973.21900150454,392580.44813055586
269,0.013563071170174756,0.001345445422616673,1.451518817365751E-20,16654.189077756153,-314.81655522545157,177739.08021729894
270,0.014207027184128742,0.0017654095382177383,3.128001040150689E-20,-6976.045026113349,-7494.936078253015,261861.75625043732
271,0.013061769621657171,0.001648199545832176,6.534878917515965E-20,1616.3031719602068,44213.327830444614,376188.9962959312
272,0.013204424087093573,0.002370917784648744,7.863254484006982E-21,5819.404215447213,5263.424143665475,131158.31678289894
273,0.01384838010104756,0.0027908819002498086,1.359117939305837E-20,30585.125402323887,-8925.733287419898,169778.76082531808
274,0.014083351697430878,-0.0016270966691969125,6.966039600151136E-20,31322.701625695576,-62884.50414900373,384715.8605305855
275,0.013072038436755872,-0.0022381810660006786,7.751909001584588E-20,-20891.95667239308,64352.51522299547,406962.114017565
276,0.01341542246171754,-0.001551832320019955,2.2746068943097204E-20,7527.000142085327,-32788.17290715466,220925.604262719
277,0.012404109201042537,-0.0021629167168237214,4.7350789238634456E-20,44146.62593448472,10043.875790835318,319234.35398473113
278,0.012079563990290868,-0.0014013036216660407,2.6890001125236767E-20,19604.444888368438,2803.1924962118906,242168.95683464844
279,0.012422948015252535,-7.149548756853169E-4,3.786178126697817E-20,-11890.97969817969,-8437.173903973346,287948.51703108504
280,-0.01164964898642758,0.01031261085831196,5.1455866136042567E-20,-21068.117964172292,-578.7699983742281,335453.44396010553
281,-0.011950152853704977,0.011280719086932487,6.833112145169231E-20,-10901.733597018787,-8492.330102427533,387081.9456910495
282,-0.011472887513329522,0.01080162434112763,7.186335678472931E-20,-10350.115547562296,-22194.250886282585,396457.8517487611
283,-0.010818860699856011,0.010811543078138443,7.337985696598891E-20,-57117.55102309032,-32091.265583029926,395999.7464290544
284,-0.010642099226757957,0.011300556560954116,5.608528988452375E-20,41862.65942335119,15311.513223268214,348066.5822381869
285,-0.006437871663213103,0.014139742772827025,6.578063567569684E-20,-10880.341721394323,64474.42239758896,374363.9832660664
286,-0.006426074608505459,0.0156930479104394,4.3631877540558714E-20,-15483.600621253136,-48705.29350332155,305259.6111014228
287,-0.005963847434439306,0.014756264235675639,5.603794319940241E-20,-10627.9735978,-64197.91642878112,344672.2976850033
288,-0.005027596031599357,0.014436002023760493,7.862597140113014E-20,-55801.85345165211,24984.68072370748,410959.845492084
289,-0.007524175670896894,0.013438821802918933,6.946162031620028E-20,58853.15279841474,-16293.464316462252,385715.2794229301
290,-0.00833155890683824,0.012704546044584712,1.8635078718228175E-20,-1369.9951695542854,7941.4722359671805,202111.52739856896
291,-0.008136455449806889,0.01335442229585946,4.684469605761082E-20,40352.11639679188,12673.330792580913,317899.8665830515
292,-0.008553631771685536,0.01391989904007474,4.087727037430152E-20,-52794.14757345659,3212.1063160151893,294872.8575358523
293,-0.009165911550595532,0.01383549953301527,4.460550031627404E-20,21639.15773923255,-19520.58227494048,311582.5635940854
294,-0.011223069938797845,0.009707676236771967,1.709441848203442E-20,19579.92920355051,4439.091474401407,192687.20250331188
295,-0.010392281652226278,0.01020660845659845,3.27699028210562E-20,-6513.799965997149,-44860.32231965245,264372.1854446192
296,-0.010619729418070057,0.009591755098047645,5.172497520306219E-20,38877.583894190706,29836.09755693015,333410.2465647284
297,-0.010243836663186047,0.008860980600772514,6.613825818112692E-20,-59963.76602171542,-14243.465660001602,376045.6985016141
298,-0.00964049614245826,0.008745059462048193,3.488843303037428E-21,-9905.185164283757,-10174.824625862979,86361.15187198822
299,-0.01163017182689374,0.009218309791365623,3.6302949790052255E-20,-27115.558339140476,-7474.466353885906,280915.1814530405
300,-0.010650938551281939,0.008371614155366172,3.797817075454886E-20,20347.98847196558,22741.357721808643,287143.26906450005
301,-0.011433933194261841,0.008613022207234962,1.6474062855058913E-20,11440.308524617716,-25275.981335646047,188147.9939792305
302,-0.010454699918650045,0.007766326571235509,7.559461487062999E-20,-54932.942340299494,9089.285103366443,403572.0408697062
303,-0.011041455928998049,0.007402447038973631,2.4131416728678096E-20,14381.622382920648,23588.289447687504,228512.9877082697
304,-0.01182445057197795,0.00764385509084242,7.853158402375224E-20,19213.356999145984,2332.113077712131,414782.17581884493
305,-0.012317661656921643,0.006574411763387097,4.0085604633325905E-21,-14628.565086331913,4108.284606383547,92574.69479728743
306,-0.010947911003593734,0.006696883243780186,1.3488998540982492E-20,-3090.4147721617665,-6649.869805413703,171935.5487777616
307,-0.009578160350265829,0.006819354724173276,2.2523589602458E-20,-12975.281382795669,15904.923762544442,221427.31683526846
308,-0.011637360721169322,0.00623272750045553,6.068577639297018E-20,-42462.87643596221,-8561.030367767498,362438.14028751274
309,-0.011646509502992588,0.005426887494199304,9.581863684487603E-21,20338.264771274065,50.431835924368066,143609.52813315258
310,-0.010276758849664681,0.005549358974592394,3.258997537998382E-20,32619.490746862528,-36581.62570280922,262964.3453099416
311,-0.010966208567240267,0.005085203231267737,6.263519997695904E-20,-14058.95219802178,-15934.000405782504,370224.62158445624
312,-0.00640067194061138,0.01322159658666895,7.675027152170718E-20,6549.069428602822,14291.846058412262,410196.0135247909
313,-0.005460488186202216,0.013419102753957931,5.724244235378477E-20,26194.620140960757,20822.19255308711,352927.9185596475
314,-0.005889447989235861,0.012919971863359494,1.4022693342621886E-20,9209.678290602555,-28721.115568247213,172851.4693655668
315,-0.005807183840893987,0.0121192162494516,7.161474163587538E-20,4997.6720850832735,-61616.70163493884,391677.2914188803
316,-0.005295959889518468,0.011817591526142144,6.292965919185953E-20,42152.75076551661,2866.609148914864,369295.59982594167
317,-0.006983194270728216,0.012911002611461216,5.223517577588372E-20,29870.796038995566,14364.494064168266,337024.64499516063
318,-0.006389706171010822,0.011808622274243867,5.07210055452327E-20,55854.76660402986,-8761.698087159688,328881.86304566154
319,-0.007054492649469533,0.012298783912944023,4.910290737344095E-20,-35649.86178200313,-35531.29608733498,324459.28351589036
320,-0.00646100454975214,0.011196403575726675,6.951213086395571E-20,-8500.101263025383,18567.269633386873,390127.3506035914
321,-0.0071970894069521675,0.011074346515909644,3.013561369592384E-22,561.4018705317802,-3604.5509961504467,25462.34355653418
322,-0.007861875885410879,0.011564508154609804,5.551593234417432E-21,5170.319148682712,-6246.982283026462,110104.39063540536
323,-0.008817606824911279,0.01074914989007272,2.133420352335405E-20,27316.990367731603,-6359.344589750896,214600.51593756687
324,-0.0074167354892525385,0.010381045311189592,2.824026045382362E-20,4247.967486870559,-29326.28258411547,247233.6196657773
325,-0.006015864153593802,0.010012940732306467,1.5066168431467188E-20,8389.486717863729,16863.613774152444,180896.58465514297
326,-0.008301168050011621,0.0101779057451697,4.976887304969423E-20,-12551.437998683592,42486.19390650777,327577.086328996
327,-0.0069002967143528835,0.009809801166286571,6.379524842931579E-20,24365.565699691582,16955.26536840092,373073.15628279
328,-0.008669161835871046,0.009403522034246785,5.746167004991955E-20,-49966.66255351006,-36460.80952375064,349761.4920368884
329,-0.007268290500212309,0.009035417455363657,6.809823268624179E-21,-8330.795965985142,19227.79783175613,120466.239941085
330,-0.008152723060971392,0.008832277889343763,7.70838525312536E-20,-11562.238707148394,-7028.109446284713,411165.6901905011
331,-0.008520716846830817,0.008057894178420847,2.2028920375451697E-20,-7013.27828614662,-30323.46854788402,217707.64349852738
332,-0.005361074285151772,0.006813004626758285,5.909267702117867E-20,30396.996736631885,-54452.68124524006,354754.87012793665
333,-0.006694000384579901,0.007154296169495679,3.162282195179376E-20,1470.384099090387,16658.76704262741,262962.7294446077
334,-0.00802692648400803,0.007495587712233073,7.694288095568197E-21,18833.538463362023,10923.470918979714,128136.94527845066
335,-0.00583221623589769,0.007366373414230816,5.897157302060671E-20,-50105.72416586177,7981.973391903985,356230.13124074804
336,-0.005441574037961394,0.008131819446438485,1.906989686177302E-20,26339.924452803738,-25244.165891881483,201339.546576164
337,-0.006774500137389522,0.008473110989175879,6.972354485589046E-20,48155.815650839526,13145.709369633652,388057.62326928094
338,-0.00591271598870731,0.008685188233911017,6.370402530814203E-20,-20389.334266874248,62805.42365934548,368108.96777125885
339,-0.00803007869045995,3.689979250262225E-4,4.837231615213056E-21,2945.822477088935,-4734.951197114264,102903.97601943255
340,-0.0068985514595069795,1.263951406802235E-4,7.311415739656087E-20,-14854.272934611028,-22067.5496163219,399771.29078538605
341,-0.007617765365585363,-3.5477540429959965E-5,2.8326824870233265E-20,-6959.173991898207,-31635.712032392952,247271.8052322075
342,-0.007924665946789158,-6.01825686996326E-4,5.722135656919197E-20,36696.26787371665,-20581.9672029032,351939.3549097983
343,-0.00751235262191457,-0.0010063011524525081,4.907515155206836E-20,-10406.100153495188,-6862.022920125846,328010.5168355382
344,0.009791230304123164,0.011152170615860274,6.6499128174961406E-21,-19730.575359623093,-9378.70196386968,118839.72504807309
345,0.010297191556479648,0.010338256798284744,6.617248942674679E-20,9437.615245215946,-22968.40850397743,380351.7271821295
346,0.009704308792910425,0.010538354237378877,3.7852313844278766E-20,5804.075259700423,-42650.37732497011,285049.8232178803
347,0.009024504518128463,0.010124635297991614,5.107170965542055E-20,-50186.25740526606,-19288.75190404537,330513.341071693
348,0.008937583006915724,0.009510818919510219,5.426105832925687E-20,-51669.81796904044,29874.860175848382,339955.63093196746
349,0.009296430453195935,0.011554444104769381,7.148010392526514E-20,-18016.45722346692,28360.863190711756,394725.4267232786
350,0.008529704667201234,0.01052690878690072,1.1188531054142655E-20,-4917.2283604235245,12544.024573931974,156151.56323095367
351,0.008714709091055968,0.011342901215197088,4.7874487517703473E-20,-9362.89960768996,-2925.317633617105,324058.56416584057
352,0.007947983305061267,0.01031536589732843,1.3272522198810929E-20,20668.611383774874,-17098.89820483822,168584.5743467497
353,0.007551266366776036,0.010919815436052506,2.6945161183959255E-20,-27594.69431758951,30653.20889532272,239704.01613182086
354,0.007736270790630769,0.011735807864348875,2.17768413218785E-20,32350.044535019893,4199.742473353488,216212.1756516303
355,0.013265106499989021,0.006459297683399234,2.2992508987554325E-20,-17932.40093067212,4966.720790586018,223907.7296634789
356,0.013457624132222469,0.0055533162282253795,7.862572724599614E-20,-53011.658028563106,33942.918219825966,410686.2331425546
357,0.01297407686475802,0.005964332623393962,3.313995171923681E-20,-10692.893982750977,-37445.107536638745,266914.80283720256
358,0.012199499962062571,0.005880383958557268,8.025902907715561E-21,3560.345229807138,-4394.003487506437,132624.24585233442
359,0.011908470326831571,0.0053854188985519936,5.692028865147275E-20,-28832.626215948058,-13320.943937408829,352082.05061247456
360,0.01296092278226513,0.0070246229238139155,3.815314333724432E-20,-14362.658108584967,-12797.242326172529,288784.6430194511
361,0.011895316244338682,0.006445709198971949,6.623927027175436E-20,-5054.377876707746,-62003.45369832846,376245.527925616
362,0.012365709429310241,0.0070949831042233244,4.359387941997302E-20,-25312.99372718554,33563.77121864541,306503.9593172019
363,0.01224088926132691,0.007814617189884106,1.2958185742829633E-20,-5281.658449928211,24549.000340134167,166792.1935892447
364,0.011645675908372023,0.007884977370293514,6.369588506671914E-20,28465.708620216385,6529.046770494855,372818.53649355326
365,0.013452110815403602,0.00396444683652103,1.3278168512587668E-20,-24477.728649077893,12214.790571091098,168535.92766700702
366,0.012665500336013213,0.002821764482103397,7.692991426992744E-20,-26330.758683776356,69994.40945299639,404116.07475869043
367,0.011878889856622827,0.001679082127685764,6.328304926040632E-20,-29949.268594129786,13278.402020515014,371304.3453240472
368,0.01277053259888684,0.0036925752951591146,6.1999085678090856E-21,17152.406146412286,-3148.380567416062,115360.37992769953
369,0.011983922119496452,0.0025498929407414823,2.6301914135841187E-20,-22410.493519407835,17411.283476550787,238624.06962268977
370,0.012193986645243704,0.004291514566852917,2.3689646437321067E-21,-133.06469105234655,12107.111866123787,71095.37476510304
371,0.011407376165853318,0.0031488322124352845,3.043034622162977E-20,5939.277152395845,34155.89434354304,256142.6369435143
372,0.011512408428726946,0.004019643025491002,7.896800713033512E-21,20607.068228043405,2913.020820599752,130017.6458276312
373,0.010856615553958887,0.008796735711213319,5.3304389088450274E-20,51041.41295485471,20145.256553633244,337669.4410747564
374,0.010511042536970659,0.0074278277203011596,4.826618702076819E-20,6234.729428873626,42272.314677022,322714.0276314723
375,0.010165469519982432,0.0060589197293890035,3.513948588932433E-20,10664.194023786642,-8402.266473201047,277426.9473818788
376,0.010317195535512417,0.008269225880811555,6.568496393746697E-20,-5275.431395579346,-14308.67174082173,379448.4237047375
377,0.009583928515607701,0.008583114210920189,2.5523021821968668E-20,-13459.733706747158,-4572.27063262017,236293.61669808754
378,0.009238355498619474,0.007214206220008031,5.563988322603899E-20,10041.338175590203,-52006.93651579251,345476.2149433779
379,0.00904450849716123,0.008055604380518427,7.380305718843885E-20,49322.71533186033,-55120.246425592115,395684.52210947155
380,-9.740353806060575E-4,0.014854664233574379,7.125236861365322E-20,33466.04043210606,-26326.44017792651,393222.62932744785
381,4.572030692557259E-5,0.014580234875969099,2.013321819411973E-20,-35461.2801249604,1791.9641572724488,207225.77054679347
382,-5.893590204224007E-4,0.0143437346505989,5.423355239339864E-20,-11885.28424211885,53922.91071725711,340621.16473982565
383,4.303966671092291E-4,0.014069305292993621,7.312828771161002E-20,-54772.46773650707,39535.40650085436,394959.06509692915
384,1.7999369994491313E-4,0.013321875484647945,3.025066323480466E-20,-21180.45559127835,-4.153628709407953,256842.0496231709
385,-4.550856274030599E-4,0.013085375259277747,4.404332330458205E-20,7890.062303248183,49632.2569094874,306876.3710279684
386,-0.0016175798195576776,0.014807268018920081,5.870483193880806E-20,14115.940433506303,-60359.81442823239,353618.43271588464
387,-0.0014833064265383372,0.013548908627598926,5.260894767383778E-20,18337.995388699703,-30448.319744916524,337996.2442536369
388,-0.0018764478983256416,0.014248942221290308,5.007895718563186E-20,43989.459820337215,-25930.029555431007,327631.9948776076
389,-0.0025284574488809086,0.014390650017351913,9.648506276197933E-21,-16664.545318266075,18211.950220174862,143437.3668719732
390,-0.0027873255276488723,0.013832324219722138,3.151986672697388E-20,-5711.239554347998,201.81087059267688,263002.6098236364
391,-0.0038585261728758076,0.013401863847092247,7.726346135373309E-20,-43957.16766608108,45290.30024663388,407002.6996302887
392,-0.002813375150533235,0.012560122457339257,2.9048850038781243E-20,42905.03950098486,6993.0634001960325,248773.15144166534
393,-0.001768224128190664,0.011718381067586275,4.68193476571811E-21,4219.343443868285,5745.855912767924,101136.28454330214
394,-0.003625707716992207,0.01268798788233914,2.726003023471382E-20,-6339.188518079886,25093.48983807723,243270.50685603838
395,-0.004205221827567578,0.012101977342585914,7.255411473114835E-21,13873.450132318556,394.40550355659377,125446.81271977742
396,-0.003160070805225006,0.011260235952832928,6.546247135713032E-21,-7065.641877582382,-6698.283586152125,119489.51294931858
397,-0.003972403371683977,0.011388101377832808,4.579765311431708E-21,-13023.676619551843,1739.869815968532,99410.28908764769
398,0.0066204965411920886,0.012223297731562414,3.688334590059797E-20,15141.139763159434,-40388.37769178191,281279.6922575252
399,0.006832209055622587,0.010802855764541968,3.644372902005503E-20,43792.45602406059,-27128.714180033363,278136.2971056524
400,0.007043921570053087,0.009382413797521522,5.2123622335754586E-20,-23235.37528613853,32904.91943614007,335881.94166744093
401,0.006298156168323873,0.011501888521327797,4.238160355697804E-20,-30102.215142534784,24739.53812112739,302542.8392783189
402,0.006509868682754372,0.010081446554307353,5.2791252514327416E-20,25274.48504006054,-38842.170977445254,337279.6851440311
403,0.005441762908156945,0.01147951206787901,6.808209983940391E-20,873.7242328520147,-10490.265727496257,386478.79113754514
404,0.005653475422587444,0.010059070100858566,6.341709398685041E-20,27775.8801935732,-26658.990988922324,371149.95599433186
405,0.005119422535288731,0.010758102857644395,4.9676559440289285E-20,6088.40851091858,-8954.788156673743,330074.882552335
406,0.004263029275121802,0.010735726404195609,5.270556234300494E-20,11321.216828704233,-37217.23131530516,337940.3378137135
407,0.0015949590784288235,0.013788889533274595,1.3636529591627401E-21,8117.571699418724,4914.653909591733,53887.87717464291
408,0.0021636526428120556,0.012512570935612194,2.969531063382012E-21,-4867.1935409509015,-11565.17653631614,79763.87444509701
409,0.0027323462071952884,0.011236252337949795,4.417799098948949E-20,-37796.492841892155,5452.738579831293,309089.1157454446
410,0.0014893628350524711,0.013035473322815171,3.853585625004616E-20,13157.39563368927,34543.40643317241,288514.33427136514
411,7.09476783916534E-4,0.012804959499558718,1.127910269089377E-20,-1406.0561171134116,-8539.839209336908,157126.6685304874
412,0.0012781703482997668,0.01152864090189632,1.92222930368169E-20,35938.874630706785,2896.402639794606,202245.573793116
413,6.038805405401822E-4,0.012051543289099294,5.169911731829421E-20,52971.68082356496,5476.6033442918115,332672.9441361117
414,-0.0020670071464750687,0.008172487433964048,7.194139992090869E-20,-1346.7555506965664,-10916.144336673535,397276.865879286
415,-0.0031814966696242985,0.009113762249369802,6.78069814767954E-20,3582.595766551847,-32798.81440728234,384426.8935218329
416,-0.004295986192773528,0.010055037064775556,3.744541882087555E-20,-4320.95085735715,20097.338794852694,285989.890919479
417,-0.0023460512695631076,0.008952719015818998,4.2532315346542004E-20,44963.330956618825,10692.941724526956,302068.2216648377
418,-0.0034605407927123374,0.009893993831224752,4.204887155680534E-20,-26590.455832293086,6479.251808394644,302606.6753322426
419,-0.0017896499925899561,0.009571907364123148,7.059821928078571E-20,-11296.045320294832,-66557.63588013493,387870.2977383927
420,-0.002904139515739186,0.0105131821795289,7.40305531149861E-20,-15502.509488434847,-41887.39724041086,400676.6846959424
421,-0.0020686941156779952,0.010352138945978097,5.882267675407288E-20,-52690.958827893286,23327.379593363723,354720.7230831703
422,-0.004572102328562528,0.006825087447270637,2.8504992407599025E-20,-31948.795854845925,20661.17042508614,247257.2703869301
423,-0.004652602081372148,0.008143902266950838,3.3180745352348546E-20,-40863.559863040806,-20366.760203265887,266016.75601239916
424,-0.004254272322719198,0.00739053905525552,3.5769870091217425E-20,-18548.785802765364,22444.03526128698,278722.57325857755
425,-0.004334772075528818,0.00870935387493572,4.081247986041024E-20,5207.190663367274,17328.435712363367,298794.0802722819
426,-0.0036186123110325394,0.008521442271225286,3.059679201411387E-20,-14055.151401932291,-11990.32113575651,258524.8018640168
427,-0.0032202825523795888,0.0077680790595299675,6.460108544811434E-20,-4232.905715528516,-19010.536063305386,376104.59391570516
428,0.001288345206861051,0.008713148898463374,6.931223240192418E-20,57612.33905442911,18377.300380021814,385383.6459118012
429,5.342688573063783E-4,0.009904536279666592,4.081443237731336E-20,2031.3120763992704,23177.31228632343,298443.06775135203
430,-2.1980749224829416E-4,0.011095923660869813,7.423036636122419E-20,-22348.167867892156,-58020.25815371322,398885.4383979574
431,0.0012703529267897764,0.009409944297950012,6.250382707183665E-20,-11007.690615749507,-26696.85433071512,369317.6032594339
432,0.0019884447162018997,0.00961214771572007,7.541496654945741E-20,-16625.53741282495,-42408.27855097304,404352.99084104673
433,0.0012343683666472276,0.010803535096923288,6.470515867958533E-20,237.79461154615873,-49366.82773858682,373664.742132952
434,0.0019704524361306257,0.010308943115206706,5.89303788276117E-20,16385.40807255913,-29507.768639232905,358112.5084134379
435,7.111675359341729E-4,0.008344138443059182,3.4591481100023474E-21,-5765.069700469671,-12447.51699299175,86061.10984657062
436,-3.2026596750561205E-4,0.008136105894103303,5.630807551714099E-20,35011.32174746659,-10727.255499076473,349693.490130416
437,1.1599758493602028E-4,0.008671923387141628,5.542042946325102E-20,-19536.090422126526,-19478.324468794908,347730.4745086046
438,-9.154359185037642E-4,0.00846389083818575,5.5717563396149E-20,-27275.009532010437,-9282.545200339446,348568.24677049054
439,-0.0010743423170602843,0.009327493275306523,2.220375446870788E-20,1244.9937190272285,36445.410021388714,217759.85293020876
440,-6.380787646186519E-4,0.009863310768344846,3.224657676482479E-20,-35096.04751203389,17845.873775510612,263150.7967173365
441,-0.0068796295550558224,-0.004471483121568813,7.91234411941023E-20,-59543.58239718893,23946.728691478613,411824.48017043155
442,-0.007243060361201225,-0.0035167168844479997,8.613468574184923E-21,-3752.1537106627493,-21171.844718253775,135826.6200580507
443,-0.006723397744225694,-0.003939670086189946,2.2730283398239562E-20,13987.706278220126,37740.68592172892,219738.86688152203
444,-0.006047503316420032,-0.0038308102525530254,3.567442454558318E-20,-32652.689152771803,-4900.409353346516,277910.5950420179
445,-0.005891271505589904,-0.003298997217174159,7.405386724613595E-20,11145.011048753928,23186.92986067188,402400.33478839265
446,-0.004994482517405318,-0.0026291416952714504,3.739993273042976E-20,32321.28654398391,-20349.13628854886,283996.7819023534
447,-0.00619003956218651,-0.0023150483271664247,3.538196739018731E-20,-36813.36569344361,22531.364707334636,275353.4540307388
448,-0.005449482384832054,-0.0021770058406425834,3.4299421875462753E-20,30473.675901430717,-31477.79042123657,270898.7776149571
449,-0.0051639250749043325,-0.0015868274994898753,2.3410981268391914E-20,5276.609672643426,33629.13608603481,224144.86479513324
450,-0.005618924942331068,-0.0011346916448610085,3.33011625259048E-20,19232.737904924496,10958.034672416854,269488.31770398456
451,0.00698268195699938,-0.012891839191783582,4.2899146557444574E-20,-8588.669021452604,-18465.841885936974,306221.95999189443
452,0.006319074025465399,-0.011799132872154533,1.2950304895574196E-21,6176.042621819457,-3590.8299068055494,52841.757150816484
453,0.006968869308957197,-0.012289323253532733,6.876703047703843E-20,19495.397368326696,-55152.9534190628,384133.4844737347
454,0.007604851944406809,-0.012176997696660075,3.0600321487608237E-20,14681.969092734209,-12832.141877650483,258464.52995951418
455,0.007591039296364626,-0.011574481758409225,6.310439182274942E-20,9867.04263531045,-5495.65055686983,372048.897962209
456,0.007728965711660391,-0.008733642483577437,7.817555346206199E-20,-26687.004840401,-56781.5273090741,409512.9188437669
457,0.008031299804213103,-0.00980088529197085,3.623636363629121E-20,-20785.84150248413,-15766.525325840123,280851.62192308437
458,0.007501929133715062,-0.009319182747671198,2.6888206083593525E-20,-22772.60520423543,-207.65111143907865,241899.60740093206
459,0.0078042632262677715,-0.010386425556064614,7.364507168856562E-20,43365.03076093208,39716.26241664327,397784.4179989018
460,0.007047855977824403,-0.010490263275858721,8.005854970568796E-20,9096.036863581403,-42300.33131578586,417012.3392096094
461,0.0065184853073263615,-0.010008560731559068,3.3709224059535604E-20,47585.77546572171,6427.527074144227,267776.2584178415
462,0.004215621483840658,-0.009969987042559312,1.4701658056090168E-20,7499.435023569213,-31254.22319034904,176762.48273662647
463,0.0028229162107821872,-0.010363689311805884,4.8690795562902063E-20,18386.314472708764,-55409.031605343574,321705.1279716022
464,0.0014302109377237174,-0.01075739158105246,3.7029319610184355E-20,-31220.048007302237,2097.9249857234886,283408.0771473356
465,0.003425572157241693,-0.009723737913971332,5.288277101771662E-20,49252.96252673564,9621.333791538178,337027.6063643623
466,0.002032866884183223,-0.010117440183217906,4.8750775107637205E-20,-15258.848110576278,-10104.816152042986,326648.36460777774
467,0.0032381787771022345,-0.008837537387548802,3.891672358680665E-20,-11608.502506038829,-11602.060387149413,291845.38288780797
468,0.0018454735040437647,-0.009231239656795377,6.143142108730626E-20,-17813.86902614267,-8749.736292103004,366716.4961941408
469,0.0024481294505032704,-0.008591288258960826,1.6962535793460532E-20,-24839.165147057494,-6131.741865284559,191278.07373714738
470,0.002260736070363812,-0.007705087732538296,6.167337282710054E-20,10673.322042644695,-24898.35570715134,366977.17305621
471,0.009578386154283185,-0.00650572908150267,7.074152186173372E-20,70446.98578534284,-9438.6206399073,387638.5526498845
472,0.008366765860242948,-0.007285125497489331,3.491598954785902E-20,31443.933314449456,12235.668073686478,274810.6758906576
473,0.008777529430880174,-0.0064221487754949885,5.3722177265777104E-20,1507.6235796737767,-45753.46585505782,340372.33167425345
474,0.008387436278114394,-0.005475591747492963,3.850724362661229E-21,12468.724013551157,8266.189523794494,90722.72540680354
475,0.010263264935585683,-0.00602109051564984,7.524104215408108E-20,39108.90496550235,24301.551808832766,403824.5699768458
476,0.009469298351473155,-0.005334332292976703,7.655841331855576E-20,75456.89946084784,2729.0913169911373,402970.8354833828
477,0.010147286993485174,-0.00545287164378933,4.856246857533258E-20,-52809.306831033035,-24736.09498734705,321278.63778758416
478,0.010709297693396683,-0.005003192122741446,5.172643607222303E-21,-9090.143326600677,-1962.5139507605102,106161.44989039541
479,0.010593319751296177,-0.004434973250880936,6.707157234375267E-20,-3565.596201612219,-66587.06635976974,377904.04593435384
480,0.00730596692514077,-0.008110489417773285,9.72358838001898E-21,10923.548095723532,-203.75541385424143,145702.2326281498
481,0.006322523098752071,-0.008799867401661155,5.063363752169361E-20,48559.74149694789,-17893.165071248848,329377.85114485555
482,0.00665593156067582,-0.008072876616062893,5.488786198800219E-20,13102.815387758039,7089.831925882947,346823.1934522724
483,0.00567248773428712,-0.008762254599950767,3.274936538978262E-20,12940.311811827285,45957.474720459286,263861.5142840663
484,0.005355860831745919,-0.007997651012642116,3.462418022455546E-20,-31448.42171995703,13249.499937022121,273594.79148298444
485,0.005689269293669669,-0.007270660227043855,8.293985418027564E-21,11236.565937895648,11558.290573426573,133977.2541544907
486,0.007665935517292586,-0.005065866478705201,5.623709614524811E-20,-37314.522465684844,50678.3604469596,345702.03400176734
487,0.007652155238711621,-0.006272222312036111,6.092631904168316E-20,54740.124718202635,-12010.2447627964,361421.063012024
488,0.007334527909236559,-0.005602698237919462,5.855968563946949E-20,-3405.1310066123756,56127.542518047536,354129.9103509021
489,0.007320747630655595,-0.006809054071250372,1.0431591701431487E-20,-3431.7872099186866,-11889.931299742366,150830.38872119537
490,0.006671712693124506,-0.006676361756347984,2.0102153597610096E-20,-11018.374358156661,33714.530567922084,207067.51534838846
491,0.006354085363649444,-0.006006837682231333,3.502708797374879E-20,41352.946491916104,-16276.789590086886,273730.2696943874
492,0.00471901354675276,-0.006358366082694325,8.858773656991956E-21,3668.398467822321,18110.652177005526,138232.84704601063
493,0.004702231987370212,-0.007849960455601235,6.311615368029351E-20,5486.218483117116,38588.6859285471,370208.8349452384
494,0.004382011604918253,-0.006975279112962097,5.405789539233635E-20,33505.080660461,-35044.99814727828,341079.6313410919
495,0.004365230045535706,-0.00846687348586901,2.2330379911142005E-21,-6254.850349865202,-3153.764145228051,69668.14652437728
496,0.003708007721249241,-0.008209105173497641,6.019970216974128E-20,-22462.928794707615,41407.923965587004,360487.72673127847
497,0.0033877873387972825,-0.0073344238308585006,1.5850805546092937E-20,-8835.188440489308,-20664.012620270543,185191.73080250568
498,0.009521507095672083,-0.0014423859627498183,5.82934810724021E-22,-1350.936394697569,1306.2818054457146,35725.680259819084
499,0.010484108907103704,-6.846702497496487E-4,6.129233767205849E-20,3068.5796754214225,-62060.687099617484,361536.4062803951
500,0.01015696203188983,-0.0014198961011291735,2.2487829053712013E-20,-12120.928724905316,37718.287453912206,218639.6154516893
501,0.01111956384332145,-6.621803881290041E-4,5.1467691153712874E-20,-3080.340226592441,-6850.848057671616,336069.56612540607
502,0.011427871904325326,-0.0013749163778878845,2.0633285738524794E-20,-28218.04547439267,-22737.44179060666,209732.92712665786
503,0.01110072502911145,-0.002110142229267409,3.31919052995571E-20,2598.985144124785,-12401.856299761219,269654.39216776734
504,0.009101894376960908,-0.0020354199665410387,7.741949156596983E-20,-53557.033872468724,41607.72360079498,406666.5122262978
505,0.010045657374182528,-0.0027256660946792743,1.4767261119023087E-20,-15161.687963413191,17977.789255572276,178518.90527546173
506,0.009317736594467477,-0.0026059641087116145,4.3670422943953015E-20,-33888.8251559634,-21364.589821775688,307042.5170670055
507,0.010261499591689097,-0.00329621023684985,2.0536355142784077E-20,-246.9634491697732,-23112.124809044293,211078.4311688733
508,0.00974942102948062,-0.0037470523930527664,3.1648222901700393E-20,17315.243181535094,-285.5358577406325,263030.3084318834
509,0.00902150024976557,-0.003627350407085106,3.202786351201126E-20,-33914.1505521897,22604.296152038245,262025.25259031096
510,-0.0075600940179224975,0.0039249315712029985,7.486394701335388E-20,-3292.0008244031405,65877.34270821948,400019.71091754653
511,-0.008927899423564506,0.003912898812951248,2.2522531135088406E-20,9826.231846781446,-20051.56367542775,221247.45696105497
512,-0.010295704829206513,0.003900866054699497,6.86775552635553E-20,-57077.5624416306,-29332.451949845257,382969.66726327204
513,-0.00823909812188422,0.004340241648895459,2.0545570460233883E-20,-2330.173942555776,23358.795419816488,211086.4868994615
514,-0.008229300924165652,0.005182894562532131,4.7637029655524355E-20,-59575.549233317266,-6416.354796803881,317802.472921898
515,-0.009597106329807661,0.00517086180428038,5.829345147593218E-20,-47646.63355223232,-9728.079788397004,354429.8606526819
516,-0.008908305028127374,0.00559820464022459,7.27969913133991E-20,45301.65040975183,-40779.821454191784,395111.54041367216
517,-0.00555548076527689,0.006067842537334305,2.33158990351687E-20,-32046.199351261617,14974.155862947915,223472.0141417276
518,-0.006219199958461864,0.0051511710887425675,6.178169011364354E-20,59564.91923899335,-22875.73430831184,362729.41550607793
519,-0.006882919151646838,0.004234499640150829,3.976789728110634E-20,-14282.513572165279,42511.44973937051,292062.76858019613
520,-0.0062210291961479255,0.005876049235382857,2.676289741644303E-20,-21662.260229115007,23467.792122589497,240289.29285726242
521,-0.006888406864705019,0.006409134080071698,3.3094297952194695E-20,31159.683334937297,-33856.954256605684,265598.4419874924
522,-0.007552126057889992,0.00549246263147996,5.049732273026411E-20,-33821.24463218787,-14135.895198031723,330945.61306065216
523,-0.007553955295576053,0.0062173407781202505,6.452402655198772E-20,-3109.78805337461,61192.84615277907,371363.11474858405
524,-0.008551371128021037,0.0013774953828491843,4.755754216438464E-20,-11382.608345594179,31648.675069293688,321376.8932683845
525,-0.009398742499871791,0.0022775119922734777,1.960191722738408E-20,-8798.222337837911,-33854.35279156979,204482.8033558808
526,-0.008660350240707538,0.0019815173752159637,3.8504716717793544E-20,464.20896218138165,-36020.92882781718,288514.80782035773
527,-0.008030937094229784,0.002289544750525229,6.833089055199855E-20,-46525.13768631777,-42941.17842931601,382118.25390703254
528,-0.008139916206916283,0.0028935667428920077,5.706341497599672E-20,-64496.53026668927,2620.5507781281644,348020.2683942885
529,-0.007891738260419796,9.9662225159242E-4,6.155480699145158E-20,-25678.253124743147,-48195.38643381051,363543.1340372077
530,-0.007371304226628544,0.0019086716192684647,5.214385791452062E-21,5810.345115933267,-5687.2100938607155,106687.75789473759
531,-0.007341084505505055,0.0012197711127024352,7.988421278589796E-20,-55576.53916857849,42530.849717212615,412905.5095769676
532,-0.006760211029466825,7.540194672464212E-4,3.110854224550598E-20,9550.572660824011,9805.622076584215,260983.88942658616
533,-0.006209557274552086,9.771683283564365E-4,3.424121761515291E-20,42810.657615624354,-22185.4408959,269912.7788971365
534,0.007384113146222132,-0.004319178705414209,6.929983593624244E-20,23653.994516640876,56929.475841666055,385162.00199429796
535,0.006403670600635017,-0.004723318149726079,6.819646651845544E-21,-4123.311869944225,358.9019796847427,122293.3458007764
536,0.006770883167095652,-0.004109322691337478,1.0500473848574719E-20,-3124.113654820919,-16782.84397702915,150873.3348528105
537,0.005790440621508538,-0.004513462135649349,5.481698620375401E-20,-47516.20309686884,-36510.88120815375,341704.3060915746
538,0.005544423208842693,-0.0036896106631840162,3.764843205948094E-20,36563.332384208996,-22624.664149870285,284270.5777364314
539,0.0059116357753033295,-0.0030756152047954144,5.384425911482374E-20,-56256.65690435076,17294.409609964187,338752.2745528667
540,0.008402145465722289,-0.001801230861105436,7.973796197149058E-21,2252.6898733314347,-3413.2466112378393,132249.9406359621
541,0.008105909121020381,-0.0028226171594789282,3.708900364676162E-20,42669.58133315572,-28332.671928640375,280725.5524900962
542,0.007918238771990242,-0.0021375858978404097,1.7980060823425433E-20,-22566.745006601523,16346.403956566011,196721.718717172
543,0.007622002427288334,-0.0031589721962139014,7.548729717337281E-20,-44034.790643074484,61377.18204579673,400035.9918094366
544,0.006950425384526149,-0.0028102959713103563,4.330444702380262E-20,-50047.5514119338,-27080.708529016178,303048.4622130438
545,0.006762755035496011,-0.002125264709671838,7.003189984955882E-20,-26297.80529941743,61220.10752189196,386416.923189342
546,-0.004285403912900538,0.0060432125958622025,7.973054182162645E-20,-16685.97218208984,23828.96106307682,417378.6700180973
547,-0.003251414142560928,0.00642075260013665,7.947292514258943E-20,-43106.49873114666,10907.864634893262,415341.3510496965
548,-0.003680875491395218,0.005826789352438651,6.370798531581686E-20,50509.33563047167,-32702.28297911733,369123.9905501642
549,-0.0026468857210556096,0.006204329356713099,5.737631184708703E-20,-29497.317940140983,-32868.0618744889,352166.6526711505
550,-0.0024718186483845806,0.005393942865591548,9.351949616148544E-21,3789.393806679228,18691.352430056748,142017.0166539507
551,-0.0029012799972188705,0.004799979617893548,6.784762254640184E-20,24002.93956990137,-29353.76515020305,384088.6328177873
552,-0.004851306900742066,0.005611808778240141,5.59911224026202E-21,-9996.214866363925,-11263.7949590996,109846.55748915717
553,-0.004071711406565717,0.0045849990436950365,7.193219796909876E-21,21158.22239162117,-7558.024921676135,123645.43150922116
554,-0.004812681467078274,0.004963981717194526,2.9685650519210196E-20,-22015.853421432017,34002.037657004796,252061.714963914
555,-0.004033085972901926,0.003937171982649423,1.9491776105610887E-20,-26490.4734914017,19471.71809921412,204240.13047542056
556,-0.004735430599750691,0.0036683275951032985,1.2090761886323025E-20,-16139.49423726102,20338.06450600965,160846.52202341147
557,-0.005476400660263248,0.004047310268602788,4.505326079145695E-20,-49919.756011762394,24856.712859130796,309525.8238625144
558,-0.0049741008914629984,7.787203768079822E-4,4.9623738478744E-20,2251.8556217736814,45527.826633272896,326914.14922095044
559,-0.005585194088624714,0.0019333725288300256,2.1390451724630066E-20,29019.351560485582,21002.388059460758,213729.53137481914
560,-0.006196287285786432,0.0030880246808520687,4.4763443452264E-20,10266.216678612793,-24260.57335536757,312387.25841812993
561,-0.004900391460450368,0.0015117757161715562,4.149959150599275E-20,-21975.715557792522,-22969.11869786816,300172.2122676477
562,-0.004141879401263393,0.001823234242876661,3.659906887888817E-20,-14128.674513936345,28993.695532679078,281628.0285068074
563,-0.00475297259842511,0.002977886394898704,5.276320549832502E-20,9118.86495513683,47887.38172251963,336848.87809381704
564,-0.004068169970250764,0.002556289582240235,5.9724610188959E-21,7988.3228269986175,-273.4871466444121,114231.68050648562
565,9.250213870902917E-4,0.007583583622414939,2.4668554323937726E-20,-27212.1514133821,14024.302003386676,230702.29054854362
566,8.125065910039762E-4,0.006493306541685427,5.852196537935934E-20,-41893.27386669268,-11686.564113863458,355802.54509103217
567,5.437052872482584E-4,0.007150813745853142,2.2628629205900164E-20,6318.822696906538,-26113.140198687764,221269.4642394063
568,-1.0641211634949308E-4,0.007375551073459059,5.227717686625403E-20,-6059.899367368696,51053.17059379887,334863.07752762234
569,-4.877282161915262E-4,0.006942781196897264,1.6437545108967153E-20,-21128.155993337627,3476.1972905851594,188761.13095788745
570,2.71382535049979E-4,0.004865568698364109,3.8936449413606787E-20,21218.118445999135,-24585.546374453228,290571.4090361483
571,-9.019304484667516E-4,0.004343463491318188,6.255190099574938E-20,32904.66347877829,51126.26407000857,365565.7526636042
572,-0.0020752434319834825,0.003821358284272269,4.811598805301675E-20,7502.198712384493,-12218.231290075939,324707.2973039678
573,-4.26028028573421E-4,0.0049856151399400115,6.127699429531284E-20,-2442.3027953021497,58904.7265670226,362022.23632920114
574,-6.475361723034904E-4,0.00574781323013774,5.966493928187957E-20,-26394.015973584064,16166.63339482278,360608.5226347328
575,-0.0018208491558202207,0.005225708023091819,7.185253883417632E-20,27658.747662332484,-7935.855862580668,396139.8775640972
576,-0.0013449467359268902,0.0058678596717136435,4.694534291520525E-20,-45400.59747694691,-12181.156506339299,317585.59573629184
577,-7.951431618918591E-4,-0.004059978187553219,4.4636623161155325E-20,28911.911065928172,-23556.68349703707,310822.3215300636
578,-0.0019378476806373244,-0.004073129656015443,1.2423641475275226E-20,5836.811675072377,-29828.064841731717,162335.42899449865
579,-0.0013536369022113563,-0.0035437623007720403,7.24944893050272E-20,-37401.08993622677,22597.93509380381,396553.5292459961
580,-0.004354224548356069,2.2736289789315812E-4,1.756263421105848E-20,-15042.682536080094,27755.534527415915,193811.17111672062
581,-0.0035220030581564633,0.0012718767639618368,3.4147137080751136E-20,32061.135323846982,14624.450116563992,271531.7777786894
582,-0.0026897815679568595,0.0023163906300305162,4.4935523782908086E-20,6904.947302028228,-17536.46616225278,313532.0912262701
583,-0.0036606387742365103,4.090607583419081E-4,6.721313051191236E-20,-16944.372161055253,39529.583941532575,381731.7312808386
584,-0.0028284172840369057,0.0014535746244105866,4.330092046272684E-20,15044.805340638995,-7255.41819937489,307879.4612251621
585,-0.0031056887161969972,-2.720573868292707E-4,1.9482907224287133E-20,25085.9118108491,25156.06661598747,203748.18109898557
586,-0.002273467225997393,7.724564792394081E-4,4.9365589220676525E-20,59426.6590276546,10890.05754417018,323626.0467409909
587,-0.0024121029420774397,-9.035952638052064E-5,3.419925484276545E-20,-8595.378066973755,-38066.43896813226,271224.6105205376
588,-0.002654986552038361,-0.0038239769019430964,1.150521369156257E-20,11185.370700348514,-1780.312104136738,158530.27759539668
589,-0.0036636986474960056,-0.0030633671712638325,9.581608588105407E-21,7896.0357492983685,18577.072828494387,143629.13710905667
590,-0.0027879146450134292,-0.003045456792627347,1.8675051679011854E-21,6668.399819651151,-4625.565269503969,63516.26086672821
591,-0.002045058735505922,-0.002249026304675113,9.795894382190265E-21,20917.596710503294,2245.2165753030845,145136.72760382475
592,-0.004236265744258234,-0.002552874847620077,2.895589927090452E-20,-3700.1227334093082,-2240.0901649830103,252101.2506397737
593,-0.00440570830175725,-0.0015105606518385016,2.9952269389628006E-21,-1787.0783528088014,4416.902893664442,80953.27123297022
594,-0.003933048838537887,-0.0020244721453398368,1.2073279597884991E-20,-4708.065388096758,-5985.8483085693615,162632.54452034348
595,-0.0031571724695981787,-0.0020099809365609306,1.709369513171542E-20,-21538.637579144415,9450.138227505593,192293.0862602669
596,-0.0028539555638778325,-0.0014815782342806902,2.3502006707186548E-21,-3452.6393275028054,8171.457688879733,71282.9693682411
597,0.004182164701815733,0.0022938944710287684,2.997855752520599E-20,367.27650977445063,-28057.841436286122,255013.04862201517
598,0.004523163757484845,8.110917721020133E-4,3.262708911711712E-20,-2765.6961285413176,-15809.775484733165,267163.582625541
599,0.004864162813153957,-6.717109268247413E-4,5.353280215922327E-20,30597.383433775223,-37685.64339367172,339377.0612194956
600,0.003967725620667161,0.0015672931051420199,3.8654605867179054E-20,-24237.033621776467,5880.348447469917,290250.9116607436
601,0.0043087246763362725,8.449040621526535E-5,7.547427523037924E-20,-45655.40686861392,16300.14818602405,404173.6197581818
602,0.003197848402700905,0.0015968930722952779,1.4698279319935933E-20,25893.850470799374,19238.773591024288,176720.12694567593
603,0.0035388474583700163,1.1409037336852322E-4,4.14876477246155E-20,-280.20533858005547,-19915.508906049414,301149.36580278596
604,0.002983409321552333,8.702917064085296E-4,6.364315925467607E-20,68040.35485191479,10939.26140390487,367398.51335226814
605,0.003687630496115926,0.002979831639545763,4.566784110812673E-22,2134.056298536347,-4249.030601705125,31305.693379858156
606,0.0027033141970010974,0.0022828302408122725,3.999390260033761E-20,13350.939398744662,-41173.80248563559,293145.94886969565
607,0.0029786572092675473,0.0029391674421760093,5.937524198156061E-20,43396.290150569395,-43832.482061895316,355747.0254723491
608,0.001994340910152719,0.0022421660434425194,6.440731060590817E-20,53975.48070143972,41348.99090350424,369845.17427209625
609,0.0015607106355707892,0.002857839047436502,5.678161946086139E-20,-5838.325643264507,-44179.721358217284,350257.2648314593
610,0.0018360536478372387,0.0035141762488002386,2.334378273533125E-20,3434.200480277571,-30063.544046672232,224358.04995650754
611,6.304511916062956E-4,0.004147483785986991,3.5513755007972996E-20,42058.03691353183,-11551.66498127299,275806.8814948302
612,7.887384539217759E-4,0.0028754735806292716,4.2554180620289825E-20,-12120.085171968438,32703.37414438183,303665.6870452747
613,9.470257162372565E-4,0.0016034633752715522,4.793378675294341E-20,30173.574678951434,39072.247129972304,320629.51013394515
614,2.9210928453921216E-4,0.003549445315185778,1.7029041344069464E-20,-8221.144727400846,-6.159622977252069,193184.65782999035
615,-5.428617919104349E-4,0.003625378578941071,4.0358015438449565E-20,51724.55013986383,3384.942014910651,293122.18010849645
616,-3.8457452959495464E-4,0.0023533683735833515,4.417879946114511E-20,48098.80633479738,1940.0785956367845,307699.3737993834
617,-8.812036989775182E-4,0.0030273401081398585,5.865308685617266E-20,-46629.7460812554,-15517.392616397325,355471.28177963855
618,6.946928357181684E-4,9.147835893258763E-4,1.9926022360345807E-20,-8067.29365296471,-11233.05556093616,208703.29348023146
619,-2.2059306815457673E-4,1.2075443684656815E-4,7.708632591454164E-20,-50829.734479049635,17959.792497473347,407847.42099707323
620,-0.0011358789720273216,-6.732747156327398E-4,1.7876878335499317E-21,-9598.938069878357,2844.423385581217,61844.21120926614
621,-5.426921418348374E-5,9.000755379367066E-4,8.64733663333619E-22,4073.0780369114786,-2636.941169920876,43301.41256581782
622,-9.695551180562284E-4,1.0604638545739881E-4,7.315023111688986E-20,-16421.841175818627,-7196.998319906221,400352.8924453644
623,-6.369074101140427E-4,0.0016646885876376756,7.331860256905491E-20,-67300.40204344483,26958.659144419056,394610.5215183729
624,-0.0015521933139867874,8.706594351583676E-4,2.146765509246117E-20,5791.101738903534,31799.505441597343,214681.8414618076
625,-0.0013858694600156945,0.0016499805362485064,2.7513547975838223E-21,-1169.2473192929278,7381.374115095735,77361.82804551242
626,-0.015010376469566189,-0.0017893434694544062,7.720087095955282E-20,5837.467294290983,74054.24918103984,404943.3470762628
627,-0.013836582002814441,-0.0016338095273022856,7.278902924902223E-20,62849.09523485489,-38500.05982140866,392910.4457238409
628,-0.01447489534405497,-0.0020308243387291997,5.028118523618749E-20,-34466.60255933917,-46239.5582445595,327212.6498193566
629,-0.014577727559784275,-0.0026693200194309067,5.869901675198197E-20,52592.87780678321,39748.21571327192,352887.8916009504
630,-0.014042246434273058,-0.0029108008887056996,7.606294528597497E-20,-21653.34386929224,-50747.20922945478,404913.2293924912
631,0.005393693637349479,0.014748433657696514,3.9252648825684103E-22,-4390.593964113292,2149.7113136547327,28946.645762776192
632,0.00652146663770216,0.015698841522900735,7.717790491752334E-20,-39629.37334001284,-35817.02405821311,408158.61259626003
633,0.006154631492832716,0.014767851460598305,3.974278576263557E-20,20261.852532285902,33672.439741988506,292766.74203727
634,0.00654873420344651,0.013856279201197669,6.755170372176476E-20,-68494.20973634667,-6505.445694049619,378917.38603479357
635,0.003957200707593409,0.01518541736836184,1.8924719706540273E-20,11265.997630312373,-3631.117865329415,203494.03694517547
636,0.002491100477562876,0.015092062312831493,7.59011423295094E-20,55089.848155959204,25683.214457331174,403669.5522934016
637,0.003281645633320576,0.015641818881928962,8.2189327375056E-21,-8240.17594801335,8279.523949508957,133822.7451883187
638,0.0033966357148054425,0.016647976964593553,7.950706262407376E-20,-27905.904440819166,-12054.011214552926,416697.13323881855
639,0.006293250021693693,0.012895034933124529,8.800867061604016E-22,222.89539996639354,7843.1363263685425,43251.583747534074
640,0.005114516388658549,0.012151249269441125,3.235347752968342E-20,23090.22838871408,-5130.836989390796,265468.9621044762
641,0.005643663129327083,0.012845362924452026,1.1757633498109888E-20,20442.205876649467,-17554.827279601242,158392.77843817192
642,0.004464929496291941,0.012101577260768624,5.760868791666747E-20,8200.345124766407,6689.677107254152,355485.5053735769
643,0.004344489344593863,0.012746018907107021,4.8239222952194283E-20,30927.48122462166,-33106.49348566763,322270.71618801414
644,0.004873636085262396,0.013440132562117922,4.4012527768321007E-20,-3969.1573606663037,54703.26190993108,305978.6060862348
645,0.0022159198943841494,0.01413761177907552,7.338273363266516E-20,58959.62046386625,2740.6664327995354,397027.2418908465
646,0.0031933200477378383,0.014199848482762421,3.173519888221271E-20,-21800.548335516683,-41007.57968330128,259844.02186679433
647,0.002731284466963123,0.013732917814417022,4.857052462424425E-20,18322.722997894492,10631.36098554817,325867.45726252964
648,0.0037086846203168117,0.01379515451810392,7.678142446682807E-20,22710.144520733218,-486.5704894847106,409951.6149049309
649,0.0037620136121210707,0.012923529885100022,3.0918871205738593E-21,-1642.7807930003642,-4952.463448811467,82226.09258738597
650,0.003299978031346356,0.012456599216754622,1.6430378890517776E-21,7332.327865669522,5361.45554627747,59370.3974552668
651,-0.015808528146105186,-7.924572063135736E-4,3.444392396355375E-20,12910.171426671957,18955.69095704717,274038.1590590942
652,-0.01703559934856648,-1.8525906223766072E-5,7.697823702458671E-20,-17926.426079137804,32877.52524119634,409397.28116965905
653,-0.016071198697132968,-3.705181244753414E-5,2.836604589176743E-20,18820.79840699538,38050.771768174985,245919.94941122824
654,-0.01536946859672723,6.998276751947371E-4,4.911623663169476E-20,-47483.3866122015,-8720.024803445469,324816.51174129127
655,-0.015680912715549906,-0.0023151447411863136,1.8259190956045535E-20,4514.275597148925,-3078.0503617370814,200147.15814348395
656,-0.015031939350877042,-0.003635109566151064,7.020469657220292E-21,4469.296505617339,11002.321002196762,123582.69178420476
657,-0.015815967836022408,-0.0030824268821930136,3.152369884011595E-20,-23001.414292962472,-12861.090563755028,261757.46900348258
658,-0.016735051441640277,-0.003297026339241664,5.902131585482386E-20,7237.239802115917,42782.87104735838,357352.29432811885
659,-0.01490829450844387,0.005320409609808736,6.859795203132685E-20,23284.417156459687,-16211.252818450712,387045.56142489996
660,-0.01574546369194718,0.006499803019849289,1.0620884504610467E-21,-2391.754694744782,151.17882550175077,48229.787316278955
661,-0.014861095798691213,0.006111304257126943,4.0477638151444997E-20,41773.49659454705,-33794.45288124336,293228.65680548426
662,-0.01392952919568259,0.006513700141722804,7.802479181504047E-20,-27839.416188122406,-3305.6214254149313,412940.92377497396
663,-0.015357307736060956,0.003844398801514907,1.5534822518844878E-20,-16124.672139138465,-15021.8089763521,183362.0105077875
664,-0.01521343037512344,0.0022979949016881476,6.183421438632071E-20,-41095.85518302901,-23257.373307735226,365416.8192064736
665,-0.015759122253925388,0.0031592826405392855,2.0991828442284432E-20,-13478.172565771987,-4664.053251921761,214207.6776104114
666,-0.016706628650591766,0.0033354542184148017,4.1429840985827925E-20,-21282.44222236816,34456.45664824779,298865.4213287877
667,0.007537636777434182,-0.013419641064038973,4.066588270433362E-20,-25917.02061324001,42254.97670528906,294662.95611688396
668,0.00815980676484161,-0.012704799568915466,3.80049924294683E-20,6491.228302854885,9020.650905813358,288648.30975076713
669,0.0080787789498268,-0.013344926998043514,1.3281061095237915E-20,-2414.8540039621257,-21476.911253170176,169387.07378207892
670,0.008538893307204608,-0.0139103403611761,6.179435644245682E-20,55435.3904171978,-39708.46096261051,361969.43607263017
671,0.009080035479597225,-0.01383562629518064,4.5416344758669226E-20,-25002.404985344394,6189.721777627231,314721.7887970921
672,6.014342429340999E-4,-0.01556376544048641,4.189688666249368E-20,45148.953890250654,-19911.024989405083,299251.1786596431
673,-3.075061176835419E-5,-0.01697025075205089,7.11205377189017E-20,13718.737348376797,-11593.031241389814,394746.8206262379
674,-6.150122353670517E-5,-0.01594050150410178,2.748088044711215E-20,-19432.828817795435,-13126.530777244603,244510.4333672894
675,-7.551873017758611E-4,-0.015287488319768044,4.4649691136105304E-20,36075.18858070409,14714.896363192534,310663.9265906051
676,9.143632863426142E-4,-0.014704558194713177,4.7629617109434134E-20,-56094.533696165556,-1098.516687908616,318472.52552166884
677,9.948923202640051E-6,-0.014520373447567597,3.132737317577305E-20,9591.786449681338,16111.305209995635,261589.04561895313
678,5.643568632803235E-4,-0.014222087012555316,7.101906874064131E-20,-2607.5131837989256,46210.58817140426,392151.3209189791
679,7.687583802957162E-4,-0.013441329395385167,5.3092696653556247E-20,-42314.93686126921,29924.961700369113,337462.4030911082
680,4.1875195723342586E-4,-0.012958858213227306,7.292291053368405E-20,-63346.78368317215,-20160.734398383305,394570.08531130664
681,-0.001447202820069147,-0.013875275225257415,2.0115547668984464E-20,21560.684210865737,-23800.11147483781,207685.16753192845
682,-0.002201000597324612,-0.012676719546909172,4.4397530896896273E-20,10208.867306766531,-34161.71227390507,310169.5546007366
683,-0.0029547983745800777,-0.011478163868560935,3.398419365265439E-21,2036.6464798393333,-6782.431566498019,86088.3836330217
684,-0.0014455322601232767,-0.013116075315080524,2.937569095607387E-21,7493.228515625507,-1374.4954431104097,79946.90200998358
685,-0.002199330037378742,-0.011917519636732285,5.981673225567806E-20,12873.364629198006,36687.99929711325,360302.7122024713
686,-6.883933629760708E-4,-0.012796231173074983,5.3634808155984596E-20,-28537.31309877128,46894.44929985421,338738.37585389655
687,-0.001442191140231536,-0.011597675494726744,6.97505060907598E-20,2159.2865903337256,11516.005483893787,391155.243576698
688,-6.867228030302006E-4,-0.012037031262898092,6.633136820475619E-20,56737.471784238405,-25330.89633838187,376526.33547478425
689,-0.004902374353586085,-0.013720059693885872,4.2890061196834746E-20,16877.174859380106,2311.834644897044,306392.7390002561
690,-0.006058333990746755,-0.012982511921232079,5.446064577646942E-20,31814.06584029167,27670.192346406937,343209.17095164146
691,-0.005126336680089419,-0.012888790266125097,1.0528971329146368E-20,-27280.389149865,5572.325936657202,149470.67922885902
692,-0.004418301695935416,-0.01196379918325734,2.124405125913597E-20,-12512.231795942442,23414.008633041,214329.97068773466
693,-0.004212002697930632,-0.014170287454150044,6.627800262093604E-20,-58440.481846349394,24342.66927769583,376175.2982144527
694,-0.0038892875928301864,-0.012999447113731022,4.335015052235988E-21,12536.026932866193,9604.761871242294,96271.94296368306
695,-0.003745593368778513,-0.013789245786653446,3.6431464510549263E-22,3530.297853319259,1538.8707908259807,28018.486332220968
696,-0.003422878263678067,-0.012618405446234424,3.3824765277644316E-20,-45021.722103929664,-4992.011163166769,268722.24118342274
697,-0.002812774710474275,-0.013027162451660244,7.06450679265867E-20,1716.6236692910838,43705.36396838795,391395.7581320502
698,-0.0026690804864226017,-0.013816961124582666,4.502909804450345E-20,-26420.62936805485,-8517.229387663901,313197.111780122
699,-0.005432046865384452,-0.014651896941354802,4.40335785251768E-20,-44973.646692238595,10425.301379789327,307483.3496176862
700,-0.006536991743128883,-0.01569114817313306,4.4673576778237814E-20,4807.348644653389,8041.141868228064,313041.0418700364
701,-0.006185681703686152,-0.014752464761062954,1.595526642834861E-20,26773.047175302105,1597.0192379394925,185232.39544016813
702,-0.006588006502545122,-0.013914349168701007,1.7484416203821744E-20,-4214.421577661366,30640.610533661813,193471.14302363075
703,-0.004189931485098287,-0.014905323781579882,7.534258068404576E-20,66979.83802076956,34423.843302057336,399682.3571155986
704,-0.0031134186027423757,-0.014933039119509104,6.613289622960343E-20,44352.428653701034,36828.646608652736,376661.17061298166
705,-0.003701450943113823,-0.015259318441513124,5.1806525269041825E-20,-32026.982377686756,-42614.64576815248,333018.56118837756
706,-0.0038010027415008047,-0.015939592423450385,2.630568900815101E-20,8858.382829984786,19708.464917569538,239349.5831217781
707,-0.0033125221995163414,-0.016293587083383625,4.2011305119624746E-20,16404.496711889296,-39614.40008675127,300664.1753999152
708,-0.0067103111969809386,-0.01238059199889581,7.161273612869686E-20,19246.438371604312,-58857.52627006363,391655.0246063795
709,-0.006963605746919032,-0.010972809091882552,3.455241593224047E-20,41455.18133478537,-6772.640661669552,272207.0914619732
710,-0.007216900296857128,-0.009565026184869294,7.174077607773656E-20,-56634.56124797987,31739.723090032596,391528.44646066823
711,-0.006430291092557782,-0.01168495042145256,3.9748461074655703E-20,-4213.149158359871,6790.209398130943,295305.5094523793
712,-0.006683585642495877,-0.010277167514439304,2.292974496599815E-20,-10592.005282204593,35842.37772963457,221237.97917398324
713,-0.005616956333773377,-0.011701450173579316,4.27549757451602E-21,-2092.3820875855386,-5173.401733194391,96725.7742604502
714,-0.005870250883711473,-0.010293667266566059,5.167552590915252E-20,-58624.25111679265,-17063.890044895852,331251.4226669244
715,-0.005336936229350223,-0.011005808596136066,6.205503231022978E-20,15270.791110408147,29335.259629772547,367627.91658538615
716,-0.013503696794352517,-0.0067027740718682925,6.951715061416719E-20,44859.87577145109,45578.12867949462,385405.7493815623
717,-0.013639319701649836,-0.0056763829996732676,7.21600485180297E-20,-7592.656052149244,-55676.235513737185,394046.2441866994
718,-0.013166351444865323,-0.006138582677042395,3.785448066796113E-20,-39333.96142124521,-22812.22300664644,284681.1250908647
719,-0.012356037838593613,-0.0060365909595856285,1.9526296892866238E-20,2475.5091462621326,3692.37737039784,207004.71917686675
720,-0.012018692489106421,-0.005472399564759733,4.7101694658453476E-20,40632.32445024752,27211.198466647573,317839.65447635605
721,-0.013573101725722986,-0.003962691406037028,7.40894545138477E-20,-27187.354794445706,-65520.86605295168,397031.32277774473
722,-0.01283195616875315,-0.0029271809139084066,6.902960961822628E-20,23114.539718976466,-37999.18087277436,386754.100249134
723,-0.01209081061178332,-0.001891670421779786,1.9745568873506268E-20,-22146.783770057224,2684.9245411840348,207013.1551299676
724,-0.012898292585714302,-0.0037375905619649406,1.8575195739847542E-20,-22791.208065072176,27071.72226490775,198822.08322781522
725,-0.012289819862666761,-0.004322899365949389,6.6165062428763285E-21,19001.74559189382,-10144.676933634786,118586.71805546818
726,-0.01154867430569693,-0.003287388873820768,6.179136721473806E-20,-335.34829406140096,7510.932415962155,368250.7671951342
727,-0.01161501072265808,-0.004097798521877302,5.481386062761718E-21,-1232.6403826558983,-10121.939949991656,109227.36951663588
728,-0.008811735106848921,-0.0023691843358517924,6.065811885391764E-20,-27336.172342261565,-38633.64746350784,361852.5176635976
729,-0.00956903893759587,-0.0034123238972721113,2.8583217672268014E-20,-41581.60976482324,20382.557443641483,246193.08427890998
730,-0.010326342768342819,-0.004455463458692431,1.335535336688227E-21,2384.257141667623,-2551.729492648526,54037.235224819175
731,-0.009497316429375683,-0.002599371226118344,5.016141241556405E-20,52146.32836232501,9843.60222363719,327589.7743564924
732,-0.010254620260122629,-0.0036425107875386635,3.052133554643398E-20,-11610.896169530804,30197.491394721506,256834.61504411933
733,-0.010111175243682258,-0.002016605445231129,5.325250006936569E-20,12665.658743300766,-9149.882471299816,341575.2410109933
734,-0.010868479074429206,-0.003059745006651448,6.174872737587285E-20,28637.90437178696,-24956.614354419915,366235.6819495437
735,-0.01079675656620902,-0.0022467923354976813,6.423135800223119E-20,30654.864423445728,-56601.526133474144,369971.3249080591
736,-0.007488812198775893,-0.005460486009308805,9.585729565942421E-21,3727.7524567176256,8301.050832310113,144786.1465453821
737,-0.007726930060553368,-0.006743682242092673,3.284930725316651E-20,36129.321661204274,-384.9667684521072,266113.4902620759
738,-0.007941763031665836,-0.005917675861669929,5.381011546216058E-20,38147.07398109745,15124.491824334786,341259.5764512636
739,-0.008179880893443311,-0.007200872094453799,5.910741878670204E-21,2898.2237415260684,2036.0671005295883,113862.69348456764
740,-0.008847664697445719,-0.00683205556639218,8.575241568984273E-21,-802.827632557317,18527.23029311355,135953.53892412767
741,-0.009062497668558185,-0.0060060491859694354,5.102097855099304E-21,-8048.522650425356,-15286.428332858743,104419.32833552171
742,-0.00753058318023187,-0.0047144985193405785,7.264135108188192E-20,41952.077615581555,43346.484265346735,394775.5755437132
743,-0.008651317817124218,-0.0048028718436400825,1.054167433869099E-20,-2016.948732249545,-22085.49034545717,150508.49595015423
744,-0.008025304994577787,-0.004425700881733475,9.125936063431225E-21,6382.125252650527,-21398.982588222458,139777.287072892
745,-0.007894013986377272,-0.0037597322822197645,5.131946020952565E-20,12029.204409366946,47463.54694460532,332078.66496424103
746,-0.008388735800723189,-0.003470934644612662,6.595983340635774E-20,-11078.038371708442,-67533.1279078334,374344.37774930504
747,-0.013649681421816825,-0.00804053197255299,5.3823186176358306E-21,-11148.349247900851,-14478.597172393269,107159.5518062766
748,-0.012512893816945123,-0.008994582126300065,5.205227683348892E-21,14327.982079147538,1620.3187751277899,105926.19440324395
749,-0.01345832069979394,-0.00881409847841179,5.310503372164172E-20,-18639.70327290736,54430.8761358029,336576.67527711304
750,-0.014212386860619874,-0.009407181336382318,7.781481084324777E-20,58892.53484184147,-27937.899526351805,408162.0878298508
751,-0.013205869690837474,-0.007256915574543762,7.602365198923155E-20,774.0200121721037,65178.10520385669,403316.02460845193
752,-0.01205821073507857,-0.006590732462261098,6.849849997377727E-20,-35650.790821612136,-52134.24505745925,382625.0472412856
753,-0.012570697237835242,-0.0072468656823933345,2.5882857529379187E-20,7445.765273234575,15579.137587589072,237757.49568458615
754,-0.012448011287589673,-0.007892949010375145,2.8395810636506817E-20,13190.70484777668,-40823.28430770118,245974.63191584134
755,-0.011812838834587438,-0.00788289911822472,7.76117346649154E-20,-47766.8751887187,-28927.414080962175,408999.7761838121
756,-0.011013394307383947,-0.008705195711607097,5.912878230582797E-20,40238.33009311794,-43169.31142448168,355438.6690939543
757,-0.010623593754872847,-0.007402979163493049,1.398864131307304E-20,2046.533993365216,-13277.073613939909,174734.4260474816
758,-0.010233793202361747,-0.006100762615379001,4.640610541891943E-20,-18024.280503432958,-47729.06626538029,315092.6093717787
759,-0.010459321680671587,-0.008235325649025854,4.38970045599791E-20,-11416.947837416725,20129.22001306715,309583.4960999664
760,-0.010069521128160489,-0.006933109100911806,4.719038022867355E-20,-41437.046654535945,-5786.909647680068,319151.49397663574
761,-0.009740976979757971,-0.008597802071977412,6.724722460623121E-21,-19490.737887304676,470.1185629714824,119934.45466727007
762,-0.00935117642724687,-0.007295585523863364,2.3402100485508983E-20,-31725.34748575136,-18409.732109728135,223684.52752772215
763,-0.009186904353045613,-0.008127932009396169,5.0098598646749927E-20,25650.503823019495,-42259.33675109462,327947.3840109734
764,-0.010692810334392084,-0.01168646585164167,6.695813119984098E-20,61146.13784262257,-33805.60894964015,376997.72640167904
765,-0.012074087238708718,-0.012023450973032621,7.668942144718641E-20,2023.30385113737,-6929.211186716947,410270.8990988713
766,-0.011420252416059581,-0.011318979884707385,4.645012330405812E-20,6773.873896923125,20792.238634675457,318598.0714704828
767,-0.011493859675077945,-0.010247022829447863,1.1379466115060334E-21,-5676.254331695211,-128.27949923666324,49660.53655577114
768,-0.009475344751109213,-0.01270974897868145,7.416492777909855E-20,50162.88084774313,-2521.526406765311,400386.11201217
769,-0.007987826275448966,-0.013220889857563001,5.51304041773713E-20,15633.019588076597,-40029.36747229692,345244.90583473415
770,-0.00898532124949384,-0.013365546138786943,4.130858791665297E-21,-5772.662165974314,-4693.177998934476,94942.65685170857
771,-0.00949279272192334,-0.014165999580116377,2.6754957517932987E-20,8048.882140575962,12357.40390240296,241917.36762716694
772,-0.010965316860290791,-0.009459144121465958,3.911232727045442E-20,36866.75844421389,7938.268729278354,290603.46422773856
773,-0.009692899532664813,-0.009351750481836273,2.930628148799642E-20,19386.16628140957,-30574.039353751432,251062.60350035375
774,-0.010363166786485273,-0.009743222468743578,7.995589411364037E-20,69457.2535541225,-11671.729711812262,413019.88334155316
775,-0.009090749458859296,-0.009635828829113891,5.702857760097009E-20,-55680.98012987934,-17996.152972928623,348975.7258151674
776,-0.00915886663887424,-0.010311379163298813,2.832469548293679E-20,-952.4456621387344,5889.6228573055505,249303.67843882454
777,-0.009829133892694701,-0.010702851150206114,5.962483943410252E-20,18979.717867177354,-26848.025128355224,360315.72824561904
778,-0.009388680446854954,-0.011811864573518892,5.3007045618842393E-20,-11939.701380354141,58169.10339557172,335935.5293683524
779,-0.008650296013019549,-0.010744842252426667,4.6762640112394856E-20,-14907.898759407484,-51955.908707092145,315828.138786022
780,-0.00881199264098532,-0.01156977732846183,1.2021807101886072E-20,-16137.696492606177,16588.154382695084,160806.52632223346
781,-0.008073608207149916,-0.010502755007369607,3.265509847633439E-20,-11340.669693062036,-48035.5035768202,263171.9079310975
782,-0.007658617029246052,-0.011085602838347702,4.420535947493344E-20,-45374.802258444055,19244.09833418721,307612.2058158053
783,-0.007820313657211822,-0.011910537914382863,6.496784617848723E-20,21787.42133666798,-21976.14782664712,376406.13177611877
784,-0.0029469774489013292,-0.010654322556404803,3.13765752919305E-20,16412.2620915056,-35975.68064965394,259470.26493485854
785,-0.0021697168946096194,-0.00938135429828465,9.080381428820529E-21,-17257.016645700198,-2487.08393457617,140115.4196898943
786,-0.00139245634031791,-0.008108386040164499,4.1457512803602916E-20,-22524.543084535013,-36071.776194978636,298685.3799266394
787,-0.0021836881860212453,-0.010269837012420022,6.456684038031331E-20,-63542.268313811845,25473.165356110134,370232.75834061246
788,-0.001406427631729536,-0.00899686875429987,2.741583856788302E-20,-32588.413482362696,-13778.05546979217,242776.95804152903
789,-0.0014343702145527878,-0.010773834182570611,5.803650385028612E-20,25232.523484779664,-29017.924864720815,354883.7922092329
790,-6.571096602610781E-4,-0.00950086592445046,4.6510558209374286E-20,-3857.8059700188132,57865.63829922063,314248.79613325966
791,-6.710809516727044E-4,-0.010389348638585831,7.251696843789814E-20,-26628.61746274901,16721.44728268386,397774.9028896441
792,7.823701979575361E-5,-0.010893345808736422,7.993893665877365E-20,44322.22875514288,-6370.490419287142,416537.7409006541
793,-7.4983307342838E-4,-0.007639505940800742,3.629347248087247E-20,24691.21312700456,-12024.89053204842,280943.7640378902
794,4.007761729484989E-4,-0.00750583390082962,4.6342553548779756E-20,-45701.05548979424,33693.63815187395,313883.59768265253
795,0.001551385419325378,-0.0073721618608585,2.7663956684955996E-20,13389.072213918871,16278.220927229595,245546.3202464514
796,-1.2118109795047658E-4,-0.008059108555572354,6.612775655071757E-20,16245.600856994168,12366.658394026017,380485.19872716913
797,-1.448639337154836E-5,-0.009031985825086701,2.9277579901981973E-20,24644.720835257544,-19661.048972401404,251567.270820206
798,0.0011361228530053305,-0.008898313785115582,7.295814605994509E-20,35004.46339067692,54528.56573856592,394947.47277520294
799,6.141655821063549E-4,-0.009451588439858315,6.227519369627642E-20,-53467.9101004326,32628.104404391546,364422.83216239803
800,-1.0685425663205144E-4,-0.005119127672498408,7.437524204177667E-21,4113.419168246635,6490.587329574436,127555.15817340514
801,6.631431139668536E-4,-0.005866692049758864,1.1365717137931816E-21,8428.069892463081,-3133.2775701339897,49137.93625098505
802,2.2940908308258892E-5,-0.005662061270662419,7.843728011471661E-20,-45763.22101140533,-31339.268145709313,411260.71519475454
803,-4.8746613241002537E-4,-0.006000364089729985,5.598081799804867E-20,46121.616536247726,22457.569079971734,346808.813171664
804,-3.57670967469715E-4,-0.006543297687893995,5.772132378471258E-20,-43923.18328902654,-49284.63708990901,349815.689035171
805,-0.0019505613844553026,-0.00503434757423315,2.6254187561137106E-20,-195.62247909801647,17539.91392554805,239445.93824563248
806,-8.078568657098373E-4,-0.005021196105770927,6.050219119030058E-20,56099.92967531378,-34617.9196000246,358453.7944565518
807,-0.0013790643098473127,-0.005466198137207457,5.3679129971680844E-20,-16007.188373632081,43226.614371246105,340190.6739944195
808,-0.006968214972328196,-0.008828868079905575,2.4820620136257568E-20,30470.98493656344,18136.39342619587,230731.84739468605
809,-0.005968864448803305,-0.008028176672027675,5.97855234708344E-20,-27256.545975139914,-44053.72566206641,358577.19845957734
810,-0.004969513925278416,-0.007227485264149775,4.810543733654719E-20,35685.23173704722,-26873.76191990086,321903.0875767291
811,-0.006186214993438014,-0.008804851304511864,3.2660666878978356E-20,34399.47285855404,-19009.255666299025,264883.0375878024
812,-0.005186864469913123,-0.008004159896633964,7.792798536704537E-20,60653.172747002485,9460.632137964529,409054.17021234066
813,-0.005621565559182541,-0.009557509161602338,6.584904648331384E-20,39686.840656360044,-44099.97165651148,375571.6580339243
814,-0.004622215035657651,-0.00875681775372444,2.3161133174681103E-20,-5392.736152812589,-25550.52480102669,223984.86634497825
815,-0.00483956558029236,-0.009533492386208629,5.15155900333974E-21,-8467.00004878044,-15032.94114247654,104941.71790272053
816,-0.005339024442401142,-0.006556872825989562,2.5850088664229257E-20,-5586.803104985204,-12037.941193684388,237862.78834617333
817,-0.006338374965926032,-0.007357564233867463,6.314344811159145E-20,-19719.47347494159,-5972.087724302282,371764.9379667765
818,-0.005925885504158577,-0.00666293502031354,3.0238489639987073E-20,21900.00753728284,-26883.244058880908,255318.23956797546
819,-0.0061002571041485565,-0.006074368001083594,1.612651505095963E-20,335.577112444718,-24276.212654851253,186592.93232782918
820,-0.006687118165905991,-0.006180430195407572,4.4833596689076136E-20,-18916.798224288286,-23855.191528690317,312260.91382862424
821,-0.002012425048307678,-0.007558771334917674,2.5577791443430303E-20,38667.81201284047,-13867.968898633504,233386.9573243462
822,-0.002789685602599388,-0.008831739593037825,3.485873500363463E-20,-11646.169179349665,-12683.011073177548,276110.7453580638
823,-0.0035669461568910983,-0.010104707851157977,6.66820841220464E-20,-20481.761893098796,-51623.185901209894,378574.205089582
824,-0.0026463650477090727,-0.00789763934380622,3.9332946173846116E-20,-27099.502113173145,-29070.919836158297,291165.6273587314
825,-0.0031369844922201524,-0.007302407103463159,7.960039786268894E-20,-39666.24076100884,3359.5403655528603,416149.9283745235
826,-0.003914245046511862,-0.008575375361583312,1.0249794833970998E-20,-7770.8939156592505,-11419.233577014546,149375.4540612426
827,-0.0037709244916215474,-0.007641275112351705,4.904810733688363E-20,-5585.6976292431555,-50638.16816651464,324178.1499066937
828,-0.00623918191569435,-0.00492421213489277,6.429163557397272E-20,-40635.64980422326,40315.60600834069,371319.231900842
829,-0.004990992557740664,-0.00396320283136909,4.3888939553412444E-20,-21129.29013580377,11386.29574572919,309489.3723376654
830,-0.005442502465502747,-0.00484512811283786,3.809387955479707E-20,743.1656528688391,-26228.946739456598,288006.9439612699
831,-0.005097332923073227,-0.0056479693722517234,7.566613008031359E-20,-18383.324367047335,-42602.564030250745,404937.92646308796
832,-0.0027031470443005267,-0.005346783667121682,6.341046041040272E-22,-262.6468146066411,3275.534353217033,37167.226878321024
833,-0.0021313603392220225,-0.0066554868245068234,2.2771189434965772E-20,-11583.972659318073,38845.67672312828,219890.47405720965
834,-0.0028842356295377606,-0.006091070322984519,5.578120983330719E-20,2841.6881487130727,-23298.590510242168,349168.65955685364
835,-0.003818199505090733,-0.006270940477325054,4.3692278693304937E-20,36361.39562944279,-36734.03264090178,305379.19091754867
836,-0.0032299799778125766,-0.004657012704433547,4.130398061214114E-20,-39505.44558435742,25317.521482297478,297460.48788828345
837,-0.004345032438602783,-0.005581169514636918,6.498566169483947E-20,29596.745948807362,351.684676581531,376566.3850035393
838,-0.003937901496561861,-0.00471152839760825,3.664535816715053E-20,2138.1229600741417,-41821.71810877239,280539.84087944246
839,0.0015456064438118776,-0.014642963089110814,7.894339971216393E-20,47477.38790201411,-20937.93824693098,413074.44859534665
840,0.0014000015377649794,-0.013379734289782804,2.4771905763627217E-20,34159.44226354082,-8119.420034809861,230553.3526620202
841,0.0018268431782188501,-0.01409889680135059,3.8642262643657555E-20,3226.6516530499475,25969.672646508083,290095.9648862371
842,0.0016812382721719526,-0.012835668002022581,1.3847237408641394E-22,1748.9260139731982,-1535.991172650148,17280.143898018443
843,0.0023893166470327957,-0.013010764225830142,4.3510125786608474E-20,-5277.04319534648,52911.70298146913,304467.686303301
844,0.002816158287486666,-0.013729926737397927,4.405398661357973E-20,-15749.009448837834,23128.938543271855,309740.4618382213
845,0.006468160898104324,-0.013195204585155707,5.65598705075742E-20,-43158.42999284477,-26446.43842165439,348736.52507218276
846,0.005546767708826587,-0.013390459270148578,7.787523112349982E-20,-38739.87503853119,23864.592451683133,410983.58216353157
847,0.005939827191167085,-0.012896054040276982,3.292195829035437E-20,18629.39917450072,-40197.27846921284,265176.35268545384
848,0.005804552966570344,-0.012102498265526658,4.1876253971518257E-20,-32123.26173828694,-38573.48194408222,299033.4891529541
849,0.0052762192596331045,-0.011803347720647934,4.457736718713843E-20,-38390.49595778399,-6665.177830550205,310407.7611645289
850,0.003939936784684701,-0.013352712605013958,6.418819424287725E-22,-3234.657654208458,-2348.755972402432,37326.88907702658
851,0.002805016769369986,-0.012458453869638612,3.1381070995710826E-20,31367.46380680922,31412.325577984353,258703.7858326313
852,0.001670096754055273,-0.011564195134263268,3.1930903933769946E-20,-10433.613454668668,12568.593467864051,264270.0300123114
853,0.0036475585321610474,-0.012625306025014871,3.7040709496775676E-20,49892.28918198151,-13993.196608092949,280426.79563243757
854,0.002512638516846334,-0.011731047289639526,2.544467034724685E-21,-656.1668831164187,-13274.513186281032,73551.55381689047
855,0.004197722042428457,-0.012064751600392038,9.631245977027076E-21,45.48983660742157,-26198.627129290588,143036.3403259669
856,0.003062802027113743,-0.011170492865016696,3.7063209189747526E-21,3077.16687556313,11640.645720036928,89400.19602283237
857,0.0039053437899048047,-0.011337345020392952,4.398101554094669E-20,40444.755285759784,28066.156272700846,306819.8737092631
858,0.0065177658733243694,-0.014114561881725657,6.571174186313647E-20,19069.032335776777,26757.977625652962,378408.3098499743
859,0.006463669462089394,-0.015682300109310023,5.553383123441204E-20,42522.602790199315,-18663.258772829555,346078.0768777899
860,0.006039037141607175,-0.014734768633416878,4.344413480526321E-20,-16459.317339344223,-41996.3356910795,305529.999565143
861,0.005135676089407765,-0.014407443909214963,7.359021430097643E-20,13409.423282199277,-22517.38840093503,401102.3111547069
862,0.0018438365332592212,-0.01533816220781872,3.735798940040419E-21,15986.484303917074,-2200.6996020328243,89116.09285588481
863,0.002833151642527037,-0.014969192143866054,6.854978917631914E-20,-10835.456979369159,30801.203401484116,386571.30137335416
864,0.002423303357113538,-0.015489295038766396,1.83568666429164E-20,14723.99370326121,-30442.723661181535,197887.93078206392
865,0.0025929218955543544,-0.01616053076461442,2.767155921519459E-20,-19819.61355324589,34375.6359481415,243268.23330461362
866,0.0031723887194086715,-0.0163116635955621,6.818671794503462E-20,-15704.967997444206,-57906.819881731295,382238.8150309086
867,0.014847496881210601,-0.0052891139175727355,2.2505986850090284E-20,22509.705733136947,27333.156767421573,219451.46475177447
868,0.015744710198596,-0.0064841477481609976,2.951892732279184E-21,3423.7879358435052,-8092.106818869495,80023.67416939685
869,0.014859588811988839,-0.006079993713750379,4.358751899690273E-20,-37529.150004858,2363.9367594139385,307056.93552904285
870,0.01398655935615992,-0.006466719475517406,7.703402785020289E-21,-22136.108804494565,-3996.659849373874,128090.32809722246
871,0.015291172630355301,-0.003867820550040756,7.975731513465462E-20,29479.69879597359,56474.2826171009,413583.82421792654
872,0.015249110621711227,-0.0024698839985301457,6.459026637982234E-21,-739.78060110246,21985.074507144323,117034.81245466784
873,0.015746940310278238,-0.003237406978686422,7.261659996340359E-20,-4383.275999628487,-5010.658510958716,399234.2518854183
874,0.016700537678768196,-0.003374516387488365,2.2223331840874333E-21,-6873.170434741079,10978.62568015961,68639.9776106656
875,0.013095149831642703,-0.007460891022432753,5.364253059915477E-20,32281.19949004228,-32372.03677121851,340123.6322055338
876,0.013712790872014309,-0.00850983067478889,7.580873218523556E-20,-23692.22135598616,-33271.123476466,405921.72626791673
877,0.01307676976295441,-0.008068336807581074,6.995273776216016E-20,-56284.461521856334,-39704.571404605085,385796.99078841123
878,0.012422368585206215,-0.008234288725521578,6.79533680256515E-20,-16169.121356733904,57899.59699281635,381549.7691194334
879,0.012403988516517923,-0.008841734510669899,7.244317203306731E-20,-7151.188503252875,-14759.419289541349,398475.2954472968
880,0.011028581083974717,-0.009810357903542016,4.602853539653529E-20,4798.682300771705,29676.252581515095,316470.5603815025
881,0.011572826384086823,-0.010995119141810996,7.794331079699543E-20,7999.209763992867,-16492.57476370764,413269.0167441897
882,0.0109619760069279,-0.010447077460533121,6.923191905907417E-20,25709.026816029393,-21454.07051080666,388432.61903023504
883,0.011506221307040005,-0.011631838698802105,4.913256165093065E-20,-22431.970932349494,31989.16690895398,326107.0670659001
884,0.010828765852834264,-0.011720516574515333,7.842577311741268E-20,-53803.666535873424,-39768.822456430586,409524.28529177303
885,0.010217915475675339,-0.011172474893237458,3.3534374916159614E-20,7931.992690147251,-18835.325396926884,270570.26853812125
886,0.008694741645024524,0.002155298078008956,5.778216867985111E-20,51767.88976034172,-13711.880156337416,352129.08815009263
887,0.009475489976455661,0.003257715276274589,5.523828154702315E-20,-9455.609345544548,39037.477164789074,345925.28353533836
888,0.010256238307886799,0.004360132474540223,5.0194338079033326E-20,3576.310056154153,14830.196493644708,331618.3967178769
889,0.009372411762901786,0.0024003261819362048,1.0921077484559182E-20,-18987.49504527289,-2058.5066952790953,153664.81602394118
890,0.009947003667225169,0.0017879651915250691,1.1784268998639313E-20,404.9371260538588,17363.6602653104,159909.8076566837
891,0.010727751998656308,0.0028903823897907023,4.283992800407076E-21,-1385.130695166059,-3888.8609620324632,96894.92920254308
892,0.01062467378510243,0.0020329932954523174,1.884519981671168E-20,26000.290703915194,-27051.707362356334,199918.81346230608
893,0.00911036602634187,-8.372877202090542E-4,4.3704505357111935E-20,4223.4730801178675,-23437.051834314734,308848.99455647083
894,0.008820705815572844,2.877608792750027E-4,4.1569580718538893E-20,26249.755260235208,48205.43085181542,297076.95977711305
895,0.0093346798932294,-2.096996160476454E-4,1.5134542448153242E-20,-22591.741364493108,-18403.124604336088,179942.7553793774
896,0.009045019682460376,9.153489834364112E-4,7.003649825938689E-21,-11554.594319620477,11728.066833335011,122905.34009153323
897,0.009783307627004465,0.001045476592275172,3.569937089056333E-20,-8519.946906097552,281.41870418444125,279833.1875689295
898,0.010297281704661022,5.480160969525239E-4,7.747838128367151E-20,-6923.9154256689035,-52797.43869934238,408987.768575136
899,0.008404337510366585,-0.0010857525618195867,1.485292331538437E-20,5717.938109831527,25036.696024987064,178747.36586049138
900,0.007248853773872351,-0.001073431373651015,6.635985579884747E-20,37111.28490102147,14831.58214060395,379602.6850389143
901,0.007922622861278832,-7.066292992687106E-4,1.0749101087901475E-20,22177.008671270425,12161.810297336719,151526.65819815444
902,0.006767139124784601,-6.94308111100139E-4,5.517582221167909E-20,23719.72561895005,-21691.79793111365,346565.0644443772
903,0.006959193563103328,5.161722583304162E-5,6.825205750492847E-20,-26912.207003507025,57370.07421513738,381882.4693522963
904,0.007632962650509808,4.184193002153459E-4,3.2247337094988387E-21,8811.079025690626,11587.891376609981,82874.06900147464
905,0.007326189491440754,0.0016627192661803024,6.100882411333012E-20,-54964.42032386233,39923.405495992425,359627.70872241666
906,0.006460365965715546,5.499918548648172E-4,7.443692237599261E-20,43969.88707471417,40537.54845252384,399815.25800607115
907,0.005594542439990341,-5.627355564506678E-4,8.790382984420173E-21,-4269.667972415747,23754.827728659162,136810.44079575886
908,0.0066353074557342455,0.0014151685582788974,4.8596489024818317E-20,46217.48483553215,-26490.89068380807,322269.3442845841
909,0.006119366910046435,0.0020327945537915717,5.16233570932276E-20,-7893.444104864007,42962.68881943835,333815.5877841686
910,0.005253543384321228,9.20067142476087E-4,1.3224778417223007E-20,-1719.2713417473963,24802.07325967044,168574.6141381874
911,0.005428484874339926,0.001785243845890167,2.0628953791382805E-20,-3126.901516725912,-29285.420765597817,210770.55238696898
912,0.007312908881434922,0.005350931135094514,1.2149779262415418E-21,-3063.3326889891932,-5786.517878491153,51231.461036833185
913,0.007558953274165435,0.006614083024566586,2.814626278953762E-20,-21016.339628664096,5509.524076517656,247637.07749991876
914,0.007804997666895949,0.007877234914038658,3.0580993953727726E-20,21931.00997273198,-23844.914939864553,257083.94330314055
915,0.0077859764837095845,0.005807936897869553,3.582395321626223E-20,-41086.72062211643,-24946.484503277115,276301.21378217003
916,0.008486067295528395,0.005458796533947558,6.097077939404711E-20,-29609.308020882097,-58975.03883528201,359873.2553393322
917,0.008732111688258907,0.00672194842341963,7.570533040006161E-20,-50071.38839586942,-40818.64133677978,402542.43196892337
918,0.008959134897803056,0.0059158022967225965,9.664003633301165E-21,-7025.754533912066,6437.992697437761,145350.87377731162
919,0.00736169744474553,0.004598363238799627,2.155430387455288E-20,-34957.89296680079,2622.8113610560567,214695.937545652
920,0.008534855858839003,0.004706228637652672,3.985806130519837E-21,14143.91948790741,6151.605237211451,92266.44189541649
921,0.007883553610330798,0.004302801105279779,4.44831627726187E-20,41459.31861354161,8561.267813793696,309632.4167505924
922,0.007754107527407863,0.003603811439387038,2.5900380292564112E-20,-22289.555765317436,-36739.475459773596,234560.5128718294
923,0.008275963692993132,0.0033082493058671893,7.799107408391645E-20,23654.45283357139,61482.51810064058,408524.7914315681
924,0.006699173807137044,0.004354249268581506,2.884611925754991E-20,-6675.975312098105,37893.94813081554,248701.03255174725
925,0.007091583889799378,0.003359697469168917,7.066446257203702E-20,33213.644016380924,53855.81405800527,388770.79603764234
926,0.006558506335113827,0.0038145731648435363,3.261022835454734E-20,11822.548914824183,30566.37817801542,265561.44941797986
927,0.005884761308405059,0.0037297727567801864,5.011145971403815E-20,8648.551078050576,-31104.414116711632,330120.04099968966
928,0.005744093836381842,0.0031900966530422166,2.1819288216948336E-20,-20605.871727199774,26581.711486781158,216272.68080546206
929,0.004670355063354026,0.007357710899402275,1.2217791887312427E-20,-13555.548126058035,17694.15641939661,162258.39536366137
930,0.004327396349392338,0.008699176735216073,7.261694148777507E-20,17547.624471488667,-42659.937286307,396617.2816575038
931,0.00398443763543065,0.010040642571029873,7.531397397990587E-20,-9559.309060723428,35848.804112201076,404941.92444630055
932,0.004905197969868114,0.008026469355499126,6.327448168059201E-20,-18568.38898948929,586.2401037588894,372258.3140034675
933,0.00571784249685798,0.00802252043187903,5.901242959344542E-20,-65929.29235321915,6455.402562233168,353801.5828859949
934,0.005374883782896292,0.009363986267692831,1.1644522669693827E-20,26233.17114132284,907.736348019977,157724.39795944007
935,0.0059526854033720685,0.008691278887975884,4.8789940808961106E-20,58125.968238936046,10072.697952686523,321931.66364441335
936,0.005051822314932401,0.006711108168465903,1.3548923694332758E-20,9498.050788405944,-12079.250142384577,171787.8081289768
937,0.006099309748436356,0.007375917700942659,7.606478691057272E-21,12937.887111570406,-6832.467127888838,128398.75673534811
938,0.005668132473024867,0.006733263893626384,4.00159117475634E-20,10915.102326481941,-18067.47807978727,295653.21845613513
939,0.005853265355705843,0.006112765811470587,6.238365983102317E-20,-36977.068533949314,-25526.86236306533,367350.8240178676
940,0.006469575513798308,0.0061349215366310675,7.74213277435577E-20,-66406.63010707137,-25093.757219518648,406130.1576326958
941,0.0018873900644801205,0.008168530765209932,7.914015210092894E-20,-39504.064755333995,6272.42321378291,414915.72807879373
942,0.00258748957382097,0.009067529582466628,7.366346345448426E-20,26674.0201292365,-59438.22725248901,396845.4663006354
943,0.002468442642027916,0.008320708031443129,7.872806681701335E-21,7600.159914998793,-1292.762724959447,131246.37790619527
944,0.0031685421513687655,0.009219706848699825,4.7558021579968877E-20,43790.99556609898,22788.46999351091,319340.5656715002
945,0.003630547797123507,0.008625062563909524,6.183456124750245E-20,34299.9389302356,-36207.787606043596,365065.06042215234
946,0.0035115008653304526,0.007878241012886027,6.821383602545172E-21,5249.646010357623,1765.317912108079,122253.55344376287
947,0.006031913509407548,0.004880858294916474,3.12536176864876E-20,43219.664341949865,162.00283790392524,258361.19459882838
948,0.00481029476130957,0.003944143527214494,3.803661331366994E-21,-2605.553454575863,4254.357644707399,91247.98487858046
949,0.005223985739654835,0.004867791217513472,5.577912902830122E-21,3370.1279929823218,14459.54785045285,109663.5006707673
950,0.004829748948247386,0.005778371830409447,2.4438775848362174E-20,-42298.07420819191,-6216.425487126423,227658.6723552804
951,0.0016165186293377323,0.00750543879921453,2.044182091653841E-20,-31475.4002212494,8521.828245504848,209326.20401863707
952,0.002659576852640269,0.007062971780657425,5.439858123914268E-20,43740.91915859491,32454.032946873274,341273.3688573965
953,0.0019266997717431397,0.006994524099452325,6.613444591965963E-20,-37276.45723754307,-11211.38041399861,379058.4357002238
954,0.001504003833251417,0.0064151617184850206,2.1796282534540537E-20,-10907.369667701612,18066.34333813911,217736.51168273625
955,0.0018141849756568241,0.0059042470187228155,6.476317764710213E-20,-61406.93134052956,6320.280296887272,371993.4208573345
956,0.00402005908180705,0.0036197717287224716,6.097061250459094E-20,1695.2085861411574,-19368.05426955968,365356.2159513167
957,0.002877455520376741,0.0041947805353467005,6.359398116203622E-20,-7283.496899412326,-50246.404605784264,370196.0322355553
958,0.001734851958946433,0.004769789341970931,3.931043843630186E-20,-16765.056844691906,3738.3043243591646,293278.8184733298
959,0.003643514380649795,0.0042190476205294265,5.532374059825263E-20,-56439.10841278204,4193.7388076115,343892.8652972647
960,0.004033028539765594,0.004842590597519107,7.667767555284473E-20,-59663.94937413336,-46504.92520508107,403269.1842634692
961,0.0028904249783352847,0.0054175994041433355,4.034476571283725E-20,40472.17428196821,33169.705293013954,292984.9534065868
962,0.003656483838608339,0.0054418664893260615,4.766764725088143E-20,-29541.883061999422,-17408.80988879056,321683.4778442503
963,0.0023892046482341853,-0.006295738950312714,1.2292962040631477E-20,-737.7480453426073,26259.888675664286,162171.31610311812
964,0.0023425662561427116,-0.005085438900799962,6.847164796247617E-20,-19375.872912839895,35309.6391680038,385629.0129734561
965,0.0027050666062440176,-0.005772590694509662,5.378107537439286E-20,-47349.46767101081,23191.482922480805,339556.2878108125
966,0.003383428914355156,-0.005936594232416309,6.384562132200048E-20,-56366.72471233133,-4373.440954190534,370106.7446496772
967,0.003699290872364989,-0.005413445976613258,5.588907139718468E-20,-15079.501648568572,43874.70805229945,347208.99277304386
968,5.100287529808062E-4,-0.004718608426838478,2.348357435632139E-20,26335.306724410613,-26390.71051306981,223984.47402120332
969,0.0015950672207419529,-0.004024504918460035,1.552929885724746E-20,18253.129297959804,18770.109495153705,182783.1107345956
970,0.0012567069275339743,-0.004861022779342558,3.986433467056726E-20,8653.528229251722,46875.361330435284,291978.46318511234
971,0.0016650248088791637,-0.005839954992729162,6.479402669315107E-20,-45324.456927103354,-19052.8410753172,373952.2366009811
972,0.002667734337356492,-0.0032761416350370986,4.2427484476926764E-20,45394.290698555866,20964.179287169813,301082.96603531565
973,0.0038297921493637287,-0.0026894500357995104,1.818736932844148E-20,-32943.13467465964,7786.745093323258,196939.501960202
974,0.004991849961370965,-0.0021027584365619226,7.053929220541217E-20,22366.082478816363,30933.321467179187,391681.50204479275
975,0.003402041160763052,-0.003364296212496685,2.976638161308452E-20,-21357.062681221883,-15313.807054729403,254288.33188251336
976,0.0037085969955689365,-0.004127296966653446,2.5300269469637284E-20,-15537.326585627256,-3716.988681812064,235143.48394218224
977,0.004870654807576173,-0.0035406053674158578,1.6776286058387083E-20,26881.986311596876,1455.535934539625,190021.59339708262
978,0.004442903818975497,-0.004215451544113032,4.2186915144162443E-20,-1236.4936365822443,-42195.89578897838,301398.2248836159
979,-5.256216638965508E-5,-0.00382422652860633,2.5770408780292282E-20,11890.24503896704,12029.392791232514,237263.15807529085
980,-5.853388686026816E-4,-0.0022624273998005707,1.1677696675882747E-20,14870.782371920124,-12813.458118233766,158913.49491578224
981,1.3152508879305167E-4,-0.0030722589828782627,5.991320682964002E-20,-10718.499060105878,-32534.09839154282,361065.4187358407
982,0.0010324763013714916,-0.003130123020227888,3.689872247891546E-20,8712.011713132246,-38547.79869696446,281869.9493704449
983,0.0022663609370267754,-0.0025349255580213656,2.2544056332802645E-20,28219.57573163405,27922.43147896662,218907.08068169907
984,0.002103103394250072,-0.001162432658590513,3.851877415940693E-20,-7361.8272602553025,-38791.22280470999,288115.29856815643
985,0.0019398458514733683,2.1006024084033984E-4,7.582718651305391E-20,18614.79484841193,29423.408271195633,406532.90936956124
986,0.00259929436010362,-0.0018818640584652188,7.416623270005141E-20,22624.557560205147,47033.62459037463,400138.1560904645
987,0.002436036817326916,-5.093711590343662E-4,7.140261002400196E-20,23336.48562670239,62816.096628018546,390226.2162761609
988,0.003428418749034012,-0.0019482339587837772,2.3060139644818575E-20,17339.33052748954,-5449.680794075105,224274.48563071538
989,0.0032651612062573085,-5.757410593529249E-4,2.1586558847379677E-20,-17922.120296469115,-10875.751656772225,216690.12814649477
990,0.003761352172110856,-0.0012951724592276306,3.8586734864539156E-20,-22236.881094334385,30387.724325301846,288618.6033257778
991,-6.375930424910168E-4,-0.0013807406815469572,2.5050234367167888E-20,-30270.574183370863,30973.074315341735,230484.45162043307
992,2.776928613817282E-4,-5.867115290676492E-4,4.6873394101494566E-20,-19743.2837742862,50201.42160218479,316231.3383610528
993,2.7016741016381096E-5,-0.0013088855463710364,7.551600669376005E-20,35575.91725527568,-17921.89228270563,405229.8219004251
994,9.423026448891258E-4,-5.148563938917285E-4,5.160155452306471E-20,-51362.58095322768,26229.124857180657,331612.7194961401
995,0.0013562363080311768,-0.0011651752760191943,7.854772918146217E-20,45927.13208769752,54730.080215725786,409083.86585618637
996,0.0011055601876658297,-0.001887349293322581,4.714717700211212E-20,1051.8291522159145,49111.474374698584,317962.7271351284
997,-0.014373651837715613,-0.006690659316576247,7.280260185952709E-20,-23555.197191934018,37915.469243103944,397301.20907575876
998,-0.01576804655839734,-0.006501327474514962,3.620096389685055E-20,24909.40494608791,-7039.797655922158,280732.0955594239
999,-0.014906261531591513,-0.006114353166458307,6.81388091001557E-20,-18780.156819497402,-28110.265678806936,385302.855885405
1000,-0.014577086198661592,-0.00515107270828371,7.809332722694438E-20,6431.737879313005,-10135.52602072747,413899.1934029544
